date,previous_date,sofr_percent,previous_sofr_percent,change_1obs_bp,calendar_gap_days,month_end,quarter_end,year_end,net_change_5,path_total_abs_5,largest_change_share_5,net_change_10,path_total_abs_10,largest_change_share_10,net_change_20,path_total_abs_20,largest_change_share_20,net_change_60,path_total_abs_60,largest_change_share_60,linear_slope_5,linear_slope_10,linear_slope_20,linear_slope_60,positive_change_count_10,zero_change_count_10,negative_change_count_10,balance_change_count_10,positive_share_10,zero_share_10,negative_share_10,median_change_10,positive_change_count_20,zero_change_count_20,negative_change_count_20,balance_change_count_20,positive_share_20,zero_share_20,negative_share_20,median_change_20,positive_change_count_60,zero_change_count_60,negative_change_count_60,balance_change_count_60,positive_share_60,zero_share_60,negative_share_60,median_change_60,recent_anomaly_strict,recent_anomaly_midrank,recent_anomaly_weak,broad_anomaly_strict,broad_anomaly_midrank,broad_anomaly_weak
2018-04-04,2018-04-03,1.74,1.83,-9.0,1,False,False,False,,,,,,,,,,,,,,,,,,,,,,,,,,,,,,,,,,,,,,,,,,,,,,
2018-04-05,2018-04-04,1.75,1.74,1.0,1,False,False,False,,,,,,,,,,,,,,,,,,,,,,,,,,,,,,,,,,,,,,,,,,,,,,
2018-04-06,2018-04-05,1.75,1.75,0.0,1,False,False,False,,,,,,,,,,,,,,,,,,,,,,,,,,,,,,,,,,,,,,,,,,,,,,
2018-04-09,2018-04-06,1.75,1.75,0.0,3,False,False,False,,,,,,,,,,,,,-1.5000000000000013,,,,,,,,,,,,,,,,,,,,,,,,,,,,,,,,,
2018-04-10,2018-04-09,1.75,1.75,0.0,1,False,False,False,-8.0,10.0,0.9,,,,,,,,,,0.20000000000000018,,,,,,,,,,,,,,,,,,,,,,,,,,,,,,,,,
2018-04-11,2018-04-10,1.76,1.75,1.0,1,False,False,False,2.0,2.0,0.5,,,,,,,,,,0.20000000000000018,,,,,,,,,,,,,,,,,,,,,,,,,,,,,,,,,
2018-04-12,2018-04-11,1.73,1.76,-3.0,1,False,False,False,-2.0,4.0,0.75,,,,,,,,,,-0.30000000000000027,,,,,,,,,,,,,,,,,,,,,,,,,,,,,,,,,
2018-04-13,2018-04-12,1.72,1.73,-1.0,1,False,False,False,-3.0,5.0,0.6,,,,,,,,,,-0.8000000000000007,,,,,,,,,,,,,,,,,,,,,,,,,,,,,,,,,
2018-04-16,2018-04-13,1.77,1.72,5.0,3,False,False,False,2.0,10.0,0.5,,,,,,,,,,0.0,-0.454545454545455,,,,,,,,,,,,,,,,,,,,,,,,,,,,,,,,
2018-04-17,2018-04-16,1.76,1.77,-1.0,1,False,False,False,1.0,11.0,0.45454545454545453,-7.0,21.0,0.42857142857142855,,,,,,,0.40000000000000036,0.0727272727272728,,,3,3,4,-1,0.3,0.3,0.4,0.0,,,,,,,,,,,,,,,,,,,,,,
2018-04-18,2018-04-17,1.75,1.76,-1.0,1,False,False,False,-1.0,11.0,0.45454545454545453,1.0,13.0,0.38461538461538464,,,,,,,0.8000000000000007,0.03030303030303033,,,3,3,4,-1,0.3,0.3,0.4,0.0,,,,,,,,,,,,,,,,,,,,,,
2018-04-19,2018-04-18,1.73,1.75,-2.0,1,False,False,False,0.0,10.0,0.5,-2.0,14.0,0.35714285714285715,,,,,,,0.0,-0.06666666666666674,,,2,3,5,-3,0.2,0.3,0.5,-0.5,,,,,,,,,,,,,,,,,,,,,,
2018-04-20,2018-04-19,1.72,1.73,-1.0,1,False,False,False,0.0,10.0,0.5,-3.0,15.0,0.3333333333333333,,,,,,,-1.3000000000000012,-0.1939393939393941,,,2,2,6,-4,0.2,0.2,0.6,-1.0,,,,,,,,,,,,,,,,,,,,,,
2018-04-23,2018-04-20,1.7,1.72,-2.0,3,False,False,False,-7.0,7.0,0.2857142857142857,-5.0,17.0,0.29411764705882354,,,,,,,-1.5000000000000013,-0.3939393939393943,,,2,1,7,-5,0.2,0.1,0.7,-1.0,,,,,,,,,,,,,,,,,,,,,,
2018-04-24,2018-04-23,1.71,1.7,1.0,1,False,False,False,-5.0,7.0,0.2857142857142857,-4.0,18.0,0.2777777777777778,,,,,,,-1.100000000000001,-0.4787878787878792,,,3,0,7,-4,0.3,0.0,0.7,-1.0,,,,,,,,,,,,,,,,,,,,,,
2018-04-25,2018-04-24,1.71,1.71,0.0,1,False,False,False,-4.0,6.0,0.3333333333333333,-5.0,17.0,0.29411764705882354,,,,,,,-0.5000000000000004,-0.44848484848484893,,,2,1,7,-5,0.2,0.1,0.7,-1.0,,,,,,,,,,,,,,,,,,,,,,
2018-04-26,2018-04-25,1.72,1.71,1.0,1,False,False,False,-1.0,5.0,0.4,-1.0,15.0,0.3333333333333333,,,,,,,0.10000000000000009,-0.5030303030303035,,,3,1,6,-3,0.3,0.1,0.6,-1.0,,,,,,,,,,,,,,,,,,,,,,
2018-04-27,2018-04-26,1.72,1.72,0.0,1,False,False,False,0.0,4.0,0.5,0.0,14.0,0.35714285714285715,,,,,,,0.5000000000000004,-0.6121212121212126,,,3,2,5,-2,0.3,0.2,0.5,-0.5,,,,,,,,,,,,,,,,,,,,,,
2018-04-30,2018-04-27,1.77,1.72,5.0,3,True,False,False,7.0,7.0,0.7142857142857143,0.0,14.0,0.35714285714285715,,,,,,,1.3000000000000012,-0.11515151515151525,-0.2661654135338348,,3,2,5,-2,0.3,0.2,0.5,-0.5,,,,,,,,,,,,,,,,,,,,,,
2018-05-01,2018-04-30,1.76,1.77,-1.0,1,False,False,False,5.0,7.0,0.7142857142857143,0.0,14.0,0.35714285714285715,-7.0,35.0,0.2571428571428571,,,,1.5000000000000013,0.26060606060606084,-0.10150375939849633,,3,2,5,-2,0.3,0.2,0.5,-0.5,6,5,9,-3,0.3,0.25,0.45,0.0,,,,,,,,,,,,,,
2018-05-02,2018-05-01,1.75,1.76,-1.0,1,False,False,False,4.0,8.0,0.625,0.0,14.0,0.35714285714285715,1.0,27.0,0.18518518518518517,,,,1.0000000000000009,0.5151515151515156,-0.08270676691729331,,3,2,5,-2,0.3,0.2,0.5,-0.5,6,5,9,-3,0.3,0.25,0.45,0.0,,,,,,,,,,,,,,
2018-05-03,2018-05-02,1.74,1.75,-1.0,1,False,False,False,2.0,8.0,0.625,1.0,13.0,0.38461538461538464,-1.0,27.0,0.18518518518518517,,,,0.20000000000000018,0.5818181818181823,-0.06390977443609028,,3,2,5,-2,0.3,0.2,0.5,-0.5,5,5,10,-5,0.25,0.25,0.5,-0.5,,,,,,,,,,,,,,
2018-05-04,2018-05-03,1.72,1.74,-2.0,1,False,False,False,0.0,10.0,0.5,0.0,14.0,0.35714285714285715,-3.0,29.0,0.1724137931034483,,,,-1.200000000000001,0.460606060606061,-0.07218045112781961,,3,2,5,-2,0.3,0.2,0.5,-0.5,5,4,11,-6,0.25,0.2,0.55,-1.0,,,,,,,,,,,,,,
2018-05-07,2018-05-04,1.71,1.72,-1.0,3,False,False,False,-6.0,6.0,0.3333333333333333,1.0,13.0,0.38461538461538464,-4.0,30.0,0.16666666666666666,,,,-1.3000000000000012,0.15151515151515166,-0.09022556390977453,,3,2,5,-2,0.3,0.2,0.5,-0.5,5,3,12,-7,0.25,0.15,0.6,-1.0,,,,,,,,,,,,,,
2018-05-08,2018-05-07,1.72,1.71,1.0,1,False,False,False,-4.0,6.0,0.3333333333333333,1.0,13.0,0.38461538461538464,-3.0,31.0,0.16129032258064516,,,,-0.9000000000000007,-0.048484848484848526,-0.08796992481203016,,3,2,5,-2,0.3,0.2,0.5,-0.5,6,2,12,-6,0.3,0.1,0.6,-1.0,,,,,,,,,,,,,,
2018-05-09,2018-05-08,1.72,1.72,0.0,1,False,False,False,-3.0,5.0,0.4,1.0,13.0,0.38461538461538464,-4.0,30.0,0.16666666666666666,,,,-0.40000000000000036,-0.26060606060606084,-0.06541353383458652,,3,2,5,-2,0.3,0.2,0.5,-0.5,5,3,12,-7,0.25,0.15,0.6,-1.0,,,,,,,,,,,,,,
2018-05-10,2018-05-09,1.73,1.72,1.0,1,False,False,False,-1.0,5.0,0.4,1.0,13.0,0.38461538461538464,0.0,28.0,0.17857142857142858,,,,0.30000000000000027,-0.363636363636364,-0.06992481203007525,,3,2,5,-2,0.3,0.2,0.5,-0.5,6,3,11,-5,0.3,0.15,0.55,-1.0,,,,,,,,,,,,,,
2018-05-11,2018-05-10,1.73,1.73,0.0,1,False,False,False,1.0,3.0,0.3333333333333333,1.0,13.0,0.38461538461538464,1.0,27.0,0.18518518518518517,,,,0.5000000000000004,-0.4787878787878792,-0.09022556390977453,,3,2,5,-2,0.3,0.2,0.5,-0.5,6,4,10,-4,0.3,0.2,0.5,-0.5,,,,,,,,,,,,,,
2018-05-14,2018-05-11,1.75,1.73,2.0,3,False,False,False,4.0,4.0,0.5,-2.0,10.0,0.2,-2.0,24.0,0.20833333333333334,,,,0.7000000000000006,-0.16363636363636377,-0.0045112781954887255,,3,2,5,-2,0.3,0.2,0.5,-0.5,6,4,10,-4,0.3,0.2,0.5,-0.5,,,,,,,,,,,,,,
2018-05-15,2018-05-14,1.79,1.75,4.0,1,False,False,False,7.0,7.0,0.5714285714285714,3.0,13.0,0.3076923076923077,3.0,27.0,0.18518518518518517,,,,1.6000000000000014,0.32727272727272755,0.1255639097744362,,4,2,4,0,0.4,0.2,0.4,0.0,7,4,9,-2,0.35,0.2,0.45,0.0,,,,,,,,,,,,,,
2018-05-16,2018-05-15,1.75,1.79,-4.0,1,False,False,False,3.0,11.0,0.36363636363636365,0.0,16.0,0.25,0.0,30.0,0.16666666666666666,,,,1.0000000000000009,0.4969696969696974,0.17819548872180466,,4,2,4,0,0.4,0.2,0.4,0.0,7,4,9,-2,0.35,0.2,0.45,0.0,,,,,,,,,,,,,,
2018-05-17,2018-05-16,1.74,1.75,-1.0,1,False,False,False,1.0,11.0,0.36363636363636365,0.0,16.0,0.25,1.0,29.0,0.1724137931034483,,,,0.20000000000000018,0.545454545454546,0.18496240601503777,,4,2,4,0,0.4,0.2,0.4,0.0,7,4,9,-2,0.35,0.2,0.45,0.0,,,,,,,,,,,,,,
2018-05-18,2018-05-17,1.73,1.74,-1.0,1,False,False,False,0.0,12.0,0.3333333333333333,1.0,15.0,0.26666666666666666,1.0,29.0,0.1724137931034483,,,,-0.9000000000000007,0.4060606060606064,0.16015037593984977,,4,2,4,0,0.4,0.2,0.4,0.0,7,4,9,-2,0.35,0.2,0.45,0.0,,,,,,,,,,,,,,
2018-05-21,2018-05-18,1.69,1.73,-4.0,3,False,False,False,-6.0,14.0,0.2857142857142857,-2.0,18.0,0.2222222222222222,-1.0,31.0,0.16129032258064516,,,,-2.200000000000002,-0.03030303030303033,0.045112781954887264,,4,2,4,0,0.4,0.2,0.4,0.0,7,4,9,-2,0.35,0.2,0.45,0.0,,,,,,,,,,,,,,
2018-05-22,2018-05-21,1.65,1.69,-4.0,1,False,False,False,-14.0,14.0,0.2857142857142857,-7.0,21.0,0.19047619047619047,-6.0,34.0,0.14705882352941177,,,,-2.500000000000002,-0.5939393939393944,-0.10977443609022568,,3,2,5,-2,0.3,0.2,0.5,-0.5,6,4,10,-4,0.3,0.2,0.5,-0.5,,,,,,,,,,,,,,
2018-05-23,2018-05-22,1.67,1.65,2.0,1,False,False,False,-8.0,12.0,0.3333333333333333,-5.0,23.0,0.17391304347826086,-4.0,36.0,0.1388888888888889,,,,-2.200000000000002,-0.9636363636363645,-0.22706766917293256,,4,1,5,-1,0.4,0.1,0.5,-0.5,7,3,10,-3,0.35,0.15,0.5,-0.5,,,,,,,,,,,,,,
2018-05-24,2018-05-23,1.74,1.67,7.0,1,False,False,False,0.0,18.0,0.3888888888888889,1.0,29.0,0.2413793103448276,2.0,42.0,0.16666666666666666,,,,0.0,-0.8242424242424249,-0.2225563909774438,,4,1,5,-1,0.4,0.1,0.5,-0.5,7,3,10,-3,0.35,0.15,0.5,-0.5,,,,,,,,,,,,,,
2018-05-25,2018-05-24,1.73,1.74,-1.0,1,False,False,False,0.0,18.0,0.3888888888888889,0.0,30.0,0.23333333333333334,1.0,43.0,0.16279069767441862,,,,1.7000000000000015,-0.7515151515151522,-0.23533834586466182,,4,0,6,-2,0.4,0.0,0.6,-1.0,7,2,11,-4,0.35,0.1,0.55,-1.0,,,,,,,,,,,,,,
2018-05-29,2018-05-25,1.72,1.73,-1.0,4,False,False,False,3.0,15.0,0.4666666666666667,-3.0,29.0,0.2413793103448276,-5.0,39.0,0.1794871794871795,,,,2.0000000000000018,-0.6000000000000005,-0.18496240601503777,,3,0,7,-4,0.3,0.0,0.7,-1.0,6,2,12,-6,0.3,0.1,0.6,-1.0,,,,,,,,,,,,,,
2018-05-30,2018-05-29,1.72,1.72,0.0,1,False,False,False,7.0,11.0,0.6363636363636364,-7.0,25.0,0.28,-4.0,38.0,0.18421052631578946,,,,0.8000000000000007,-0.1454545454545456,-0.142857142857143,,2,1,7,-5,0.2,0.1,0.7,-1.0,6,3,11,-5,0.3,0.15,0.55,-1.0,,,,,,,,,,,,,,
2018-05-31,2018-05-30,1.81,1.72,9.0,1,True,False,False,14.0,18.0,0.5,6.0,30.0,0.3,6.0,46.0,0.1956521739130435,,,,1.3000000000000012,0.6181818181818187,0.018045112781954902,,3,1,6,-3,0.3,0.1,0.6,-1.0,7,3,10,-3,0.35,0.15,0.5,-0.5,,,,,,,,,,,,,,
2018-06-01,2018-05-31,1.81,1.81,0.0,1,False,False,False,7.0,11.0,0.8181818181818182,7.0,29.0,0.3103448275862069,7.0,45.0,0.2,,,,2.500000000000002,1.2424242424242435,0.1541353383458648,,3,2,5,-2,0.3,0.2,0.5,-0.5,7,4,9,-2,0.35,0.2,0.45,0.0,,,,,,,,,,,,,,
2018-06-04,2018-06-01,1.8,1.81,-1.0,3,False,False,False,7.0,11.0,0.8181818181818182,7.0,29.0,0.3103448275862069,8.0,44.0,0.20454545454545456,,,,2.500000000000002,1.660606060606062,0.23383458646616562,,3,2,5,-2,0.3,0.2,0.5,-0.5,7,4,9,-2,0.35,0.2,0.45,0.0,,,,,,,,,,,,,,
2018-06-05,2018-06-04,1.75,1.8,-5.0,1,False,False,False,3.0,15.0,0.6,6.0,30.0,0.3,4.0,48.0,0.1875,,,,0.5000000000000004,1.454545454545456,0.21428571428571447,,3,2,5,-2,0.3,0.2,0.5,-0.5,7,4,9,-2,0.35,0.2,0.45,0.0,,,,,,,,,,,,,,
2018-06-06,2018-06-05,1.73,1.75,-2.0,1,False,False,False,1.0,17.0,0.5294117647058824,8.0,28.0,0.32142857142857145,1.0,49.0,0.1836734693877551,,,,-2.200000000000002,0.8000000000000007,0.1759398496240603,,3,2,5,-2,0.3,0.2,0.5,-0.5,6,4,10,-4,0.3,0.2,0.5,-0.5,,,,,,,,,,,,,,
2018-06-07,2018-06-06,1.71,1.73,-2.0,1,False,False,False,-10.0,10.0,0.5,4.0,28.0,0.32142857142857145,-1.0,51.0,0.17647058823529413,,,,-2.7000000000000024,0.0727272727272728,0.10751879699248129,,2,2,6,-4,0.2,0.2,0.6,-1.0,6,3,11,-5,0.3,0.15,0.55,-1.0,,,,,,,,,,,,,,
2018-06-08,2018-06-07,1.69,1.71,-2.0,1,False,False,False,-12.0,12.0,0.4166666666666667,-5.0,23.0,0.391304347826087,-4.0,52.0,0.17307692307692307,,,,-2.6000000000000023,-0.34545454545454574,0.027819548872180477,,1,2,7,-6,0.1,0.2,0.7,-1.0,5,3,12,-7,0.25,0.15,0.6,-1.0,,,,,,,,,,,,,,
2018-06-11,2018-06-08,1.69,1.69,0.0,3,False,False,False,-11.0,11.0,0.45454545454545453,-4.0,22.0,0.4090909090909091,-4.0,52.0,0.17307692307692307,,,,-1.6000000000000014,-0.7696969696969704,-0.04586466165413538,,1,3,6,-5,0.1,0.3,0.6,-1.0,5,3,12,-7,0.25,0.15,0.6,-1.0,,,,,,,,,,,,,,
2018-06-12,2018-06-11,1.67,1.69,-2.0,1,False,False,False,-8.0,8.0,0.25,-5.0,23.0,0.391304347826087,-8.0,52.0,0.17307692307692307,,,,-1.4000000000000012,-1.3212121212121224,-0.11052631578947379,,1,3,6,-5,0.1,0.3,0.6,-1.5,4,3,13,-9,0.2,0.15,0.65,-1.0,,,,,,,,,,,,,,
2018-06-13,2018-06-12,1.71,1.67,4.0,1,False,False,False,-2.0,10.0,0.4,-1.0,27.0,0.3333333333333333,-8.0,52.0,0.17307692307692307,,,,-0.20000000000000018,-1.5939393939393953,-0.04285714285714289,,2,2,6,-4,0.2,0.2,0.6,-1.5,4,3,13,-9,0.2,0.15,0.65,-1.0,,,,,,,,,,,,,,
2018-06-14,2018-06-13,1.9,1.71,19.0,1,False,False,False,19.0,27.0,0.7037037037037037,9.0,37.0,0.5135135135135135,15.0,67.0,0.2835820895522388,,,,4.3999999999999995,-0.21818181818181961,0.24511278195488714,,2,2,6,-4,0.2,0.2,0.6,-1.5,5,3,12,-7,0.25,0.15,0.6,-1.0,,,,,,,,,,,,,,
2018-06-15,2018-06-14,1.91,1.9,1.0,1,False,False,False,22.0,26.0,0.7307692307692307,10.0,38.0,0.5,17.0,67.0,0.2835820895522388,,,,6.7,1.103030303030302,0.5090225563909773,,3,1,6,-3,0.3,0.1,0.6,-1.5,6,3,11,-5,0.3,0.15,0.55,-1.0,,,,,,,,,,,,,,
2018-06-18,2018-06-15,1.9,1.91,-1.0,3,False,False,False,21.0,27.0,0.7037037037037037,10.0,38.0,0.5,17.0,67.0,0.2835820895522388,,,,6.599999999999999,2.181818181818181,0.7172932330827066,,3,1,6,-3,0.3,0.1,0.6,-1.5,6,3,11,-5,0.3,0.15,0.55,-1.0,,,,,,,,,,,,,,
2018-06-19,2018-06-18,1.88,1.9,-2.0,1,False,False,False,21.0,27.0,0.7037037037037037,13.0,35.0,0.5428571428571428,19.0,65.0,0.2923076923076923,,,,3.3999999999999986,2.696969696969696,0.808270676691729,,3,1,6,-3,0.3,0.1,0.6,-1.5,6,3,11,-5,0.3,0.15,0.55,-1.0,,,,,,,,,,,,,,
2018-06-20,2018-06-19,1.87,1.88,-1.0,1,False,False,False,16.0,24.0,0.7916666666666666,14.0,34.0,0.5588235294117647,22.0,62.0,0.3064516129032258,,,,-0.8999999999999965,2.866666666666667,0.7932330827067667,,3,1,6,-3,0.3,0.1,0.6,-1.0,6,3,11,-5,0.3,0.15,0.55,-1.0,,,,,,,,,,,,,,
2018-06-21,2018-06-20,1.87,1.87,0.0,1,False,False,False,-3.0,5.0,0.4,16.0,32.0,0.59375,20.0,60.0,0.31666666666666665,,,,-1.0999999999999943,2.7333333333333347,0.7766917293233081,,3,2,5,-2,0.3,0.2,0.5,-0.5,5,4,11,-6,0.25,0.2,0.55,-1.0,,,,,,,,,,,,,,
2018-06-22,2018-06-21,1.92,1.87,5.0,1,False,False,False,1.0,9.0,0.5555555555555556,23.0,35.0,0.5428571428571428,18.0,58.0,0.3275862068965517,,,,0.3000000000000025,2.5454545454545463,0.9120300751879697,,4,2,4,0,0.4,0.2,0.4,0.0,5,4,11,-6,0.25,0.2,0.55,-1.0,,,,,,,,,,,,,,
2018-06-25,2018-06-22,1.91,1.92,-1.0,3,False,False,False,1.0,9.0,0.5555555555555556,22.0,36.0,0.5277777777777778,18.0,58.0,0.3275862068965517,,,,1.0999999999999988,2.024242424242425,0.9902255639097741,,4,1,5,-1,0.4,0.1,0.5,-0.5,5,4,11,-6,0.25,0.2,0.55,-1.0,,,,,,,,,,,,,,
2018-06-26,2018-06-25,1.9,1.91,-1.0,1,False,False,False,2.0,8.0,0.625,23.0,35.0,0.5428571428571428,18.0,58.0,0.3275862068965517,,,,0.9999999999999943,1.0484848484848488,1.0112781954887216,0.16629619338705187,4,1,5,-1,0.4,0.1,0.5,-0.5,5,4,11,-6,0.25,0.2,0.55,-1.0,,,,,,,,,,,,,,
2018-06-27,2018-06-26,1.9,1.9,0.0,1,False,False,False,3.0,7.0,0.7142857142857143,19.0,31.0,0.6129032258064516,18.0,58.0,0.3275862068965517,7.0,131.0,0.1450381679389313,0.3999999999999959,0.06060606060606066,1.0052631578947364,0.20150041678243946,3,2,5,-2,0.3,0.2,0.5,-0.5,5,4,11,-6,0.25,0.2,0.55,-1.0,17,12,31,-14,0.2833333333333333,0.2,0.5166666666666667,-1.0,,,,,,
2018-06-28,2018-06-27,1.93,1.9,3.0,1,False,False,False,6.0,10.0,0.5,3.0,15.0,0.3333333333333333,12.0,52.0,0.36538461538461536,19.0,125.0,0.152,0.10000000000000009,0.27272727272727243,1.1571428571428568,0.22597943873298132,3,2,5,-2,0.3,0.2,0.5,-0.5,5,4,11,-6,0.25,0.2,0.55,-1.0,18,12,30,-12,0.3,0.2,0.5,-0.5,76.66666666666667,77.5,78.33333333333333,,,
2018-06-29,2018-06-28,2.12,1.93,19.0,1,True,True,False,20.0,24.0,0.7916666666666666,21.0,33.0,0.5757575757575758,31.0,71.0,0.2676056338028169,37.0,143.0,0.13286713286713286,4.500000000000004,1.551515151515152,1.562406015037594,0.2822450680744651,3,2,5,-2,0.3,0.2,0.5,-0.5,6,3,11,-5,0.3,0.15,0.55,-1.0,18,12,30,-12,0.3,0.2,0.5,-0.5,98.33333333333333,99.16666666666667,100.0,,,
2018-07-02,2018-06-29,2.04,2.12,-8.0,3,False,False,False,13.0,31.0,0.6129032258064516,14.0,40.0,0.475,24.0,78.0,0.24358974358974358,29.0,151.0,0.12582781456953643,5.000000000000004,2.072727272727273,1.790977443609023,0.3233398166157265,3,2,5,-2,0.3,0.2,0.5,-0.5,6,3,11,-5,0.3,0.15,0.55,-1.0,18,11,31,-13,0.3,0.18333333333333332,0.5166666666666667,-1.0,95.0,95.0,95.0,,,
2018-07-03,2018-07-02,2.0,2.04,-4.0,1,False,False,False,10.0,34.0,0.5588235294117647,12.0,42.0,0.4523809523809524,25.0,77.0,0.24675324675324675,25.0,155.0,0.12258064516129032,3.1000000000000028,2.0727272727272723,1.847368421052632,0.35626562934148376,3,2,5,-2,0.3,0.2,0.5,-0.5,6,3,11,-5,0.3,0.15,0.55,-1.0,18,10,32,-14,0.3,0.16666666666666666,0.5333333333333333,-1.0,76.66666666666667,80.83333333333333,85.0,,,
2018-07-05,2018-07-03,1.97,2.0,-3.0,2,False,False,False,7.0,37.0,0.5135135135135135,10.0,44.0,0.4318181818181818,24.0,78.0,0.24358974358974358,22.0,158.0,0.12025316455696203,-0.40000000000000036,1.6969696969696972,1.791729323308271,0.3828841344818005,3,2,5,-2,0.3,0.2,0.5,-0.5,6,3,11,-5,0.3,0.15,0.55,-1.0,18,9,33,-15,0.3,0.15,0.55,-1.0,71.66666666666667,73.33333333333333,75.0,,,
2018-07-06,2018-07-05,1.93,1.97,-4.0,1,False,False,False,0.0,38.0,0.5,6.0,48.0,0.3958333333333333,22.0,80.0,0.2375,17.0,161.0,0.11801242236024845,-4.500000000000004,0.9818181818181827,1.611278195488722,0.4034176160044457,3,1,6,-3,0.3,0.1,0.6,-1.0,6,3,11,-5,0.3,0.15,0.55,-1.0,17,9,34,-17,0.2833333333333333,0.15,0.5666666666666667,-1.0,75.0,80.0,85.0,,,
2018-07-09,2018-07-06,1.89,1.93,-4.0,3,False,False,False,-23.0,23.0,0.34782608695652173,-3.0,47.0,0.40425531914893614,20.0,82.0,0.23170731707317074,16.0,162.0,0.11728395061728394,-3.7000000000000037,0.30909090909090936,1.3090225563909779,0.4113642678521811,2,1,7,-5,0.2,0.1,0.7,-2.0,6,3,11,-5,0.3,0.15,0.55,-1.0,17,9,34,-17,0.2833333333333333,0.15,0.5666666666666667,-1.0,73.33333333333333,79.16666666666667,85.0,,,
2018-07-10,2018-07-09,1.89,1.89,0.0,1,False,False,False,-15.0,15.0,0.26666666666666666,-2.0,46.0,0.41304347826086957,20.0,82.0,0.23170731707317074,17.0,161.0,0.11801242236024845,-3.0000000000000027,-0.3939393939393943,0.9766917293233083,0.416726868574604,2,2,6,-4,0.2,0.2,0.6,-2.0,6,3,11,-5,0.3,0.15,0.55,-1.0,17,10,33,-16,0.2833333333333333,0.16666666666666666,0.55,-1.0,0.0,7.5,15.0,,,
2018-07-11,2018-07-10,1.89,1.89,0.0,1,False,False,False,-11.0,11.0,0.36363636363636365,-1.0,45.0,0.4222222222222222,22.0,80.0,0.2375,12.0,156.0,0.12179487179487179,-2.0000000000000018,-1.1393939393939405,0.5827067669172932,0.42961933870519586,2,3,5,-3,0.2,0.3,0.5,-1.5,6,4,10,-4,0.3,0.2,0.5,-0.5,16,11,33,-17,0.26666666666666666,0.18333333333333332,0.55,-1.0,0.0,8.333333333333334,16.666666666666668,,,
2018-07-12,2018-07-11,1.9,1.89,1.0,1,False,False,False,-7.0,9.0,0.4444444444444444,0.0,46.0,0.41304347826086957,19.0,77.0,0.24675324675324675,14.0,156.0,0.12179487179487179,-0.6000000000000005,-1.81818181818182,0.23308270676691717,0.44178938594053896,3,2,5,-2,0.3,0.2,0.5,-1.5,6,4,10,-4,0.3,0.2,0.5,-0.5,17,11,32,-15,0.2833333333333333,0.18333333333333332,0.5333333333333333,-1.0,18.333333333333332,35.833333333333336,53.333333333333336,,,
2018-07-13,2018-07-12,1.9,1.9,0.0,1,False,False,False,-3.0,5.0,0.8,-3.0,43.0,0.4418604651162791,0.0,58.0,0.3275862068965517,15.0,155.0,0.12258064516129032,0.30000000000000027,-2.296969696969699,0.15488721804511252,0.45148652403445394,2,3,5,-3,0.2,0.3,0.5,-1.5,5,5,10,-5,0.25,0.25,0.5,-0.5,17,12,31,-14,0.2833333333333333,0.2,0.5166666666666667,-1.0,0.0,9.166666666666666,18.333333333333332,,,
2018-07-16,2018-07-13,1.95,1.9,5.0,3,False,False,False,6.0,6.0,0.8333333333333334,-17.0,29.0,0.27586206896551724,4.0,62.0,0.3064516129032258,22.0,158.0,0.12025316455696203,1.3000000000000012,-1.200000000000001,0.1639097744360899,0.46515698805223665,2,3,5,-3,0.2,0.3,0.5,-1.5,5,5,10,-5,0.25,0.25,0.5,-0.5,18,12,30,-12,0.3,0.2,0.5,-0.5,86.66666666666667,89.16666666666667,91.66666666666667,,,
2018-07-17,2018-07-16,1.92,1.95,-3.0,1,False,False,False,3.0,9.0,0.5555555555555556,-12.0,24.0,0.20833333333333334,2.0,64.0,0.296875,20.0,160.0,0.11875,1.100000000000001,-0.5939393939393944,0.10827067669172889,0.4709919422061683,2,3,5,-3,0.2,0.3,0.5,-1.5,5,5,10,-5,0.25,0.25,0.5,-0.5,18,12,30,-12,0.3,0.2,0.5,-0.5,68.33333333333333,70.0,71.66666666666667,,,
2018-07-18,2018-07-17,1.9,1.92,-2.0,1,False,False,False,1.0,11.0,0.45454545454545453,-10.0,22.0,0.22727272727272727,2.0,64.0,0.296875,20.0,160.0,0.11875,0.20000000000000018,-0.21818181818181837,-0.010526315789474295,0.4690469574881911,2,3,5,-3,0.2,0.3,0.5,-1.0,5,5,10,-5,0.25,0.25,0.5,-0.5,18,12,30,-12,0.3,0.2,0.5,-0.5,51.666666666666664,59.166666666666664,66.66666666666667,,,
2018-07-19,2018-07-18,1.9,1.9,0.0,1,False,False,False,0.0,10.0,0.5,-7.0,19.0,0.2631578947368421,3.0,63.0,0.30158730158730157,19.0,159.0,0.11949685534591195,-0.5000000000000004,0.07878787878787885,-0.14812030075188015,0.467685468185607,2,4,4,-2,0.2,0.4,0.4,0.0,5,6,9,-4,0.25,0.3,0.45,0.0,17,13,30,-13,0.2833333333333333,0.21666666666666667,0.5,-0.5,0.0,10.0,20.0,,,
2018-07-20,2018-07-19,1.88,1.9,-2.0,1,False,False,False,-2.0,12.0,0.4166666666666667,-5.0,17.0,0.29411764705882354,1.0,65.0,0.2923076923076923,17.0,161.0,0.11801242236024845,-1.6000000000000014,0.08484848484848492,-0.3187969924812033,0.4619894415115309,2,4,4,-2,0.2,0.4,0.4,0.0,5,5,10,-5,0.25,0.25,0.5,-0.5,17,12,31,-14,0.2833333333333333,0.2,0.5166666666666667,-1.0,51.666666666666664,59.166666666666664,66.66666666666667,,,
2018-07-23,2018-07-20,1.87,1.88,-1.0,3,False,False,False,-8.0,8.0,0.375,-2.0,14.0,0.35714285714285715,-5.0,61.0,0.3114754098360656,15.0,161.0,0.11801242236024845,-1.1999999999999966,-0.16969696969696865,-0.4263157894736843,0.45540427896637947,2,4,4,-2,0.2,0.4,0.4,0.0,4,5,11,-7,0.2,0.25,0.55,-1.0,16,12,32,-16,0.26666666666666666,0.2,0.5333333333333333,-1.0,20.0,35.0,50.0,,,
2018-07-24,2018-07-23,1.9,1.87,3.0,1,False,False,False,-2.0,8.0,0.375,1.0,17.0,0.29411764705882354,-1.0,63.0,0.30158730158730157,18.0,164.0,0.11585365853658537,-0.29999999999999805,-0.23636363636363564,-0.49924812030075205,0.45290358432898015,3,3,4,-1,0.3,0.3,0.4,0.0,5,5,10,-5,0.25,0.25,0.5,-0.5,17,11,32,-15,0.2833333333333333,0.18333333333333332,0.5333333333333333,-1.0,66.66666666666667,69.16666666666667,71.66666666666667,,,
2018-07-25,2018-07-24,1.87,1.9,-3.0,1,False,False,False,-3.0,9.0,0.3333333333333333,-2.0,20.0,0.25,-3.0,65.0,0.2923076923076923,10.0,162.0,0.11728395061728394,-0.3999999999999959,-0.4787878787878773,-0.6293233082706767,0.4529591553209224,3,2,5,-2,0.3,0.2,0.5,-0.5,5,5,10,-5,0.25,0.25,0.5,-0.5,16,11,33,-17,0.26666666666666666,0.18333333333333332,0.55,-1.0,65.0,68.33333333333333,71.66666666666667,,,
2018-07-26,2018-07-25,1.9,1.87,3.0,1,False,False,False,0.0,12.0,0.25,0.0,22.0,0.22727272727272727,0.0,68.0,0.27941176470588236,14.0,164.0,0.11585365853658537,0.40000000000000036,-0.46666666666666573,-0.7120300751879701,0.45568213392609047,3,2,5,-2,0.3,0.2,0.5,-0.5,6,4,10,-4,0.3,0.2,0.5,-0.5,17,11,32,-15,0.2833333333333333,0.18333333333333332,0.5333333333333333,-1.0,65.0,69.16666666666667,73.33333333333333,,,
2018-07-27,2018-07-26,1.88,1.9,-2.0,1,False,False,False,0.0,12.0,0.25,-2.0,24.0,0.20833333333333334,-5.0,67.0,0.2835820895522388,13.0,165.0,0.11515151515151516,0.19999999999999574,-0.5636363636363633,-0.7759398496240605,0.45265351486524025,3,1,6,-3,0.3,0.1,0.6,-1.5,5,4,11,-6,0.25,0.2,0.55,-1.5,17,11,32,-15,0.2833333333333333,0.18333333333333332,0.5333333333333333,-1.0,46.666666666666664,55.0,63.333333333333336,,,
2018-07-30,2018-07-27,1.88,1.88,0.0,3,False,False,False,1.0,11.0,0.2727272727272727,-7.0,19.0,0.15789473684210525,-24.0,48.0,0.16666666666666666,14.0,164.0,0.11585365853658537,-0.3000000000000025,-0.30303030303030304,-0.5323308270676693,0.44720755765490405,2,2,6,-4,0.2,0.2,0.6,-1.5,4,5,11,-7,0.2,0.25,0.55,-1.5,17,12,31,-14,0.2833333333333333,0.2,0.5166666666666667,-1.0,0.0,9.166666666666666,18.333333333333332,,,
2018-07-31,2018-07-30,1.93,1.88,5.0,1,True,False,False,3.0,13.0,0.38461538461538464,1.0,21.0,0.23809523809523808,-11.0,45.0,0.1111111111111111,21.0,167.0,0.11377245508982035,0.9999999999999964,0.11515151515151498,-0.3075187969924812,0.4457904973603778,3,2,5,-2,0.3,0.2,0.5,-0.5,5,5,10,-5,0.25,0.25,0.5,-0.5,18,12,30,-12,0.3,0.2,0.5,-0.5,86.66666666666667,89.16666666666667,91.66666666666667,,,
2018-08-01,2018-07-31,1.88,1.93,-5.0,1,False,False,False,1.0,15.0,0.3333333333333333,-2.0,24.0,0.20833333333333334,-12.0,46.0,0.10869565217391304,17.0,171.0,0.1111111111111111,0.10000000000000009,0.11515151515151444,-0.20075187969924804,0.4333148096693525,3,2,5,-2,0.3,0.2,0.5,-0.5,5,5,10,-5,0.25,0.25,0.5,-0.5,18,12,30,-12,0.3,0.2,0.5,-0.5,85.0,88.33333333333333,91.66666666666667,,,
2018-08-02,2018-08-01,1.91,1.88,3.0,1,False,False,False,1.0,15.0,0.3333333333333333,1.0,27.0,0.18518518518518517,-6.0,46.0,0.10869565217391304,19.0,173.0,0.10982658959537572,0.6000000000000005,0.30303030303030193,-0.08045112781954877,0.42650736315643223,4,1,5,-1,0.4,0.1,0.5,-0.5,6,5,9,-3,0.3,0.25,0.45,0.0,18,12,30,-12,0.3,0.2,0.5,-0.5,60.0,65.0,70.0,,,
2018-08-03,2018-08-02,1.86,1.91,-5.0,1,False,False,False,-2.0,18.0,0.2777777777777778,-2.0,30.0,0.16666666666666666,-7.0,47.0,0.10638297872340426,14.0,178.0,0.10674157303370786,-0.5999999999999961,0.07272727272727213,-0.08571428571428537,0.41044734648513465,4,1,5,-1,0.4,0.1,0.5,-0.5,6,5,9,-3,0.3,0.25,0.45,0.0,18,11,31,-13,0.3,0.18333333333333332,0.5166666666666667,-1.0,83.33333333333333,87.5,91.66666666666667,,,
2018-08-06,2018-08-03,1.86,1.86,0.0,3,False,False,False,-2.0,18.0,0.2777777777777778,-1.0,29.0,0.1724137931034483,-3.0,43.0,0.11627906976744186,13.0,177.0,0.10734463276836158,-1.5999999999999948,-0.19999999999999896,-0.14360902255639046,0.3953042511808835,4,2,4,0,0.4,0.2,0.4,0.0,6,6,8,-2,0.3,0.3,0.4,0.0,17,12,31,-14,0.2833333333333333,0.2,0.5166666666666667,-1.0,0.0,9.166666666666666,18.333333333333332,,,
2018-08-07,2018-08-06,1.87,1.86,1.0,1,False,False,False,-6.0,14.0,0.35714285714285715,-3.0,27.0,0.18518518518518517,-2.0,44.0,0.11363636363636363,14.0,178.0,0.10674157303370786,-0.699999999999994,-0.20606060606060464,-0.18270676691729257,0.38107807724367876,4,2,4,0,0.4,0.2,0.4,0.0,7,5,8,-1,0.35,0.25,0.4,0.0,18,11,31,-13,0.3,0.18333333333333332,0.5166666666666667,-1.0,20.0,30.0,40.0,,,
2018-08-08,2018-08-07,1.88,1.87,1.0,1,False,False,False,0.0,10.0,0.5,1.0,25.0,0.2,-1.0,45.0,0.1111111111111111,13.0,177.0,0.10734463276836158,-0.5000000000000004,-0.3212121212121195,-0.20451127819548826,0.3711030841900527,5,2,3,2,0.5,0.2,0.3,0.5,8,4,8,0,0.4,0.2,0.4,0.0,18,11,31,-13,0.3,0.18333333333333332,0.5166666666666667,-1.0,18.333333333333332,29.166666666666668,40.0,,,
2018-08-09,2018-08-08,1.91,1.88,3.0,1,False,False,False,0.0,10.0,0.5,1.0,25.0,0.2,1.0,47.0,0.10638297872340426,12.0,176.0,0.10795454545454546,1.1999999999999944,-0.0848484848484837,-0.16616541353383424,0.37210336204501243,5,2,3,2,0.5,0.2,0.3,0.5,8,4,8,0,0.4,0.2,0.4,0.0,18,11,31,-13,0.3,0.18333333333333332,0.5166666666666667,-1.0,56.666666666666664,62.5,68.33333333333333,,,
2018-08-10,2018-08-09,1.9,1.91,-1.0,1,False,False,False,4.0,6.0,0.5,2.0,24.0,0.20833333333333334,0.0,48.0,0.10416666666666667,15.0,173.0,0.10982658959537572,1.1999999999999944,-0.048484848484848124,-0.1436090225563908,0.3640177827174215,5,2,3,2,0.5,0.2,0.3,0.5,8,3,9,-1,0.4,0.15,0.45,0.0,18,11,31,-13,0.3,0.18333333333333332,0.5166666666666667,-1.0,18.333333333333332,30.0,41.666666666666664,,,
2018-08-13,2018-08-10,1.91,1.9,1.0,3,False,False,False,5.0,7.0,0.42857142857142855,3.0,25.0,0.2,-4.0,44.0,0.11363636363636363,17.0,173.0,0.10982658959537572,0.9999999999999964,0.018181818181817796,-0.027819548872180324,0.35504306751875514,6,1,3,3,0.6,0.1,0.3,1.0,8,3,9,-1,0.4,0.15,0.45,0.0,19,11,30,-11,0.31666666666666665,0.18333333333333332,0.5,-0.5,18.333333333333332,30.833333333333332,43.333333333333336,,,
2018-08-14,2018-08-13,1.93,1.91,2.0,1,False,False,False,6.0,8.0,0.375,0.0,22.0,0.22727272727272727,1.0,43.0,0.11627906976744186,20.0,174.0,0.10919540229885058,1.0000000000000009,0.49090909090909013,0.07518796992481208,0.3467074187274242,6,1,3,3,0.6,0.1,0.3,1.0,9,3,8,1,0.45,0.15,0.4,0.0,20,11,29,-9,0.3333333333333333,0.18333333333333332,0.48333333333333334,0.0,43.333333333333336,50.833333333333336,58.333333333333336,,,
2018-08-15,2018-08-14,1.98,1.93,5.0,1,False,False,False,10.0,12.0,0.4166666666666667,10.0,22.0,0.22727272727272727,8.0,46.0,0.10869565217391304,29.0,175.0,0.10857142857142857,1.7000000000000015,0.9030303030303019,0.21654135338345865,0.33867741039177546,7,1,2,5,0.7,0.1,0.2,1.0,10,3,7,3,0.5,0.15,0.35,0.5,21,11,28,-7,0.35,0.18333333333333332,0.4666666666666667,0.0,81.66666666666667,86.66666666666667,91.66666666666667,,,
2018-08-16,2018-08-15,1.99,1.98,1.0,1,False,False,False,8.0,10.0,0.5,8.0,20.0,0.25,9.0,47.0,0.10638297872340426,34.0,172.0,0.11046511627906977,2.500000000000002,1.448484848484847,0.36015037593984955,0.3238955265351486,7,1,2,5,0.7,0.1,0.2,1.0,11,2,7,4,0.55,0.1,0.35,1.0,22,11,27,-5,0.36666666666666664,0.18333333333333332,0.45,0.0,18.333333333333332,30.0,41.666666666666664,,,
2018-08-17,2018-08-16,1.9,1.99,-9.0,1,False,False,False,0.0,18.0,0.5,4.0,24.0,0.375,2.0,54.0,0.16666666666666666,23.0,179.0,0.10614525139664804,0.40000000000000036,1.0727272727272714,0.3300751879699246,0.2958599611003056,7,1,2,5,0.7,0.1,0.2,1.0,11,2,7,4,0.55,0.1,0.35,1.0,21,11,28,-7,0.35,0.18333333333333332,0.4666666666666667,0.0,95.0,95.83333333333333,96.66666666666667,,,
2018-08-20,2018-08-17,1.9,1.9,0.0,3,False,False,False,-1.0,17.0,0.5294117647058824,4.0,24.0,0.375,3.0,53.0,0.16981132075471697,16.0,172.0,0.11046511627906977,-1.4000000000000012,0.6484848484848479,0.2812030075187969,0.27841066963045286,7,1,2,5,0.7,0.1,0.2,1.0,11,3,6,5,0.55,0.15,0.3,1.0,20,12,28,-8,0.3333333333333333,0.2,0.4666666666666667,0.0,0.0,9.166666666666666,18.333333333333332,,,
2018-08-21,2018-08-20,1.9,1.9,0.0,1,False,False,False,-3.0,15.0,0.6,3.0,23.0,0.391304347826087,0.0,50.0,0.18,17.0,171.0,0.1111111111111111,-2.500000000000002,0.24242424242424265,0.2751879699248118,0.25837732703528754,6,2,2,4,0.6,0.2,0.2,1.0,10,4,6,4,0.5,0.2,0.3,0.5,20,13,27,-7,0.3333333333333333,0.21666666666666667,0.45,0.0,0.0,10.0,20.0,,,
2018-08-22,2018-08-21,1.9,1.9,0.0,1,False,False,False,-8.0,10.0,0.9,2.0,22.0,0.4090909090909091,3.0,47.0,0.19148936170212766,18.0,170.0,0.11176470588235295,-1.8000000000000014,-0.13333333333333347,0.22180451127819545,0.23570436232286737,5,3,2,3,0.5,0.3,0.2,0.5,10,5,5,5,0.5,0.25,0.25,0.5,20,14,26,-6,0.3333333333333333,0.23333333333333334,0.43333333333333335,0.0,0.0,10.833333333333334,21.666666666666668,,,
2018-08-23,2018-08-22,1.94,1.9,4.0,1,False,False,False,-5.0,13.0,0.6923076923076923,3.0,23.0,0.391304347826087,4.0,48.0,0.1875,22.0,174.0,0.10919540229885058,0.8000000000000007,-0.11515151515151525,0.26842105263157884,0.21858849680466788,5,3,2,3,0.5,0.3,0.2,0.5,10,5,5,5,0.5,0.25,0.25,0.5,21,13,26,-5,0.35,0.21666666666666667,0.43333333333333335,0.0,73.33333333333333,76.66666666666667,80.0,,,
2018-08-24,2018-08-23,1.95,1.94,1.0,1,False,False,False,5.0,5.0,0.8,5.0,23.0,0.391304347826087,7.0,47.0,0.19148936170212766,14.0,166.0,0.1144578313253012,1.4000000000000012,-0.1454545454545456,0.29172932330827045,0.21714365101417055,6,3,1,5,0.6,0.3,0.1,1.0,11,5,4,7,0.55,0.25,0.2,1.0,21,13,26,-5,0.35,0.21666666666666667,0.43333333333333335,0.0,21.666666666666668,32.5,43.333333333333336,,,
2018-08-27,2018-08-24,1.95,1.95,0.0,3,False,False,False,5.0,5.0,0.8,4.0,22.0,0.4090909090909091,7.0,47.0,0.19148936170212766,14.0,166.0,0.1144578313253012,1.5000000000000013,-0.16969696969696985,0.3045112781954884,0.21492081133648233,5,4,1,4,0.5,0.4,0.1,0.5,11,5,4,7,0.55,0.25,0.2,1.0,21,13,26,-5,0.35,0.21666666666666667,0.43333333333333335,0.0,0.0,10.833333333333334,21.666666666666668,,,
2018-08-28,2018-08-27,1.95,1.95,0.0,1,False,False,False,5.0,5.0,0.8,2.0,20.0,0.45,2.0,42.0,0.21428571428571427,15.0,165.0,0.11515151515151516,1.100000000000001,-0.10909090909090918,0.3857142857142854,0.21022506251736595,4,5,1,3,0.4,0.5,0.1,0.0,10,6,4,6,0.5,0.3,0.2,0.5,21,14,25,-4,0.35,0.23333333333333334,0.4166666666666667,0.0,0.0,10.833333333333334,21.666666666666668,,,
2018-08-29,2018-08-28,1.93,1.95,-2.0,1,False,False,False,3.0,7.0,0.5714285714285714,-5.0,17.0,0.5294117647058824,5.0,39.0,0.23076923076923078,18.0,162.0,0.11728395061728394,-0.20000000000000018,0.15151515151515166,0.35639097744360854,0.19294248402333983,3,5,2,1,0.3,0.5,0.2,0.0,10,6,4,6,0.5,0.3,0.2,0.5,21,14,25,-4,0.35,0.23333333333333334,0.4166666666666667,0.0,45.0,52.5,60.0,,,
2018-08-30,2018-08-29,1.93,1.93,0.0,1,False,False,False,-1.0,3.0,0.6666666666666666,-6.0,16.0,0.5625,2.0,36.0,0.25,20.0,160.0,0.11875,-0.6000000000000005,0.5393939393939399,0.36691729323308214,0.1712697971658794,2,6,2,0,0.2,0.6,0.2,0.0,9,7,4,5,0.45,0.35,0.2,0.0,21,15,24,-3,0.35,0.25,0.4,0.0,0.0,11.666666666666666,23.333333333333332,,,
2018-08-31,2018-08-30,1.97,1.93,4.0,1,True,False,False,2.0,6.0,0.6666666666666666,7.0,11.0,0.36363636363636365,11.0,35.0,0.2571428571428571,26.0,162.0,0.11728395061728394,0.20000000000000018,0.6181818181818187,0.35263157894736813,0.15165323701028063,3,6,1,2,0.3,0.6,0.1,0.0,10,7,3,7,0.5,0.35,0.15,0.5,22,15,23,-1,0.36666666666666664,0.25,0.38333333333333336,0.0,75.0,79.16666666666667,83.33333333333333,,,
2018-09-04,2018-08-31,1.95,1.97,-2.0,4,False,False,False,0.0,8.0,0.5,5.0,13.0,0.3076923076923077,9.0,37.0,0.24324324324324326,26.0,162.0,0.11728395061728394,0.40000000000000036,0.5030303030303035,0.2932330827067669,0.12392331203111973,3,5,2,1,0.3,0.5,0.2,0.0,10,6,4,6,0.5,0.3,0.2,0.5,22,15,23,-1,0.36666666666666664,0.25,0.38333333333333336,0.0,46.666666666666664,53.333333333333336,60.0,,,
2018-09-05,2018-09-04,1.95,1.95,0.0,1,False,False,False,0.0,8.0,0.5,5.0,13.0,0.3076923076923077,8.0,36.0,0.25,26.0,162.0,0.11728395061728394,0.6000000000000005,0.32727272727272755,0.23609022556391,0.09474854126146151,3,5,2,1,0.3,0.5,0.2,0.0,9,7,4,5,0.45,0.35,0.2,0.0,22,15,23,-1,0.36666666666666664,0.25,0.38333333333333336,0.0,0.0,12.5,25.0,,,
2018-09-06,2018-09-05,1.94,1.95,-1.0,1,False,False,False,1.0,7.0,0.5714285714285714,4.0,14.0,0.2857142857142857,6.0,36.0,0.25,27.0,161.0,0.11801242236024845,0.0,0.0363636363636364,0.1684210526315791,0.05909974993053623,3,4,3,0,0.3,0.4,0.3,0.0,8,7,5,3,0.4,0.35,0.25,0.0,22,15,23,-1,0.36666666666666664,0.25,0.38333333333333336,0.0,25.0,35.833333333333336,46.666666666666664,,,
2018-09-07,2018-09-06,1.94,1.94,0.0,1,False,False,False,1.0,7.0,0.5714285714285714,0.0,10.0,0.4,3.0,33.0,0.2727272727272727,23.0,157.0,0.12101910828025478,-0.7000000000000006,-0.0363636363636364,0.1390977443609024,0.028730202834120578,2,5,3,-1,0.2,0.5,0.3,0.0,7,8,5,2,0.35,0.4,0.25,0.0,21,16,23,-2,0.35,0.26666666666666666,0.38333333333333336,0.0,0.0,12.5,25.0,,,
2018-09-10,2018-09-07,1.94,1.94,0.0,3,False,False,False,-3.0,3.0,0.6666666666666666,-1.0,9.0,0.4444444444444444,4.0,32.0,0.28125,4.0,138.0,0.13768115942028986,-0.30000000000000027,-0.04242424242424246,0.08947368421052639,0.029285912753542625,1,6,3,-2,0.1,0.6,0.3,0.0,7,9,4,3,0.35,0.45,0.2,0.0,20,17,23,-3,0.3333333333333333,0.2833333333333333,0.38333333333333336,0.0,0.0,13.333333333333334,26.666666666666668,,,
2018-09-11,2018-09-10,1.94,1.94,0.0,1,False,False,False,-1.0,1.0,1.0,-1.0,9.0,0.4444444444444444,3.0,31.0,0.2903225806451613,3.0,137.0,0.1386861313868613,-0.20000000000000018,-0.0363636363636364,0.04962406015037598,0.03131425395943314,1,6,3,-2,0.1,0.6,0.3,0.0,6,10,4,2,0.3,0.5,0.2,0.0,19,18,23,-4,0.31666666666666665,0.3,0.38333333333333336,0.0,0.0,14.166666666666666,28.333333333333332,,,
2018-09-12,2018-09-11,1.94,1.94,0.0,1,False,False,False,-1.0,1.0,1.0,-1.0,9.0,0.4444444444444444,1.0,29.0,0.3103448275862069,4.0,136.0,0.13970588235294118,0.0,-0.0181818181818182,0.036842105263157926,0.03148096693525976,1,6,3,-2,0.1,0.6,0.3,0.0,5,11,4,1,0.25,0.55,0.2,0.0,19,19,22,-3,0.31666666666666665,0.31666666666666665,0.36666666666666664,0.0,0.0,15.0,30.0,,,
2018-09-13,2018-09-12,1.94,1.94,0.0,1,False,False,False,0.0,0.0,,1.0,7.0,0.5714285714285714,-4.0,24.0,0.375,6.0,134.0,0.1417910447761194,0.0,-0.12121212121212133,0.10150375939849633,0.02803556543484296,1,7,2,-1,0.1,0.7,0.2,0.0,4,12,4,0,0.2,0.6,0.2,0.0,19,20,21,-2,0.31666666666666665,0.3333333333333333,0.35,0.0,0.0,15.833333333333334,31.666666666666668,,,
2018-09-14,2018-09-13,1.95,1.94,1.0,1,False,False,False,1.0,1.0,1.0,2.0,8.0,0.5,-4.0,24.0,0.375,8.0,134.0,0.1417910447761194,0.20000000000000018,-0.181818181818182,0.20225563909774452,0.024201166990830757,2,6,2,0,0.2,0.6,0.2,0.0,4,12,4,0,0.2,0.6,0.2,0.0,20,20,20,0,0.3333333333333333,0.3333333333333333,0.3333333333333333,0.0,33.333333333333336,43.333333333333336,53.333333333333336,,,
2018-09-17,2018-09-14,2.0,1.95,5.0,3,False,False,False,6.0,6.0,0.8333333333333334,3.0,9.0,0.5555555555555556,10.0,20.0,0.25,13.0,139.0,0.1366906474820144,1.3000000000000012,0.272727272727273,0.23834586466165436,0.028118921922756324,2,6,2,0,0.2,0.6,0.2,0.0,5,12,3,2,0.25,0.6,0.15,0.0,21,19,20,1,0.35,0.31666666666666665,0.3333333333333333,0.0,85.0,90.0,95.0,,,
2018-09-18,2018-09-17,1.94,2.0,-6.0,1,False,False,False,0.0,12.0,0.5,-1.0,13.0,0.46153846153846156,4.0,26.0,0.23076923076923078,2.0,140.0,0.1357142857142857,0.6000000000000005,0.2303030303030305,0.17368421052631597,0.029952764656849123,2,6,2,0,0.2,0.6,0.2,0.0,5,11,4,1,0.25,0.55,0.2,0.0,20,19,21,-1,0.3333333333333333,0.31666666666666665,0.35,0.0,95.0,95.0,95.0,,,
2018-09-19,2018-09-18,1.92,1.94,-2.0,1,False,False,False,-2.0,14.0,0.42857142857142855,-3.0,15.0,0.4,2.0,28.0,0.21428571428571427,1.0,141.0,0.1347517730496454,-0.5000000000000004,0.090909090909091,0.07443609022556398,0.02670186162823006,2,5,3,-1,0.2,0.5,0.3,0.0,5,10,5,0,0.25,0.5,0.25,0.0,20,19,21,-1,0.3333333333333333,0.31666666666666665,0.35,0.0,51.666666666666664,56.666666666666664,61.666666666666664,,,
2018-09-20,2018-09-19,1.92,1.92,0.0,1,False,False,False,-2.0,14.0,0.42857142857142855,-2.0,14.0,0.42857142857142855,2.0,28.0,0.21428571428571427,2.0,140.0,0.1357142857142857,-1.4000000000000012,-0.07878787878787885,-0.027819548872180477,0.02170047235343149,2,6,2,0,0.2,0.6,0.2,0.0,5,10,5,0,0.25,0.5,0.25,0.0,20,20,20,0,0.3333333333333333,0.3333333333333333,0.3333333333333333,0.0,0.0,15.833333333333334,31.666666666666668,,,
2018-09-21,2018-09-20,1.92,1.92,0.0,1,False,False,False,-3.0,13.0,0.46153846153846156,-2.0,14.0,0.42857142857142855,-2.0,24.0,0.25,2.0,140.0,0.1357142857142857,-1.8000000000000014,-0.22424242424242447,-0.06992481203007525,0.016587941094748513,2,6,2,0,0.2,0.6,0.2,0.0,4,11,5,-1,0.2,0.55,0.25,0.0,20,20,20,0,0.3333333333333333,0.3333333333333333,0.3333333333333333,0.0,0.0,16.666666666666668,33.333333333333336,,,
2018-09-24,2018-09-21,1.95,1.92,3.0,3,False,False,False,-5.0,11.0,0.5454545454545454,1.0,17.0,0.35294117647058826,0.0,26.0,0.23076923076923078,2.0,140.0,0.1357142857142857,0.20000000000000018,-0.181818181818182,-0.0503759398496241,0.021367046401778243,3,5,2,1,0.3,0.5,0.2,0.0,4,11,5,-1,0.2,0.55,0.25,0.0,20,20,20,0,0.3333333333333333,0.3333333333333333,0.3333333333333333,0.0,61.666666666666664,68.33333333333333,75.0,,,
2018-09-25,2018-09-24,1.93,1.95,-2.0,1,False,False,False,-1.0,7.0,0.42857142857142855,-1.0,19.0,0.3157894736842105,-2.0,28.0,0.21428571428571427,-19.0,123.0,0.07317073170731707,0.5000000000000004,-0.26060606060606084,-0.059398496240601555,0.05495971103084189,3,4,3,0,0.3,0.4,0.3,0.0,4,10,6,-2,0.2,0.5,0.3,0.0,19,20,21,-2,0.31666666666666665,0.3333333333333333,0.35,0.0,50.0,55.833333333333336,61.666666666666664,,,
2018-09-26,2018-09-25,1.92,1.93,-1.0,1,False,False,False,0.0,6.0,0.5,-2.0,20.0,0.3,-3.0,29.0,0.20689655172413793,-12.0,116.0,0.07758620689655173,0.10000000000000009,-0.38181818181818217,-0.07969924812030083,0.07440955821061405,3,3,4,-1,0.3,0.3,0.4,0.0,4,9,7,-3,0.2,0.45,0.35,0.0,19,20,21,-2,0.31666666666666665,0.3333333333333333,0.35,0.0,33.333333333333336,41.666666666666664,50.0,,,
2018-09-27,2018-09-26,2.16,1.92,24.0,1,False,False,False,24.0,30.0,0.8,22.0,44.0,0.5454545454545454,23.0,51.0,0.47058823529411764,16.0,136.0,0.17647058823529413,4.500000000000004,0.830303030303031,0.2157894736842107,0.12709085857182556,4,2,4,0,0.4,0.2,0.4,0.0,5,9,6,-1,0.25,0.45,0.3,0.0,20,20,20,0,0.3333333333333333,0.3333333333333333,0.3333333333333333,0.0,100.0,100.0,100.0,,,
2018-09-28,2018-09-27,2.25,2.16,9.0,1,True,True,False,33.0,39.0,0.6153846153846154,30.0,52.0,0.46153846153846156,32.0,60.0,0.4,28.0,142.0,0.16901408450704225,8.300000000000002,2.333333333333334,0.6052631578947371,0.18855237565990557,4,2,4,0,0.4,0.2,0.4,0.0,6,8,6,0,0.3,0.4,0.3,0.0,21,20,19,2,0.35,0.3333333333333333,0.31666666666666665,0.0,96.66666666666667,97.5,98.33333333333333,,,
2018-10-01,2018-09-28,2.22,2.25,-3.0,3,False,False,False,27.0,39.0,0.6153846153846154,22.0,50.0,0.48,25.0,59.0,0.4067796610169492,29.0,141.0,0.1702127659574468,9.100000000000005,3.6424242424242443,0.9669172932330832,0.23676021116976947,3,2,5,-2,0.3,0.2,0.5,-0.5,5,8,7,-2,0.25,0.4,0.35,0.0,21,20,19,2,0.35,0.3333333333333333,0.31666666666666665,0.0,65.0,70.83333333333333,76.66666666666667,,,
2018-10-02,2018-10-01,2.2,2.22,-2.0,1,False,False,False,27.0,39.0,0.6153846153846154,26.0,46.0,0.5217391304347826,25.0,59.0,0.4067796610169492,31.0,139.0,0.17266187050359713,6.2000000000000055,4.175757575757578,1.2308270676691737,0.27329813837177,3,2,5,-2,0.3,0.2,0.5,-0.5,5,8,7,-2,0.25,0.4,0.35,0.0,21,20,19,2,0.35,0.3333333333333333,0.31666666666666665,0.0,51.666666666666664,58.333333333333336,65.0,,,
2018-10-03,2018-10-02,2.2,2.2,0.0,1,False,False,False,28.0,38.0,0.631578947368421,28.0,44.0,0.5454545454545454,25.0,59.0,0.4067796610169492,31.0,139.0,0.17266187050359713,0.3000000000000025,4.260606060606064,1.4571428571428582,0.3081133648235623,3,3,4,-1,0.3,0.3,0.4,0.0,5,8,7,-2,0.25,0.4,0.35,0.0,21,20,19,2,0.35,0.3333333333333333,0.31666666666666665,0.0,0.0,16.666666666666668,33.333333333333336,,,
2018-10-04,2018-10-03,2.18,2.2,-2.0,1,False,False,False,2.0,16.0,0.5625,26.0,46.0,0.5217391304347826,24.0,60.0,0.4,29.0,141.0,0.1702127659574468,-1.599999999999997,3.8969696969696996,1.6015037593984973,0.33792720200055587,3,2,5,-2,0.3,0.2,0.5,-0.5,5,8,7,-2,0.25,0.4,0.35,0.0,21,19,20,1,0.35,0.31666666666666665,0.3333333333333333,0.0,51.666666666666664,59.166666666666664,66.66666666666667,,,
2018-10-05,2018-10-04,2.16,2.18,-2.0,1,False,False,False,-9.0,9.0,0.3333333333333333,24.0,48.0,0.5,22.0,62.0,0.3870967741935484,26.0,142.0,0.16901408450704225,-1.4000000000000012,3.109090909090912,1.6812030075187983,0.36454570714087264,3,1,6,-3,0.3,0.1,0.6,-1.5,5,7,8,-3,0.25,0.35,0.4,0.0,20,19,21,-1,0.3333333333333333,0.31666666666666665,0.35,0.0,50.0,58.333333333333336,66.66666666666667,,,
2018-10-09,2018-10-05,2.15,2.16,-1.0,4,False,False,False,-7.0,7.0,0.2857142857142857,20.0,46.0,0.5217391304347826,21.0,63.0,0.38095238095238093,25.0,143.0,0.16783216783216784,-1.4000000000000057,2.1757575757575767,1.7135338345864672,0.388080022228397,2,1,7,-5,0.2,0.1,0.7,-1.5,5,6,9,-4,0.25,0.3,0.45,0.0,20,18,22,-2,0.3333333333333333,0.3,0.36666666666666664,0.0,31.666666666666668,40.0,48.333333333333336,,,
2018-10-10,2018-10-09,2.15,2.15,0.0,1,False,False,False,-5.0,5.0,0.4,22.0,44.0,0.5454545454545454,21.0,63.0,0.38095238095238093,20.0,138.0,0.17391304347826086,-1.3000000000000078,0.866666666666666,1.714285714285715,0.41869963878855254,2,2,6,-4,0.2,0.2,0.6,-1.0,5,6,9,-4,0.25,0.3,0.45,0.0,19,19,22,-3,0.31666666666666665,0.31666666666666665,0.36666666666666664,0.0,0.0,15.0,30.0,,,
2018-10-11,2018-10-10,2.17,2.15,2.0,1,False,False,False,-3.0,7.0,0.2857142857142857,25.0,45.0,0.5333333333333333,23.0,65.0,0.36923076923076925,25.0,137.0,0.17518248175182483,-0.30000000000000693,-0.6666666666666692,1.7120300751879702,0.4464017782717423,3,2,5,-2,0.3,0.2,0.5,-0.5,6,5,9,-3,0.3,0.25,0.45,0.0,20,19,21,-1,0.3333333333333333,0.31666666666666665,0.35,0.0,50.0,59.166666666666664,68.33333333333333,,,
2018-10-12,2018-10-11,2.18,2.17,1.0,1,False,False,False,0.0,6.0,0.3333333333333333,2.0,22.0,0.4090909090909091,24.0,66.0,0.36363636363636365,28.0,136.0,0.17647058823529413,0.6000000000000005,-0.8484848484848501,1.689473684210527,0.4709641567101975,3,2,5,-2,0.3,0.2,0.5,-0.5,7,4,9,-2,0.35,0.2,0.45,0.0,21,19,20,1,0.35,0.31666666666666665,0.3333333333333333,0.0,31.666666666666668,40.833333333333336,50.0,,,
2018-10-15,2018-10-12,2.21,2.18,3.0,3,False,False,False,5.0,7.0,0.42857142857142855,-4.0,16.0,0.1875,26.0,68.0,0.35294117647058826,31.0,139.0,0.17266187050359713,1.5000000000000036,-0.29090909090909356,1.6894736842105267,0.49888858016115606,3,2,5,-2,0.3,0.2,0.5,-0.5,7,4,9,-2,0.35,0.2,0.45,0.0,22,18,20,2,0.36666666666666664,0.3,0.3333333333333333,0.0,70.0,75.83333333333333,81.66666666666667,,,
2018-10-16,2018-10-15,2.18,2.21,-3.0,1,False,False,False,3.0,9.0,0.3333333333333333,-4.0,16.0,0.1875,18.0,66.0,0.36363636363636365,30.0,140.0,0.17142857142857143,1.0000000000000053,-0.04848484848484987,1.6864661654135344,0.5167824395665465,3,2,5,-2,0.3,0.2,0.5,-0.5,6,4,10,-4,0.3,0.2,0.5,-0.5,22,18,20,2,0.36666666666666664,0.3,0.3333333333333333,0.0,68.33333333333333,75.0,81.66666666666667,,,
2018-10-17,2018-10-16,2.18,2.18,0.0,1,False,False,False,3.0,9.0,0.3333333333333333,-2.0,14.0,0.21428571428571427,24.0,60.0,0.4,31.0,139.0,0.17266187050359713,0.20000000000000462,0.10909090909090892,1.5616541353383466,0.5313142539594333,3,3,4,-1,0.3,0.3,0.4,0.0,6,5,9,-3,0.3,0.25,0.45,0.0,22,19,19,3,0.36666666666666664,0.31666666666666665,0.31666666666666665,0.0,0.0,15.0,30.0,,,
2018-10-18,2018-10-17,2.19,2.18,1.0,1,False,False,False,2.0,8.0,0.375,-1.0,15.0,0.2,27.0,59.0,0.4067796610169492,29.0,137.0,0.17518248175182483,-0.10000000000000231,0.34545454545454535,1.3834586466165417,0.5508474576271188,4,2,4,0,0.4,0.2,0.4,0.0,7,5,8,-1,0.35,0.25,0.4,0.0,22,19,19,3,0.36666666666666664,0.31666666666666665,0.31666666666666665,0.0,31.666666666666668,40.833333333333336,50.0,,,
2018-10-19,2018-10-18,2.19,2.19,0.0,1,False,False,False,1.0,7.0,0.42857142857142855,1.0,13.0,0.23076923076923078,27.0,59.0,0.4067796610169492,32.0,134.0,0.1791044776119403,-0.3000000000000025,0.4606060606060608,1.1646616541353385,0.5636843567657684,4,3,3,1,0.4,0.3,0.3,0.0,7,5,8,-1,0.35,0.25,0.4,0.0,22,20,18,4,0.36666666666666664,0.3333333333333333,0.3,0.0,0.0,15.833333333333334,31.666666666666668,,,
2018-10-22,2018-10-19,2.18,2.19,-1.0,3,False,False,False,-3.0,5.0,0.6,2.0,12.0,0.25,26.0,60.0,0.4,28.0,132.0,0.18181818181818182,0.09999999999999787,0.37575757575757746,0.8909774436090228,0.5781883856626843,4,3,3,1,0.4,0.3,0.3,0.0,7,4,9,-2,0.35,0.2,0.45,0.0,21,20,19,2,0.35,0.3333333333333333,0.31666666666666665,0.0,33.333333333333336,43.333333333333336,53.333333333333336,,,
2018-10-23,2018-10-22,2.17,2.18,-1.0,1,False,False,False,-1.0,3.0,0.3333333333333333,2.0,12.0,0.25,22.0,58.0,0.41379310344827586,29.0,131.0,0.183206106870229,-0.3000000000000025,0.14545454545454584,0.6112781954887216,0.5861072520144487,4,3,3,1,0.4,0.3,0.3,0.0,6,4,10,-4,0.3,0.2,0.5,-0.5,21,20,19,2,0.35,0.3333333333333333,0.31666666666666665,0.0,33.333333333333336,44.166666666666664,55.0,,,
2018-10-24,2018-10-23,2.18,2.17,1.0,1,False,False,False,0.0,4.0,0.25,3.0,13.0,0.23076923076923078,25.0,57.0,0.42105263157894735,30.0,132.0,0.18181818181818182,-0.3999999999999959,-0.05454545454545419,0.2812030075187968,0.5940539038621842,5,2,3,2,0.5,0.2,0.3,0.5,7,4,9,-2,0.35,0.2,0.45,0.0,22,19,19,3,0.36666666666666664,0.31666666666666665,0.31666666666666665,0.0,33.333333333333336,45.0,56.666666666666664,,,
2018-10-25,2018-10-24,2.19,2.18,1.0,1,False,False,False,0.0,4.0,0.25,2.0,12.0,0.25,27.0,57.0,0.42105263157894735,26.0,128.0,0.1875,0.0,-0.10303030303030407,-0.08796992481203067,0.610447346485135,5,2,3,2,0.5,0.2,0.3,0.5,8,4,8,0,0.4,0.2,0.4,0.0,22,19,19,3,0.36666666666666664,0.31666666666666665,0.31666666666666665,0.0,31.666666666666668,44.166666666666664,56.666666666666664,,,
2018-10-26,2018-10-25,2.19,2.19,0.0,1,False,False,False,0.0,4.0,0.25,1.0,11.0,0.2727272727272727,3.0,33.0,0.2727272727272727,31.0,123.0,0.1951219512195122,0.3999999999999959,-0.10909090909091,-0.11879699248120365,0.616921367046402,4,3,3,1,0.4,0.3,0.3,0.0,7,5,8,-1,0.35,0.25,0.4,0.0,22,20,18,4,0.36666666666666664,0.3333333333333333,0.3,0.0,0.0,15.833333333333334,31.666666666666668,,,
2018-10-29,2018-10-26,2.18,2.19,-1.0,3,False,False,False,0.0,4.0,0.25,-3.0,9.0,0.3333333333333333,-7.0,25.0,0.12,27.0,121.0,0.19834710743801653,0.3000000000000025,0.018181818181817525,-0.02631578947368479,0.6251180883578774,3,3,4,-1,0.3,0.3,0.4,0.0,6,5,9,-3,0.3,0.25,0.45,0.0,21,20,19,2,0.35,0.3333333333333333,0.31666666666666665,0.0,33.333333333333336,46.666666666666664,60.0,,,
2018-10-30,2018-10-29,2.18,2.18,0.0,1,False,False,False,1.0,3.0,0.3333333333333333,0.0,6.0,0.16666666666666666,-4.0,22.0,0.13636363636363635,32.0,116.0,0.20689655172413793,-0.09999999999999787,-0.018181818181817525,0.029323308270676467,0.6233398166157268,3,4,3,0,0.3,0.4,0.3,0.0,6,6,8,-2,0.3,0.3,0.4,0.0,21,21,18,3,0.35,0.35,0.3,0.0,0.0,16.666666666666668,33.333333333333336,,,
2018-10-31,2018-10-30,2.22,2.18,4.0,1,True,False,False,4.0,6.0,0.6666666666666666,4.0,10.0,0.4,2.0,24.0,0.16666666666666666,36.0,120.0,0.2,0.5000000000000071,0.1636363636363658,0.11654135338345879,0.626340650180606,4,3,3,1,0.4,0.3,0.3,0.0,7,6,7,0,0.35,0.3,0.35,0.0,22,20,18,4,0.36666666666666664,0.3333333333333333,0.3,0.0,86.66666666666667,88.33333333333333,90.0,,,
2018-11-01,2018-10-31,2.22,2.22,0.0,1,False,False,False,3.0,5.0,0.8,3.0,9.0,0.4444444444444444,2.0,24.0,0.16666666666666666,35.0,119.0,0.20168067226890757,1.0000000000000053,0.3636363636363658,0.20075187969924863,0.6290358432898031,3,4,3,0,0.3,0.4,0.3,0.0,7,6,7,0,0.35,0.3,0.35,0.0,21,21,18,3,0.35,0.35,0.3,0.0,0.0,16.666666666666668,33.333333333333336,,,
2018-11-02,2018-11-01,2.25,2.22,3.0,1,False,False,False,6.0,8.0,0.5,6.0,12.0,0.3333333333333333,7.0,25.0,0.16,37.0,121.0,0.19834710743801653,1.7999999999999972,0.6909090909090918,0.2932330827067675,0.6363989997221453,4,3,3,1,0.4,0.3,0.3,0.0,8,6,6,2,0.4,0.3,0.3,0.0,21,21,18,3,0.35,0.35,0.3,0.0,76.66666666666667,80.83333333333333,85.0,,,
2018-11-05,2018-11-02,2.24,2.25,-1.0,3,False,False,False,6.0,8.0,0.5,6.0,12.0,0.3333333333333333,8.0,24.0,0.16666666666666666,33.0,119.0,0.20168067226890757,1.4999999999999991,0.8242424242424263,0.3293233082706777,0.6451514309530428,4,3,3,1,0.4,0.3,0.3,0.0,8,6,6,2,0.4,0.3,0.3,0.0,20,21,19,1,0.3333333333333333,0.35,0.31666666666666665,0.0,35.0,47.5,60.0,,,
2018-11-06,2018-11-05,2.22,2.24,-2.0,1,False,False,False,4.0,10.0,0.4,5.0,13.0,0.3076923076923077,7.0,25.0,0.16,32.0,120.0,0.2,0.20000000000000018,0.7090909090909107,0.30902255639097836,0.6470964156710202,4,3,3,1,0.4,0.3,0.3,0.0,8,6,6,2,0.4,0.3,0.3,0.0,20,21,19,1,0.3333333333333333,0.35,0.31666666666666665,0.0,61.666666666666664,69.16666666666667,76.66666666666667,,,
2018-11-07,2018-11-06,2.18,2.22,-4.0,1,False,False,False,-4.0,10.0,0.4,0.0,16.0,0.25,3.0,29.0,0.13793103448275862,27.0,123.0,0.1951219512195122,-1.0999999999999988,0.3818181818181839,0.22105263157894817,0.6424006668519037,3,3,4,-1,0.3,0.3,0.4,0.0,8,5,7,1,0.4,0.25,0.35,0.0,19,21,20,-1,0.31666666666666665,0.35,0.3333333333333333,0.0,85.0,87.5,90.0,,,
2018-11-08,2018-11-07,2.21,2.18,3.0,1,False,False,False,-1.0,13.0,0.3076923076923077,2.0,18.0,0.2222222222222222,4.0,30.0,0.13333333333333333,28.0,124.0,0.1935483870967742,-1.4000000000000012,0.28484848484848496,0.20300751879699286,0.6445123645457075,3,3,4,-1,0.3,0.3,0.4,0.0,8,5,7,1,0.4,0.25,0.35,0.0,19,21,20,-1,0.31666666666666665,0.35,0.3333333333333333,0.0,75.0,79.16666666666667,83.33333333333333,,,
2018-11-09,2018-11-08,2.2,2.21,-1.0,1,False,False,False,-5.0,11.0,0.36363636363636365,1.0,19.0,0.21052631578947367,2.0,30.0,0.13333333333333333,22.0,120.0,0.2,-0.900000000000003,0.10909090909090838,0.1804511278195495,0.651903306474021,3,2,5,-2,0.3,0.2,0.5,-0.5,7,5,8,-1,0.35,0.25,0.4,0.0,18,21,21,-3,0.3,0.35,0.35,0.0,35.0,46.666666666666664,58.333333333333336,,,
2018-11-13,2018-11-09,2.2,2.2,0.0,4,False,False,False,-4.0,10.0,0.4,2.0,18.0,0.2222222222222222,-1.0,27.0,0.14814814814814814,21.0,119.0,0.20168067226890757,-0.20000000000000018,-0.14545454545454584,0.2022556390977449,0.6597666018338432,3,3,4,-1,0.3,0.3,0.4,0.0,6,6,8,-2,0.3,0.3,0.4,0.0,17,22,21,-4,0.2833333333333333,0.36666666666666664,0.35,0.0,0.0,17.5,35.0,,,
2018-11-14,2018-11-13,2.2,2.2,0.0,1,False,False,False,-2.0,8.0,0.5,2.0,18.0,0.2222222222222222,2.0,24.0,0.16666666666666666,30.0,110.0,0.21818181818181817,0.3000000000000025,-0.4242424242424243,0.17819548872180527,0.6512086690747434,3,3,4,-1,0.3,0.3,0.4,0.0,6,7,7,-1,0.3,0.35,0.35,0.0,17,23,20,-3,0.2833333333333333,0.38333333333333336,0.3333333333333333,0.0,0.0,18.333333333333332,36.666666666666664,,,
2018-11-15,2018-11-14,2.28,2.2,8.0,1,False,False,False,10.0,12.0,0.6666666666666666,6.0,22.0,0.36363636363636365,10.0,32.0,0.25,38.0,118.0,0.2033898305084746,1.3999999999999968,-0.02424242424242588,0.26541353383458693,0.654098360655738,3,3,4,-1,0.3,0.3,0.4,0.0,7,6,7,0,0.35,0.3,0.35,0.0,18,22,20,-2,0.3,0.36666666666666664,0.3333333333333333,0.0,96.66666666666667,96.66666666666667,96.66666666666667,,,
2018-11-16,2018-11-15,2.26,2.28,-2.0,1,False,False,False,5.0,11.0,0.7272727272727273,4.0,24.0,0.3333333333333333,7.0,33.0,0.24242424242424243,36.0,120.0,0.2,1.9999999999999887,0.19393939393939114,0.3248120300751878,0.6515976660183387,3,2,5,-2,0.3,0.2,0.5,-0.5,6,6,8,-2,0.3,0.3,0.4,0.0,18,21,21,-3,0.3,0.35,0.35,0.0,60.0,67.5,75.0,,,
2018-11-19,2018-11-16,2.24,2.26,-2.0,3,False,False,False,4.0,12.0,0.6666666666666666,-1.0,23.0,0.34782608695652173,5.0,35.0,0.22857142857142856,34.0,122.0,0.19672131147540983,1.3999999999999968,0.45454545454545214,0.3451127819548871,0.6438177271464298,2,2,6,-4,0.2,0.2,0.6,-1.0,6,5,9,-3,0.3,0.25,0.45,0.0,18,20,22,-4,0.3,0.3333333333333333,0.36666666666666664,0.0,58.333333333333336,66.66666666666667,75.0,,,
2018-11-20,2018-11-19,2.2,2.24,-4.0,1,False,False,False,0.0,16.0,0.5,-4.0,26.0,0.3076923076923077,2.0,38.0,0.21052631578947367,26.0,122.0,0.19672131147540983,-0.3999999999999959,0.44242424242424133,0.2849624060150377,0.6343706585162548,2,2,6,-4,0.2,0.2,0.6,-1.5,6,5,9,-3,0.3,0.25,0.45,0.0,17,20,23,-6,0.2833333333333333,0.3333333333333333,0.38333333333333336,0.0,85.0,88.33333333333333,91.66666666666667,,,
2018-11-21,2018-11-20,2.18,2.2,-2.0,1,False,False,False,-2.0,18.0,0.4444444444444444,-4.0,26.0,0.3076923076923077,1.0,39.0,0.20512820512820512,23.0,123.0,0.1951219512195122,-2.599999999999989,0.23636363636363644,0.1774436090225563,0.6218949708252295,2,2,6,-4,0.2,0.2,0.6,-1.5,6,5,9,-3,0.3,0.25,0.45,0.0,16,20,24,-8,0.26666666666666666,0.3333333333333333,0.4,0.0,56.666666666666664,65.83333333333333,75.0,,,
2018-11-23,2018-11-21,2.23,2.18,5.0,2,False,False,False,-5.0,15.0,0.3333333333333333,5.0,27.0,0.2962962962962963,5.0,43.0,0.18604651162790697,28.0,128.0,0.1875,-1.1999999999999966,0.08484848484848492,0.15563909774436074,0.616337871631009,3,2,5,-2,0.3,0.2,0.5,-0.5,6,5,9,-3,0.3,0.25,0.45,0.0,17,19,24,-7,0.2833333333333333,0.31666666666666665,0.4,0.0,91.66666666666667,92.5,93.33333333333333,,,
2018-11-26,2018-11-23,2.2,2.23,-3.0,3,False,False,False,-6.0,16.0,0.3125,-1.0,27.0,0.2962962962962963,1.0,45.0,0.17777777777777778,25.0,131.0,0.183206106870229,-0.5000000000000027,-0.09090909090909086,0.09924812030075163,0.6043067518755213,2,2,6,-4,0.2,0.2,0.6,-1.5,5,5,10,-5,0.25,0.25,0.5,-0.5,17,18,25,-8,0.2833333333333333,0.3,0.4166666666666667,0.0,73.33333333333333,78.33333333333333,83.33333333333333,,,
2018-11-27,2018-11-26,2.19,2.2,-1.0,1,False,False,False,-5.0,15.0,0.3333333333333333,-1.0,27.0,0.2962962962962963,0.0,46.0,0.17391304347826086,26.0,130.0,0.18461538461538463,-4.440892098500626e-15,-0.37575757575757585,0.02706766917293162,0.5858571825507088,2,2,6,-4,0.2,0.2,0.6,-1.5,5,4,11,-6,0.25,0.2,0.55,-1.0,17,18,25,-8,0.2833333333333333,0.3,0.4166666666666667,0.0,30.0,40.833333333333336,51.666666666666664,,,
2018-11-28,2018-11-27,2.19,2.19,0.0,1,False,False,False,-1.0,11.0,0.45454545454545453,-1.0,27.0,0.2962962962962963,1.0,45.0,0.17777777777777778,26.0,130.0,0.18461538461538463,-0.20000000000000462,-0.6484848484848484,-0.060902255639098575,0.565962767435399,2,2,6,-4,0.2,0.2,0.6,-1.5,5,5,10,-5,0.25,0.25,0.5,-0.5,17,18,25,-8,0.2833333333333333,0.3,0.4166666666666667,0.0,0.0,15.0,30.0,,,
2018-11-29,2018-11-28,2.24,2.19,5.0,1,False,False,False,6.0,14.0,0.35714285714285715,4.0,32.0,0.25,6.0,50.0,0.16,27.0,131.0,0.183206106870229,0.10000000000000231,-0.6363636363636344,-0.07894736842105318,0.5595998888580164,3,1,6,-3,0.3,0.1,0.6,-1.5,6,4,10,-4,0.3,0.2,0.5,-0.5,17,18,25,-8,0.2833333333333333,0.3,0.4166666666666667,0.0,90.0,91.66666666666667,93.33333333333333,,,
2018-11-30,2018-11-29,2.28,2.24,4.0,1,True,False,False,5.0,13.0,0.38461538461538464,0.0,28.0,0.17857142857142858,6.0,50.0,0.16,33.0,133.0,0.18045112781954886,2.099999999999995,0.07878787878787792,0.014285714285713479,0.5549041400388999,3,1,6,-3,0.3,0.1,0.6,-1.5,6,4,10,-4,0.3,0.2,0.5,-0.5,18,18,24,-6,0.3,0.3,0.4,0.0,83.33333333333333,85.83333333333333,88.33333333333333,,,
2018-12-03,2018-11-30,2.23,2.28,-5.0,3,False,False,False,3.0,15.0,0.3333333333333333,-3.0,31.0,0.16129032258064516,1.0,55.0,0.14545454545454545,28.0,138.0,0.17391304347826086,1.6999999999999993,0.387878787878785,0.027067669172931588,0.5401778271742151,3,1,6,-3,0.3,0.1,0.6,-1.5,6,3,11,-5,0.3,0.15,0.55,-1.0,18,17,25,-7,0.3,0.2833333333333333,0.4166666666666667,0.0,88.33333333333333,90.83333333333333,93.33333333333333,,,
2018-12-04,2018-12-03,2.27,2.23,4.0,1,False,False,False,8.0,18.0,0.2777777777777778,3.0,33.0,0.15151515151515152,2.0,56.0,0.14285714285714285,33.0,141.0,0.1702127659574468,1.4999999999999991,0.8181818181818161,0.14285714285714196,0.5287579883300919,4,1,5,-1,0.4,0.1,0.5,-0.5,6,3,11,-5,0.3,0.15,0.55,-1.0,19,17,24,-5,0.31666666666666665,0.2833333333333333,0.4,0.0,80.0,83.33333333333333,86.66666666666667,,,
2018-12-06,2018-12-04,2.34,2.27,7.0,2,False,False,False,15.0,25.0,0.28,14.0,36.0,0.19444444444444445,10.0,62.0,0.12903225806451613,40.0,148.0,0.16216216216216217,1.899999999999995,1.327272727272725,0.3398496240601494,0.5269797165879412,5,1,4,1,0.5,0.1,0.4,2.0,7,3,10,-3,0.35,0.15,0.5,-0.5,20,16,24,-4,0.3333333333333333,0.26666666666666666,0.4,0.0,95.0,95.0,95.0,,,
2018-12-07,2018-12-06,2.3,2.34,-4.0,1,False,False,False,6.0,24.0,0.2916666666666667,12.0,38.0,0.18421052631578946,8.0,64.0,0.125,36.0,152.0,0.15789473684210525,1.4999999999999991,1.315151515151513,0.4330827067669162,0.5164212281189219,5,1,4,1,0.5,0.1,0.4,2.0,7,3,10,-3,0.35,0.15,0.5,-0.5,20,15,25,-5,0.3333333333333333,0.25,0.4166666666666667,0.0,76.66666666666667,80.83333333333333,85.0,,,
2018-12-10,2018-12-07,2.22,2.3,-8.0,3,False,False,False,-6.0,28.0,0.2857142857142857,-1.0,41.0,0.1951219512195122,4.0,68.0,0.11764705882352941,28.0,160.0,0.15,0.10000000000000231,1.0545454545454536,0.3368421052631573,0.4907474298416228,4,1,5,-1,0.4,0.1,0.5,-0.5,7,3,10,-3,0.35,0.15,0.5,-0.5,20,14,26,-6,0.3333333333333333,0.23333333333333334,0.43333333333333335,0.0,95.0,95.83333333333333,96.66666666666667,,,
2018-12-11,2018-12-10,2.19,2.22,-3.0,1,False,False,False,-4.0,26.0,0.3076923076923077,-1.0,41.0,0.1951219512195122,-2.0,68.0,0.11764705882352941,25.0,163.0,0.147239263803681,-2.799999999999998,0.44242424242424244,0.23909774436090145,0.4585996110030564,4,1,5,-1,0.4,0.1,0.5,-0.5,6,3,11,-5,0.3,0.15,0.55,-1.0,20,13,27,-7,0.3333333333333333,0.21666666666666667,0.45,0.0,61.666666666666664,67.5,73.33333333333333,,,
2018-12-12,2018-12-11,2.2,2.19,1.0,1,False,False,False,-7.0,23.0,0.34782608695652173,1.0,41.0,0.1951219512195122,0.0,68.0,0.11764705882352941,26.0,164.0,0.14634146341463414,-3.8999999999999924,-0.16969696969696876,0.14285714285714246,0.4267018616282301,5,1,4,1,0.5,0.1,0.4,0.5,7,3,10,-3,0.35,0.15,0.5,-0.5,21,12,27,-6,0.35,0.2,0.45,0.0,21.666666666666668,32.5,43.333333333333336,,,
2018-12-13,2018-12-12,2.21,2.2,1.0,1,False,False,False,-13.0,17.0,0.47058823529411764,2.0,42.0,0.19047619047619047,1.0,69.0,0.11594202898550725,26.0,164.0,0.14634146341463414,-1.9999999999999971,-0.7393939393939389,0.060902255639097506,0.3966935259794388,6,0,4,2,0.6,0.0,0.4,1.0,8,2,10,-2,0.4,0.1,0.5,-0.5,21,12,27,-6,0.35,0.2,0.45,0.0,20.0,31.666666666666668,43.333333333333336,,,
2018-12-14,2018-12-13,2.21,2.21,0.0,1,False,False,False,-9.0,13.0,0.6153846153846154,-3.0,37.0,0.21621621621621623,1.0,69.0,0.11594202898550725,21.0,159.0,0.1509433962264151,-4.440892098500626e-15,-0.9999999999999982,-0.022556390977443663,0.3737149208113365,5,1,4,1,0.5,0.1,0.4,0.5,8,2,10,-2,0.4,0.1,0.5,-0.5,20,13,27,-7,0.3333333333333333,0.21666666666666667,0.45,0.0,0.0,10.0,20.0,,,
2018-12-17,2018-12-14,2.31,2.21,10.0,3,False,False,False,9.0,15.0,0.6666666666666666,3.0,43.0,0.23255813953488372,3.0,71.0,0.14084507042253522,37.0,163.0,0.147239263803681,2.5,-0.41212121212121117,0.16165413533834558,0.35579327590997495,5,1,4,1,0.5,0.1,0.4,0.5,8,2,10,-2,0.4,0.1,0.5,-0.5,21,13,26,-5,0.35,0.21666666666666667,0.43333333333333335,0.0,98.33333333333333,98.33333333333333,98.33333333333333,,,
2018-12-18,2018-12-17,2.32,2.31,1.0,1,False,False,False,13.0,13.0,0.7692307692307693,9.0,39.0,0.2564102564102564,6.0,70.0,0.14285714285714285,40.0,162.0,0.14814814814814814,3.399999999999994,-0.1393939393939394,0.32406015037593894,0.3340650180605723,6,1,3,3,0.6,0.1,0.3,1.0,9,2,9,0,0.45,0.1,0.45,0.0,22,13,25,-3,0.36666666666666664,0.21666666666666667,0.4166666666666667,0.0,21.666666666666668,33.333333333333336,45.0,,,
2018-12-19,2018-12-18,2.3,2.32,-2.0,1,False,False,False,10.0,14.0,0.7142857142857143,3.0,37.0,0.2702702702702703,6.0,70.0,0.14285714285714285,38.0,164.0,0.14634146341463414,2.899999999999996,0.18181818181818118,0.41729323308270594,0.30683523200889123,5,1,4,1,0.5,0.1,0.4,0.5,9,2,9,0,0.45,0.1,0.45,0.0,22,12,26,-4,0.36666666666666664,0.2,0.43333333333333335,0.0,46.666666666666664,54.166666666666664,61.666666666666664,,,
2018-12-20,2018-12-19,2.41,2.3,11.0,1,False,False,False,20.0,24.0,0.4583333333333333,7.0,41.0,0.2682926829268293,21.0,77.0,0.14285714285714285,49.0,175.0,0.13714285714285715,3.9000000000000012,1.533333333333333,0.5954887218045108,0.2955265351486523,5,1,4,1,0.5,0.1,0.4,0.5,10,2,8,2,0.5,0.1,0.4,0.5,23,11,26,-3,0.38333333333333336,0.18333333333333332,0.43333333333333335,0.0,98.33333333333333,98.33333333333333,98.33333333333333,,,
2018-12-21,2018-12-20,2.4,2.41,-1.0,1,False,False,False,19.0,25.0,0.44,10.0,38.0,0.2894736842105263,22.0,76.0,0.14473684210526316,45.0,173.0,0.13872832369942195,2.7,2.4787878787878768,0.6962406015037591,0.284940261183662,5,1,4,1,0.5,0.1,0.4,0.5,10,2,8,2,0.5,0.1,0.4,0.5,22,11,27,-5,0.36666666666666664,0.18333333333333332,0.45,0.0,18.333333333333332,30.833333333333332,43.333333333333336,,,
2018-12-24,2018-12-21,2.41,2.4,1.0,3,False,False,False,10.0,16.0,0.6875,19.0,31.0,0.3548387096774194,18.0,72.0,0.1527777777777778,48.0,172.0,0.13953488372093023,2.800000000000007,2.824242424242424,0.857142857142857,0.2701028063350929,6,1,3,3,0.6,0.1,0.3,1.0,10,2,8,2,0.5,0.1,0.4,0.5,23,11,26,-3,0.38333333333333336,0.18333333333333332,0.43333333333333335,0.0,18.333333333333332,31.666666666666668,45.0,,,
2018-12-26,2018-12-24,2.44,2.41,3.0,2,False,False,False,12.0,18.0,0.6111111111111112,25.0,31.0,0.3548387096774194,24.0,72.0,0.1527777777777778,52.0,174.0,0.13793103448275862,2.8000000000000025,2.9030303030303024,0.9864661654135338,0.2558210614059459,7,1,2,5,0.7,0.1,0.2,1.0,11,2,7,4,0.55,0.1,0.35,1.0,24,11,25,-1,0.4,0.18333333333333332,0.4166666666666667,0.0,61.666666666666664,67.5,73.33333333333333,,,
2018-12-27,2018-12-26,2.44,2.44,0.0,1,False,False,False,14.0,16.0,0.6875,24.0,30.0,0.36666666666666664,25.0,71.0,0.15492957746478872,28.0,150.0,0.07333333333333333,0.9999999999999964,2.745454545454546,1.0639097744360901,0.2793275909974991,6,2,2,4,0.6,0.2,0.2,1.0,11,3,6,5,0.55,0.15,0.3,1.0,23,12,25,-2,0.38333333333333336,0.2,0.4166666666666667,0.0,0.0,9.166666666666666,18.333333333333332,,,
2018-12-28,2018-12-27,2.46,2.44,2.0,1,False,False,False,5.0,7.0,0.42857142857142855,25.0,31.0,0.3548387096774194,27.0,73.0,0.1506849315068493,21.0,143.0,0.07692307692307693,1.4999999999999991,2.4727272727272727,1.132330827067669,0.3198110586273963,6,2,2,4,0.6,0.2,0.2,1.0,12,2,6,6,0.6,0.1,0.3,1.0,23,12,25,-2,0.38333333333333336,0.2,0.4166666666666667,0.0,46.666666666666664,54.166666666666664,61.666666666666664,,,
2018-12-31,2018-12-28,3.0,2.46,54.0,3,True,True,True,60.0,60.0,0.9,79.0,85.0,0.6352941176470588,76.0,122.0,0.4426229508196721,78.0,194.0,0.27835051546391754,11.999999999999996,4.842424242424243,2.0105263157894737,0.44256737982772965,7,1,2,5,0.7,0.1,0.2,1.5,12,2,6,6,0.6,0.1,0.3,1.0,24,12,24,0,0.4,0.2,0.4,0.0,100.0,100.0,100.0,,,
2019-01-02,2018-12-31,3.15,3.0,15.0,2,False,False,False,74.0,74.0,0.7297297297297297,84.0,90.0,0.6,87.0,133.0,0.40601503759398494,95.0,207.0,0.2608695652173913,19.8,7.739393939393941,3.0518796992481207,0.5821894970825228,7,1,2,5,0.7,0.1,0.2,1.5,12,2,6,6,0.6,0.1,0.3,1.0,25,12,23,2,0.4166666666666667,0.2,0.38333333333333336,0.0,98.33333333333333,98.33333333333333,98.33333333333333,,,
2019-01-03,2019-01-02,2.7,3.15,-45.0,1,False,False,False,26.0,116.0,0.46551724137931033,38.0,134.0,0.40298507462686567,47.0,173.0,0.31213872832369943,50.0,252.0,0.21428571428571427,12.100000000000005,7.230303030303031,3.2406015037593985,0.6427618782995276,6,1,3,3,0.6,0.1,0.3,1.5,12,2,6,6,0.6,0.1,0.3,1.0,25,11,24,1,0.4166666666666667,0.18333333333333332,0.4,0.0,98.33333333333333,98.33333333333333,98.33333333333333,,,
2019-01-04,2019-01-03,2.45,2.7,-25.0,1,False,False,False,1.0,141.0,0.3829787234042553,15.0,157.0,0.34394904458598724,18.0,194.0,0.27835051546391754,27.0,275.0,0.19636363636363635,-3.199999999999994,4.763636363636365,3.064661654135339,0.6561822728535703,6,1,3,3,0.6,0.1,0.3,1.5,11,2,7,4,0.55,0.1,0.35,1.0,25,11,24,1,0.4166666666666667,0.18333333333333332,0.4,0.0,96.66666666666667,96.66666666666667,96.66666666666667,,,
2019-01-07,2019-01-04,2.41,2.45,-4.0,3,False,False,False,-5.0,143.0,0.3776223776223776,0.0,150.0,0.36,7.0,191.0,0.28272251308900526,25.0,277.0,0.19494584837545126,-18.799999999999994,2.6303030303030326,2.915037593984963,0.6581550430675187,5,1,4,1,0.5,0.1,0.4,0.5,10,2,8,2,0.5,0.1,0.4,0.5,25,11,24,1,0.4166666666666667,0.18333333333333332,0.4,0.0,70.0,75.0,80.0,,,
2019-01-08,2019-01-07,2.42,2.41,1.0,1,False,False,False,-58.0,90.0,0.5,2.0,150.0,0.36,12.0,188.0,0.2872340425531915,27.0,277.0,0.19494584837545126,-17.5,0.48484848484848553,2.706015037593985,0.6586829674909696,6,1,3,3,0.6,0.1,0.3,1.0,11,2,7,4,0.55,0.1,0.35,1.0,26,11,23,3,0.43333333333333335,0.18333333333333332,0.38333333333333336,0.0,18.333333333333332,31.666666666666668,45.0,,,
2019-01-09,2019-01-08,2.45,2.42,3.0,1,False,False,False,-70.0,78.0,0.5769230769230769,4.0,152.0,0.35526315789473684,23.0,183.0,0.29508196721311475,30.0,280.0,0.19285714285714287,-5.3000000000000025,-1.4545454545454524,2.3954887218045116,0.6626285079188663,6,1,3,3,0.6,0.1,0.3,1.5,12,2,6,6,0.6,0.1,0.3,1.0,27,10,23,4,0.45,0.16666666666666666,0.38333333333333336,0.0,56.666666666666664,62.5,68.33333333333333,,,
2019-01-10,2019-01-09,2.43,2.45,-2.0,1,False,False,False,-27.0,35.0,0.7142857142857143,-1.0,151.0,0.3576158940397351,24.0,182.0,0.2967032967032967,26.0,280.0,0.19285714285714287,0.0,-3.351515151515149,1.9744360902255647,0.6650180605723811,5,1,4,1,0.5,0.1,0.4,0.5,12,2,6,6,0.6,0.1,0.3,1.0,26,10,24,2,0.43333333333333335,0.16666666666666666,0.4,0.0,43.333333333333336,49.166666666666664,55.0,,,
2019-01-11,2019-01-10,2.41,2.43,-2.0,1,False,False,False,-4.0,12.0,0.3333333333333333,-3.0,153.0,0.35294117647058826,21.0,183.0,0.29508196721311475,23.0,281.0,0.19217081850533807,0.10000000000000231,-5.345454545454543,1.50451127819549,0.6643789941650458,5,0,5,0,0.5,0.0,0.5,-0.5,11,2,7,4,0.55,0.1,0.35,1.0,25,10,25,0,0.4166666666666667,0.16666666666666666,0.4166666666666667,0.0,43.333333333333336,49.166666666666664,55.0,,,
2019-01-14,2019-01-11,2.4,2.41,-1.0,3,False,False,False,-1.0,9.0,0.3333333333333333,-6.0,152.0,0.35526315789473684,19.0,183.0,0.29508196721311475,19.0,279.0,0.1935483870967742,-0.8000000000000007,-7.224242424242425,1.0045112781954895,0.6659071964434564,4,0,6,-2,0.4,0.0,0.6,-1.5,10,2,8,2,0.5,0.1,0.4,0.5,24,10,26,-2,0.4,0.16666666666666666,0.43333333333333335,0.0,16.666666666666668,29.166666666666668,41.666666666666664,,,
2019-01-15,2019-01-14,2.46,2.4,6.0,1,False,False,False,4.0,14.0,0.42857142857142855,-54.0,104.0,0.4326923076923077,25.0,189.0,0.2857142857142857,28.0,282.0,0.19148936170212766,-0.10000000000000675,-5.103030303030304,0.5616541353383465,0.6711308696860238,4,0,6,-2,0.4,0.0,0.6,-1.5,11,1,8,3,0.55,0.05,0.4,1.0,25,10,25,0,0.4166666666666667,0.16666666666666666,0.4166666666666667,0.0,85.0,85.0,85.0,,,
2019-01-16,2019-01-15,2.43,2.46,-3.0,1,False,False,False,-2.0,14.0,0.42857142857142855,-72.0,92.0,0.4891304347826087,12.0,182.0,0.2967032967032967,25.0,285.0,0.18947368421052632,0.4999999999999982,-1.4909090909090923,0.1962406015037603,0.6698805223673242,3,0,7,-4,0.3,0.0,0.7,-2.0,10,1,9,1,0.5,0.05,0.45,0.5,25,9,26,-1,0.4166666666666667,0.15,0.43333333333333335,0.0,56.666666666666664,61.666666666666664,66.66666666666667,,,
2019-01-17,2019-01-16,2.41,2.43,-2.0,1,False,False,False,-2.0,14.0,0.42857142857142855,-29.0,49.0,0.5102040816326531,9.0,183.0,0.29508196721311475,22.0,286.0,0.1888111888111888,0.3000000000000025,-0.11515151515151567,-0.19999999999999923,0.6656571269797165,3,0,7,-4,0.3,0.0,0.7,-2.0,9,1,10,-1,0.45,0.05,0.5,-0.5,24,9,27,-3,0.4,0.15,0.45,0.0,41.666666666666664,48.333333333333336,55.0,,,
2019-01-18,2019-01-17,2.42,2.41,1.0,1,False,False,False,1.0,13.0,0.46153846153846156,-3.0,25.0,0.24,12.0,182.0,0.2967032967032967,23.0,287.0,0.18815331010452963,-0.09999999999999787,-8.074349270001138e-16,-0.6270676691729321,0.6618505140316754,4,0,6,-2,0.4,0.0,0.6,-1.5,10,1,9,1,0.5,0.05,0.45,0.5,25,8,27,-2,0.4166666666666667,0.13333333333333333,0.45,0.0,15.0,27.5,40.0,,,
2019-01-22,2019-01-18,2.41,2.42,-1.0,4,False,False,False,1.0,13.0,0.46153846153846156,0.0,22.0,0.2727272727272727,0.0,172.0,0.313953488372093,23.0,287.0,0.18815331010452963,-1.0999999999999988,-0.16969696969696957,-0.9127819548872176,0.6534315087524313,4,0,6,-2,0.4,0.0,0.6,-1.0,9,1,10,-1,0.45,0.05,0.5,-0.5,25,8,27,-2,0.4166666666666667,0.13333333333333333,0.45,0.0,13.333333333333334,26.666666666666668,40.0,,,
2019-01-23,2019-01-22,2.4,2.41,-1.0,1,False,False,False,-6.0,8.0,0.375,-2.0,22.0,0.2727272727272727,0.0,172.0,0.313953488372093,23.0,287.0,0.18815331010452963,-0.600000000000005,-0.32727272727272894,-1.2285714285714282,0.6404001111419838,3,0,7,-4,0.3,0.0,0.7,-1.0,9,1,10,-1,0.45,0.05,0.5,-0.5,25,8,27,-2,0.4166666666666667,0.13333333333333333,0.45,0.0,13.333333333333334,26.666666666666668,40.0,,,
2019-01-24,2019-01-23,2.41,2.4,1.0,1,False,False,False,-2.0,6.0,0.3333333333333333,-4.0,20.0,0.3,0.0,172.0,0.313953488372093,23.0,287.0,0.18815331010452963,-0.20000000000000018,-0.2060606060606065,-1.5142857142857138,0.6294248402333981,3,0,7,-4,0.3,0.0,0.7,-1.0,9,1,10,-1,0.45,0.05,0.5,-0.5,25,8,27,-2,0.4166666666666667,0.13333333333333333,0.45,0.0,13.333333333333334,26.666666666666668,40.0,,,
2019-01-25,2019-01-24,2.4,2.41,-1.0,1,False,False,False,-1.0,5.0,0.2,-3.0,19.0,0.3157894736842105,-4.0,170.0,0.3176470588235294,21.0,287.0,0.18815331010452963,-0.40000000000000036,-0.22424242424242485,-1.7669172932330828,0.6172270075020838,3,0,7,-4,0.3,0.0,0.7,-1.0,8,1,11,-3,0.4,0.05,0.55,-1.0,24,8,28,-4,0.4,0.13333333333333333,0.4666666666666667,0.0,13.333333333333334,26.666666666666668,40.0,,,
2019-01-28,2019-01-25,2.39,2.4,-1.0,3,False,False,False,-3.0,5.0,0.2,-2.0,18.0,0.3333333333333333,-5.0,171.0,0.3157894736842105,20.0,288.0,0.1875,-0.40000000000000036,-0.3939393939393933,-2.0278195488721806,0.6022228396776882,3,0,7,-4,0.3,0.0,0.7,-1.0,8,0,12,-4,0.4,0.0,0.6,-1.0,24,7,29,-5,0.4,0.11666666666666667,0.48333333333333334,0.0,13.333333333333334,26.666666666666668,40.0,,,
2019-01-29,2019-01-28,2.4,2.39,1.0,1,False,False,False,-1.0,5.0,0.2,0.0,18.0,0.3333333333333333,-6.0,170.0,0.3176470588235294,22.0,288.0,0.1875,-0.20000000000000018,-0.5515151515151524,-2.235338345864662,0.5860516810225062,4,0,6,-2,0.4,0.0,0.6,-1.0,8,0,12,-4,0.4,0.0,0.6,-1.0,25,7,28,-3,0.4166666666666667,0.11666666666666667,0.4666666666666667,0.0,11.666666666666666,25.833333333333332,40.0,,,
2019-01-30,2019-01-29,2.39,2.4,-1.0,1,False,False,False,-1.0,5.0,0.2,-7.0,13.0,0.23076923076923078,-61.0,117.0,0.38461538461538464,21.0,289.0,0.18685121107266436,-0.40000000000000036,-0.3636363636363645,-1.5954887218045115,0.5670186162823005,3,0,7,-4,0.3,0.0,0.7,-1.0,7,0,13,-6,0.35,0.0,0.65,-1.0,25,6,29,-4,0.4166666666666667,0.1,0.48333333333333334,0.0,11.666666666666666,25.833333333333332,40.0,,,
2019-01-31,2019-01-30,2.58,2.39,19.0,1,True,False,False,17.0,23.0,0.8260869565217391,15.0,29.0,0.6551724137931034,-57.0,121.0,0.371900826446281,36.0,304.0,0.17763157894736842,3.6000000000000028,0.7454545454545455,-0.3556390977443615,0.5847457627118644,4,0,6,-2,0.4,0.0,0.6,-1.0,7,0,13,-6,0.35,0.0,0.65,-1.0,25,6,29,-4,0.4166666666666667,0.1,0.48333333333333334,0.0,95.0,95.0,95.0,,,
2019-02-01,2019-01-31,2.47,2.58,-11.0,1,False,False,False,7.0,33.0,0.5757575757575758,6.0,38.0,0.5,-23.0,87.0,0.28735632183908044,25.0,315.0,0.17142857142857143,3.400000000000003,0.9393939393939409,0.10225563909774414,0.5824395665462628,4,0,6,-2,0.4,0.0,0.6,-1.0,7,0,13,-6,0.35,0.0,0.65,-1.0,25,5,30,-5,0.4166666666666667,0.08333333333333333,0.5,-0.5,90.0,90.83333333333333,91.66666666666667,,,
2019-02-04,2019-02-01,2.4,2.47,-7.0,3,False,False,False,1.0,39.0,0.48717948717948717,-2.0,44.0,0.4318181818181818,-5.0,69.0,0.2753623188405797,15.0,319.0,0.16927899686520376,0.8000000000000007,0.7454545454545455,0.09999999999999974,0.5723534315087523,3,0,7,-4,0.3,0.0,0.7,-1.0,7,0,13,-6,0.35,0.0,0.65,-1.0,24,5,31,-7,0.4,0.08333333333333333,0.5166666666666667,-1.0,81.66666666666667,82.5,83.33333333333333,,,
2019-02-05,2019-02-04,2.4,2.4,0.0,1,False,False,False,0.0,38.0,0.5,-1.0,43.0,0.4418604651162791,-1.0,65.0,0.2923076923076923,16.0,318.0,0.16981132075471697,-1.6000000000000056,0.509090909090909,0.0421052631578944,0.5597388163378716,3,1,6,-3,0.3,0.1,0.6,-1.0,7,1,12,-5,0.35,0.05,0.6,-1.0,24,6,30,-6,0.4,0.1,0.5,-0.5,0.0,4.166666666666667,8.333333333333334,,,
2019-02-06,2019-02-05,2.38,2.4,-2.0,1,False,False,False,-1.0,39.0,0.48717948717948717,-2.0,44.0,0.4318181818181818,-4.0,66.0,0.2878787878787879,16.0,318.0,0.16981132075471697,-4.700000000000006,0.10909090909090759,-0.027067669172933056,0.5395665462628508,3,1,6,-3,0.3,0.1,0.6,-1.0,6,1,13,-7,0.3,0.05,0.65,-1.0,24,6,30,-6,0.4,0.1,0.5,-0.5,38.333333333333336,45.833333333333336,53.333333333333336,,,
2019-02-07,2019-02-06,2.38,2.38,0.0,1,False,False,False,-20.0,20.0,0.55,-3.0,43.0,0.4418604651162791,-7.0,63.0,0.30158730158730157,20.0,314.0,0.17197452229299362,-2.000000000000006,-0.20000000000000137,-0.04285714285714358,0.5117254792998055,2,2,6,-4,0.2,0.2,0.6,-1.0,5,2,13,-8,0.25,0.1,0.65,-1.0,24,7,29,-5,0.4,0.11666666666666667,0.48333333333333334,0.0,0.0,5.0,10.0,,,
2019-02-08,2019-02-07,2.37,2.38,-1.0,1,False,False,False,-10.0,10.0,0.7,-3.0,43.0,0.4418604651162791,-6.0,62.0,0.3064516129032258,16.0,312.0,0.17307692307692307,-0.7999999999999963,-0.5939393939393953,-0.09398496240601545,0.4862183939983328,2,2,6,-4,0.2,0.2,0.6,-1.0,5,2,13,-8,0.25,0.1,0.65,-1.0,23,7,30,-7,0.38333333333333336,0.11666666666666667,0.5,-0.5,11.666666666666666,25.833333333333332,40.0,,,
2019-02-11,2019-02-08,2.4,2.37,3.0,3,False,False,False,0.0,6.0,0.5,1.0,45.0,0.4222222222222222,-1.0,63.0,0.30158730158730157,20.0,314.0,0.17197452229299362,-0.09999999999999787,-0.8545454545454557,-0.12481203007518836,0.4630452903584328,3,2,5,-2,0.3,0.2,0.5,-0.5,6,2,12,-6,0.3,0.1,0.6,-1.0,24,7,29,-5,0.4,0.11666666666666667,0.48333333333333334,0.0,56.666666666666664,60.833333333333336,65.0,,,
2019-02-12,2019-02-11,2.39,2.4,-1.0,1,False,False,False,-1.0,7.0,0.42857142857142855,-1.0,45.0,0.4222222222222222,-1.0,63.0,0.30158730158730157,19.0,315.0,0.17142857142857143,0.4000000000000048,-1.1151515151515161,-0.18421052631578985,0.43712142261739373,2,2,6,-4,0.2,0.2,0.6,-1.0,6,2,12,-6,0.3,0.1,0.6,-1.0,24,6,30,-6,0.4,0.1,0.5,-0.5,11.666666666666666,25.833333333333332,40.0,,,
2019-02-13,2019-02-12,2.38,2.39,-1.0,1,False,False,False,0.0,6.0,0.5,-1.0,45.0,0.4222222222222222,-8.0,58.0,0.3275862068965517,18.0,316.0,0.17088607594936708,0.20000000000000018,-1.4848484848484858,-0.16165413533834652,0.4085023617671576,2,2,6,-4,0.2,0.2,0.6,-1.0,5,2,13,-8,0.25,0.1,0.65,-1.0,24,5,31,-7,0.4,0.08333333333333333,0.5166666666666667,-1.0,10.0,25.0,40.0,,,
2019-02-14,2019-02-13,2.39,2.38,1.0,1,False,False,False,1.0,7.0,0.42857142857142855,-19.0,27.0,0.4074074074074074,-4.0,56.0,0.3392857142857143,11.0,309.0,0.17475728155339806,0.20000000000000018,-0.5212121212121209,-0.16015037593984993,0.3940816893581551,2,2,6,-4,0.2,0.2,0.6,-1.0,6,2,12,-6,0.3,0.1,0.6,-1.0,24,5,31,-7,0.4,0.08333333333333333,0.5166666666666667,-1.0,8.333333333333334,24.166666666666668,40.0,,,
2019-02-15,2019-02-14,2.43,2.39,4.0,1,False,False,False,6.0,10.0,0.4,-4.0,20.0,0.35,2.0,58.0,0.3275862068965517,17.0,311.0,0.17363344051446947,0.600000000000005,0.15757575757576014,-0.12706766917293222,0.382217282578494,3,2,5,-2,0.3,0.2,0.5,-0.5,7,2,11,-4,0.35,0.1,0.55,-1.0,25,5,30,-5,0.4166666666666667,0.08333333333333333,0.5,-0.5,66.66666666666667,70.83333333333333,75.0,,,
2019-02-19,2019-02-15,2.4,2.43,-3.0,4,False,False,False,0.0,10.0,0.4,0.0,16.0,0.25,-2.0,60.0,0.31666666666666665,16.0,312.0,0.17307692307692307,0.6999999999999984,0.2545454545454561,-0.12406015037594004,0.3611003056404557,3,2,5,-2,0.3,0.2,0.5,-0.5,6,2,12,-6,0.3,0.1,0.6,-1.0,25,5,30,-5,0.4166666666666667,0.08333333333333333,0.5,-0.5,55.0,60.0,65.0,,,
2019-02-20,2019-02-19,2.39,2.4,-1.0,1,False,False,False,0.0,10.0,0.4,-1.0,17.0,0.23529411764705882,-2.0,60.0,0.31666666666666665,19.0,309.0,0.17475728155339806,0.3000000000000025,0.2969696969696987,-0.14812030075187954,0.33067518755209785,3,1,6,-3,0.3,0.1,0.6,-1.0,6,2,12,-6,0.3,0.1,0.6,-1.0,25,5,30,-5,0.4166666666666667,0.08333333333333333,0.5,-0.5,8.333333333333334,25.0,41.666666666666664,,,
2019-02-21,2019-02-20,2.39,2.39,0.0,1,False,False,False,1.0,9.0,0.4444444444444444,1.0,15.0,0.26666666666666666,-1.0,59.0,0.3220338983050847,21.0,307.0,0.1758957654723127,-0.40000000000000036,0.21818181818181973,-0.18496240601503747,0.2958043901083635,3,2,5,-2,0.3,0.2,0.5,-0.5,6,3,11,-5,0.3,0.15,0.55,-1.0,25,6,29,-4,0.4166666666666667,0.1,0.48333333333333334,0.0,0.0,4.166666666666667,8.333333333333334,,,
2019-02-22,2019-02-21,2.4,2.39,1.0,1,False,False,False,1.0,9.0,0.4444444444444444,2.0,16.0,0.25,-1.0,59.0,0.3220338983050847,17.0,303.0,0.1782178217821782,-0.7000000000000028,0.1818181818181817,-0.1902255639097743,0.2698805223673243,4,1,5,-1,0.4,0.1,0.5,-0.5,6,3,11,-5,0.3,0.15,0.55,-1.0,25,6,29,-4,0.4166666666666667,0.1,0.48333333333333334,0.0,10.0,27.5,45.0,,,
2019-02-25,2019-02-22,2.38,2.4,-2.0,3,False,False,False,-5.0,7.0,0.42857142857142855,1.0,17.0,0.23529411764705882,-2.0,60.0,0.31666666666666665,18.0,302.0,0.17880794701986755,-0.3000000000000025,-0.054545454545455,-0.23834586466165436,0.2346485134759656,4,1,5,-1,0.4,0.1,0.5,-0.5,6,3,11,-5,0.3,0.15,0.55,-1.0,25,6,29,-4,0.4166666666666667,0.1,0.48333333333333334,0.0,46.666666666666664,51.666666666666664,56.666666666666664,,,
2019-02-26,2019-02-25,2.38,2.38,0.0,1,False,False,False,-2.0,4.0,0.5,-2.0,14.0,0.2857142857142857,-1.0,59.0,0.3220338983050847,19.0,301.0,0.17940199335548174,-0.30000000000000693,-0.10303030303030489,-0.2992481203007521,0.19672131147540986,3,2,5,-2,0.3,0.2,0.5,-0.5,6,4,10,-4,0.3,0.2,0.5,-0.5,25,7,28,-3,0.4166666666666667,0.11666666666666667,0.4666666666666667,0.0,0.0,5.0,10.0,,,
2019-02-27,2019-02-26,2.37,2.38,-1.0,1,False,False,False,-2.0,4.0,0.5,-2.0,14.0,0.2857142857142857,-3.0,59.0,0.3220338983050847,18.0,302.0,0.17880794701986755,-0.6000000000000005,-0.24848484848484909,-0.3571428571428574,0.15609891636565718,3,2,5,-2,0.3,0.2,0.5,-0.5,5,4,11,-6,0.25,0.2,0.55,-1.0,25,6,29,-4,0.4166666666666667,0.1,0.48333333333333334,0.0,11.666666666666666,29.166666666666668,46.666666666666664,,,
2019-02-28,2019-02-27,2.58,2.37,21.0,1,True,False,False,19.0,25.0,0.84,20.0,34.0,0.6176470588235294,19.0,79.0,0.26582278481012656,34.0,318.0,0.16981132075471697,3.5000000000000058,0.709090909090908,-0.12631578947368416,0.15737704918032794,4,2,4,0,0.4,0.2,0.4,0.0,6,4,10,-4,0.3,0.2,0.5,-0.5,25,6,29,-4,0.4166666666666667,0.1,0.48333333333333334,0.0,95.0,95.0,95.0,,,
2019-03-01,2019-02-28,2.38,2.58,-20.0,1,False,False,False,-2.0,44.0,0.4772727272727273,-1.0,53.0,0.39622641509433965,-20.0,80.0,0.2625,10.0,334.0,0.16167664670658682,2.0000000000000018,0.3999999999999987,0.09022556390977442,0.13075854404001114,3,2,5,-2,0.3,0.2,0.5,-0.5,5,4,11,-6,0.25,0.2,0.55,-1.0,24,6,30,-6,0.4,0.1,0.5,-0.5,93.33333333333333,93.33333333333333,93.33333333333333,,,
2019-03-04,2019-03-01,2.38,2.38,0.0,3,False,False,False,0.0,42.0,0.5,-5.0,49.0,0.42857142857142855,-9.0,69.0,0.30434782608695654,15.0,329.0,0.1641337386018237,0.09999999999999787,0.36969696969696886,0.16315789473684222,0.09510975270908587,2,3,5,-3,0.2,0.3,0.5,-0.5,5,5,10,-5,0.25,0.25,0.5,-0.5,24,7,29,-5,0.4,0.11666666666666667,0.48333333333333334,0.0,0.0,5.0,10.0,,,
2019-03-05,2019-03-04,2.38,2.38,0.0,1,False,False,False,0.0,42.0,0.5,-2.0,46.0,0.45652173913043476,-2.0,62.0,0.3387096774193548,11.0,325.0,0.16615384615384615,-1.800000000000006,0.19999999999999815,0.13909774436090214,0.06540705751597664,2,4,4,-2,0.2,0.4,0.4,0.0,5,6,9,-4,0.25,0.3,0.45,0.0,23,8,29,-6,0.38333333333333336,0.13333333333333333,0.48333333333333334,0.0,0.0,5.833333333333333,11.666666666666666,,,
2019-03-06,2019-03-05,2.38,2.38,0.0,1,False,False,False,1.0,41.0,0.5121951219512195,-1.0,45.0,0.4666666666666667,-2.0,62.0,0.3387096774193548,4.0,318.0,0.16981132075471697,-4.0000000000000036,-0.012121212121213478,0.11804511278195451,0.04695748819116415,2,5,3,-1,0.2,0.5,0.3,0.0,5,6,9,-4,0.25,0.3,0.45,0.0,22,9,29,-7,0.36666666666666664,0.15,0.48333333333333334,0.0,0.0,6.666666666666667,13.333333333333334,,,
2019-03-07,2019-03-06,2.38,2.38,0.0,1,False,False,False,-20.0,20.0,1.0,-1.0,45.0,0.4666666666666667,0.0,60.0,0.35,8.0,314.0,0.17197452229299362,0.0,-0.21212121212121274,0.06842105263157829,0.02150597388163367,2,5,3,-1,0.2,0.5,0.3,0.0,5,7,8,-3,0.25,0.35,0.4,0.0,22,10,28,-6,0.36666666666666664,0.16666666666666666,0.4666666666666667,0.0,0.0,7.5,15.0,,,
2019-03-08,2019-03-07,2.39,2.38,1.0,1,False,False,False,1.0,1.0,1.0,-1.0,45.0,0.4666666666666667,1.0,61.0,0.3442622950819672,17.0,307.0,0.1758957654723127,0.20000000000000462,-0.2787878787878785,0.033082706766916686,-0.016310086135037587,2,5,3,-1,0.2,0.5,0.3,0.0,6,6,8,-2,0.3,0.3,0.4,0.0,23,10,27,-4,0.38333333333333336,0.16666666666666666,0.45,0.0,16.666666666666668,35.0,53.333333333333336,,,
2019-03-11,2019-03-08,2.38,2.39,-1.0,3,False,False,False,0.0,2.0,0.5,0.0,44.0,0.4772727272727273,1.0,61.0,0.3442622950819672,19.0,305.0,0.17704918032786884,0.10000000000000231,-0.5212121212121217,-0.033834586466165995,-0.06179494303973336,2,5,3,-1,0.2,0.5,0.3,0.0,6,6,8,-2,0.3,0.3,0.4,0.0,23,10,27,-4,0.38333333333333336,0.16666666666666666,0.45,0.0,16.666666666666668,35.833333333333336,55.0,,,
2019-03-12,2019-03-11,2.39,2.38,1.0,1,False,False,False,1.0,3.0,0.3333333333333333,1.0,45.0,0.4666666666666667,-1.0,59.0,0.3559322033898305,19.0,305.0,0.17704918032786884,0.20000000000000462,-0.7090909090909091,-0.040601503759399,-0.1050013892747986,3,4,3,0,0.3,0.4,0.3,0.0,6,6,8,-2,0.3,0.3,0.4,0.0,23,10,27,-4,0.38333333333333336,0.16666666666666666,0.45,0.0,16.666666666666668,36.666666666666664,56.666666666666664,,,
2019-03-13,2019-03-12,2.4,2.39,1.0,1,False,False,False,2.0,4.0,0.25,3.0,45.0,0.4666666666666667,1.0,59.0,0.3559322033898305,19.0,305.0,0.17704918032786884,0.40000000000000036,-0.9212121212121207,-0.047368421052632004,-0.14592942484023347,4,4,2,2,0.4,0.4,0.2,0.0,7,6,7,0,0.35,0.3,0.35,0.0,23,10,27,-4,0.38333333333333336,0.16666666666666666,0.45,0.0,16.666666666666668,36.666666666666664,56.666666666666664,,,
2019-03-14,2019-03-13,2.42,2.4,2.0,1,False,False,False,4.0,6.0,0.3333333333333333,-16.0,26.0,0.7692307692307693,4.0,60.0,0.35,21.0,307.0,0.1758957654723127,0.7999999999999963,0.3393939393939405,-0.04285714285714352,-0.18463462072798006,4,4,2,2,0.4,0.4,0.2,0.0,8,6,6,2,0.4,0.3,0.3,0.0,24,9,27,-3,0.4,0.15,0.45,0.0,56.666666666666664,62.5,68.33333333333333,,,
2019-03-15,2019-03-14,2.46,2.42,4.0,1,False,False,False,7.0,9.0,0.4444444444444444,8.0,10.0,0.4,7.0,63.0,0.3333333333333333,15.0,301.0,0.17940199335548174,1.8999999999999992,0.6787878787878796,0.028571428571428095,-0.2010002778549598,5,4,1,4,0.5,0.4,0.1,0.5,8,6,6,2,0.4,0.3,0.3,0.0,24,9,27,-3,0.4,0.15,0.45,0.0,76.66666666666667,78.33333333333333,80.0,,,
2019-03-18,2019-03-15,2.41,2.46,-5.0,3,False,False,False,3.0,13.0,0.38461538461538464,3.0,15.0,0.3333333333333333,-2.0,64.0,0.328125,9.0,305.0,0.17704918032786884,1.0000000000000009,0.64848484848485,0.08120300751879704,-0.22470130591831075,5,3,2,3,0.5,0.3,0.2,0.5,7,6,7,0,0.35,0.3,0.35,0.0,23,9,28,-5,0.38333333333333336,0.15,0.4666666666666667,0.0,81.66666666666667,81.66666666666667,81.66666666666667,,,
2019-03-19,2019-03-18,2.42,2.41,1.0,1,False,False,False,3.0,13.0,0.38461538461538464,4.0,16.0,0.3125,2.0,62.0,0.3387096774193548,12.0,304.0,0.17763157894736842,0.3000000000000025,0.636363636363637,0.10375939849624045,-0.2506529591553211,6,2,2,4,0.6,0.2,0.2,1.0,8,6,6,2,0.4,0.3,0.3,0.0,24,9,27,-3,0.4,0.15,0.45,0.0,15.0,34.166666666666664,53.333333333333336,,,
2019-03-20,2019-03-19,2.47,2.42,5.0,1,False,False,False,7.0,17.0,0.29411764705882354,9.0,21.0,0.23809523809523808,8.0,66.0,0.3181818181818182,6.0,298.0,0.18120805369127516,0.600000000000005,0.8484848484848498,0.17894736842105302,-0.2504306751875522,7,1,2,5,0.7,0.1,0.2,1.0,9,6,5,4,0.45,0.3,0.25,0.0,24,9,27,-3,0.4,0.15,0.45,0.0,80.0,80.83333333333333,81.66666666666667,,,
2019-03-21,2019-03-20,2.44,2.47,-3.0,1,False,False,False,2.0,18.0,0.2777777777777778,6.0,24.0,0.20833333333333334,5.0,69.0,0.30434782608695654,4.0,300.0,0.18,0.20000000000000018,0.7878787878787881,0.19924812030075242,-0.2571547652125592,7,0,3,4,0.7,0.0,0.3,1.0,9,5,6,3,0.45,0.25,0.3,0.0,24,9,27,-3,0.4,0.15,0.45,0.0,66.66666666666667,70.83333333333333,75.0,,,
2019-03-22,2019-03-21,2.4,2.44,-4.0,1,False,False,False,-6.0,18.0,0.2777777777777778,1.0,27.0,0.18518518518518517,0.0,72.0,0.2916666666666667,-1.0,303.0,0.1782178217821782,-4.440892098500626e-15,0.5030303030303034,0.17067669172932368,-0.26896360100027794,6,0,4,2,0.6,0.0,0.4,1.0,8,5,7,1,0.4,0.25,0.35,0.0,23,9,28,-5,0.38333333333333336,0.15,0.4666666666666667,0.0,75.0,77.5,80.0,,,
2019-03-25,2019-03-22,2.4,2.4,0.0,3,False,False,False,-1.0,13.0,0.38461538461538464,2.0,26.0,0.19230769230769232,2.0,70.0,0.3,-4.0,300.0,0.18,-1.1000000000000032,0.13939393939393857,0.11052631578947383,-0.27563212003334275,6,1,3,3,0.6,0.1,0.3,1.0,8,6,6,2,0.4,0.3,0.3,0.0,22,10,28,-6,0.36666666666666664,0.16666666666666666,0.4666666666666667,0.0,0.0,7.5,15.0,,,
2019-03-26,2019-03-25,2.4,2.4,0.0,1,False,False,False,-2.0,12.0,0.4166666666666667,1.0,25.0,0.2,2.0,70.0,0.3,-4.0,300.0,0.18,-1.800000000000006,-0.18181818181818224,0.047368421052631504,-0.2820783550986387,5,2,3,2,0.5,0.2,0.3,0.5,8,6,6,2,0.4,0.3,0.3,0.0,22,10,28,-6,0.36666666666666664,0.16666666666666666,0.4666666666666667,0.0,0.0,8.333333333333334,16.666666666666668,,,
2019-03-27,2019-03-26,2.4,2.4,0.0,1,False,False,False,-7.0,7.0,0.5714285714285714,0.0,24.0,0.20833333333333334,3.0,69.0,0.30434782608695654,-6.0,298.0,0.18120805369127516,-0.8000000000000007,-0.4484848484848497,-0.0345864661654135,-0.28491247568769124,4,3,3,1,0.4,0.3,0.3,0.0,8,7,5,3,0.4,0.35,0.25,0.0,21,11,28,-7,0.35,0.18333333333333332,0.4666666666666667,0.0,0.0,8.333333333333334,16.666666666666668,,,
2019-03-28,2019-03-27,2.43,2.4,3.0,1,False,False,False,-1.0,7.0,0.5714285714285714,1.0,25.0,0.2,-15.0,51.0,0.39215686274509803,-57.0,247.0,0.18218623481781376,0.600000000000005,-0.4181818181818187,0.253383458646617,-0.19096971380939168,4,3,3,1,0.4,0.3,0.3,0.0,8,7,5,3,0.4,0.35,0.25,0.0,21,11,28,-7,0.35,0.18333333333333332,0.4666666666666667,0.0,65.0,69.16666666666667,73.33333333333333,,,
2019-03-29,2019-03-28,2.65,2.43,22.0,1,True,True,False,25.0,25.0,0.88,19.0,43.0,0.5116279069767442,27.0,53.0,0.41509433962264153,-50.0,254.0,0.17716535433070865,5.3000000000000025,1.0666666666666655,0.5624060150375944,-0.03237010280633532,4,3,3,1,0.4,0.3,0.3,0.0,9,7,4,5,0.45,0.35,0.2,0.0,21,11,28,-7,0.35,0.18333333333333332,0.4666666666666667,0.0,96.66666666666667,96.66666666666667,96.66666666666667,,,
2019-04-01,2019-03-29,2.46,2.65,-19.0,3,False,False,False,6.0,44.0,0.5,5.0,57.0,0.38596491228070173,8.0,72.0,0.3055555555555556,-24.0,228.0,0.10964912280701754,3.7000000000000015,0.9515151515151512,0.5593984962406016,0.021589330369546893,4,3,3,1,0.4,0.3,0.3,0.0,9,6,5,4,0.45,0.3,0.25,0.0,21,11,28,-7,0.35,0.18333333333333332,0.4666666666666667,0.0,90.0,90.83333333333333,91.66666666666667,,,
2019-04-02,2019-04-01,2.46,2.46,0.0,1,False,False,False,6.0,44.0,0.5,4.0,56.0,0.39285714285714285,8.0,72.0,0.3055555555555556,1.0,203.0,0.10837438423645321,1.4999999999999991,0.8424242424242417,0.544360902255639,0.03450958599610985,3,4,3,0,0.3,0.4,0.3,0.0,9,6,5,4,0.45,0.3,0.25,0.0,21,12,27,-6,0.35,0.2,0.45,0.0,0.0,9.166666666666666,18.333333333333332,,,
2019-04-03,2019-04-02,2.47,2.46,1.0,1,False,False,False,7.0,45.0,0.4888888888888889,0.0,52.0,0.4230769230769231,9.0,73.0,0.3013698630136986,6.0,200.0,0.11,-1.0999999999999988,1.0727272727272745,0.5315789473684213,0.042233953876076556,3,4,3,0,0.3,0.4,0.3,0.0,10,5,5,5,0.5,0.25,0.25,0.5,22,12,26,-4,0.36666666666666664,0.2,0.43333333333333335,0.0,20.0,38.333333333333336,56.666666666666664,,,
2019-04-04,2019-04-03,2.46,2.47,-1.0,1,False,False,False,3.0,43.0,0.5116279069767442,2.0,50.0,0.44,8.0,74.0,0.2972972972972973,4.0,200.0,0.11,-3.6999999999999966,1.0484848484848501,0.49097744360902246,0.04968046679633216,3,4,3,0,0.3,0.4,0.3,0.0,10,4,6,4,0.5,0.2,0.3,0.5,21,12,27,-6,0.35,0.2,0.45,0.0,20.0,39.166666666666664,58.333333333333336,,,
2019-04-05,2019-04-04,2.46,2.46,0.0,1,False,False,False,-19.0,21.0,0.9047619047619048,6.0,46.0,0.4782608695652174,7.0,73.0,0.3013698630136986,1.0,197.0,0.1116751269035533,0.0,0.7333333333333344,0.4541353383458647,0.06198944151153085,3,5,2,1,0.3,0.5,0.2,0.0,9,5,6,3,0.45,0.25,0.3,0.0,20,13,27,-7,0.3333333333333333,0.21666666666666667,0.45,0.0,0.0,10.0,20.0,,,
2019-04-08,2019-04-05,2.46,2.46,0.0,3,False,False,False,0.0,2.0,0.5,6.0,46.0,0.4782608695652174,8.0,72.0,0.3055555555555556,3.0,195.0,0.11282051282051282,-0.10000000000000231,0.3454545454545459,0.3909774436090225,0.07085301472631275,3,5,2,1,0.3,0.5,0.2,0.0,9,6,5,4,0.45,0.3,0.25,0.0,20,14,26,-6,0.3333333333333333,0.23333333333333334,0.43333333333333335,0.0,0.0,10.833333333333334,21.666666666666668,0.0,11.30952380952381,22.61904761904762
2019-04-09,2019-04-08,2.45,2.46,-1.0,1,False,False,False,-1.0,3.0,0.3333333333333333,5.0,47.0,0.46808510638297873,6.0,72.0,0.3055555555555556,4.0,194.0,0.1134020618556701,-0.40000000000000036,-0.16969696969696876,0.3172932330827071,0.07452070019449841,3,4,3,0,0.3,0.4,0.3,0.0,8,6,6,2,0.4,0.3,0.3,0.0,20,14,26,-6,0.3333333333333333,0.23333333333333334,0.43333333333333335,0.0,23.333333333333332,42.5,61.666666666666664,23.015873015873016,37.8968253968254,52.77777777777778
2019-04-10,2019-04-09,2.45,2.45,0.0,1,False,False,False,-2.0,2.0,0.5,5.0,47.0,0.46808510638297873,5.0,71.0,0.30985915492957744,5.0,193.0,0.11398963730569948,-0.2999999999999936,-0.7454545454545444,0.2503759398496246,0.07627118644067793,3,4,3,0,0.3,0.4,0.3,0.0,7,7,6,1,0.35,0.35,0.3,0.0,20,15,25,-5,0.3333333333333333,0.25,0.4166666666666667,0.0,0.0,11.666666666666666,23.333333333333332,0.0,11.507936507936508,23.015873015873016
2019-04-11,2019-04-10,2.44,2.45,-1.0,1,False,False,False,-2.0,2.0,0.5,1.0,45.0,0.4888888888888889,2.0,70.0,0.3142857142857143,-2.0,188.0,0.11702127659574468,-0.4999999999999982,-1.236363636363635,0.19323308270676723,0.08627396499027501,2,4,4,-2,0.2,0.4,0.4,0.0,6,7,7,-1,0.3,0.35,0.35,0.0,19,15,26,-7,0.31666666666666665,0.25,0.43333333333333335,0.0,25.0,44.166666666666664,63.333333333333336,23.015873015873016,37.8968253968254,52.77777777777778
2019-04-12,2019-04-11,2.44,2.44,0.0,1,False,False,False,-2.0,2.0,0.5,-21.0,23.0,0.8260869565217391,-2.0,66.0,0.3333333333333333,1.0,185.0,0.11891891891891893,-0.5000000000000027,-0.27272727272727254,0.19624060150375952,0.09130313976104469,1,5,4,-3,0.1,0.5,0.4,0.0,5,8,7,-2,0.25,0.4,0.35,0.0,19,16,25,-6,0.31666666666666665,0.26666666666666666,0.4166666666666667,0.0,0.0,12.5,25.0,0.0,11.30952380952381,22.61904761904762
2019-04-15,2019-04-12,2.47,2.44,3.0,3,False,False,False,1.0,5.0,0.6,1.0,7.0,0.42857142857142855,6.0,64.0,0.34375,6.0,186.0,0.11827956989247312,0.29999999999999805,-0.1575757575757569,0.16616541353383518,0.09780494581828286,2,5,3,-1,0.2,0.5,0.3,0.0,6,8,6,0,0.3,0.4,0.3,0.0,20,16,24,-4,0.3333333333333333,0.26666666666666666,0.4,0.0,73.33333333333333,76.66666666666667,80.0,66.26984126984127,71.03174603174604,75.7936507936508
2019-04-16,2019-04-15,2.47,2.47,0.0,1,False,False,False,2.0,4.0,0.75,1.0,7.0,0.42857142857142855,5.0,63.0,0.3492063492063492,5.0,185.0,0.11891891891891893,0.7000000000000028,-0.054545454545453655,0.14285714285714357,0.10566824117810505,2,5,3,-1,0.2,0.5,0.3,0.0,5,9,6,-1,0.25,0.45,0.3,0.0,19,17,24,-5,0.31666666666666665,0.2833333333333333,0.4,0.0,0.0,13.333333333333334,26.666666666666668,0.0,11.30952380952381,22.61904761904762
2019-04-17,2019-04-16,2.5,2.47,3.0,1,False,False,False,5.0,7.0,0.42857142857142855,3.0,9.0,0.3333333333333333,3.0,61.0,0.36065573770491804,9.0,187.0,0.11764705882352941,1.5000000000000036,0.26666666666666794,0.23383458646616637,0.11647679911086418,2,5,3,-1,0.2,0.5,0.3,0.0,5,9,6,-1,0.25,0.45,0.3,0.0,20,17,23,-3,0.3333333333333333,0.2833333333333333,0.38333333333333336,0.0,71.66666666666667,75.83333333333333,80.0,66.26984126984127,71.03174603174604,75.7936507936508
2019-04-18,2019-04-17,2.5,2.5,0.0,1,False,False,False,6.0,6.0,0.5,4.0,8.0,0.375,6.0,58.0,0.3793103448275862,10.0,186.0,0.11827956989247312,1.4999999999999991,0.4848484848484853,0.27293233082706847,0.12509030286190612,2,6,2,0,0.2,0.6,0.2,0.0,5,10,5,0,0.25,0.5,0.25,0.0,20,18,22,-2,0.3333333333333333,0.3,0.36666666666666664,0.0,0.0,14.166666666666666,28.333333333333332,0.0,11.507936507936508,23.015873015873016
2019-04-22,2019-04-18,2.46,2.5,-4.0,4,False,False,False,2.0,10.0,0.4,0.0,12.0,0.3333333333333333,6.0,58.0,0.3793103448275862,5.0,189.0,0.1164021164021164,0.09999999999999343,0.4363636363636357,0.18270676691729382,0.128285634898583,2,5,3,-1,0.2,0.5,0.3,0.0,5,10,5,0,0.25,0.5,0.25,0.0,19,18,23,-4,0.31666666666666665,0.3,0.38333333333333336,0.0,80.0,82.5,85.0,76.19047619047619,80.15873015873017,84.12698412698413
2019-04-23,2019-04-22,2.46,2.46,0.0,1,False,False,False,-1.0,7.0,0.5714285714285714,0.0,12.0,0.3333333333333333,6.0,58.0,0.3793103448275862,6.0,188.0,0.11702127659574468,-0.600000000000005,0.38787878787878605,0.08345864661654168,0.1295081967213115,2,5,3,-1,0.2,0.5,0.3,0.0,5,10,5,0,0.25,0.5,0.25,0.0,19,19,22,-3,0.31666666666666665,0.31666666666666665,0.36666666666666664,0.0,0.0,15.0,30.0,0.0,11.706349206349206,23.41269841269841
2019-04-24,2019-04-23,2.44,2.46,-2.0,1,False,False,False,-3.0,9.0,0.4444444444444444,-1.0,13.0,0.3076923076923077,4.0,60.0,0.36666666666666664,5.0,189.0,0.1164021164021164,-1.6000000000000014,0.16363636363636205,-0.05338345864661651,0.12542372881355937,2,5,3,-1,0.2,0.5,0.3,0.0,5,9,6,-1,0.25,0.45,0.3,0.0,19,19,22,-3,0.31666666666666665,0.31666666666666665,0.36666666666666664,0.0,63.333333333333336,65.83333333333333,68.33333333333333,52.38095238095238,59.12698412698413,65.87301587301587
2019-04-25,2019-04-24,2.45,2.44,1.0,1,False,False,False,-5.0,7.0,0.5714285714285714,0.0,14.0,0.2857142857142857,5.0,61.0,0.36065573770491804,5.0,189.0,0.1164021164021164,-1.1999999999999966,0.0060606060606062,-0.18195488721804504,0.12439566546262856,3,4,3,0,0.3,0.4,0.3,0.0,6,8,6,0,0.3,0.4,0.3,0.0,19,19,22,-3,0.31666666666666665,0.31666666666666665,0.36666666666666664,0.0,31.666666666666668,46.666666666666664,61.666666666666664,23.80952380952381,38.095238095238095,52.38095238095238
2019-04-26,2019-04-25,2.46,2.45,1.0,1,False,False,False,-4.0,8.0,0.5,2.0,14.0,0.2857142857142857,3.0,59.0,0.3728813559322034,7.0,189.0,0.1164021164021164,-0.09999999999999787,-0.16363636363636447,-0.25639097744360884,0.1230341761600445,4,4,2,2,0.4,0.4,0.2,0.0,6,8,6,0,0.3,0.4,0.3,0.0,20,19,21,-1,0.3333333333333333,0.31666666666666665,0.35,0.0,31.666666666666668,46.666666666666664,61.666666666666664,23.80952380952381,38.095238095238095,52.38095238095238
2019-04-29,2019-04-26,2.48,2.46,2.0,3,False,False,False,2.0,6.0,0.3333333333333333,4.0,16.0,0.25,-17.0,39.0,0.48717948717948717,-10.0,172.0,0.12790697674418605,0.6000000000000005,-0.2484848484848502,0.0406015037593984,0.15676576826896368,5,3,2,3,0.5,0.3,0.2,0.5,6,8,6,0,0.3,0.4,0.3,0.0,20,19,21,-1,0.3333333333333333,0.31666666666666665,0.35,0.0,61.666666666666664,65.0,68.33333333333333,52.77777777777778,59.32539682539682,65.87301587301587
2019-04-30,2019-04-29,2.76,2.48,28.0,1,True,False,False,30.0,34.0,0.8235294117647058,29.0,41.0,0.6829268292682927,30.0,48.0,0.5833333333333334,29.0,189.0,0.14814814814814814,6.699999999999994,1.3454545454545435,0.4631578947368416,0.218310641844957,5,3,2,3,0.5,0.3,0.2,0.5,7,8,5,2,0.35,0.4,0.25,0.0,21,19,20,1,0.35,0.31666666666666665,0.3333333333333333,0.0,100.0,100.0,100.0,99.2063492063492,99.2063492063492,99.2063492063492
2019-05-01,2019-04-30,2.54,2.76,-22.0,1,False,False,False,10.0,54.0,0.5185185185185185,7.0,63.0,0.4444444444444444,8.0,70.0,0.4,14.0,204.0,0.13725490196078433,4.799999999999995,1.3878787878787873,0.5263157894736835,0.23031397610447357,5,2,3,2,0.5,0.2,0.3,0.5,7,7,6,1,0.35,0.35,0.3,0.0,21,19,20,1,0.35,0.31666666666666665,0.3333333333333333,0.0,96.66666666666667,97.5,98.33333333333333,97.61904761904762,97.81746031746032,98.01587301587301
2019-05-02,2019-05-01,2.5,2.54,-4.0,1,False,False,False,5.0,57.0,0.49122807017543857,0.0,64.0,0.4375,3.0,73.0,0.3835616438356164,10.0,208.0,0.1346153846153846,1.4000000000000012,1.327272727272727,0.5360902255639094,0.23498193942761883,4,2,4,0,0.4,0.2,0.4,0.0,6,7,7,-1,0.3,0.35,0.35,0.0,21,18,21,0,0.35,0.3,0.35,0.0,80.0,83.33333333333333,86.66666666666667,75.0,79.16666666666667,83.33333333333333
2019-05-03,2019-05-02,2.43,2.5,-7.0,1,False,False,False,-3.0,63.0,0.4444444444444444,-7.0,71.0,0.39436619718309857,-3.0,79.0,0.35443037974683544,5.0,213.0,0.13145539906103287,-3.5999999999999943,0.8848484848484857,0.4255639097744358,0.22422895248680194,4,1,5,-1,0.4,0.1,0.5,-1.0,6,7,7,-1,0.3,0.35,0.35,0.0,21,18,21,0,0.35,0.3,0.35,0.0,90.0,90.0,90.0,89.68253968253968,90.27777777777777,90.87301587301587
2019-05-06,2019-05-03,2.42,2.43,-1.0,3,False,False,False,-6.0,62.0,0.45161290322580644,-4.0,68.0,0.4117647058823529,-4.0,80.0,0.35,4.0,214.0,0.1308411214953271,-7.899999999999996,0.20606060606060622,0.30526315789473635,0.21155876632397894,4,1,5,-1,0.4,0.1,0.5,-0.5,6,6,8,-2,0.3,0.3,0.4,0.0,21,17,22,-1,0.35,0.2833333333333333,0.36666666666666664,0.0,30.0,45.0,60.0,23.015873015873016,37.1031746031746,51.19047619047619
2019-05-07,2019-05-06,2.44,2.42,2.0,1,False,False,False,-32.0,36.0,0.6111111111111112,-2.0,70.0,0.4,-2.0,82.0,0.34146341463414637,7.0,215.0,0.13023255813953488,-2.8000000000000025,-0.3151515151515154,0.2195488721804504,0.20025006946373997,5,0,5,0,0.5,0.0,0.5,0.0,7,5,8,-1,0.35,0.25,0.4,0.0,22,17,21,1,0.36666666666666664,0.2833333333333333,0.35,0.0,60.0,63.333333333333336,66.66666666666667,51.19047619047619,57.93650793650794,64.68253968253968
2019-05-08,2019-05-07,2.43,2.44,-1.0,1,False,False,False,-11.0,15.0,0.4666666666666667,-1.0,69.0,0.4057971014492754,-2.0,82.0,0.34146341463414637,3.0,213.0,0.13145539906103287,-1.299999999999999,-0.9999999999999997,0.10676691729323279,0.19199777716032235,5,0,5,0,0.5,0.0,0.5,0.0,7,5,8,-1,0.35,0.25,0.4,0.0,21,17,22,-1,0.35,0.2833333333333333,0.36666666666666664,0.0,28.333333333333332,43.333333333333336,58.333333333333336,23.015873015873016,36.904761904761905,50.79365079365079
2019-05-09,2019-05-08,2.41,2.43,-2.0,1,False,False,False,-9.0,13.0,0.5384615384615384,-4.0,70.0,0.4,-4.0,84.0,0.3333333333333333,2.0,214.0,0.1308411214953271,-0.29999999999999805,-1.715151515151513,-0.03157894736842094,0.1786051681022507,4,0,6,-2,0.4,0.0,0.6,-1.0,7,4,9,-2,0.35,0.2,0.45,0.0,21,17,22,-1,0.35,0.2833333333333333,0.36666666666666664,0.0,60.0,64.16666666666667,68.33333333333333,50.79365079365079,57.73809523809524,64.68253968253968
2019-05-10,2019-05-09,2.4,2.41,-1.0,1,False,False,False,-3.0,7.0,0.2857142857142857,-6.0,70.0,0.4,-4.0,84.0,0.3333333333333333,2.0,214.0,0.1308411214953271,-0.6999999999999984,-2.3696969696969683,-0.1939849624060152,0.1617671575437622,3,0,7,-4,0.3,0.0,0.7,-1.0,7,4,9,-2,0.35,0.2,0.45,0.0,21,17,22,-1,0.35,0.2833333333333333,0.36666666666666664,0.0,28.333333333333332,43.333333333333336,58.333333333333336,23.015873015873016,36.904761904761905,50.79365079365079
2019-05-13,2019-05-10,2.38,2.4,-2.0,3,False,False,False,-4.0,8.0,0.25,-10.0,70.0,0.4,-6.0,86.0,0.32558139534883723,-1.0,215.0,0.13023255813953488,-1.5000000000000036,-2.927272727272727,-0.3789473684210531,0.14323423173103644,2,0,8,-6,0.2,0.0,0.8,-1.5,7,3,10,-3,0.35,0.15,0.5,-0.5,20,17,23,-3,0.3333333333333333,0.2833333333333333,0.38333333333333336,0.0,58.333333333333336,63.333333333333336,68.33333333333333,50.79365079365079,57.73809523809524,64.68253968253968
2019-05-14,2019-05-13,2.39,2.38,1.0,1,False,False,False,-5.0,7.0,0.2857142857142857,-37.0,43.0,0.5116279069767442,-8.0,84.0,0.3333333333333333,-4.0,212.0,0.1320754716981132,-1.1000000000000032,-1.4424242424242426,-0.4932330827067669,0.1331758821894972,2,0,8,-6,0.2,0.0,0.8,-1.5,7,3,10,-3,0.35,0.15,0.5,-0.5,20,17,23,-3,0.3333333333333333,0.2833333333333333,0.38333333333333336,0.0,28.333333333333332,42.5,56.666666666666664,23.015873015873016,36.70634920634921,50.3968253968254
2019-05-15,2019-05-14,2.48,2.39,9.0,1,False,False,False,5.0,15.0,0.6,-6.0,30.0,0.3,1.0,93.0,0.3010752688172043,8.0,218.0,0.12844036697247707,1.299999999999999,-0.4848484848484853,-0.4669172932330825,0.13300916921367056,3,0,7,-4,0.3,0.0,0.7,-1.0,8,2,10,-2,0.4,0.1,0.5,-0.5,21,17,22,-1,0.35,0.2833333333333333,0.36666666666666664,0.0,90.0,90.0,90.0,92.06349206349206,92.65873015873017,93.25396825396825
2019-05-16,2019-05-15,2.43,2.48,-5.0,1,False,False,False,2.0,18.0,0.5,-7.0,31.0,0.2903225806451613,-7.0,95.0,0.29473684210526313,4.0,222.0,0.12612612612612611,1.6000000000000056,0.0060606060606062,-0.46616541353383417,0.12250625173659363,3,0,7,-4,0.3,0.0,0.7,-1.0,7,2,11,-4,0.35,0.1,0.55,-1.0,21,17,22,-1,0.35,0.2833333333333333,0.36666666666666664,0.0,83.33333333333333,85.0,86.66666666666667,82.93650793650794,85.51587301587301,88.0952380952381
2019-05-17,2019-05-16,2.42,2.43,-1.0,1,False,False,False,2.0,18.0,0.5,-1.0,25.0,0.36,-8.0,96.0,0.2916666666666667,3.0,223.0,0.12556053811659193,1.200000000000001,0.06060606060606093,-0.4691729323308268,0.11014170602945277,3,0,7,-4,0.3,0.0,0.7,-1.0,7,1,12,-5,0.35,0.05,0.6,-1.0,21,16,23,-2,0.35,0.26666666666666666,0.38333333333333336,0.0,28.333333333333332,42.5,56.666666666666664,22.22222222222222,35.91269841269841,49.6031746031746
2019-05-20,2019-05-17,2.39,2.42,-3.0,3,False,False,False,1.0,19.0,0.47368421052631576,-3.0,27.0,0.3333333333333333,-7.0,95.0,0.29473684210526313,-1.0,225.0,0.12444444444444444,-0.6000000000000005,-0.10303030303030272,-0.5661654135338342,0.09438732981383732,3,0,7,-4,0.3,0.0,0.7,-1.0,7,1,12,-5,0.35,0.05,0.6,-1.0,20,16,24,-4,0.3333333333333333,0.26666666666666666,0.4,0.0,68.33333333333333,71.66666666666667,75.0,63.888888888888886,68.84920634920636,73.80952380952381
2019-05-21,2019-05-20,2.38,2.39,-1.0,1,False,False,False,-1.0,19.0,0.47368421052631576,-6.0,26.0,0.34615384615384615,-8.0,96.0,0.2916666666666667,0.0,224.0,0.125,-2.400000000000002,-0.1515151515151526,-0.6669172932330826,0.07365934981939437,2,0,8,-6,0.2,0.0,0.8,-1.0,7,0,13,-6,0.35,0.0,0.65,-1.0,20,16,24,-4,0.3333333333333333,0.26666666666666666,0.4,0.0,26.666666666666668,40.833333333333336,55.0,22.22222222222222,36.111111111111114,50.0
2019-05-22,2019-05-21,2.37,2.38,-1.0,1,False,False,False,-11.0,11.0,0.45454545454545453,-6.0,26.0,0.34615384615384615,-7.0,95.0,0.29473684210526313,-1.0,225.0,0.12444444444444444,-1.6000000000000014,-0.2484848484848483,-0.8015037593984959,0.05129202556265639,2,0,8,-6,0.2,0.0,0.8,-1.0,7,0,13,-6,0.35,0.0,0.65,-1.0,20,15,25,-5,0.3333333333333333,0.25,0.4166666666666667,0.0,26.666666666666668,41.666666666666664,56.666666666666664,22.22222222222222,36.30952380952381,50.3968253968254
2019-05-23,2019-05-22,2.37,2.37,0.0,1,False,False,False,-6.0,6.0,0.5,-4.0,24.0,0.375,-8.0,94.0,0.2978723404255319,0.0,224.0,0.125,-1.1999999999999966,-0.4060606060606047,-0.909774436090225,0.02728535704362336,2,1,7,-5,0.2,0.1,0.7,-1.0,6,1,13,-7,0.3,0.05,0.65,-1.0,20,16,24,-4,0.3333333333333333,0.26666666666666666,0.4,0.0,0.0,12.5,25.0,0.0,11.11111111111111,22.22222222222222
2019-05-24,2019-05-23,2.37,2.37,0.0,1,False,False,False,-5.0,5.0,0.6,-3.0,23.0,0.391304347826087,-9.0,93.0,0.3010752688172043,-21.0,203.0,0.13793103448275862,-0.4999999999999982,-0.5818181818181807,-0.9902255639097738,0.038871908863573376,2,2,6,-4,0.2,0.2,0.6,-1.0,5,2,13,-8,0.25,0.1,0.65,-1.0,19,17,24,-5,0.31666666666666665,0.2833333333333333,0.4,0.0,0.0,13.333333333333334,26.666666666666668,0.0,11.30952380952381,22.61904761904762
2019-05-28,2019-05-24,2.41,2.37,4.0,4,False,False,False,2.0,6.0,0.6666666666666666,3.0,25.0,0.36,-7.0,95.0,0.29473684210526313,3.0,187.0,0.1497326203208556,0.600000000000005,-0.6363636363636357,-0.9684210526315783,0.02428452347874426,3,2,5,-2,0.3,0.2,0.5,-0.5,5,2,13,-8,0.25,0.1,0.65,-1.0,20,17,23,-3,0.3333333333333333,0.2833333333333333,0.38333333333333336,0.0,76.66666666666667,80.0,83.33333333333333,75.0,78.76984126984127,82.53968253968254
2019-05-29,2019-05-28,2.4,2.41,-1.0,1,False,False,False,2.0,6.0,0.6666666666666666,1.0,25.0,0.36,-36.0,68.0,0.3235294117647059,2.0,188.0,0.14893617021276595,0.9999999999999964,-0.715151515151515,-0.5082706766917292,0.007891080855793403,2,2,6,-4,0.2,0.2,0.6,-1.0,4,2,14,-10,0.2,0.1,0.7,-1.0,20,16,24,-4,0.3333333333333333,0.26666666666666666,0.4,0.0,28.333333333333332,43.333333333333336,58.333333333333336,23.015873015873016,36.904761904761905,50.79365079365079
2019-05-30,2019-05-29,2.4,2.4,0.0,1,False,False,False,3.0,5.0,0.8,-8.0,16.0,0.3125,-14.0,46.0,0.1956521739130435,2.0,188.0,0.14893617021276595,0.8999999999999941,-0.20606060606060705,-0.3413533834586467,-0.008613503751041864,1,3,6,-5,0.1,0.3,0.6,-1.0,4,3,13,-9,0.2,0.15,0.65,-1.0,20,16,24,-4,0.3333333333333333,0.26666666666666666,0.4,0.0,0.0,13.333333333333334,26.666666666666668,0.0,11.507936507936508,23.015873015873016
2019-05-31,2019-05-30,2.49,2.4,9.0,1,True,False,False,12.0,14.0,0.6428571428571429,6.0,20.0,0.45,-1.0,51.0,0.17647058823529413,11.0,197.0,0.14213197969543148,2.3,0.5575757575757584,-0.08796992481202993,-0.010475131981105761,2,3,5,-3,0.2,0.3,0.5,-0.5,5,3,12,-7,0.25,0.15,0.6,-1.0,21,15,24,-3,0.35,0.25,0.4,0.0,91.66666666666667,92.5,93.33333333333333,91.66666666666667,92.46031746031746,93.25396825396825
2019-06-03,2019-05-31,2.4,2.49,-9.0,3,False,False,False,3.0,23.0,0.391304347826087,-2.0,28.0,0.32142857142857145,-3.0,53.0,0.16981132075471697,2.0,206.0,0.13592233009708737,0.6999999999999984,0.6909090909090903,-0.07218045112781941,-0.02770213948318971,2,3,5,-3,0.2,0.3,0.5,-0.5,5,3,12,-7,0.25,0.15,0.6,-1.0,21,14,25,-4,0.35,0.23333333333333334,0.4166666666666667,0.0,90.0,91.66666666666667,93.33333333333333,91.26984126984127,92.26190476190476,93.25396825396825
2019-06-04,2019-06-03,2.39,2.4,-1.0,1,False,False,False,-2.0,20.0,0.45,0.0,26.0,0.34615384615384615,-3.0,53.0,0.16981132075471697,0.0,206.0,0.13592233009708737,-0.19999999999999574,0.5939393939393942,-0.081954887218045,-0.04498471797721579,2,3,5,-3,0.2,0.3,0.5,-0.5,5,3,12,-7,0.25,0.15,0.6,-1.0,20,14,26,-6,0.3333333333333333,0.23333333333333334,0.43333333333333335,0.0,23.333333333333332,39.166666666666664,55.0,23.41269841269841,37.1031746031746,50.79365079365079
2019-06-05,2019-06-04,2.4,2.39,1.0,1,False,False,False,0.0,20.0,0.45,2.0,26.0,0.34615384615384615,-4.0,52.0,0.17307692307692307,2.0,206.0,0.13592233009708737,-1.0000000000000009,0.48484848484848336,-0.041353383458646836,-0.062322867463184155,3,3,4,-1,0.3,0.3,0.4,0.0,5,3,12,-7,0.25,0.15,0.6,-1.0,21,14,25,-4,0.35,0.23333333333333334,0.4166666666666667,0.0,23.333333333333332,39.166666666666664,55.0,23.015873015873016,36.904761904761905,50.79365079365079
2019-06-06,2019-06-05,2.4,2.4,0.0,1,False,False,False,0.0,20.0,0.45,3.0,25.0,0.36,-3.0,51.0,0.17647058823529413,1.0,205.0,0.13658536585365855,-1.800000000000006,0.2848484848484831,-0.010526315789473894,-0.07807724367879962,3,4,3,0,0.3,0.4,0.3,0.0,5,4,11,-6,0.25,0.2,0.55,-1.0,20,15,25,-5,0.3333333333333333,0.25,0.4166666666666667,0.0,0.0,11.666666666666666,23.333333333333332,0.0,11.507936507936508,23.015873015873016
2019-06-07,2019-06-06,2.39,2.4,-1.0,1,False,False,False,-10.0,12.0,0.75,2.0,26.0,0.34615384615384615,-2.0,50.0,0.18,-1.0,205.0,0.13658536585365855,-0.09999999999999787,-0.006060606060606739,-0.021052631578947253,-0.09383161989441506,3,3,4,-1,0.3,0.3,0.4,0.0,5,4,11,-6,0.25,0.2,0.55,-1.0,19,15,26,-7,0.31666666666666665,0.25,0.43333333333333335,0.0,25.0,40.0,55.0,23.015873015873016,37.1031746031746,51.19047619047619
2019-06-10,2019-06-07,2.39,2.39,0.0,3,False,False,False,-1.0,3.0,0.3333333333333333,2.0,26.0,0.34615384615384615,-1.0,49.0,0.1836734693877551,-3.0,203.0,0.13793103448275862,-0.09999999999999787,-0.32121212121212084,-0.044360902255639025,-0.10614059460961373,3,3,4,-1,0.3,0.3,0.4,0.0,5,5,10,-5,0.25,0.25,0.5,-0.5,18,16,26,-8,0.3,0.26666666666666666,0.43333333333333335,0.0,0.0,12.5,25.0,0.0,11.507936507936508,23.015873015873016
2019-06-11,2019-06-10,2.38,2.39,-1.0,1,False,False,False,-1.0,3.0,0.3333333333333333,-3.0,23.0,0.391304347826087,0.0,48.0,0.1875,-8.0,200.0,0.14,-0.4999999999999982,-0.44848484848484804,-0.11203007518797027,-0.11314253959433174,2,3,5,-3,0.2,0.3,0.5,-0.5,5,5,10,-5,0.25,0.25,0.5,-0.5,17,16,27,-10,0.2833333333333333,0.26666666666666666,0.45,0.0,26.666666666666668,41.666666666666664,56.666666666666664,23.41269841269841,37.5,51.58730158730159
2019-06-12,2019-06-11,2.37,2.38,-1.0,1,False,False,False,-3.0,3.0,0.3333333333333333,-3.0,23.0,0.391304347826087,-2.0,48.0,0.1875,-4.0,196.0,0.14285714285714285,-0.6999999999999984,-0.6606060606060603,-0.17819548872180463,-0.12981383717699355,2,3,5,-3,0.2,0.3,0.5,-0.5,4,5,11,-7,0.2,0.25,0.55,-1.0,17,16,27,-10,0.2833333333333333,0.26666666666666666,0.45,0.0,26.666666666666668,42.5,58.333333333333336,23.41269841269841,37.698412698412696,51.98412698412698
2019-06-13,2019-06-12,2.35,2.37,-2.0,1,False,False,False,-5.0,5.0,0.4,-5.0,25.0,0.36,-13.0,41.0,0.21951219512195122,-7.0,197.0,0.14213197969543148,-1.0000000000000009,-0.9454545454545454,-0.12781954887218056,-0.14784662406223947,2,2,6,-4,0.2,0.2,0.6,-1.0,3,5,12,-9,0.15,0.25,0.6,-1.0,16,16,28,-12,0.26666666666666666,0.26666666666666666,0.4666666666666667,0.0,60.0,64.16666666666667,68.33333333333333,52.38095238095238,58.73015873015873,65.07936507936508
2019-06-14,2019-06-13,2.35,2.35,0.0,1,False,False,False,-4.0,4.0,0.5,-14.0,16.0,0.5625,-8.0,36.0,0.25,-12.0,192.0,0.14583333333333334,-1.0999999999999988,-0.5696969696969684,-0.13684210526315774,-0.15701583773270342,1,3,6,-5,0.1,0.3,0.6,-1.0,3,6,11,-8,0.15,0.3,0.55,-1.0,15,17,28,-13,0.25,0.2833333333333333,0.4666666666666667,0.0,0.0,13.333333333333334,26.666666666666668,0.0,11.706349206349206,23.41269841269841
2019-06-17,2019-06-14,2.41,2.35,6.0,3,False,False,False,2.0,10.0,0.6,1.0,13.0,0.46153846153846156,-1.0,41.0,0.21951219512195122,-3.0,195.0,0.14358974358974358,0.4000000000000048,-0.2969696969696958,-0.0639097744360901,-0.16076687968880235,2,3,5,-3,0.2,0.3,0.5,-0.5,4,6,10,-6,0.2,0.3,0.5,-0.5,16,17,27,-11,0.26666666666666666,0.2833333333333333,0.45,0.0,86.66666666666667,86.66666666666667,86.66666666666667,88.0952380952381,88.4920634920635,88.88888888888889
2019-06-18,2019-06-17,2.39,2.41,-2.0,1,False,False,False,1.0,11.0,0.5454545454545454,0.0,14.0,0.42857142857142855,0.0,40.0,0.225,-1.0,193.0,0.14507772020725387,1.0000000000000009,-0.21212121212121002,-0.0654135338345861,-0.17440955821061396,2,3,5,-3,0.2,0.3,0.5,-0.5,4,6,10,-6,0.2,0.3,0.5,-0.5,16,17,27,-11,0.26666666666666666,0.2833333333333333,0.45,0.0,60.0,65.0,70.0,52.38095238095238,58.53174603174603,64.68253968253968
2019-06-19,2019-06-18,2.36,2.39,-3.0,1,False,False,False,-1.0,13.0,0.46153846153846156,-4.0,16.0,0.375,-2.0,42.0,0.21428571428571427,-4.0,196.0,0.14285714285714285,0.5999999999999961,-0.22424242424242402,-0.1255639097744362,-0.19291469852736867,1,3,6,-5,0.1,0.3,0.6,-1.0,4,6,10,-6,0.2,0.3,0.5,-0.5,16,16,28,-12,0.26666666666666666,0.26666666666666666,0.4666666666666667,0.0,71.66666666666667,75.0,78.33333333333333,65.07936507936508,70.23809523809524,75.39682539682539
2019-06-20,2019-06-19,2.36,2.36,0.0,1,False,False,False,1.0,11.0,0.5454545454545454,-4.0,16.0,0.375,-1.0,41.0,0.21951219512195122,-4.0,196.0,0.14285714285714285,-0.30000000000000693,-0.1878787878787895,-0.198496240601504,-0.21119755487635453,1,3,6,-5,0.1,0.3,0.6,-1.0,4,7,9,-5,0.2,0.35,0.45,0.0,16,16,28,-12,0.26666666666666666,0.26666666666666666,0.4666666666666667,0.0,0.0,13.333333333333334,26.666666666666668,0.0,11.706349206349206,23.41269841269841
2019-06-21,2019-06-20,2.37,2.36,1.0,1,False,False,False,2.0,12.0,0.5,-2.0,16.0,0.375,0.0,42.0,0.21428571428571427,-3.0,197.0,0.14213197969543148,-1.1000000000000032,-0.11515151515151592,-0.25563909774436094,-0.22761878299527646,2,3,5,-3,0.2,0.3,0.5,-0.5,5,6,9,-4,0.25,0.3,0.45,0.0,17,15,28,-11,0.2833333333333333,0.25,0.4666666666666667,0.0,26.666666666666668,42.5,58.333333333333336,23.80952380952381,38.095238095238095,52.38095238095238
2019-06-24,2019-06-21,2.39,2.37,2.0,3,False,False,False,-2.0,8.0,0.375,0.0,18.0,0.3333333333333333,2.0,44.0,0.20454545454545456,-4.0,196.0,0.14285714285714285,0.10000000000000231,0.09090909090909112,-0.2842105263157893,-0.2355098638510697,3,2,5,-2,0.3,0.2,0.5,-0.5,6,5,9,-3,0.3,0.25,0.45,0.0,17,15,28,-11,0.2833333333333333,0.25,0.4666666666666667,0.0,58.333333333333336,64.16666666666667,70.0,52.38095238095238,58.73015873015873,65.07936507936508
2019-06-25,2019-06-24,2.41,2.39,2.0,1,False,False,False,2.0,8.0,0.375,3.0,19.0,0.3157894736842105,0.0,42.0,0.21428571428571427,-24.0,176.0,0.1590909090909091,1.3000000000000078,0.33939393939393914,-0.22406015037593935,-0.20261183662128365,4,2,4,0,0.4,0.2,0.4,0.0,6,5,9,-3,0.3,0.25,0.45,0.0,17,15,28,-11,0.2833333333333333,0.25,0.4666666666666667,0.0,58.333333333333336,65.0,71.66666666666667,52.38095238095238,58.73015873015873,65.07936507936508
2019-06-26,2019-06-25,2.43,2.41,2.0,1,False,False,False,7.0,7.0,0.2857142857142857,6.0,20.0,0.3,3.0,43.0,0.20930232558139536,-3.0,159.0,0.1761006289308176,1.800000000000006,0.5939393939393944,-0.1511278195488717,-0.19730480689080293,5,2,3,2,0.5,0.2,0.3,0.5,7,5,8,-1,0.35,0.25,0.4,0.0,18,15,27,-9,0.3,0.25,0.45,0.0,58.333333333333336,65.83333333333333,73.33333333333333,51.98412698412698,58.53174603174603,65.07936507936508
2019-06-27,2019-06-26,2.42,2.43,-1.0,1,False,False,False,6.0,8.0,0.25,7.0,19.0,0.3157894736842105,2.0,44.0,0.20454545454545456,-4.0,160.0,0.175,1.3999999999999968,0.5878787878787877,-0.09699248120300741,-0.19347040844679078,5,2,3,2,0.5,0.2,0.3,0.5,7,4,9,-2,0.35,0.2,0.45,0.0,18,14,28,-10,0.3,0.23333333333333334,0.4666666666666667,0.0,25.0,41.666666666666664,58.333333333333336,23.41269841269841,37.5,51.58730158730159
2019-06-28,2019-06-27,2.5,2.42,8.0,1,True,True,False,13.0,15.0,0.5333333333333333,15.0,27.0,0.2962962962962963,1.0,43.0,0.20930232558139536,3.0,167.0,0.16766467065868262,2.2999999999999954,0.9333333333333331,0.21052631578947398,-0.17460405668241172,6,1,3,3,0.6,0.1,0.3,1.5,7,4,9,-2,0.35,0.2,0.45,0.0,18,14,28,-10,0.3,0.23333333333333334,0.4666666666666667,0.0,91.66666666666667,91.66666666666667,91.66666666666667,90.47619047619048,91.07142857142857,91.66666666666667
2019-07-01,2019-06-28,2.42,2.5,-8.0,3,False,False,False,3.0,21.0,0.38095238095238093,1.0,29.0,0.27586206896551724,2.0,42.0,0.19047619047619047,-4.0,174.0,0.16091954022988506,0.8999999999999941,1.0606060606060603,0.2601503759398495,-0.1707140872464573,5,1,4,1,0.5,0.1,0.4,0.5,7,4,9,-2,0.35,0.2,0.45,0.0,18,14,28,-10,0.3,0.23333333333333334,0.4666666666666667,0.0,90.0,90.83333333333333,91.66666666666667,90.07936507936508,90.87301587301587,91.66666666666667
2019-07-02,2019-07-01,2.51,2.42,9.0,1,False,False,False,10.0,28.0,0.32142857142857145,12.0,36.0,0.25,12.0,50.0,0.18,5.0,183.0,0.15300546448087432,1.5999999999999925,1.5333333333333325,0.4195488721804509,-0.1518477354820784,6,1,3,3,0.6,0.1,0.3,1.5,8,4,8,0,0.4,0.2,0.4,0.0,19,13,28,-9,0.31666666666666665,0.21666666666666667,0.4666666666666667,0.0,91.66666666666667,94.16666666666667,96.66666666666667,91.66666666666667,92.65873015873017,93.65079365079364
2019-07-03,2019-07-02,2.56,2.51,5.0,1,False,False,False,13.0,31.0,0.2903225806451613,20.0,38.0,0.23684210526315788,16.0,54.0,0.16666666666666666,10.0,188.0,0.14893617021276595,2.9000000000000004,1.933333333333332,0.6481203007518793,-0.12506251736593504,7,1,2,5,0.7,0.1,0.2,2.0,8,4,8,0,0.4,0.2,0.4,0.0,20,12,28,-8,0.3333333333333333,0.2,0.4666666666666667,0.0,81.66666666666667,82.5,83.33333333333333,82.14285714285714,84.52380952380952,86.9047619047619
2019-07-05,2019-07-03,2.59,2.56,3.0,2,False,False,False,17.0,33.0,0.2727272727272727,23.0,41.0,0.21951219512195122,19.0,57.0,0.15789473684210525,14.0,190.0,0.14736842105263157,3.1999999999999984,2.2545454545454513,0.8954887218045104,-0.09560989163656576,8,0,2,6,0.8,0.0,0.2,2.0,9,3,8,1,0.45,0.15,0.4,0.0,21,12,27,-6,0.35,0.2,0.45,0.0,68.33333333333333,71.66666666666667,75.0,64.28571428571429,69.44444444444444,74.60317460317461
2019-07-08,2019-07-05,2.48,2.59,-11.0,3,False,False,False,-2.0,36.0,0.3055555555555556,11.0,51.0,0.21568627450980393,9.0,67.0,0.16417910447761194,3.0,201.0,0.13930348258706468,2.0000000000000018,1.7636363636363608,0.9413533834586457,-0.08496804667963326,7,0,3,4,0.7,0.0,0.3,2.0,9,3,8,1,0.45,0.15,0.4,0.0,21,11,28,-7,0.35,0.18333333333333332,0.4666666666666667,0.0,96.66666666666667,96.66666666666667,96.66666666666667,94.44444444444444,94.84126984126983,95.23809523809524
2019-07-09,2019-07-08,2.45,2.48,-3.0,1,False,False,False,3.0,31.0,0.3548387096774194,6.0,52.0,0.21153846153846154,6.0,70.0,0.15714285714285714,1.0,203.0,0.13793103448275862,-1.999999999999993,1.1090909090909085,0.9308270676691726,-0.08110586273964991,6,0,4,2,0.6,0.0,0.4,2.0,9,2,9,0,0.45,0.1,0.45,0.0,21,11,28,-7,0.35,0.18333333333333332,0.4666666666666667,0.0,65.0,69.16666666666667,73.33333333333333,64.28571428571429,69.64285714285714,75.0
2019-07-10,2019-07-09,2.46,2.45,1.0,1,False,False,False,-5.0,23.0,0.4782608695652174,5.0,51.0,0.21568627450980393,8.0,70.0,0.15714285714285714,2.0,204.0,0.13725490196078433,-3.3999999999999986,0.5696969696969697,0.9097744360902249,-0.07565990552931372,6,0,4,2,0.6,0.0,0.4,1.5,10,2,8,2,0.5,0.1,0.4,0.5,22,10,28,-6,0.36666666666666664,0.16666666666666666,0.4666666666666667,0.0,18.333333333333332,32.5,46.666666666666664,23.015873015873016,36.904761904761905,50.79365079365079
2019-07-11,2019-07-10,2.41,2.46,-5.0,1,False,False,False,-15.0,23.0,0.4782608695652174,-2.0,54.0,0.2037037037037037,4.0,74.0,0.14864864864864866,-6.0,206.0,0.13592233009708737,-3.7999999999999945,-0.16969696969696768,0.789473684210526,-0.07343706585162543,5,0,5,0,0.5,0.0,0.5,0.0,10,2,8,2,0.5,0.1,0.4,0.5,21,10,29,-8,0.35,0.16666666666666666,0.48333333333333334,0.0,78.33333333333333,80.0,81.66666666666667,82.14285714285714,84.72222222222223,87.3015873015873
2019-07-12,2019-07-11,2.36,2.41,-5.0,1,False,False,False,-23.0,25.0,0.44,-6.0,58.0,0.1896551724137931,1.0,77.0,0.14285714285714285,-11.0,211.0,0.13270142180094788,-2.8000000000000025,-1.2242424242424232,0.5601503759398492,-0.07907752153375937,5,0,5,0,0.5,0.0,0.5,-1.0,10,2,8,2,0.5,0.1,0.4,0.5,21,9,30,-9,0.35,0.15,0.5,-0.5,76.66666666666667,79.16666666666667,81.66666666666667,81.74603174603175,84.52380952380952,87.3015873015873
2019-07-15,2019-07-12,2.46,2.36,10.0,3,False,False,False,-2.0,24.0,0.4166666666666667,-4.0,60.0,0.18333333333333332,11.0,87.0,0.12643678160919541,-4.0,218.0,0.12844036697247707,-0.8000000000000052,-1.127272727272726,0.47218045112781915,-0.06262850791886636,5,0,5,0,0.5,0.0,0.5,-1.0,11,1,8,3,0.55,0.05,0.4,1.0,21,9,30,-9,0.35,0.15,0.5,-0.5,95.0,95.0,95.0,93.65079365079364,93.84920634920636,94.04761904761905
2019-07-16,2019-07-15,2.47,2.46,1.0,1,False,False,False,2.0,22.0,0.45454545454545453,5.0,53.0,0.20754716981132076,6.0,82.0,0.13414634146341464,-3.0,219.0,0.1278538812785388,0.7000000000000028,-1.4606060606060585,0.4766917293233083,-0.04431786607390939,6,0,4,2,0.6,0.0,0.4,1.0,11,1,8,3,0.55,0.05,0.4,1.0,22,8,30,-8,0.36666666666666664,0.13333333333333333,0.5,-0.5,15.0,30.0,45.0,22.61904761904762,36.70634920634921,50.79365079365079
2019-07-17,2019-07-16,2.47,2.47,0.0,1,False,False,False,1.0,21.0,0.47619047619047616,-4.0,44.0,0.25,8.0,80.0,0.1375,1.0,215.0,0.13023255813953488,2.3000000000000043,-1.2545454545454529,0.440601503759399,-0.03262017227007497,5,1,4,1,0.5,0.1,0.4,0.5,11,2,7,4,0.55,0.1,0.35,1.0,22,9,29,-7,0.36666666666666664,0.15,0.48333333333333334,0.0,0.0,6.666666666666667,13.333333333333334,0.0,11.11111111111111,22.22222222222222
2019-07-18,2019-07-17,2.46,2.47,-1.0,1,False,False,False,5.0,17.0,0.5882352941176471,-10.0,40.0,0.275,10.0,78.0,0.14102564102564102,0.0,216.0,0.12962962962962962,2.100000000000004,-0.7212121212121199,0.3308270676691731,-0.022617393720477882,4,1,5,-1,0.4,0.1,0.5,-0.5,11,2,7,4,0.55,0.1,0.35,1.0,22,8,30,-8,0.36666666666666664,0.13333333333333333,0.5,-0.5,15.0,30.833333333333332,46.666666666666664,22.61904761904762,36.70634920634921,50.79365079365079
2019-07-19,2019-07-18,2.41,2.46,-5.0,1,False,False,False,5.0,17.0,0.5882352941176471,-18.0,42.0,0.2619047619047619,5.0,83.0,0.13253012048192772,-3.0,219.0,0.1278538812785388,-1.0999999999999988,-0.13939393939393857,0.13458646616541364,-0.024201166990830757,3,1,6,-3,0.3,0.1,0.6,-2.0,11,1,8,3,0.55,0.05,0.4,1.0,22,8,30,-8,0.36666666666666664,0.13333333333333333,0.5,-0.5,73.33333333333333,76.66666666666667,80.0,80.95238095238095,83.92857142857143,86.9047619047619
2019-07-22,2019-07-19,2.4,2.41,-1.0,3,False,False,False,-6.0,8.0,0.625,-8.0,32.0,0.3125,3.0,83.0,0.13253012048192772,-5.0,219.0,0.1278538812785388,-2.000000000000006,-0.1272727272727278,-0.06766917293233078,-0.0255626562934148,3,1,6,-3,0.3,0.1,0.6,-1.0,10,1,9,1,0.5,0.05,0.45,0.5,21,8,31,-10,0.35,0.13333333333333333,0.5166666666666667,-1.0,13.333333333333334,30.0,46.666666666666664,22.22222222222222,36.507936507936506,50.79365079365079
2019-07-23,2019-07-22,2.4,2.4,0.0,1,False,False,False,-7.0,7.0,0.7142857142857143,-5.0,29.0,0.3448275862068966,1.0,81.0,0.13580246913580246,-6.0,218.0,0.12844036697247707,-2.000000000000006,-0.21818181818181864,-0.24285714285714283,-0.02495137538205056,3,2,5,-2,0.3,0.2,0.5,-0.5,9,2,9,0,0.45,0.1,0.45,0.0,20,9,31,-11,0.3333333333333333,0.15,0.5166666666666667,-1.0,0.0,6.666666666666667,13.333333333333334,0.0,11.11111111111111,22.22222222222222
2019-07-24,2019-07-23,2.41,2.4,1.0,1,False,False,False,-6.0,8.0,0.625,-5.0,29.0,0.3448275862068966,0.0,80.0,0.1375,-7.0,217.0,0.12903225806451613,-1.0999999999999988,-0.12727272727272754,-0.37368421052631534,-0.01897749374826338,3,2,5,-2,0.3,0.2,0.5,-0.5,9,2,9,0,0.45,0.1,0.45,0.0,20,9,31,-11,0.3333333333333333,0.15,0.5166666666666667,-1.0,15.0,30.833333333333332,46.666666666666664,22.61904761904762,37.1031746031746,51.58730158730159
2019-07-25,2019-07-24,2.42,2.41,1.0,1,False,False,False,-4.0,8.0,0.625,1.0,25.0,0.4,-1.0,79.0,0.13924050632911392,-34.0,190.0,0.11578947368421053,0.29999999999999805,-0.25454545454545474,-0.4586466165413528,0.03648235621005831,4,2,4,0,0.4,0.2,0.4,0.0,9,2,9,0,0.45,0.1,0.45,0.0,20,9,31,-11,0.3333333333333333,0.15,0.5166666666666667,-1.0,15.0,31.666666666666668,48.333333333333336,22.22222222222222,36.904761904761905,51.58730158730159
2019-07-26,2019-07-25,2.41,2.42,-1.0,1,False,False,False,0.0,4.0,0.25,5.0,21.0,0.47619047619047616,-1.0,79.0,0.13924050632911392,-13.0,169.0,0.0650887573964497,0.4000000000000048,-0.7818181818181823,-0.5721804511278189,0.05490414003889968,4,2,4,0,0.4,0.2,0.4,0.0,9,2,9,0,0.45,0.1,0.45,0.0,20,9,31,-11,0.3333333333333333,0.15,0.5166666666666667,-1.0,15.0,32.5,50.0,22.22222222222222,37.1031746031746,51.98412698412698
2019-07-29,2019-07-26,2.4,2.41,-1.0,3,False,False,False,0.0,4.0,0.25,-6.0,12.0,0.4166666666666667,-10.0,72.0,0.1527777777777778,-10.0,166.0,0.06626506024096386,0.0,-0.7575757575757595,-0.5721804511278191,0.06562934148374544,3,2,5,-2,0.3,0.2,0.5,-0.5,8,2,10,-2,0.4,0.1,0.5,-0.5,20,9,31,-11,0.3333333333333333,0.15,0.5166666666666667,-1.0,15.0,33.333333333333336,51.666666666666664,22.22222222222222,37.1031746031746,51.98412698412698
2019-07-30,2019-07-29,2.39,2.4,-1.0,1,False,False,False,-1.0,5.0,0.2,-8.0,12.0,0.4166666666666667,-3.0,65.0,0.16923076923076924,-4.0,160.0,0.06875,-0.6000000000000005,-0.6484848484848489,-0.6977443609022552,0.06340650180605722,2,2,6,-4,0.2,0.2,0.6,-1.0,8,2,10,-2,0.4,0.1,0.5,-0.5,20,9,31,-11,0.3333333333333333,0.15,0.5166666666666667,-1.0,15.0,34.166666666666664,53.333333333333336,22.22222222222222,37.301587301587304,52.38095238095238
2019-07-31,2019-07-30,2.55,2.39,16.0,1,True,False,False,14.0,20.0,0.8,8.0,28.0,0.5714285714285714,4.0,72.0,0.2222222222222222,13.0,175.0,0.09142857142857143,2.3999999999999977,0.4303030303030298,-0.44812030075187986,0.08594053903862178,3,1,6,-3,0.3,0.1,0.6,-1.0,8,2,10,-2,0.4,0.1,0.5,-0.5,21,9,30,-9,0.35,0.15,0.5,-0.5,100.0,100.0,100.0,95.63492063492063,95.63492063492063,95.63492063492063
2019-08-01,2019-07-31,2.19,2.55,-36.0,1,False,False,False,-23.0,55.0,0.6545454545454545,-27.0,63.0,0.5714285714285714,-37.0,103.0,0.34951456310679613,-25.0,209.0,0.1722488038277512,-2.900000000000005,-0.6181818181818193,-0.6398496240601507,0.052125590441789306,3,1,6,-3,0.3,0.1,0.6,-1.0,7,2,11,-4,0.35,0.1,0.55,-1.0,20,9,31,-11,0.3333333333333333,0.15,0.5166666666666667,-1.0,100.0,100.0,100.0,99.2063492063492,99.2063492063492,99.2063492063492
2019-08-02,2019-08-01,2.19,2.19,0.0,1,False,False,False,-22.0,54.0,0.6666666666666666,-22.0,58.0,0.6206896551724138,-40.0,100.0,0.36,-24.0,208.0,0.17307692307692307,-6.200000000000001,-1.672727272727273,-0.7285714285714292,0.018005001389274723,3,2,5,-2,0.3,0.2,0.5,-0.5,6,3,11,-5,0.3,0.15,0.55,-1.0,20,10,30,-10,0.3333333333333333,0.16666666666666666,0.5,-0.5,0.0,7.5,15.0,0.0,11.11111111111111,22.22222222222222
2019-08-05,2019-08-02,2.13,2.19,-6.0,3,False,False,False,-27.0,59.0,0.6101694915254238,-27.0,63.0,0.5714285714285714,-35.0,95.0,0.37894736842105264,-28.0,212.0,0.16981132075471697,-8.800000000000002,-2.8545454545454563,-1.0165413533834593,-0.028007779938871987,3,2,5,-2,0.3,0.2,0.5,-0.5,6,3,11,-5,0.3,0.15,0.55,-1.0,20,10,30,-10,0.3333333333333333,0.16666666666666666,0.5,-0.5,81.66666666666667,82.5,83.33333333333333,86.11111111111111,86.7063492063492,87.3015873015873
2019-08-06,2019-08-05,2.11,2.13,-2.0,1,False,False,False,-28.0,60.0,0.6,-29.0,65.0,0.5538461538461539,-34.0,94.0,0.3829787234042553,-29.0,213.0,0.16901408450704225,-9.4,-3.818181818181821,-1.3278195488721813,-0.07743817727146442,3,1,6,-3,0.3,0.1,0.6,-1.0,6,3,11,-5,0.3,0.15,0.55,-1.0,20,10,30,-10,0.3333333333333333,0.16666666666666666,0.5,-0.5,53.333333333333336,58.333333333333336,63.333333333333336,52.77777777777778,58.92857142857143,65.07936507936508
2019-08-07,2019-08-06,2.1,2.11,-1.0,1,False,False,False,-45.0,45.0,0.8,-31.0,65.0,0.5538461538461539,-36.0,94.0,0.3829787234042553,-28.0,212.0,0.16981132075471697,-2.599999999999998,-4.418181818181819,-1.5864661654135346,-0.1302861906085025,2,1,7,-5,0.2,0.1,0.7,-1.0,5,3,12,-7,0.25,0.15,0.6,-1.0,20,10,30,-10,0.3333333333333333,0.16666666666666666,0.5,-0.5,16.666666666666668,34.166666666666664,51.666666666666664,22.22222222222222,37.5,52.77777777777778
2019-08-08,2019-08-07,2.09,2.1,-1.0,1,False,False,False,-10.0,10.0,0.6,-33.0,65.0,0.5538461538461539,-32.0,90.0,0.4,-30.0,212.0,0.16981132075471697,-2.3,-4.630303030303032,-1.8842105263157902,-0.18152264517921654,1,1,8,-7,0.1,0.1,0.8,-1.0,5,3,12,-7,0.25,0.15,0.6,-1.0,19,10,31,-12,0.31666666666666665,0.16666666666666666,0.5166666666666667,-1.0,16.666666666666668,35.0,53.333333333333336,22.22222222222222,37.698412698412696,53.17460317460318
2019-08-09,2019-08-08,2.11,2.09,2.0,1,False,False,False,-8.0,12.0,0.5,-30.0,66.0,0.5454545454545454,-25.0,87.0,0.41379310344827586,-37.0,205.0,0.17560975609756097,-0.6000000000000005,-4.4,-2.1842105263157903,-0.21255904417893876,2,1,7,-5,0.2,0.1,0.7,-1.0,6,3,11,-5,0.3,0.15,0.55,-1.0,19,10,31,-12,0.31666666666666665,0.16666666666666666,0.5166666666666667,-1.0,53.333333333333336,58.333333333333336,63.333333333333336,53.57142857142857,59.92063492063492,66.26984126984127
2019-08-12,2019-08-09,2.12,2.11,1.0,3,False,False,False,-1.0,7.0,0.2857142857142857,-28.0,66.0,0.5454545454545454,-34.0,78.0,0.46153846153846156,-31.0,201.0,0.1791044776119403,0.3000000000000025,-3.8181818181818183,-2.2744360902255645,-0.24837454848569057,3,1,6,-3,0.3,0.1,0.6,-1.0,6,3,11,-5,0.3,0.15,0.55,-1.0,20,10,30,-10,0.3333333333333333,0.16666666666666666,0.5,-0.5,16.666666666666668,35.0,53.333333333333336,21.825396825396826,37.5,53.17460317460318
2019-08-13,2019-08-12,2.16,2.12,4.0,1,False,False,False,5.0,9.0,0.4444444444444444,-23.0,69.0,0.5217391304347826,-31.0,81.0,0.4444444444444444,-26.0,204.0,0.17647058823529413,1.5000000000000036,-2.745454545454543,-2.240601503759399,-0.277604890247291,4,1,5,-1,0.4,0.1,0.5,-0.5,6,3,11,-5,0.3,0.15,0.55,-1.0,21,10,29,-8,0.35,0.16666666666666666,0.48333333333333334,0.0,73.33333333333333,74.16666666666667,75.0,75.0,77.97619047619048,80.95238095238095
2019-08-14,2019-08-13,2.13,2.16,-3.0,1,False,False,False,3.0,11.0,0.36363636363636365,-42.0,56.0,0.6428571428571429,-34.0,84.0,0.42857142857142855,-26.0,204.0,0.17647058823529413,1.3000000000000034,-0.49090909090908985,-2.203007518796993,-0.3153931647679913,3,1,6,-3,0.3,0.1,0.6,-1.0,6,2,12,-6,0.3,0.1,0.6,-1.0,21,10,29,-8,0.35,0.16666666666666666,0.48333333333333334,0.0,65.0,68.33333333333333,71.66666666666667,65.87301587301587,70.23809523809524,74.60317460317461
2019-08-15,2019-08-14,2.18,2.13,5.0,1,False,False,False,9.0,15.0,0.3333333333333333,-1.0,25.0,0.24,-28.0,88.0,0.4090909090909091,-20.0,208.0,0.17307692307692307,1.5000000000000036,0.14545454545454747,-2.0586466165413535,-0.3452347874409559,4,1,5,-1,0.4,0.1,0.5,-0.5,7,2,11,-4,0.35,0.1,0.55,-1.0,22,10,28,-6,0.36666666666666664,0.16666666666666666,0.4666666666666667,0.0,75.0,78.33333333333333,81.66666666666667,80.95238095238095,83.33333333333333,85.71428571428571
2019-08-16,2019-08-15,2.13,2.18,-5.0,1,False,False,False,2.0,18.0,0.2777777777777778,-6.0,30.0,0.2,-28.0,88.0,0.4090909090909091,-24.0,212.0,0.16981132075471697,0.3999999999999959,0.5212121212121225,-2.0225563909774436,-0.3838566268407892,4,0,6,-2,0.4,0.0,0.6,-1.0,7,2,11,-4,0.35,0.1,0.55,-1.0,22,10,28,-6,0.36666666666666664,0.16666666666666666,0.4666666666666667,0.0,73.33333333333333,77.5,81.66666666666667,80.55555555555556,83.13492063492063,85.71428571428571
2019-08-19,2019-08-16,2.11,2.13,-2.0,3,False,False,False,-1.0,19.0,0.2631578947368421,-2.0,26.0,0.19230769230769232,-29.0,89.0,0.4044943820224719,-26.0,214.0,0.16822429906542055,-1.0000000000000053,0.4606060606060608,-1.9887218045112784,-0.42442345095859974,4,0,6,-2,0.4,0.0,0.6,-1.0,7,2,11,-4,0.35,0.1,0.55,-1.0,22,9,29,-7,0.36666666666666664,0.15,0.48333333333333334,0.0,50.0,55.833333333333336,61.666666666666664,51.98412698412698,58.53174603174603,65.07936507936508
2019-08-20,2019-08-19,2.13,2.11,2.0,1,False,False,False,-3.0,17.0,0.29411764705882354,2.0,26.0,0.19230769230769232,-27.0,91.0,0.3956043956043956,-24.0,216.0,0.16666666666666666,-0.7000000000000028,0.39999999999999897,-1.8827067669172937,-0.4602667407613227,5,0,5,0,0.5,0.0,0.5,0.0,8,1,11,-3,0.4,0.05,0.55,-1.0,23,8,29,-6,0.38333333333333336,0.13333333333333333,0.48333333333333334,0.0,48.333333333333336,55.0,61.666666666666664,51.98412698412698,58.53174603174603,65.07936507936508
2019-08-21,2019-08-20,2.1,2.13,-3.0,1,False,False,False,-3.0,17.0,0.29411764705882354,0.0,28.0,0.17857142857142858,-31.0,93.0,0.3870967741935484,-31.0,215.0,0.16744186046511628,-1.6000000000000014,0.08484848484848519,-1.763157894736842,-0.4929146985273688,5,0,5,0,0.5,0.0,0.5,0.0,7,1,12,-5,0.35,0.05,0.6,-1.0,22,8,30,-8,0.36666666666666664,0.13333333333333333,0.5,-0.5,61.666666666666664,65.0,68.33333333333333,65.47619047619048,69.84126984126983,74.2063492063492
2019-08-22,2019-08-21,2.09,2.1,-1.0,1,False,False,False,-9.0,13.0,0.38461538461538464,0.0,28.0,0.17857142857142858,-33.0,93.0,0.3870967741935484,-31.0,215.0,0.16744186046511628,-0.8999999999999986,-0.3515151515151526,-1.5954887218045115,-0.5271742150597389,5,0,5,0,0.5,0.0,0.5,0.0,6,1,13,-7,0.3,0.05,0.65,-1.0,22,8,30,-8,0.36666666666666664,0.13333333333333333,0.5,-0.5,13.333333333333334,30.0,46.666666666666664,21.825396825396826,36.70634920634921,51.58730158730159
2019-08-23,2019-08-22,2.1,2.09,1.0,1,False,False,False,-3.0,9.0,0.3333333333333333,-1.0,27.0,0.18518518518518517,-31.0,93.0,0.3870967741935484,-30.0,216.0,0.16666666666666666,-0.5999999999999961,-0.6000000000000012,-1.3796992481203005,-0.5580716865796056,5,0,5,0,0.5,0.0,0.5,0.0,7,1,12,-5,0.35,0.05,0.6,-1.0,23,7,30,-7,0.38333333333333336,0.11666666666666667,0.5,-0.5,13.333333333333334,30.0,46.666666666666664,21.825396825396826,36.904761904761905,51.98412698412698
2019-08-26,2019-08-23,2.1,2.1,0.0,3,False,False,False,-1.0,7.0,0.42857142857142855,-2.0,26.0,0.19230769230769232,-30.0,92.0,0.391304347826087,-39.0,207.0,0.17391304347826086,-0.5999999999999961,-0.7696969696969697,-1.1330827067669171,-0.5720477910530704,4,1,5,-1,0.4,0.1,0.5,-0.5,7,2,11,-4,0.35,0.1,0.55,-1.0,22,8,30,-8,0.36666666666666664,0.13333333333333333,0.5,-0.5,0.0,5.833333333333333,11.666666666666666,0.0,10.714285714285714,21.428571428571427
2019-08-27,2019-08-26,2.15,2.1,5.0,1,False,False,False,2.0,10.0,0.5,-1.0,27.0,0.18518518518518517,-24.0,96.0,0.375,-25.0,203.0,0.17733990147783252,1.0999999999999988,-0.3757575757575753,-0.7857142857142853,-0.5909141428174494,4,1,5,-1,0.4,0.1,0.5,-0.5,8,2,10,-2,0.4,0.1,0.5,-0.5,23,8,29,-6,0.38333333333333336,0.13333333333333333,0.48333333333333334,0.0,73.33333333333333,78.33333333333333,83.33333333333333,80.95238095238095,83.53174603174604,86.11111111111111
2019-08-28,2019-08-27,2.12,2.15,-3.0,1,False,False,False,2.0,10.0,0.5,-1.0,27.0,0.18518518518518517,-43.0,83.0,0.43373493975903615,-27.0,205.0,0.17560975609756097,1.1000000000000032,-0.3333333333333327,-0.19248120300751834,-0.6150041678243958,4,1,5,-1,0.4,0.1,0.5,-0.5,7,2,11,-4,0.35,0.1,0.55,-1.0,23,8,29,-6,0.38333333333333336,0.13333333333333333,0.48333333333333334,0.0,63.333333333333336,67.5,71.66666666666667,65.07936507936508,69.64285714285714,74.2063492063492
2019-08-29,2019-08-28,2.12,2.12,0.0,1,False,False,False,3.0,9.0,0.5555555555555556,-6.0,22.0,0.22727272727272727,-7.0,47.0,0.1276595744680851,-28.0,204.0,0.17647058823529413,0.6000000000000005,0.05454545454545688,-0.10300751879699188,-0.6358988607946653,3,2,5,-2,0.3,0.2,0.5,-0.5,7,3,10,-3,0.35,0.15,0.5,-0.5,22,9,29,-7,0.36666666666666664,0.15,0.48333333333333334,0.0,0.0,6.666666666666667,13.333333333333334,0.0,10.515873015873016,21.03174603174603
2019-08-30,2019-08-29,2.16,2.12,4.0,1,True,False,False,6.0,12.0,0.4166666666666667,3.0,21.0,0.23809523809523808,-3.0,51.0,0.11764705882352941,-24.0,208.0,0.17307692307692307,0.900000000000003,0.4000000000000025,0.05413533834586541,-0.6486801889413727,4,2,4,0,0.4,0.2,0.4,0.0,8,2,10,-2,0.4,0.1,0.5,-0.5,23,8,29,-6,0.38333333333333336,0.13333333333333333,0.48333333333333334,0.0,71.66666666666667,72.5,73.33333333333333,74.60317460317461,77.57936507936508,80.55555555555556
2019-09-03,2019-08-30,2.17,2.16,1.0,4,False,False,False,7.0,13.0,0.38461538461538464,6.0,20.0,0.25,4.0,46.0,0.10869565217391304,-22.0,208.0,0.17307692307692307,0.8000000000000007,0.6303030303030315,0.13533834586466215,-0.6601833842734094,5,2,3,2,0.5,0.2,0.3,0.5,9,2,9,0,0.45,0.1,0.45,0.0,24,8,28,-4,0.4,0.13333333333333333,0.4666666666666667,0.0,13.333333333333334,29.166666666666668,45.0,21.03174603174603,36.111111111111114,51.19047619047619
2019-09-04,2019-09-03,2.21,2.17,4.0,1,False,False,False,6.0,12.0,0.3333333333333333,8.0,22.0,0.22727272727272727,10.0,48.0,0.10416666666666667,-18.0,212.0,0.16981132075471697,2.2999999999999954,1.1393939393939394,0.23609022556391004,-0.6639066407335372,5,2,3,2,0.5,0.2,0.3,0.5,10,2,8,2,0.5,0.1,0.4,0.5,25,7,28,-3,0.4166666666666667,0.11666666666666667,0.4666666666666667,0.0,70.0,71.66666666666667,73.33333333333333,74.2063492063492,77.38095238095238,80.55555555555556
2019-09-05,2019-09-04,2.21,2.21,0.0,1,False,False,False,9.0,9.0,0.4444444444444444,11.0,19.0,0.2631578947368421,11.0,47.0,0.10638297872340426,-17.0,211.0,0.17061611374407584,2.2999999999999954,1.3515151515151516,0.30601503759398524,-0.6683245345929426,5,3,2,3,0.5,0.3,0.2,0.5,10,3,7,3,0.5,0.15,0.35,0.5,25,8,27,-2,0.4166666666666667,0.13333333333333333,0.45,0.0,0.0,5.833333333333333,11.666666666666666,0.0,10.317460317460318,20.634920634920636
2019-09-06,2019-09-05,2.15,2.21,-6.0,1,False,False,False,3.0,15.0,0.4,6.0,24.0,0.25,6.0,52.0,0.11538461538461539,-22.0,216.0,0.16666666666666666,0.19999999999999574,1.0363636363636346,0.2578947368421053,-0.6833287024173382,5,3,2,3,0.5,0.3,0.2,0.5,10,3,7,3,0.5,0.15,0.35,0.5,25,8,27,-2,0.4166666666666667,0.13333333333333333,0.45,0.0,85.0,86.66666666666667,88.33333333333333,86.11111111111111,86.9047619047619,87.6984126984127
2019-09-09,2019-09-06,2.12,2.15,-3.0,3,False,False,False,-4.0,14.0,0.42857142857142855,2.0,26.0,0.23076923076923078,1.0,53.0,0.11320754716981132,-23.0,217.0,0.16589861751152074,-1.599999999999997,0.5515151515151508,0.18947368421052624,-0.7054181717143652,4,3,3,1,0.4,0.3,0.3,0.0,9,3,8,1,0.45,0.15,0.4,0.0,25,8,27,-2,0.4166666666666667,0.13333333333333333,0.45,0.0,56.666666666666664,61.666666666666664,66.66666666666667,64.28571428571429,69.04761904761905,73.80952380952381
2019-09-10,2019-09-09,2.14,2.12,2.0,1,False,False,False,-3.0,15.0,0.4,4.0,28.0,0.21428571428571427,2.0,54.0,0.1111111111111111,-21.0,219.0,0.1643835616438356,-2.2999999999999954,0.15151515151515177,0.16390977443609048,-0.7229508196721312,5,2,3,2,0.5,0.2,0.3,0.5,9,3,8,1,0.45,0.15,0.4,0.0,26,7,27,-1,0.43333333333333335,0.11666666666666667,0.45,0.0,41.666666666666664,48.333333333333336,55.0,51.19047619047619,57.53968253968254,63.888888888888886
2019-09-11,2019-09-10,2.15,2.14,1.0,1,False,False,False,-6.0,12.0,0.5,0.0,24.0,0.25,-1.0,51.0,0.11764705882352941,-26.0,214.0,0.16822429906542055,-1.299999999999999,0.09090909090908977,0.21278195488721835,-0.7275076410113921,5,2,3,2,0.5,0.2,0.3,0.5,9,3,8,1,0.45,0.15,0.4,0.0,26,7,27,-1,0.43333333333333335,0.11666666666666667,0.45,0.0,11.666666666666666,25.833333333333332,40.0,20.238095238095237,35.51587301587302,50.79365079365079
2019-09-12,2019-09-11,2.2,2.15,5.0,1,False,False,False,-1.0,17.0,0.35294117647058826,8.0,26.0,0.23076923076923078,7.0,53.0,0.11320754716981132,-19.0,217.0,0.16589861751152074,1.3000000000000034,0.10303030303030325,0.2872180451127823,-0.7258127257571546,6,2,2,4,0.6,0.2,0.2,1.0,10,3,7,3,0.5,0.15,0.35,0.5,27,7,26,1,0.45,0.11666666666666667,0.43333333333333335,0.0,73.33333333333333,79.16666666666667,85.0,80.15873015873017,82.93650793650794,85.71428571428571
2019-09-13,2019-09-12,2.2,2.2,0.0,1,False,False,False,5.0,11.0,0.45454545454545453,8.0,26.0,0.23076923076923078,2.0,48.0,0.125,-16.0,214.0,0.16822429906542055,2.200000000000002,0.01818181818181968,0.43007518796992567,-0.7281467074187274,6,2,2,4,0.6,0.2,0.2,1.0,9,4,7,2,0.45,0.2,0.35,0.0,27,8,25,2,0.45,0.13333333333333333,0.4166666666666667,0.0,0.0,5.833333333333333,11.666666666666666,0.0,9.920634920634921,19.841269841269842
2019-09-16,2019-09-13,2.43,2.2,23.0,3,False,False,False,31.0,31.0,0.7419354838709677,27.0,45.0,0.5111111111111111,30.0,66.0,0.3484848484848485,7.0,237.0,0.1518987341772152,6.300000000000003,1.3575757575757603,0.819548872180452,-0.6918866351764379,6,2,2,4,0.6,0.2,0.2,1.0,10,4,6,4,0.5,0.2,0.3,0.5,28,7,25,3,0.4666666666666667,0.11666666666666667,0.4166666666666667,0.0,98.33333333333333,98.33333333333333,98.33333333333333,97.61904761904762,97.61904761904762,97.61904761904762
2019-09-17,2019-09-16,5.25,2.43,282.0,1,False,False,False,311.0,311.0,0.9067524115755627,308.0,326.0,0.8650306748466258,314.0,346.0,0.815028901734104,288.0,518.0,0.5444015444015444,64.3,17.818181818181817,5.1609022556390975,-0.19202556265629334,6,2,2,4,0.6,0.2,0.2,1.5,11,4,5,6,0.55,0.2,0.25,1.0,28,7,25,3,0.4666666666666667,0.11666666666666667,0.4166666666666667,0.0,100.0,100.0,100.0,100.0,100.0,100.0
2019-09-18,2019-09-17,2.55,5.25,-270.0,1,False,False,False,40.0,580.0,0.4862068965517241,34.0,592.0,0.47635135135135137,42.0,614.0,0.4592833876221498,16.0,786.0,0.35877862595419846,37.499999999999986,16.084848484848486,5.204511278195489,-0.1474020561267018,5,2,3,2,0.5,0.2,0.3,0.5,10,4,6,4,0.5,0.2,0.3,0.5,27,7,26,1,0.45,0.11666666666666667,0.43333333333333335,0.0,98.33333333333333,98.33333333333333,98.33333333333333,99.60317460317461,99.60317460317461,99.60317460317461
2019-09-19,2019-09-18,1.95,2.55,-60.0,1,False,False,False,-25.0,635.0,0.4440944881889764,-26.0,652.0,0.4325153374233129,-15.0,671.0,0.4202682563338301,-46.0,844.0,0.3341232227488152,-3.800000000000008,10.666666666666668,4.280451127819549,-0.1986385106974159,5,1,4,1,0.5,0.1,0.4,0.5,10,4,6,4,0.5,0.2,0.3,0.5,26,7,27,-1,0.43333333333333335,0.11666666666666667,0.45,0.0,96.66666666666667,96.66666666666667,96.66666666666667,99.2063492063492,99.2063492063492,99.2063492063492
2019-09-20,2019-09-19,1.86,1.95,-9.0,1,False,False,False,-34.0,644.0,0.43788819875776397,-29.0,655.0,0.4305343511450382,-23.0,679.0,0.41531664212076586,-57.0,851.0,0.33137485311398357,-44.400000000000006,4.672727272727271,3.2345864661654136,-0.25868296749096964,5,1,4,1,0.5,0.1,0.4,0.5,10,4,6,4,0.5,0.2,0.3,0.5,25,7,28,-3,0.4166666666666667,0.11666666666666667,0.4666666666666667,0.0,85.0,85.83333333333333,86.66666666666667,88.88888888888889,89.88095238095238,90.87301587301587
2019-09-23,2019-09-20,1.85,1.86,-1.0,3,False,False,False,-58.0,622.0,0.4533762057877814,-27.0,653.0,0.4318529862174579,-25.0,679.0,0.41531664212076586,-57.0,851.0,0.33137485311398357,-74.89999999999999,-1.2242424242424252,2.224812030075188,-0.31889413726035004,5,1,4,1,0.5,0.1,0.4,0.5,9,4,7,2,0.45,0.2,0.35,0.0,25,7,28,-3,0.4166666666666667,0.11666666666666667,0.4666666666666667,0.0,11.666666666666666,25.833333333333332,40.0,18.650793650793652,33.73015873015873,48.80952380952381
2019-09-24,2019-09-23,1.96,1.85,11.0,1,False,False,False,-329.0,351.0,0.7692307692307693,-18.0,662.0,0.4259818731117825,-14.0,690.0,0.40869565217391307,-54.0,854.0,0.33021077283372363,-12.799999999999995,-6.060606060606062,1.4097744360902256,-0.3443456515698804,5,1,4,1,0.5,0.1,0.4,0.5,10,3,7,3,0.5,0.15,0.35,0.5,25,7,28,-3,0.4166666666666667,0.11666666666666667,0.4666666666666667,0.0,88.33333333333333,89.16666666666667,90.0,91.66666666666667,92.26190476190476,92.85714285714286
2019-09-25,2019-09-24,2.01,1.96,5.0,1,False,False,False,-54.0,86.0,0.6976744186046512,-14.0,666.0,0.42342342342342343,-14.0,690.0,0.40869565217391307,-41.0,851.0,0.33137485311398357,2.1999999999999953,-10.339393939393943,0.7661654135338342,-0.3721589330369547,5,1,4,1,0.5,0.1,0.4,2.5,10,3,7,3,0.5,0.15,0.35,0.5,26,7,27,-1,0.43333333333333335,0.11666666666666667,0.45,0.0,63.333333333333336,70.0,76.66666666666667,78.17460317460318,80.95238095238095,83.73015873015873
2019-09-26,2019-09-25,1.85,2.01,-16.0,1,False,False,False,-10.0,42.0,0.38095238095238093,-35.0,677.0,0.41654357459379615,-27.0,703.0,0.4011379800853485,-66.0,858.0,0.32867132867132864,1.3999999999999968,-14.98787878787879,-0.13233082706766955,-0.4086690747429842,4,1,5,-1,0.4,0.1,0.5,-0.5,10,3,7,3,0.5,0.15,0.35,0.5,25,7,28,-3,0.4166666666666667,0.11666666666666667,0.4666666666666667,0.0,90.0,90.83333333333333,91.66666666666667,93.25396825396825,93.45238095238095,93.65079365079364
2019-09-27,2019-09-26,1.82,1.85,-3.0,1,False,False,False,-4.0,36.0,0.4444444444444444,-38.0,680.0,0.4147058823529412,-30.0,706.0,0.39943342776203966,-74.0,856.0,0.3294392523364486,-1.6999999999999993,-19.37575757575758,-1.0330827067669175,-0.43795498749652684,4,0,6,-2,0.4,0.0,0.6,-2.0,10,2,8,2,0.5,0.1,0.4,0.5,24,7,29,-5,0.4,0.11666666666666667,0.48333333333333334,0.0,48.333333333333336,53.333333333333336,58.333333333333336,61.111111111111114,66.07142857142857,71.03174603174604
2019-09-30,2019-09-27,2.35,1.82,53.0,3,True,True,False,50.0,88.0,0.6022727272727273,-8.0,710.0,0.3971830985915493,19.0,755.0,0.37350993377483444,-24.0,906.0,0.31125827814569534,5.900000000000005,-18.87878787878788,-1.0684210526315787,-0.3711586551819949,4,0,6,-2,0.4,0.0,0.6,-2.0,10,2,8,2,0.5,0.1,0.4,0.5,24,7,29,-5,0.4,0.11666666666666667,0.48333333333333334,0.0,95.0,95.0,95.0,98.41269841269842,98.41269841269842,98.41269841269842
2019-10-01,2019-09-30,1.88,2.35,-47.0,1,False,False,False,-8.0,124.0,0.4274193548387097,-337.0,475.0,0.5684210526315789,-29.0,801.0,0.352059925093633,-60.0,942.0,0.29936305732484075,2.400000000000002,-2.048484848484848,-1.78796992481203,-0.39872186718532926,3,0,7,-4,0.3,0.0,0.7,-6.0,9,2,9,0,0.45,0.1,0.45,0.0,24,7,29,-5,0.4,0.11666666666666667,0.48333333333333334,0.0,93.33333333333333,93.33333333333333,93.33333333333333,98.01587301587301,98.01587301587301,98.01587301587301
2019-10-02,2019-10-01,1.85,1.88,-3.0,1,False,False,False,-16.0,122.0,0.4344262295081967,-70.0,208.0,0.28846153846153844,-36.0,800.0,0.3525,-60.0,942.0,0.29936305732484075,0.5999999999999983,0.7030303030303031,-2.443609022556391,-0.43295359822172824,3,0,7,-4,0.3,0.0,0.7,-3.0,8,2,10,-2,0.4,0.1,0.5,-0.5,24,7,29,-5,0.4,0.11666666666666667,0.48333333333333334,0.0,48.333333333333336,53.333333333333336,58.333333333333336,60.317460317460316,65.27777777777777,70.23809523809524
2019-10-03,2019-10-02,1.84,1.85,-1.0,1,False,False,False,-1.0,107.0,0.4953271028037383,-11.0,149.0,0.35570469798657717,-37.0,801.0,0.352059925093633,-62.0,942.0,0.29936305732484075,-4.6,0.2484848484848487,-3.059398496240602,-0.4637954987496527,3,0,7,-4,0.3,0.0,0.7,-2.0,8,1,11,-3,0.4,0.05,0.55,-1.0,23,7,30,-7,0.38333333333333336,0.11666666666666667,0.5,-0.5,11.666666666666666,25.833333333333332,40.0,17.857142857142858,32.93650793650794,48.01587301587302
2019-10-04,2019-10-03,1.82,1.84,-2.0,1,False,False,False,0.0,106.0,0.5,-4.0,142.0,0.3732394366197183,-33.0,797.0,0.35382685069008785,-59.0,939.0,0.3003194888178914,-10.999999999999998,-0.781818181818181,-3.742857142857143,-0.5029452625729369,3,0,7,-4,0.3,0.0,0.7,-1.5,8,1,11,-3,0.4,0.05,0.55,-1.0,23,7,30,-7,0.38333333333333336,0.11666666666666667,0.5,-0.5,40.0,44.166666666666664,48.333333333333336,48.41269841269841,54.56349206349206,60.714285714285715
2019-10-07,2019-10-04,1.83,1.82,1.0,3,False,False,False,-52.0,54.0,0.8703703703703703,-2.0,142.0,0.3732394366197183,-29.0,795.0,0.35471698113207545,-53.0,935.0,0.3016042780748663,-1.2999999999999967,-1.775757575757574,-4.409774436090227,-0.5456515698805223,4,0,6,-2,0.4,0.0,0.6,-1.5,9,1,10,-1,0.45,0.05,0.5,-0.5,24,7,29,-5,0.4,0.11666666666666667,0.48333333333333334,0.0,11.666666666666666,25.833333333333332,40.0,17.857142857142858,33.13492063492063,48.41269841269841
2019-10-08,2019-10-07,1.85,1.83,2.0,1,False,False,False,-3.0,9.0,0.3333333333333333,-11.0,133.0,0.39849624060150374,-29.0,795.0,0.35471698113207545,-61.0,927.0,0.3042071197411003,-0.10000000000000009,-1.9030303030303013,-4.972932330827068,-0.5651847735482077,4,0,6,-2,0.4,0.0,0.6,-1.5,9,1,10,-1,0.45,0.05,0.5,-0.5,24,7,29,-5,0.4,0.11666666666666667,0.48333333333333334,0.0,41.666666666666664,46.666666666666664,51.666666666666664,48.80952380952381,54.96031746031746,61.111111111111114
2019-10-09,2019-10-08,1.85,1.85,0.0,1,False,False,False,0.0,6.0,0.3333333333333333,-16.0,128.0,0.4140625,-30.0,794.0,0.35516372795969775,-62.0,926.0,0.3045356371490281,0.5000000000000004,-1.5636363636363633,-5.476691729323308,-0.5796332314531814,3,1,6,-3,0.3,0.1,0.6,-1.5,8,2,10,-2,0.4,0.1,0.5,-0.5,23,8,29,-6,0.38333333333333336,0.13333333333333333,0.48333333333333334,0.0,0.0,5.833333333333333,11.666666666666666,0.0,8.73015873015873,17.46031746031746
2019-10-10,2019-10-09,1.85,1.85,0.0,1,False,False,False,1.0,5.0,0.4,0.0,112.0,0.4732142857142857,-35.0,789.0,0.3574144486692015,-62.0,926.0,0.3045356371490281,0.8000000000000007,-2.0969696969696963,-5.856390977443609,-0.590636287857738,3,2,5,-2,0.3,0.2,0.5,-0.5,7,3,10,-3,0.35,0.15,0.5,-0.5,23,8,29,-6,0.38333333333333336,0.13333333333333333,0.48333333333333334,0.0,0.0,6.666666666666667,13.333333333333334,0.0,8.928571428571429,17.857142857142858
2019-10-11,2019-10-10,1.85,1.85,0.0,1,False,False,False,3.0,3.0,0.6666666666666666,3.0,109.0,0.48623853211009177,-35.0,789.0,0.3574144486692015,-61.0,925.0,0.30486486486486486,0.40000000000000036,-2.8303030303030297,-6.1834586466165415,-0.5998888580161155,3,3,4,-1,0.3,0.3,0.4,0.0,7,3,10,-3,0.35,0.15,0.5,-0.5,23,9,28,-5,0.38333333333333336,0.15,0.4666666666666667,0.0,0.0,6.666666666666667,13.333333333333334,0.0,9.126984126984127,18.253968253968253
2019-10-15,2019-10-11,2.0,1.85,15.0,4,False,False,False,17.0,17.0,0.8823529411764706,-35.0,71.0,0.6619718309859155,-43.0,781.0,0.36107554417413573,-41.0,935.0,0.3016042780748663,2.9999999999999982,0.7515151515151522,-5.880451127819549,-0.5896360100027784,3,3,4,-1,0.3,0.3,0.4,0.0,7,3,10,-3,0.35,0.15,0.5,-0.5,24,9,27,-3,0.4,0.15,0.45,0.0,85.0,85.0,85.0,92.06349206349206,92.26190476190476,92.46031746031746
2019-10-16,2019-10-15,2.05,2.0,5.0,1,False,False,False,20.0,20.0,0.75,17.0,29.0,0.5172413793103449,-320.0,504.0,0.5357142857142857,-35.0,939.0,0.3003194888178914,5.499999999999994,1.8969696969696952,-0.9887218045112779,-0.5706029452625728,4,3,3,1,0.4,0.3,0.3,0.0,7,3,10,-3,0.35,0.15,0.5,-0.5,25,9,26,-1,0.4166666666666667,0.15,0.43333333333333335,0.0,68.33333333333333,72.5,76.66666666666667,76.98412698412699,79.96031746031746,82.93650793650794
2019-10-17,2019-10-16,1.95,2.05,-10.0,1,False,False,False,10.0,30.0,0.5,10.0,36.0,0.4166666666666667,-60.0,244.0,0.2459016393442623,-45.0,949.0,0.2971548998946259,3.9999999999999942,2.090909090909089,-0.021804511278195528,-0.5660183384273408,4,3,3,1,0.4,0.3,0.3,0.0,7,3,10,-3,0.35,0.15,0.5,-0.5,25,8,27,-2,0.4166666666666667,0.13333333333333333,0.45,0.0,81.66666666666667,81.66666666666667,81.66666666666667,89.28571428571429,89.68253968253968,90.07936507936508
2019-10-18,2019-10-17,1.88,1.95,-7.0,1,False,False,False,3.0,37.0,0.40540540540540543,4.0,42.0,0.35714285714285715,-7.0,191.0,0.2774869109947644,-53.0,955.0,0.29528795811518327,0.09999999999999565,1.7151515151515127,-0.012030075187970219,-0.5687135315365378,4,3,3,1,0.4,0.3,0.3,0.0,7,3,10,-3,0.35,0.15,0.5,-0.5,24,8,28,-4,0.4,0.13333333333333333,0.4666666666666667,0.0,78.33333333333333,78.33333333333333,78.33333333333333,84.12698412698413,84.72222222222223,85.31746031746032
2019-10-21,2019-10-18,1.86,1.88,-2.0,3,False,False,False,1.0,39.0,0.38461538461538464,4.0,42.0,0.35714285714285715,0.0,184.0,0.28804347826086957,-56.0,956.0,0.29497907949790797,-4.499999999999997,1.048484848484847,-0.16240601503759408,-0.5700472353431508,4,3,3,1,0.4,0.3,0.3,0.0,7,3,10,-3,0.35,0.15,0.5,-0.5,23,8,29,-6,0.38333333333333336,0.13333333333333333,0.48333333333333334,0.0,36.666666666666664,42.5,48.333333333333336,48.41269841269841,54.166666666666664,59.92063492063492
2019-10-22,2019-10-21,1.87,1.86,1.0,1,False,False,False,-13.0,25.0,0.4,4.0,42.0,0.35714285714285715,2.0,184.0,0.28804347826086957,-54.0,956.0,0.29497907949790797,-4.499999999999993,0.45454545454545375,-0.3142857142857141,-0.5683245345929424,4,3,3,1,0.4,0.3,0.3,0.0,8,3,9,-1,0.4,0.15,0.45,0.0,24,8,28,-4,0.4,0.13333333333333333,0.4666666666666667,0.0,13.333333333333334,24.166666666666668,35.0,18.253968253968253,33.333333333333336,48.41269841269841
2019-10-23,2019-10-22,1.87,1.87,0.0,1,False,False,False,-18.0,20.0,0.5,2.0,40.0,0.375,-9.0,173.0,0.3063583815028902,-53.0,955.0,0.29528795811518327,-1.699999999999995,-0.05454545454545446,-0.29548872180451113,-0.5652959155320921,3,4,3,0,0.3,0.4,0.3,0.0,7,4,9,-2,0.35,0.2,0.45,0.0,24,9,27,-3,0.4,0.15,0.45,0.0,0.0,6.666666666666667,13.333333333333334,0.0,8.928571428571429,17.857142857142858
2019-10-24,2019-10-23,1.86,1.87,-1.0,1,False,False,False,-9.0,11.0,0.6363636363636364,1.0,41.0,0.36585365853658536,-15.0,169.0,0.3136094674556213,-53.0,955.0,0.29528795811518327,-0.2999999999999958,-0.6424242424242415,-0.19849624060150384,-0.5626562934148372,3,3,4,-1,0.3,0.3,0.4,0.0,6,4,10,-4,0.3,0.2,0.5,-0.5,24,9,27,-3,0.4,0.15,0.45,0.0,15.0,25.0,35.0,18.253968253968253,33.333333333333336,48.41269841269841
2019-10-25,2019-10-24,1.84,1.86,-2.0,1,False,False,False,-4.0,6.0,0.3333333333333333,-1.0,43.0,0.3488372093023256,-1.0,155.0,0.3419354838709677,-71.0,941.0,0.29968119022316686,-0.5000000000000004,-1.35151515151515,-0.3601503759398496,-0.533231453181439,3,2,5,-2,0.3,0.2,0.5,-0.5,6,4,10,-4,0.3,0.2,0.5,-0.5,23,9,28,-5,0.38333333333333336,0.15,0.4666666666666667,0.0,35.0,41.666666666666664,48.333333333333336,48.41269841269841,54.36507936507937,60.317460317460316
2019-10-28,2019-10-25,1.82,1.84,-2.0,3,False,False,False,-4.0,6.0,0.3333333333333333,-3.0,45.0,0.3333333333333333,0.0,154.0,0.34415584415584416,-37.0,907.0,0.31091510474090406,-1.3000000000000012,-2.157575757575755,-0.5962406015037593,-0.5641567101972769,3,1,6,-3,0.3,0.1,0.6,-1.5,6,4,10,-4,0.3,0.2,0.5,-0.5,23,9,28,-5,0.38333333333333336,0.15,0.4666666666666667,0.0,35.0,42.5,50.0,48.01587301587302,54.166666666666664,60.317460317460316
2019-10-29,2019-10-28,1.81,1.82,-1.0,1,False,False,False,-6.0,6.0,0.3333333333333333,-19.0,31.0,0.3225806451612903,-54.0,102.0,0.46078431372549017,-38.0,908.0,0.31057268722466963,-1.6000000000000014,-1.9818181818181795,-0.009774436090225406,-0.5946651847735481,2,1,7,-5,0.2,0.1,0.7,-1.5,5,4,11,-6,0.25,0.2,0.55,-1.0,23,8,29,-6,0.38333333333333336,0.13333333333333333,0.48333333333333334,0.0,15.0,25.0,35.0,17.857142857142858,32.73809523809524,47.61904761904762
2019-10-30,2019-10-29,1.82,1.81,1.0,1,False,False,False,-5.0,7.0,0.2857142857142857,-23.0,27.0,0.37037037037037035,-6.0,56.0,0.26785714285714285,-31.0,903.0,0.3122923588039867,-1.100000000000001,-1.1878787878787869,-0.06992481203007524,-0.631592108919144,2,1,7,-5,0.2,0.1,0.7,-1.5,6,4,10,-4,0.3,0.2,0.5,-0.5,24,8,28,-4,0.4,0.13333333333333333,0.4666666666666667,0.0,13.333333333333334,24.166666666666668,35.0,17.857142857142858,32.73809523809524,47.61904761904762
2019-10-31,2019-10-30,1.76,1.82,-6.0,1,True,False,False,-10.0,12.0,0.5,-19.0,23.0,0.30434782608695654,-9.0,59.0,0.2542372881355932,-35.0,907.0,0.31091510474090406,-1.6000000000000014,-1.109090909090909,-0.2541353383458647,-0.6800222283967767,2,1,7,-5,0.2,0.1,0.7,-1.5,6,4,10,-4,0.3,0.2,0.5,-0.5,24,8,28,-4,0.4,0.13333333333333333,0.4666666666666667,0.0,78.33333333333333,79.16666666666667,80.0,82.14285714285714,82.93650793650794,83.73015873015873
2019-11-01,2019-10-31,1.58,1.76,-18.0,1,False,False,False,-26.0,28.0,0.6428571428571429,-30.0,34.0,0.5294117647058824,-26.0,76.0,0.23684210526315788,-52.0,924.0,0.3051948051948052,-5.3,-2.248484848484849,-0.6977443609022556,-0.7577104751319809,2,1,7,-5,0.2,0.1,0.7,-1.5,6,4,10,-4,0.3,0.2,0.5,-0.5,24,8,28,-4,0.4,0.13333333333333333,0.4666666666666667,0.0,90.0,90.0,90.0,93.25396825396825,93.25396825396825,93.25396825396825
2019-11-04,2019-11-01,1.56,1.58,-2.0,3,False,False,False,-26.0,28.0,0.6428571428571429,-30.0,34.0,0.5294117647058824,-26.0,76.0,0.23684210526315788,-53.0,925.0,0.30486486486486486,-7.4,-3.2666666666666675,-1.1624060150375939,-0.837482634065018,2,1,7,-5,0.2,0.1,0.7,-1.5,6,4,10,-4,0.3,0.2,0.5,-0.5,24,8,28,-4,0.4,0.13333333333333333,0.4666666666666667,0.0,35.0,42.5,50.0,46.82539682539682,53.17460317460318,59.523809523809526
2019-11-05,2019-11-04,1.58,1.56,2.0,1,False,False,False,-23.0,29.0,0.6206896551724138,-29.0,35.0,0.5142857142857142,-25.0,77.0,0.23376623376623376,-53.0,925.0,0.30486486486486486,-6.8,-3.745454545454546,-1.5436090225563905,-0.9076410113920532,2,1,7,-5,0.2,0.1,0.7,-1.5,6,4,10,-4,0.3,0.2,0.5,-0.5,24,8,28,-4,0.4,0.13333333333333333,0.4666666666666667,0.0,33.333333333333336,41.666666666666664,50.0,46.42857142857143,52.976190476190474,59.523809523809526
2019-11-06,2019-11-05,1.57,1.58,-1.0,1,False,False,False,-25.0,29.0,0.6206896551724138,-30.0,36.0,0.5,-28.0,76.0,0.23684210526315788,-55.0,925.0,0.30486486486486486,-3.7999999999999985,-3.9272727272727272,-1.8699248120300749,-0.9747985551542095,2,0,8,-6,0.2,0.0,0.8,-1.5,5,4,11,-6,0.25,0.2,0.55,-1.0,23,8,29,-6,0.38333333333333336,0.13333333333333333,0.48333333333333334,0.0,13.333333333333334,23.333333333333332,33.333333333333336,17.063492063492063,31.746031746031747,46.42857142857143
2019-11-07,2019-11-06,1.56,1.57,-1.0,1,False,False,False,-20.0,24.0,0.75,-30.0,36.0,0.5,-29.0,77.0,0.23376623376623376,-60.0,922.0,0.30585683297180044,-0.30000000000000027,-3.8666666666666667,-2.1684210526315786,-1.0337593776048901,2,0,8,-6,0.2,0.0,0.8,-1.5,5,3,12,-7,0.25,0.15,0.6,-1.0,22,8,30,-8,0.36666666666666664,0.13333333333333333,0.5,-0.5,13.333333333333334,23.333333333333332,33.333333333333336,16.666666666666668,31.547619047619047,46.42857142857143
2019-11-08,2019-11-07,1.56,1.56,0.0,1,False,False,False,-2.0,6.0,0.3333333333333333,-28.0,34.0,0.5294117647058824,-29.0,77.0,0.23376623376623376,-57.0,919.0,0.3068552774755169,-0.20000000000000018,-3.5757575757575757,-2.4233082706766913,-1.0944706863017506,2,1,7,-5,0.2,0.1,0.7,-1.0,5,3,12,-7,0.25,0.15,0.6,-1.0,22,9,29,-7,0.36666666666666664,0.15,0.48333333333333334,0.0,0.0,6.666666666666667,13.333333333333334,0.0,8.333333333333334,16.666666666666668
2019-11-12,2019-11-08,1.57,1.56,1.0,4,False,False,False,1.0,5.0,0.4,-25.0,33.0,0.5454545454545454,-28.0,78.0,0.23076923076923078,-61.0,915.0,0.3081967213114754,-0.30000000000000027,-3.0242424242424244,-2.620300751879699,-1.1419005279244234,3,1,6,-3,0.3,0.1,0.6,-1.0,6,2,12,-6,0.3,0.1,0.6,-1.0,22,9,29,-7,0.36666666666666664,0.15,0.48333333333333334,0.0,15.0,25.833333333333332,36.666666666666664,17.063492063492063,31.944444444444443,46.82539682539682
2019-11-13,2019-11-12,1.57,1.57,0.0,1,False,False,False,-1.0,3.0,0.3333333333333333,-24.0,32.0,0.5625,-43.0,63.0,0.2857142857142857,-56.0,910.0,0.3098901098901099,0.10000000000000009,-2.236363636363636,-2.5383458646616535,-1.1944151153098082,3,2,5,-2,0.3,0.2,0.5,-0.5,5,3,12,-7,0.25,0.15,0.6,-1.0,22,10,28,-6,0.36666666666666664,0.16666666666666666,0.4666666666666667,0.0,0.0,7.5,15.0,0.0,8.531746031746032,17.063492063492063
2019-11-14,2019-11-13,1.58,1.57,1.0,1,False,False,False,1.0,3.0,0.3333333333333333,-24.0,32.0,0.5625,-47.0,59.0,0.3050847457627119,-53.0,909.0,0.3102310231023102,0.5000000000000004,-1.036363636363636,-2.2984962406015033,-1.2455682133926091,3,2,5,-2,0.3,0.2,0.5,-0.5,5,3,12,-7,0.25,0.15,0.6,-1.0,23,10,27,-4,0.38333333333333336,0.16666666666666666,0.45,0.0,16.666666666666668,28.333333333333332,40.0,17.46031746031746,32.53968253968254,47.61904761904762
2019-11-15,2019-11-14,1.59,1.58,1.0,1,False,False,False,3.0,3.0,0.3333333333333333,-17.0,27.0,0.6666666666666666,-36.0,50.0,0.36,-54.0,908.0,0.31057268722466963,0.7000000000000006,0.10909090909090918,-2.1315789473684212,-1.2887468741317032,4,2,4,0,0.4,0.2,0.4,0.0,6,3,11,-5,0.3,0.15,0.55,-1.0,23,10,27,-4,0.38333333333333336,0.16666666666666666,0.45,0.0,16.666666666666668,29.166666666666668,41.666666666666664,17.46031746031746,32.73809523809524,48.01587301587302
2019-11-18,2019-11-15,1.56,1.59,-3.0,3,False,False,False,0.0,6.0,0.5,-2.0,12.0,0.25,-32.0,46.0,0.391304347826087,-54.0,908.0,0.31057268722466963,0.0,0.09696969696969705,-2.0639097744360906,-1.3389274798555153,4,2,4,0,0.4,0.2,0.4,0.0,6,3,11,-5,0.3,0.15,0.55,-1.0,23,10,27,-4,0.38333333333333336,0.16666666666666666,0.45,0.0,56.666666666666664,60.833333333333336,65.0,61.111111111111114,65.27777777777777,69.44444444444444
2019-11-19,2019-11-18,1.57,1.56,1.0,1,False,False,False,0.0,6.0,0.5,1.0,11.0,0.2727272727272727,-29.0,45.0,0.4,-52.0,908.0,0.31057268722466963,-0.20000000000000018,0.03030303030303033,-1.9654135338345864,-1.3861628230063907,5,2,3,2,0.5,0.2,0.3,0.5,7,3,10,-3,0.35,0.15,0.5,-0.5,24,10,26,-2,0.4,0.16666666666666666,0.43333333333333335,0.0,16.666666666666668,30.0,43.333333333333336,17.063492063492063,32.34126984126984,47.61904761904762
2019-11-20,2019-11-19,1.57,1.57,0.0,1,False,False,False,0.0,6.0,0.5,-1.0,9.0,0.3333333333333333,-30.0,44.0,0.4090909090909091,-53.0,907.0,0.31091510474090406,-0.40000000000000036,0.08484848484848492,-1.8075187969924815,-1.428813559322034,4,3,3,1,0.4,0.3,0.3,0.0,6,4,10,-4,0.3,0.2,0.5,-0.5,23,11,26,-3,0.38333333333333336,0.18333333333333332,0.43333333333333335,0.0,0.0,8.333333333333334,16.666666666666668,0.0,8.333333333333334,16.666666666666668
2019-11-21,2019-11-20,1.58,1.57,1.0,1,False,False,False,0.0,6.0,0.5,1.0,9.0,0.3333333333333333,-29.0,45.0,0.4,-52.0,908.0,0.31057268722466963,-0.10000000000000009,0.13939393939393951,-1.5902255639097744,-1.466879688802445,5,3,2,3,0.5,0.3,0.2,0.5,7,3,10,-3,0.35,0.15,0.5,-0.5,24,10,26,-2,0.4,0.16666666666666666,0.43333333333333335,0.0,18.333333333333332,30.833333333333332,43.333333333333336,17.063492063492063,32.53968253968254,48.01587301587302
2019-11-22,2019-11-21,1.58,1.58,0.0,1,False,False,False,-1.0,5.0,0.6,2.0,8.0,0.375,-28.0,44.0,0.4090909090909091,-57.0,903.0,0.3122923588039867,0.5000000000000004,0.11515151515151525,-1.3451127819548871,-1.493581550430675,5,4,1,4,0.5,0.4,0.1,0.5,7,4,9,-2,0.35,0.2,0.45,0.0,23,11,26,-3,0.38333333333333336,0.18333333333333332,0.43333333333333335,0.0,0.0,8.333333333333334,16.666666666666668,0.0,8.531746031746032,17.063492063492063
2019-11-25,2019-11-22,1.56,1.58,-2.0,3,False,False,False,0.0,4.0,0.5,0.0,10.0,0.3,-28.0,44.0,0.4090909090909091,-56.0,902.0,0.31263858093126384,-0.10000000000000009,-0.04242424242424246,-1.1180451127819548,-1.5254792998055016,5,3,2,3,0.5,0.3,0.2,0.5,7,4,9,-2,0.35,0.2,0.45,0.0,23,11,26,-3,0.38333333333333336,0.18333333333333332,0.43333333333333335,0.0,45.0,51.666666666666664,58.333333333333336,48.80952380952381,54.96031746031746,61.111111111111114
2019-11-26,2019-11-25,1.54,1.56,-2.0,1,False,False,False,-3.0,5.0,0.4,-3.0,11.0,0.2727272727272727,-28.0,44.0,0.4090909090909091,-58.0,904.0,0.31194690265486724,-0.8000000000000007,-0.24242424242424265,-0.9090225563909774,-1.5575437621561543,4,3,3,1,0.4,0.3,0.3,0.0,7,4,9,-2,0.35,0.2,0.45,0.0,23,10,27,-4,0.38333333333333336,0.16666666666666666,0.45,0.0,45.0,52.5,60.0,48.80952380952381,55.15873015873016,61.507936507936506
2019-11-27,2019-11-26,1.55,1.54,1.0,1,False,False,False,-2.0,6.0,0.3333333333333333,-2.0,12.0,0.25,-26.0,44.0,0.4090909090909091,-61.0,901.0,0.3129855715871254,-1.0000000000000009,-0.35151515151515184,-0.6593984962406015,-1.5779661016949154,5,2,3,2,0.5,0.2,0.3,0.5,8,4,8,0,0.4,0.2,0.4,0.0,23,10,27,-4,0.38333333333333336,0.16666666666666666,0.45,0.0,16.666666666666668,30.0,43.333333333333336,17.46031746031746,33.13492063492063,48.80952380952381
2019-11-29,2019-11-27,1.65,1.55,10.0,2,True,False,False,7.0,15.0,0.6666666666666666,7.0,21.0,0.47619047619047616,-17.0,53.0,0.33962264150943394,-52.0,910.0,0.3098901098901099,1.2999999999999967,0.1757575757575747,-0.2120300751879701,-1.5769102528480132,5,2,3,2,0.5,0.2,0.3,0.5,8,4,8,0,0.4,0.2,0.4,0.0,23,10,27,-4,0.38333333333333336,0.16666666666666666,0.45,0.0,81.66666666666667,82.5,83.33333333333333,88.4920634920635,89.08730158730158,89.68253968253968
2019-12-02,2019-11-29,1.63,1.65,-2.0,3,False,False,False,5.0,17.0,0.5882352941176471,4.0,22.0,0.45454545454545453,-13.0,49.0,0.3673469387755102,-58.0,908.0,0.31057268722466963,2.4999999999999956,0.5757575757575741,0.13759398496240555,-1.5694637399277578,4,2,4,0,0.4,0.2,0.4,0.0,8,4,8,0,0.4,0.2,0.4,0.0,22,10,28,-6,0.36666666666666664,0.16666666666666666,0.4666666666666667,0.0,43.333333333333336,51.666666666666664,60.0,49.20634920634921,55.55555555555556,61.904761904761905
2019-12-03,2019-12-02,1.55,1.63,-8.0,1,False,False,False,-1.0,23.0,0.43478260869565216,-1.0,27.0,0.37037037037037035,-3.0,39.0,0.2564102564102564,-66.0,916.0,0.3078602620087336,0.9999999999999986,0.2909090909090895,0.10827067669172889,-1.5719088635732148,4,2,4,0,0.4,0.2,0.4,0.0,8,4,8,0,0.4,0.2,0.4,0.0,22,9,29,-7,0.36666666666666664,0.15,0.48333333333333334,0.0,78.33333333333333,78.33333333333333,78.33333333333333,84.92063492063492,85.51587301587301,86.11111111111111
2019-12-04,2019-12-03,1.54,1.55,-1.0,1,False,False,False,0.0,22.0,0.45454545454545453,-3.0,27.0,0.37037037037037035,-2.0,38.0,0.2631578947368421,-61.0,911.0,0.30954994511525796,-1.1999999999999988,0.030303030303029253,0.03759398496240558,-1.582495137538205,3,2,5,-2,0.3,0.2,0.5,-0.5,8,4,8,0,0.4,0.2,0.4,0.0,22,9,29,-7,0.36666666666666664,0.15,0.48333333333333334,0.0,15.0,28.333333333333332,41.666666666666664,17.063492063492063,32.73809523809524,48.41269841269841
2019-12-05,2019-12-04,1.55,1.54,1.0,1,False,False,False,0.0,22.0,0.45454545454545453,-2.0,28.0,0.35714285714285715,-3.0,37.0,0.2702702702702703,-57.0,909.0,0.3102310231023102,-2.899999999999996,-0.13939393939394007,0.015789473684210138,-1.5931369824951376,4,1,5,-1,0.4,0.1,0.5,-0.5,8,4,8,0,0.4,0.2,0.4,0.0,23,9,28,-5,0.38333333333333336,0.15,0.4666666666666667,0.0,15.0,29.166666666666668,43.333333333333336,17.063492063492063,32.93650793650794,48.80952380952381
2019-12-06,2019-12-05,1.55,1.55,0.0,1,False,False,False,-10.0,12.0,0.6666666666666666,-3.0,27.0,0.37037037037037035,-2.0,36.0,0.2777777777777778,-59.0,907.0,0.31091510474090406,-1.599999999999997,-0.21818181818181837,-0.017293233082707117,-1.5972214504028897,3,2,5,-2,0.3,0.2,0.5,-0.5,8,5,7,1,0.4,0.25,0.35,0.0,22,10,28,-6,0.36666666666666664,0.16666666666666666,0.4666666666666667,0.0,0.0,7.5,15.0,0.0,8.531746031746032,17.063492063492063
2019-12-09,2019-12-06,1.56,1.55,1.0,3,False,False,False,-7.0,11.0,0.7272727272727273,-2.0,28.0,0.35714285714285715,0.0,36.0,0.2777777777777778,-59.0,907.0,0.31091510474090406,0.30000000000000027,-0.20606060606060572,-0.04887218045112813,-1.5946929702695192,4,1,5,-1,0.4,0.1,0.5,-0.5,9,5,6,3,0.45,0.25,0.3,0.0,22,10,28,-6,0.36666666666666664,0.16666666666666666,0.4666666666666667,0.0,16.666666666666668,31.666666666666668,46.666666666666664,17.46031746031746,33.53174603174603,49.6031746031746
2019-12-10,2019-12-09,1.55,1.56,-1.0,1,False,False,False,0.0,4.0,0.25,-1.0,27.0,0.37037037037037035,-1.0,37.0,0.2702702702702703,-65.0,903.0,0.3122923588039867,0.30000000000000027,-0.3575757575757568,-0.09473684210526345,-1.5820505696026674,4,1,5,-1,0.4,0.1,0.5,-0.5,9,4,7,2,0.45,0.2,0.35,0.0,21,10,29,-8,0.35,0.16666666666666666,0.48333333333333334,0.0,16.666666666666668,31.666666666666668,46.666666666666664,17.46031746031746,33.73015873015873,50.0
2019-12-11,2019-12-10,1.54,1.55,-1.0,1,False,False,False,0.0,4.0,0.25,0.0,26.0,0.38461538461538464,-3.0,37.0,0.2702702702702703,-66.0,904.0,0.31194690265486724,-0.20000000000000018,-0.6848484848484838,-0.13759398496240627,-1.5674353987218672,4,1,5,-1,0.4,0.1,0.5,-0.5,8,4,8,0,0.4,0.2,0.4,0.0,21,9,30,-9,0.35,0.15,0.5,-0.5,16.666666666666668,32.5,48.333333333333336,17.46031746031746,33.92857142857143,50.3968253968254
2019-12-12,2019-12-11,1.53,1.54,-1.0,1,False,False,False,-2.0,4.0,0.25,-2.0,26.0,0.38461538461538464,-4.0,38.0,0.2631578947368421,-90.0,882.0,0.3197278911564626,-0.6000000000000005,-0.9999999999999988,-0.19022556390977466,-1.5118088357877189,3,1,6,-3,0.3,0.1,0.6,-1.0,8,3,9,-1,0.4,0.15,0.45,0.0,20,9,31,-11,0.3333333333333333,0.15,0.5166666666666667,-1.0,15.0,31.666666666666668,48.333333333333336,17.46031746031746,34.12698412698413,50.79365079365079
2019-12-13,2019-12-12,1.54,1.53,1.0,1,False,False,False,-1.0,5.0,0.2,-11.0,17.0,0.47058823529411764,-4.0,38.0,0.2631578947368421,-371.0,601.0,0.4492512479201331,-0.6000000000000005,-0.569696969696969,-0.2067669172932333,-0.9715754376215613,3,1,6,-3,0.3,0.1,0.6,-1.0,8,3,9,-1,0.4,0.15,0.45,0.0,20,9,31,-11,0.3333333333333333,0.15,0.5166666666666667,-1.0,15.0,32.5,50.0,17.46031746031746,34.32539682539682,51.19047619047619
2019-12-16,2019-12-13,1.62,1.54,8.0,3,False,False,False,6.0,12.0,0.6666666666666666,-1.0,23.0,0.34782608695652173,3.0,45.0,0.2222222222222222,-93.0,339.0,0.17699115044247787,1.4000000000000012,0.2969696969696972,-0.08721804511278197,-0.8552375659905529,4,1,5,-1,0.4,0.1,0.5,-0.5,8,3,9,-1,0.4,0.15,0.45,0.0,21,9,30,-9,0.35,0.15,0.5,-0.5,80.0,80.83333333333333,81.66666666666667,84.92063492063492,85.51587301587301,86.11111111111111
2019-12-17,2019-12-16,1.54,1.62,-8.0,1,False,False,False,-1.0,19.0,0.42105263157894735,-1.0,23.0,0.34782608695652173,-2.0,50.0,0.2,-41.0,287.0,0.18466898954703834,0.9000000000000007,0.20606060606060622,-0.1338345864661654,-0.8485412614615171,4,1,5,-1,0.4,0.1,0.5,-0.5,8,3,9,-1,0.4,0.15,0.45,0.0,21,9,30,-9,0.35,0.15,0.5,-0.5,80.0,81.66666666666667,83.33333333333333,84.52380952380952,85.31746031746032,86.11111111111111
2019-12-18,2019-12-17,1.53,1.54,-1.0,1,False,False,False,-1.0,19.0,0.42105263157894735,-1.0,23.0,0.34782608695652173,-4.0,50.0,0.2,-33.0,279.0,0.18996415770609318,0.0,0.006060606060606066,-0.17593984962406012,-0.8564601278132815,4,1,5,-1,0.4,0.1,0.5,-0.5,7,3,10,-3,0.35,0.15,0.5,-0.5,21,9,30,-9,0.35,0.15,0.5,-0.5,15.0,33.333333333333336,51.666666666666664,17.46031746031746,34.12698412698413,50.79365079365079
2019-12-19,2019-12-18,1.53,1.53,0.0,1,False,False,False,0.0,18.0,0.4444444444444444,-2.0,22.0,0.36363636363636365,-4.0,50.0,0.2,-32.0,278.0,0.1906474820143885,-1.100000000000001,-0.11515151515151525,-0.21203007518796985,-0.8642400666851903,3,2,5,-2,0.3,0.2,0.5,-0.5,7,3,10,-3,0.35,0.15,0.5,-0.5,21,10,29,-8,0.35,0.16666666666666666,0.48333333333333334,0.0,0.0,7.5,15.0,0.0,8.531746031746032,17.063492063492063
2019-12-20,2019-12-19,1.53,1.53,0.0,1,False,False,False,-1.0,17.0,0.47058823529411764,-2.0,22.0,0.36363636363636365,-5.0,49.0,0.20408163265306123,-43.0,267.0,0.19850187265917604,-1.9000000000000017,-0.2121212121212123,-0.22631578947368403,-0.8515976660183384,3,2,5,-2,0.3,0.2,0.5,-0.5,6,4,10,-4,0.3,0.2,0.5,-0.5,20,11,29,-9,0.3333333333333333,0.18333333333333332,0.48333333333333334,0.0,0.0,8.333333333333334,16.666666666666668,0.0,8.73015873015873,17.46031746031746
2019-12-23,2019-12-20,1.52,1.53,-1.0,3,False,False,False,-10.0,10.0,0.8,-4.0,22.0,0.36363636363636365,-6.0,50.0,0.2,-49.0,263.0,0.20152091254752852,-0.40000000000000036,-0.272727272727273,-0.24736842105263138,-0.8297304806890803,2,2,6,-4,0.2,0.2,0.6,-1.0,6,3,11,-5,0.3,0.15,0.55,-1.0,19,11,30,-11,0.31666666666666665,0.18333333333333332,0.5,-0.5,18.333333333333332,36.666666666666664,55.0,17.857142857142858,34.523809523809526,51.19047619047619
2019-12-24,2019-12-23,1.52,1.52,0.0,1,False,False,False,-2.0,2.0,0.5,-3.0,21.0,0.38095238095238093,-4.0,48.0,0.20833333333333334,-33.0,247.0,0.2145748987854251,-0.30000000000000027,-0.35151515151515184,-0.2909774436090224,-0.8322589608224508,2,3,5,-3,0.2,0.3,0.5,-0.5,6,4,10,-4,0.3,0.2,0.5,-0.5,19,12,29,-10,0.31666666666666665,0.2,0.48333333333333334,0.0,0.0,9.166666666666666,18.333333333333332,0.0,8.928571428571429,17.857142857142858
2019-12-26,2019-12-24,1.52,1.52,0.0,2,False,False,False,-1.0,1.0,1.0,-2.0,20.0,0.4,-2.0,46.0,0.21739130434782608,-30.0,244.0,0.21721311475409835,-0.30000000000000027,-0.460606060606061,-0.3601503759398494,-0.8380383439844401,2,4,4,-2,0.2,0.4,0.4,0.0,6,5,9,-3,0.3,0.25,0.45,0.0,19,13,28,-9,0.31666666666666665,0.21666666666666667,0.4666666666666667,0.0,0.0,10.0,20.0,0.0,9.126984126984127,18.253968253968253
2019-12-27,2019-12-26,1.53,1.52,1.0,1,False,False,False,0.0,2.0,0.5,0.0,20.0,0.4,-2.0,46.0,0.21739130434782608,-82.0,192.0,0.24479166666666666,0.0,-0.5575757575757581,-0.3962406015037591,-0.750680744651292,3,4,3,0,0.3,0.4,0.3,0.0,6,5,9,-3,0.3,0.25,0.45,0.0,19,13,28,-9,0.31666666666666665,0.21666666666666667,0.4666666666666667,0.0,21.666666666666668,40.833333333333336,60.0,18.650793650793652,35.317460317460316,51.98412698412698
2019-12-30,2019-12-27,1.54,1.53,1.0,3,False,False,False,1.0,3.0,0.3333333333333333,0.0,20.0,0.4,-11.0,37.0,0.21621621621621623,-34.0,146.0,0.1232876712328767,0.5000000000000004,-0.5333333333333339,-0.25714285714285706,-0.7367879966657405,3,4,3,0,0.3,0.4,0.3,0.0,6,5,9,-3,0.3,0.25,0.45,0.0,20,13,27,-7,0.3333333333333333,0.21666666666666667,0.45,0.0,21.666666666666668,41.666666666666664,61.666666666666664,18.650793650793652,35.317460317460316,51.98412698412698
2019-12-31,2019-12-30,1.55,1.54,1.0,1,True,True,True,3.0,3.0,0.3333333333333333,-7.0,13.0,0.6153846153846154,-8.0,36.0,0.2222222222222222,-30.0,144.0,0.125,0.8000000000000007,0.07878787878787885,-0.11879699248120311,-0.7244512364545708,3,4,3,0,0.3,0.4,0.3,0.0,7,5,8,-1,0.35,0.25,0.4,0.0,21,13,26,-5,0.35,0.21666666666666667,0.43333333333333335,0.0,21.666666666666668,42.5,63.333333333333336,18.650793650793652,35.51587301587302,52.38095238095238
2020-01-02,2019-12-31,1.54,1.55,-1.0,2,False,False,False,2.0,4.0,0.25,0.0,6.0,0.16666666666666666,-1.0,29.0,0.27586206896551724,-30.0,144.0,0.125,0.6000000000000005,0.18787878787878806,-0.10902255639097755,-0.7137816060016672,3,4,3,0,0.3,0.4,0.3,0.0,7,5,8,-1,0.35,0.25,0.4,0.0,21,13,26,-5,0.35,0.21666666666666667,0.43333333333333335,0.0,21.666666666666668,43.333333333333336,65.0,18.253968253968253,35.317460317460316,52.38095238095238
2020-01-03,2020-01-02,1.55,1.54,1.0,1,False,False,False,3.0,5.0,0.2,2.0,6.0,0.16666666666666666,1.0,29.0,0.27586206896551724,-27.0,143.0,0.1258741258741259,0.40000000000000036,0.28484848484848513,-0.09924812030075196,-0.7031953320366768,4,4,2,2,0.4,0.4,0.2,0.0,8,5,7,1,0.4,0.25,0.35,0.0,22,13,25,-3,0.36666666666666664,0.21666666666666667,0.4166666666666667,0.0,21.666666666666668,43.333333333333336,65.0,18.253968253968253,35.51587301587302,52.77777777777778
2020-01-06,2020-01-03,1.55,1.55,0.0,3,False,False,False,2.0,4.0,0.25,2.0,6.0,0.16666666666666666,0.0,28.0,0.2857142857142857,-28.0,142.0,0.1267605633802817,0.20000000000000018,0.3575757575757579,-0.0751879699248121,-0.6894137260350097,4,4,2,2,0.4,0.4,0.2,0.0,7,6,7,0,0.35,0.3,0.35,0.0,21,14,25,-4,0.35,0.23333333333333334,0.4166666666666667,0.0,0.0,10.833333333333334,21.666666666666668,0.0,9.126984126984127,18.253968253968253
2020-01-07,2020-01-06,1.56,1.55,1.0,1,False,False,False,2.0,4.0,0.25,3.0,7.0,0.14285714285714285,1.0,29.0,0.27586206896551724,-29.0,141.0,0.1276595744680851,0.30000000000000027,0.460606060606061,-0.036842105263157926,-0.6690469574881913,5,3,2,3,0.5,0.3,0.2,0.5,8,5,7,1,0.4,0.25,0.35,0.0,21,14,25,-4,0.35,0.23333333333333334,0.4166666666666667,0.0,23.333333333333332,45.0,66.66666666666667,18.650793650793652,36.111111111111114,53.57142857142857
2020-01-08,2020-01-07,1.55,1.56,-1.0,1,False,False,False,0.0,4.0,0.25,3.0,7.0,0.14285714285714285,-1.0,29.0,0.27586206896551724,-30.0,142.0,0.1267605633802817,0.30000000000000027,0.4060606060606064,0.001503759398496242,-0.6487079744373437,5,3,2,3,0.5,0.3,0.2,0.5,7,5,8,-1,0.35,0.25,0.4,0.0,21,13,26,-5,0.35,0.21666666666666667,0.43333333333333335,0.0,23.333333333333332,45.833333333333336,68.33333333333333,18.650793650793652,36.30952380952381,53.96825396825397
2020-01-09,2020-01-08,1.55,1.55,0.0,1,False,False,False,1.0,3.0,0.3333333333333333,3.0,7.0,0.14285714285714285,0.0,28.0,0.2857142857142857,-30.0,142.0,0.1267605633802817,0.0,0.3151515151515154,0.02556390977443611,-0.62670186162823,5,3,2,3,0.5,0.3,0.2,0.5,7,6,7,0,0.35,0.3,0.35,0.0,21,13,26,-5,0.35,0.21666666666666667,0.43333333333333335,0.0,0.0,10.833333333333334,21.666666666666668,0.0,9.325396825396826,18.650793650793652
2020-01-10,2020-01-09,1.55,1.55,0.0,1,False,False,False,0.0,2.0,0.5,3.0,7.0,0.14285714285714285,1.0,27.0,0.2962962962962963,-30.0,142.0,0.1267605633802817,-0.10000000000000009,0.18787878787878806,0.033834586466165446,-0.6030286190608503,5,3,2,3,0.5,0.3,0.2,0.5,7,7,6,1,0.35,0.35,0.3,0.0,21,13,26,-5,0.35,0.21666666666666667,0.43333333333333335,0.0,0.0,10.833333333333334,21.666666666666668,0.0,9.523809523809524,19.047619047619047
2020-01-13,2020-01-10,1.54,1.55,-1.0,3,False,False,False,-1.0,3.0,0.3333333333333333,1.0,7.0,0.14285714285714285,1.0,27.0,0.2962962962962963,-46.0,128.0,0.140625,-0.40000000000000036,0.0363636363636364,0.010526315789473694,-0.5539038621839399,4,3,3,1,0.4,0.3,0.3,0.0,7,7,6,1,0.35,0.35,0.3,0.0,20,13,27,-7,0.3333333333333333,0.21666666666666667,0.45,0.0,21.666666666666668,45.0,68.33333333333333,19.444444444444443,37.1031746031746,54.76190476190476
2020-01-14,2020-01-13,1.55,1.54,1.0,1,False,False,False,-1.0,3.0,0.3333333333333333,1.0,7.0,0.14285714285714285,1.0,27.0,0.2962962962962963,-50.0,124.0,0.14516129032258066,-0.10000000000000009,-0.006060606060606066,0.01578947368421054,-0.49210891914420674,4,3,3,1,0.4,0.3,0.3,0.0,7,7,6,1,0.35,0.35,0.3,0.0,20,13,27,-7,0.3333333333333333,0.21666666666666667,0.45,0.0,21.666666666666668,45.833333333333336,70.0,19.444444444444443,37.301587301587304,55.15873015873016
2020-01-15,2020-01-14,1.56,1.55,1.0,1,False,False,False,1.0,3.0,0.3333333333333333,1.0,7.0,0.14285714285714285,-6.0,20.0,0.4,-39.0,115.0,0.1565217391304348,0.20000000000000018,0.06060606060606066,0.16015037593984977,-0.44284523478744103,4,3,3,1,0.4,0.3,0.3,0.0,7,7,6,1,0.35,0.35,0.3,0.0,21,13,26,-5,0.35,0.21666666666666667,0.43333333333333335,0.0,21.666666666666668,46.666666666666664,71.66666666666667,19.444444444444443,37.5,55.55555555555556
2020-01-16,2020-01-15,1.55,1.56,-1.0,1,False,False,False,0.0,4.0,0.25,1.0,7.0,0.14285714285714285,1.0,13.0,0.07692307692307693,-33.0,109.0,0.1651376146788991,0.20000000000000018,-0.006060606060606066,0.17293233082706783,-0.4049180327868853,4,3,3,1,0.4,0.3,0.3,0.0,7,7,6,1,0.35,0.35,0.3,0.0,21,13,26,-5,0.35,0.21666666666666667,0.43333333333333335,0.0,21.666666666666668,47.5,73.33333333333333,19.444444444444443,37.698412698412696,55.95238095238095
2020-01-17,2020-01-16,1.54,1.55,-1.0,1,False,False,False,-1.0,5.0,0.2,-1.0,7.0,0.14285714285714285,1.0,13.0,0.07692307692307693,-32.0,108.0,0.16666666666666666,0.0,-0.0727272727272728,0.1541353383458648,-0.3701861628230064,3,3,4,-1,0.3,0.3,0.4,0.0,7,7,6,1,0.35,0.35,0.3,0.0,21,13,26,-5,0.35,0.21666666666666667,0.43333333333333335,0.0,21.666666666666668,48.333333333333336,75.0,19.444444444444443,37.698412698412696,55.95238095238095
2020-01-21,2020-01-17,1.54,1.54,0.0,4,False,False,False,0.0,4.0,0.25,-1.0,7.0,0.14285714285714285,1.0,13.0,0.07692307692307693,-33.0,107.0,0.16822429906542055,-0.40000000000000036,-0.12727272727272737,0.13383458646616553,-0.3319811058627397,3,3,4,-1,0.3,0.3,0.4,0.0,7,7,6,1,0.35,0.35,0.3,0.0,20,14,26,-6,0.3333333333333333,0.23333333333333334,0.43333333333333335,0.0,0.0,10.833333333333334,21.666666666666668,0.0,9.722222222222221,19.444444444444443
2020-01-22,2020-01-21,1.54,1.54,0.0,1,False,False,False,-1.0,3.0,0.3333333333333333,-2.0,6.0,0.16666666666666666,1.0,13.0,0.07692307692307693,-33.0,107.0,0.16822429906542055,-0.5000000000000004,-0.10303030303030311,0.11203007518797004,-0.2919422061683802,2,4,4,-2,0.2,0.4,0.4,0.0,7,7,6,1,0.35,0.35,0.3,0.0,20,14,26,-6,0.3333333333333333,0.23333333333333334,0.43333333333333335,0.0,0.0,11.666666666666666,23.333333333333332,0.0,9.920634920634921,19.841269841269842
2020-01-23,2020-01-22,1.54,1.54,0.0,1,False,False,False,-2.0,2.0,0.5,-1.0,5.0,0.2,2.0,12.0,0.08333333333333333,-32.0,106.0,0.16981132075471697,-0.20000000000000018,-0.12121212121212133,0.07293233082706774,-0.2517643789941651,2,5,3,-1,0.2,0.5,0.3,0.0,7,8,5,2,0.35,0.4,0.25,0.0,20,15,25,-5,0.3333333333333333,0.25,0.4166666666666667,0.0,0.0,11.666666666666666,23.333333333333332,0.0,10.119047619047619,20.238095238095237
2020-01-24,2020-01-23,1.53,1.54,-1.0,1,False,False,False,-2.0,2.0,0.5,-2.0,6.0,0.16666666666666666,1.0,13.0,0.07692307692307693,-31.0,105.0,0.17142857142857143,-0.20000000000000018,-0.181818181818182,0.016541353383458662,-0.21483745484856906,2,4,4,-2,0.2,0.4,0.4,0.0,7,7,6,1,0.35,0.35,0.3,0.0,20,15,25,-5,0.3333333333333333,0.25,0.4166666666666667,0.0,25.0,50.833333333333336,76.66666666666667,20.634920634920636,38.888888888888886,57.142857142857146
2020-01-27,2020-01-24,1.53,1.53,0.0,3,False,False,False,-1.0,1.0,1.0,-2.0,6.0,0.16666666666666666,1.0,13.0,0.07692307692307693,-29.0,103.0,0.17475728155339806,-0.30000000000000027,-0.21818181818181837,-0.041353383458646656,-0.17957766046123927,2,4,4,-2,0.2,0.4,0.4,0.0,7,7,6,1,0.35,0.35,0.3,0.0,20,16,24,-4,0.3333333333333333,0.26666666666666666,0.4,0.0,0.0,12.5,25.0,0.0,10.317460317460318,20.634920634920636
2020-01-28,2020-01-27,1.53,1.53,0.0,1,False,False,False,-1.0,1.0,1.0,-1.0,5.0,0.2,0.0,12.0,0.08333333333333333,-28.0,102.0,0.17647058823529413,-0.30000000000000027,-0.2969696969696972,-0.08496240601503767,-0.14440122256182275,2,5,3,-1,0.2,0.5,0.3,0.0,6,8,6,0,0.3,0.4,0.3,0.0,20,17,23,-3,0.3333333333333333,0.2833333333333333,0.38333333333333336,0.0,0.0,13.333333333333334,26.666666666666668,0.0,10.515873015873016,21.03174603174603
2020-01-29,2020-01-28,1.53,1.53,0.0,1,False,False,False,-1.0,1.0,1.0,-2.0,4.0,0.25,-1.0,11.0,0.09090909090909091,-29.0,101.0,0.1782178217821782,-0.20000000000000018,-0.2969696969696972,-0.11278195488721815,-0.1059738816337872,1,6,3,-2,0.1,0.6,0.3,0.0,5,9,6,-1,0.25,0.45,0.3,0.0,19,18,23,-4,0.31666666666666665,0.3,0.38333333333333336,0.0,0.0,14.166666666666666,28.333333333333332,0.0,10.714285714285714,21.428571428571427
2020-01-30,2020-01-29,1.58,1.53,5.0,1,False,False,False,4.0,6.0,0.8333333333333334,2.0,8.0,0.625,3.0,15.0,0.3333333333333333,-18.0,100.0,0.18,1.0000000000000009,0.06666666666666674,-0.051879699248120345,-0.06790775215337598,1,6,3,-2,0.1,0.6,0.3,0.0,5,9,6,-1,0.25,0.45,0.3,0.0,20,18,22,-2,0.3333333333333333,0.3,0.36666666666666664,0.0,90.0,90.0,90.0,78.57142857142857,81.15079365079364,83.73015873015873
2020-01-31,2020-01-30,1.6,1.58,2.0,1,True,False,False,7.0,7.0,0.7142857142857143,5.0,9.0,0.5555555555555556,6.0,16.0,0.3125,2.0,84.0,0.11904761904761904,1.9000000000000017,0.44848484848484893,0.017293233082706784,-0.05607113086968604,2,6,2,0,0.2,0.6,0.2,0.0,6,9,5,1,0.3,0.45,0.25,0.0,21,18,21,0,0.35,0.3,0.35,0.0,80.0,84.16666666666667,88.33333333333333,56.74603174603175,62.301587301587304,67.85714285714286
2020-02-03,2020-01-31,1.59,1.6,-1.0,3,False,False,False,6.0,8.0,0.625,5.0,9.0,0.5555555555555556,4.0,16.0,0.3125,3.0,83.0,0.12048192771084337,1.9000000000000017,0.6484848484848491,0.07894736842105271,-0.049374826340650185,2,6,2,0,0.2,0.6,0.2,0.0,5,9,6,-1,0.25,0.45,0.3,0.0,21,18,21,0,0.35,0.3,0.35,0.0,30.0,55.0,80.0,21.825396825396826,39.08730158730159,56.34920634920635
2020-02-04,2020-02-03,1.6,1.59,1.0,1,False,False,False,7.0,9.0,0.5555555555555556,6.0,10.0,0.5,5.0,17.0,0.29411764705882354,2.0,82.0,0.12195121951219512,1.5000000000000013,0.8424242424242431,0.14887218045112796,-0.0378160600166713,3,5,2,1,0.3,0.5,0.2,0.0,6,8,6,0,0.3,0.4,0.3,0.0,21,18,21,0,0.35,0.3,0.35,0.0,30.0,55.833333333333336,81.66666666666667,21.825396825396826,39.08730158730159,56.34920634920635
2020-02-05,2020-02-04,1.59,1.6,-1.0,1,False,False,False,6.0,10.0,0.5,5.0,11.0,0.45454545454545453,3.0,17.0,0.29411764705882354,2.0,82.0,0.12195121951219512,0.20000000000000018,0.90909090909091,0.21278195488721827,-0.02970269519310919,3,4,3,0,0.3,0.4,0.3,0.0,5,8,7,-2,0.25,0.4,0.35,0.0,21,18,21,0,0.35,0.3,0.35,0.0,30.0,56.666666666666664,83.33333333333333,21.825396825396826,39.285714285714285,56.74603174603175
2020-02-06,2020-02-05,1.59,1.59,0.0,1,False,False,False,1.0,5.0,0.4,5.0,11.0,0.45454545454545453,4.0,16.0,0.3125,3.0,81.0,0.12345679012345678,-0.20000000000000018,0.915151515151516,0.2563909774436092,-0.023395387607668777,3,4,3,0,0.3,0.4,0.3,0.0,5,9,6,-1,0.25,0.45,0.3,0.0,21,19,20,1,0.35,0.31666666666666665,0.3333333333333333,0.0,0.0,15.0,30.0,0.0,10.912698412698413,21.825396825396826
2020-02-07,2020-02-06,1.58,1.59,-1.0,1,False,False,False,-2.0,4.0,0.25,5.0,11.0,0.45454545454545453,3.0,17.0,0.29411764705882354,2.0,82.0,0.12195121951219512,-0.30000000000000027,0.73939393939394,0.279699248120301,-0.018894137260350073,3,4,3,0,0.3,0.4,0.3,0.0,5,8,7,-2,0.25,0.4,0.35,0.0,21,18,21,0,0.35,0.3,0.35,0.0,31.666666666666668,57.5,83.33333333333333,22.22222222222222,39.88095238095238,57.53968253968254
2020-02-10,2020-02-07,1.58,1.58,0.0,3,False,False,False,-1.0,3.0,0.3333333333333333,5.0,11.0,0.45454545454545453,3.0,17.0,0.29411764705882354,1.0,81.0,0.12345679012345678,-0.5000000000000004,0.5030303030303035,0.29849624060150404,-0.01280911364267849,3,4,3,0,0.3,0.4,0.3,0.0,5,8,7,-2,0.25,0.4,0.35,0.0,20,19,21,-1,0.3333333333333333,0.31666666666666665,0.35,0.0,0.0,15.0,30.0,0.0,10.912698412698413,21.825396825396826
2020-02-11,2020-02-10,1.58,1.58,0.0,1,False,False,False,-2.0,2.0,0.5,5.0,11.0,0.45454545454545453,4.0,16.0,0.3125,1.0,81.0,0.12345679012345678,-0.30000000000000027,0.20606060606060622,0.2969924812030078,-0.006779661016949112,3,4,3,0,0.3,0.4,0.3,0.0,5,9,6,-1,0.25,0.45,0.3,0.0,20,19,21,-1,0.3333333333333333,0.31666666666666665,0.35,0.0,0.0,15.833333333333334,31.666666666666668,0.0,11.11111111111111,22.22222222222222
2020-02-12,2020-02-11,1.57,1.58,-1.0,1,False,False,False,-2.0,2.0,0.5,4.0,12.0,0.4166666666666667,2.0,16.0,0.3125,-1.0,81.0,0.12345679012345678,-0.40000000000000036,-0.20606060606060622,0.29097744360902283,-0.0007502083912197364,3,3,4,-1,0.3,0.3,0.4,0.0,4,9,7,-3,0.2,0.45,0.35,0.0,19,19,22,-3,0.31666666666666665,0.31666666666666665,0.36666666666666664,0.0,31.666666666666668,57.5,83.33333333333333,22.22222222222222,40.07936507936508,57.93650793650794
2020-02-13,2020-02-12,1.57,1.57,0.0,1,False,False,False,-2.0,2.0,0.5,-1.0,7.0,0.2857142857142857,1.0,15.0,0.3333333333333333,-2.0,80.0,0.125,-0.30000000000000027,-0.33333333333333365,0.2977443609022559,0.007029730480689138,2,4,4,-2,0.2,0.4,0.4,0.0,3,10,7,-4,0.15,0.5,0.35,0.0,18,20,22,-4,0.3,0.3333333333333333,0.36666666666666664,0.0,0.0,15.833333333333334,31.666666666666668,0.0,11.11111111111111,22.22222222222222
2020-02-14,2020-02-13,1.58,1.57,1.0,1,False,False,False,0.0,2.0,0.5,-2.0,6.0,0.16666666666666666,3.0,15.0,0.3333333333333333,2.0,78.0,0.1282051282051282,-0.10000000000000009,-0.26060606060606084,0.3015037593984965,0.011475409836065638,2,4,4,-2,0.2,0.4,0.4,0.0,4,10,6,-2,0.2,0.5,0.3,0.0,19,20,21,-2,0.31666666666666665,0.3333333333333333,0.35,0.0,33.333333333333336,58.333333333333336,83.33333333333333,22.61904761904762,40.476190476190474,58.333333333333336
2020-02-18,2020-02-14,1.6,1.58,2.0,4,False,False,False,2.0,4.0,0.5,1.0,7.0,0.2857142857142857,6.0,16.0,0.3125,3.0,79.0,0.12658227848101267,0.5000000000000004,-0.12121212121212133,0.31353383458646644,0.020783550986385183,3,4,3,0,0.3,0.4,0.3,0.0,5,10,5,0,0.25,0.5,0.25,0.0,19,20,21,-2,0.31666666666666665,0.3333333333333333,0.35,0.0,85.0,88.33333333333333,91.66666666666667,58.333333333333336,63.888888888888886,69.44444444444444
2020-02-19,2020-02-18,1.59,1.6,-1.0,1,False,False,False,1.0,5.0,0.4,-1.0,7.0,0.2857142857142857,5.0,17.0,0.29411764705882354,2.0,80.0,0.125,0.7000000000000006,0.0181818181818182,0.3022556390977446,0.02828563489858302,2,4,4,-2,0.2,0.4,0.4,0.0,5,9,6,-1,0.25,0.45,0.3,0.0,19,19,22,-3,0.31666666666666665,0.31666666666666665,0.36666666666666664,0.0,33.333333333333336,58.333333333333336,83.33333333333333,22.61904761904762,40.27777777777778,57.93650793650794
2020-02-20,2020-02-19,1.6,1.59,1.0,1,False,False,False,3.0,5.0,0.4,1.0,7.0,0.2857142857142857,6.0,18.0,0.2777777777777778,2.0,80.0,0.125,0.7000000000000006,0.1575757575757577,0.2977443609022559,0.03901083634342883,3,4,3,0,0.3,0.4,0.3,0.0,6,8,6,0,0.3,0.4,0.3,0.0,19,19,22,-3,0.31666666666666665,0.31666666666666665,0.36666666666666664,0.0,31.666666666666668,57.5,83.33333333333333,22.61904761904762,40.27777777777778,57.93650793650794
2020-02-21,2020-02-20,1.58,1.6,-2.0,1,False,False,False,1.0,7.0,0.2857142857142857,-1.0,9.0,0.2222222222222222,4.0,20.0,0.25,0.0,82.0,0.12195121951219512,0.0,0.17575757575757592,0.2556390977443611,0.04634620727980005,3,3,4,-1,0.3,0.3,0.4,0.0,6,7,7,-1,0.3,0.35,0.35,0.0,19,18,23,-4,0.31666666666666665,0.3,0.38333333333333336,0.0,83.33333333333333,87.5,91.66666666666667,58.333333333333336,64.08730158730158,69.84126984126983
2020-02-24,2020-02-21,1.58,1.58,0.0,3,False,False,False,0.0,6.0,0.3333333333333333,0.0,8.0,0.25,5.0,19.0,0.2631578947368421,2.0,80.0,0.125,-0.5000000000000004,0.13939393939393951,0.19172932330827086,0.0502917477076967,3,4,3,0,0.3,0.4,0.3,0.0,6,8,6,0,0.3,0.4,0.3,0.0,19,19,22,-3,0.31666666666666665,0.31666666666666665,0.36666666666666664,0.0,0.0,15.0,30.0,0.0,11.30952380952381,22.61904761904762
2020-02-25,2020-02-24,1.59,1.58,1.0,1,False,False,False,-1.0,5.0,0.4,1.0,9.0,0.2222222222222222,6.0,20.0,0.25,5.0,79.0,0.12658227848101267,-0.20000000000000018,0.1575757575757577,0.13458646616541367,0.05237565990552943,4,3,3,1,0.4,0.3,0.3,0.0,7,7,6,1,0.35,0.35,0.3,0.0,20,19,21,-1,0.3333333333333333,0.31666666666666665,0.35,0.0,31.666666666666668,57.5,83.33333333333333,23.015873015873016,40.67460317460318,58.333333333333336
2020-02-26,2020-02-25,1.58,1.59,-1.0,1,False,False,False,-1.0,5.0,0.4,0.0,10.0,0.2,5.0,21.0,0.23809523809523808,3.0,79.0,0.12658227848101267,-0.30000000000000027,0.10909090909090918,0.0541353383458647,0.054237288135593344,4,2,4,0,0.4,0.2,0.4,0.0,7,6,7,0,0.35,0.3,0.35,0.0,19,19,22,-3,0.31666666666666665,0.31666666666666665,0.36666666666666664,0.0,31.666666666666668,58.333333333333336,85.0,22.61904761904762,40.476190476190474,58.333333333333336
2020-02-27,2020-02-26,1.58,1.58,0.0,1,False,False,False,-2.0,4.0,0.5,1.0,9.0,0.2222222222222222,5.0,21.0,0.23809523809523808,-7.0,69.0,0.11594202898550725,0.0,-0.006060606060606066,-0.033834586466165446,0.07288135593220349,4,3,3,1,0.4,0.3,0.3,0.0,7,6,7,0,0.35,0.3,0.35,0.0,18,20,22,-4,0.3,0.3333333333333333,0.36666666666666664,0.0,0.0,15.833333333333334,31.666666666666668,0.0,11.30952380952381,22.61904761904762
2020-02-28,2020-02-27,1.6,1.58,2.0,1,True,False,False,2.0,4.0,0.5,3.0,11.0,0.18181818181818182,2.0,18.0,0.1111111111111111,-3.0,69.0,0.11594202898550725,0.30000000000000027,-0.024242424242424263,-0.021804511278195507,0.09180327868852467,5,2,3,2,0.5,0.2,0.3,0.5,7,6,7,0,0.35,0.3,0.35,0.0,19,20,21,-2,0.31666666666666665,0.3333333333333333,0.35,0.0,86.66666666666667,90.0,93.33333333333333,58.73015873015873,64.48412698412699,70.23809523809524
2020-03-02,2020-02-28,1.59,1.6,-1.0,3,False,False,False,1.0,5.0,0.4,1.0,11.0,0.18181818181818182,-1.0,17.0,0.11764705882352941,4.0,62.0,0.12903225806451613,0.20000000000000018,-0.06666666666666674,0.0045112781954887255,0.09569324812447912,4,2,4,0,0.4,0.2,0.4,0.0,6,6,8,-2,0.3,0.3,0.4,0.0,19,20,21,-2,0.31666666666666665,0.3333333333333333,0.35,0.0,33.333333333333336,60.0,86.66666666666667,22.61904761904762,40.476190476190474,58.333333333333336
2020-03-03,2020-03-02,1.64,1.59,5.0,1,False,False,False,5.0,9.0,0.5555555555555556,4.0,14.0,0.35714285714285715,5.0,21.0,0.23809523809523808,10.0,66.0,0.12121212121212122,1.2999999999999967,0.2848484848484839,0.08796992481202984,0.10586273964990281,4,2,4,0,0.4,0.2,0.4,0.0,7,6,7,0,0.35,0.3,0.35,0.0,20,20,20,0,0.3333333333333333,0.3333333333333333,0.3333333333333333,0.0,95.0,95.83333333333333,96.66666666666667,79.36507936507937,82.14285714285714,84.92063492063492
2020-03-04,2020-03-03,1.23,1.64,-41.0,1,False,False,False,-35.0,49.0,0.8367346938775511,-36.0,54.0,0.7592592592592593,-37.0,61.0,0.6721311475409836,-32.0,106.0,0.3867924528301887,-6.600000000000004,-1.7151515151515162,-0.40601503759398533,0.04995832175604338,4,2,4,0,0.4,0.2,0.4,0.0,6,6,8,-2,0.3,0.3,0.4,0.0,19,20,21,-2,0.31666666666666665,0.3333333333333333,0.35,0.0,100.0,100.0,100.0,98.01587301587301,98.01587301587301,98.01587301587301
2020-03-05,2020-03-04,1.12,1.23,-11.0,1,False,False,False,-46.0,60.0,0.6833333333333333,-48.0,64.0,0.640625,-47.0,71.0,0.5774647887323944,-43.0,117.0,0.3504273504273504,-13.2,-3.812121212121213,-1.0172932330827067,-0.022200611280911307,3,2,5,-2,0.3,0.2,0.5,-0.5,6,6,8,-2,0.3,0.3,0.4,0.0,19,19,22,-3,0.31666666666666665,0.31666666666666665,0.36666666666666664,0.0,98.33333333333333,98.33333333333333,98.33333333333333,92.85714285714286,93.25396825396825,93.65079365079364
2020-03-06,2020-03-05,1.1,1.12,-2.0,1,False,False,False,-50.0,60.0,0.6833333333333333,-48.0,64.0,0.640625,-49.0,73.0,0.5616438356164384,-46.0,118.0,0.3474576271186441,-14.999999999999996,-5.569696969696969,-1.586466165413534,-0.09355376493470403,3,2,5,-2,0.3,0.2,0.5,-0.5,6,5,9,-3,0.3,0.25,0.45,0.0,18,19,23,-5,0.3,0.31666666666666665,0.38333333333333336,0.0,83.33333333333333,86.66666666666667,90.0,57.93650793650794,63.888888888888886,69.84126984126983
2020-03-09,2020-03-06,1.09,1.1,-1.0,3,False,False,False,-50.0,60.0,0.6833333333333333,-49.0,65.0,0.6307692307692307,-49.0,73.0,0.5616438356164384,-46.0,118.0,0.3474576271186441,-12.299999999999995,-6.8,-2.1120300751879704,-0.16568491247568762,3,1,6,-3,0.3,0.1,0.6,-1.0,6,5,9,-3,0.3,0.25,0.45,0.0,18,19,23,-5,0.3,0.31666666666666665,0.38333333333333336,0.0,31.666666666666668,56.666666666666664,81.66666666666667,21.825396825396826,39.682539682539684,57.53968253968254
2020-03-10,2020-03-09,1.11,1.09,2.0,1,False,False,False,-53.0,57.0,0.7192982456140351,-48.0,66.0,0.6212121212121212,-47.0,75.0,0.5466666666666666,-43.0,119.0,0.3445378151260504,-2.699999999999998,-7.260606060606061,-2.5353383458646617,-0.23367602111697688,3,1,6,-3,0.3,0.1,0.6,-1.0,7,4,9,-2,0.35,0.2,0.45,0.0,19,19,22,-3,0.31666666666666665,0.31666666666666665,0.36666666666666664,0.0,81.66666666666667,85.83333333333333,90.0,57.53968253968254,63.69047619047619,69.84126984126983
2020-03-11,2020-03-10,1.15,1.11,4.0,1,False,False,False,-8.0,20.0,0.55,-43.0,69.0,0.5942028985507246,-43.0,79.0,0.5189873417721519,-38.0,122.0,0.3360655737704918,0.6999999999999962,-6.987878787878788,-2.830827067669173,-0.29441511530980824,4,1,5,-1,0.4,0.1,0.5,-0.5,8,3,9,-1,0.4,0.15,0.45,0.0,20,19,21,-1,0.3333333333333333,0.31666666666666665,0.35,0.0,90.0,90.0,90.0,75.7936507936508,77.38095238095238,78.96825396825396
2020-03-12,2020-03-11,1.2,1.15,5.0,1,False,False,False,8.0,14.0,0.35714285714285715,-38.0,74.0,0.5540540540540541,-37.0,83.0,0.4939759036144578,-34.0,126.0,0.3253968253968254,2.5999999999999956,-5.921212121212122,-3.0060150375939854,-0.3431508752431231,5,0,5,0,0.5,0.0,0.5,0.5,9,3,8,1,0.45,0.15,0.4,0.0,20,19,21,-1,0.3333333333333333,0.31666666666666665,0.35,0.0,90.0,91.66666666666667,93.33333333333333,78.96825396825396,81.94444444444444,84.92063492063492
2020-03-13,2020-03-12,1.1,1.2,-10.0,1,False,False,False,0.0,22.0,0.45454545454545453,-50.0,82.0,0.5,-47.0,93.0,0.44086021505376344,-52.0,128.0,0.3203125,1.0999999999999988,-4.806060606060606,-3.2684210526315796,-0.3928313420394554,4,0,6,-2,0.4,0.0,0.6,-1.0,9,2,9,0,0.45,0.1,0.45,0.0,19,19,22,-3,0.31666666666666665,0.31666666666666665,0.36666666666666664,0.0,96.66666666666667,96.66666666666667,96.66666666666667,91.26984126984127,91.86507936507937,92.46031746031746
2020-03-16,2020-03-13,0.26,1.1,-84.0,3,False,False,False,-83.0,105.0,0.8,-133.0,165.0,0.509090909090909,-132.0,176.0,0.4772727272727273,-128.0,204.0,0.4117647058823529,-17.5,-7.733333333333333,-4.644360902255639,-0.5908863573214782,4,0,6,-2,0.4,0.0,0.6,-1.5,8,2,10,-2,0.4,0.1,0.5,-0.5,19,19,22,-3,0.31666666666666665,0.31666666666666665,0.36666666666666664,0.0,100.0,100.0,100.0,99.2063492063492,99.2063492063492,99.2063492063492
2020-03-17,2020-03-16,0.54,0.26,28.0,1,False,False,False,-57.0,131.0,0.6412213740458015,-110.0,188.0,0.44680851063829785,-106.0,202.0,0.4158415841584158,-99.0,231.0,0.36363636363636365,-21.599999999999998,-7.187878787878789,-5.390225563909775,-0.7376215615448735,4,0,6,-2,0.4,0.0,0.6,-1.5,8,2,10,-2,0.4,0.1,0.5,-0.5,20,19,21,-1,0.3333333333333333,0.31666666666666665,0.35,0.0,96.66666666666667,96.66666666666667,96.66666666666667,96.42857142857143,96.62698412698413,96.82539682539682
2020-03-18,2020-03-17,0.1,0.54,-44.0,1,False,False,False,-105.0,171.0,0.49122807017543857,-113.0,191.0,0.4397905759162304,-149.0,245.0,0.34285714285714286,-143.0,275.0,0.3054545454545455,-27.6,-10.442424242424245,-6.621052631578947,-0.9509863851069742,4,0,6,-2,0.4,0.0,0.6,-1.5,8,2,10,-2,0.4,0.1,0.5,-0.5,20,18,22,-2,0.3333333333333333,0.3,0.36666666666666664,0.0,98.33333333333333,98.33333333333333,98.33333333333333,97.61904761904762,97.61904761904762,97.61904761904762
2020-03-19,2020-03-18,0.06,0.1,-4.0,1,False,False,False,-114.0,170.0,0.49411764705882355,-106.0,184.0,0.45652173913043476,-154.0,248.0,0.3387096774193548,-147.0,279.0,0.3010752688172043,-22.400000000000002,-13.27878787878788,-7.669172932330827,-1.1629619338705195,4,0,6,-2,0.4,0.0,0.6,-1.5,7,2,11,-4,0.35,0.1,0.55,-1.0,20,17,23,-3,0.3333333333333333,0.2833333333333333,0.38333333333333336,0.0,83.33333333333333,84.16666666666667,85.0,73.80952380952381,75.39682539682539,76.98412698412699
2020-03-20,2020-03-19,0.04,0.06,-2.0,1,False,False,False,-106.0,162.0,0.5185185185185185,-106.0,184.0,0.45652173913043476,-154.0,248.0,0.3387096774193548,-148.0,280.0,0.3,-9.2,-15.07272727272727,-8.545864661654136,-1.3717421505973881,4,0,6,-2,0.4,0.0,0.6,-1.5,7,2,11,-4,0.35,0.1,0.55,-1.0,20,17,23,-3,0.3333333333333333,0.2833333333333333,0.38333333333333336,0.0,71.66666666666667,76.66666666666667,81.66666666666667,55.55555555555556,61.70634920634921,67.85714285714286
2020-03-23,2020-03-20,0.02,0.04,-2.0,3,False,False,False,-24.0,80.0,0.55,-107.0,185.0,0.4540540540540541,-156.0,250.0,0.336,-150.0,282.0,0.2978723404255319,-11.000000000000002,-15.757575757575758,-9.219548872180452,-1.5755765490414002,4,0,6,-2,0.4,0.0,0.6,-2.0,7,1,12,-5,0.35,0.05,0.6,-1.0,20,16,24,-4,0.3333333333333333,0.26666666666666666,0.4,0.0,70.0,75.83333333333333,81.66666666666667,55.15873015873016,61.507936507936506,67.85714285714286
2020-03-24,2020-03-23,0.01,0.02,-1.0,1,False,False,False,-53.0,53.0,0.8301886792452831,-110.0,184.0,0.45652173913043476,-158.0,250.0,0.336,-151.0,283.0,0.2968197879858657,-2.2,-15.066666666666666,-9.657142857142857,-1.7727146429563767,3,0,7,-4,0.3,0.0,0.7,-2.0,6,1,13,-7,0.3,0.05,0.65,-1.0,20,15,25,-5,0.3333333333333333,0.25,0.4166666666666667,0.0,26.666666666666668,47.5,68.33333333333333,21.03174603174603,38.095238095238095,55.15873015873016
2020-03-25,2020-03-24,0.01,0.01,0.0,1,False,False,False,-9.0,9.0,0.4444444444444444,-114.0,180.0,0.4666666666666667,-157.0,249.0,0.3373493975903614,-152.0,282.0,0.2978723404255319,-1.3,-12.775757575757575,-9.872932330827068,-1.9597666018338427,2,1,7,-5,0.2,0.1,0.7,-2.0,6,2,12,-6,0.3,0.1,0.6,-1.0,19,16,25,-6,0.31666666666666665,0.26666666666666666,0.4166666666666667,0.0,0.0,12.5,25.0,0.0,10.515873015873016,21.03174603174603
2020-03-26,2020-03-25,0.01,0.01,0.0,1,False,False,False,-5.0,5.0,0.4,-119.0,175.0,0.48,-157.0,249.0,0.3373493975903614,-153.0,281.0,0.298932384341637,-0.7000000000000001,-8.76969696969697,-9.852631578947369,-2.136676854681856,1,2,7,-6,0.1,0.2,0.7,-2.0,6,2,12,-6,0.3,0.1,0.6,-1.0,18,17,25,-7,0.3,0.2833333333333333,0.4166666666666667,0.0,0.0,13.333333333333334,26.666666666666668,0.0,10.714285714285714,21.428571428571427
2020-03-27,2020-03-26,0.01,0.01,0.0,1,False,False,False,-3.0,3.0,0.6666666666666666,-109.0,165.0,0.509090909090909,-159.0,247.0,0.340080971659919,-154.0,280.0,0.3,-0.2,-3.987878787878788,-9.564661654135339,-2.3033898305084746,1,3,6,-5,0.1,0.3,0.6,-1.5,5,3,12,-7,0.25,0.15,0.6,-1.0,17,18,25,-8,0.2833333333333333,0.3,0.4166666666666667,0.0,0.0,14.166666666666666,28.333333333333332,0.0,10.714285714285714,21.428571428571427
2020-03-30,2020-03-27,0.01,0.01,0.0,3,False,False,False,-1.0,1.0,1.0,-25.0,81.0,0.5432098765432098,-158.0,246.0,0.34146341463414637,-153.0,279.0,0.3010752688172043,0.0,-3.484848484848485,-9.053383458646616,-2.4632397888302306,1,4,5,-4,0.1,0.4,0.5,-0.5,5,4,11,-6,0.25,0.2,0.55,-1.0,17,19,24,-7,0.2833333333333333,0.31666666666666665,0.4,0.0,0.0,15.0,30.0,0.0,10.714285714285714,21.428571428571427
2020-03-31,2020-03-30,0.01,0.01,0.0,1,True,True,False,0.0,0.0,,-53.0,53.0,0.8301886792452831,-163.0,241.0,0.34854771784232363,-154.0,278.0,0.302158273381295,0.0,-0.8121212121212121,-8.225563909774436,-2.612892470130592,0,5,5,-5,0.0,0.5,0.5,-0.5,4,5,11,-7,0.2,0.25,0.55,-1.0,16,20,24,-8,0.26666666666666666,0.3333333333333333,0.4,0.0,0.0,15.833333333333334,31.666666666666668,0.0,10.714285714285714,21.428571428571427
2020-04-01,2020-03-31,0.01,0.01,0.0,1,False,False,False,0.0,0.0,,-9.0,9.0,0.4444444444444444,-122.0,200.0,0.42,-154.0,278.0,0.302158273381295,0.0,-0.4303030303030303,-7.8,-2.7539872186718535,0,6,4,-4,0.0,0.6,0.4,0.0,4,6,10,-6,0.2,0.3,0.5,-0.5,16,20,24,-8,0.26666666666666666,0.3333333333333333,0.4,0.0,0.0,16.666666666666668,33.333333333333336,0.0,10.912698412698413,21.825396825396826
2020-04-02,2020-04-01,0.01,0.01,0.0,1,False,False,False,0.0,0.0,,-5.0,5.0,0.4,-111.0,189.0,0.4444444444444444,-155.0,277.0,0.30324909747292417,0.0,-0.20606060606060606,-7.364661654135339,-2.884829119199778,0,7,3,-3,0.0,0.7,0.3,0.0,4,7,9,-5,0.2,0.35,0.45,0.0,15,21,24,-9,0.25,0.35,0.4,0.0,0.0,16.666666666666668,33.333333333333336,0.0,11.11111111111111,22.22222222222222
2020-04-03,2020-04-02,0.01,0.01,0.0,1,False,False,False,0.0,0.0,,-3.0,3.0,0.6666666666666666,-109.0,187.0,0.44919786096256686,-154.0,276.0,0.30434782608695654,0.0,-0.05454545454545456,-6.793984962406015,-3.008752431230898,0,8,2,-2,0.0,0.8,0.2,0.0,4,8,8,-4,0.2,0.4,0.4,0.0,15,22,23,-8,0.25,0.36666666666666664,0.38333333333333336,0.0,0.0,17.5,35.0,0.0,11.30952380952381,22.61904761904762
2020-04-06,2020-04-03,0.01,0.01,0.0,3,False,False,False,0.0,0.0,,-1.0,1.0,1.0,-108.0,186.0,0.45161290322580644,-154.0,276.0,0.30434782608695654,0.0,0.0,-6.075187969924812,-3.1241178105029177,0,9,1,-1,0.0,0.9,0.1,0.0,4,9,7,-3,0.2,0.45,0.35,0.0,15,22,23,-8,0.25,0.36666666666666664,0.38333333333333336,0.0,0.0,18.333333333333332,36.666666666666664,0.0,11.30952380952381,22.61904761904762
2020-04-07,2020-04-06,0.01,0.01,0.0,1,False,False,False,0.0,0.0,,0.0,0.0,,-110.0,184.0,0.45652173913043476,-154.0,276.0,0.30434782608695654,0.0,0.0,-5.162406015037594,-3.2309252570158375,0,10,0,0,0.0,1.0,0.0,0.0,3,10,7,-4,0.15,0.5,0.35,0.0,15,22,23,-8,0.25,0.36666666666666664,0.38333333333333336,0.0,0.0,18.333333333333332,36.666666666666664,0.0,11.507936507936508,23.015873015873016
2020-04-08,2020-04-07,0.01,0.01,0.0,1,False,False,False,0.0,0.0,,0.0,0.0,,-114.0,180.0,0.4666666666666667,-153.0,275.0,0.3054545454545455,0.0,0.0,-4.021052631578947,-3.3308696860238953,0,10,0,0,0.0,1.0,0.0,0.0,2,11,7,-5,0.1,0.55,0.35,0.0,15,23,22,-7,0.25,0.38333333333333336,0.36666666666666664,0.0,0.0,18.333333333333332,36.666666666666664,0.0,11.706349206349206,23.41269841269841
2020-04-09,2020-04-08,0.01,0.01,0.0,1,False,False,False,0.0,0.0,,0.0,0.0,,-119.0,175.0,0.48,-154.0,274.0,0.30656934306569344,0.0,0.0,-2.629323308270677,-3.420616838010559,0,10,0,0,0.0,1.0,0.0,0.0,1,12,7,-6,0.05,0.6,0.35,0.0,14,24,22,-8,0.23333333333333334,0.4,0.36666666666666664,0.0,0.0,19.166666666666668,38.333333333333336,0.0,11.706349206349206,23.41269841269841
2020-04-13,2020-04-09,0.02,0.01,1.0,4,False,False,False,1.0,1.0,1.0,1.0,1.0,1.0,-108.0,166.0,0.5060240963855421,-154.0,274.0,0.30656934306569344,0.2,0.05454545454545456,-1.2022556390977446,-3.4984717977215896,1,9,0,1,0.1,0.9,0.0,0.0,2,12,6,-4,0.1,0.6,0.3,0.0,14,24,22,-8,0.23333333333333334,0.4,0.36666666666666664,0.0,40.0,54.166666666666664,68.33333333333333,23.41269841269841,40.27777777777778,57.142857142857146
2020-04-14,2020-04-13,0.06,0.02,4.0,1,False,False,False,5.0,5.0,0.8,5.0,5.0,0.8,-20.0,86.0,0.5116279069767442,-149.0,277.0,0.30324909747292417,1.1,0.3151515151515151,-0.8819548872180453,-3.5629063628785773,2,8,0,2,0.2,0.8,0.0,0.0,3,12,5,-2,0.15,0.6,0.25,0.0,15,24,21,-6,0.25,0.4,0.35,0.0,81.66666666666667,83.33333333333333,85.0,75.39682539682539,76.98412698412699,78.57142857142857
2020-04-15,2020-04-14,0.03,0.06,-3.0,1,False,False,False,2.0,8.0,0.5,2.0,8.0,0.5,-51.0,61.0,0.7213114754098361,-151.0,279.0,0.3010752688172043,0.9,0.35151515151515145,-0.1323308270676692,-3.6256737982772997,2,7,1,1,0.2,0.7,0.1,0.0,2,12,6,-4,0.1,0.6,0.3,0.0,15,24,21,-6,0.25,0.4,0.35,0.0,80.0,80.0,80.0,69.84126984126983,72.42063492063492,75.0
2020-04-16,2020-04-15,0.03,0.03,0.0,1,False,False,False,2.0,8.0,0.5,2.0,8.0,0.5,-7.0,17.0,0.23529411764705882,-151.0,279.0,0.3010752688172043,0.4999999999999999,0.36363636363636365,-0.0007518796992481188,-3.680050013892748,2,7,1,1,0.2,0.7,0.1,0.0,2,13,5,-3,0.1,0.65,0.25,0.0,15,24,21,-6,0.25,0.4,0.35,0.0,0.0,20.0,40.0,0.0,11.507936507936508,23.015873015873016
2020-04-17,2020-04-16,0.03,0.03,0.0,1,False,False,False,2.0,8.0,0.5,2.0,8.0,0.5,-3.0,13.0,0.3076923076923077,-151.0,279.0,0.3010752688172043,-0.10000000000000002,0.35151515151515145,0.0781954887218045,-3.7260350097249235,2,7,1,1,0.2,0.7,0.1,0.0,2,14,4,-2,0.1,0.7,0.2,0.0,15,24,21,-6,0.25,0.4,0.35,0.0,0.0,20.0,40.0,0.0,11.507936507936508,23.015873015873016
2020-04-20,2020-04-17,0.02,0.03,-1.0,3,False,False,False,0.0,8.0,0.5,1.0,9.0,0.4444444444444444,-2.0,12.0,0.3333333333333333,-152.0,280.0,0.3,-0.7999999999999999,0.2606060606060606,0.11578947368421053,-3.7652681300361213,2,6,2,0,0.2,0.6,0.2,0.0,2,14,4,-2,0.1,0.7,0.2,0.0,15,23,22,-7,0.25,0.38333333333333336,0.36666666666666664,0.0,40.0,52.5,65.0,23.41269841269841,40.07936507936508,56.74603174603175
2020-04-21,2020-04-20,0.01,0.02,-1.0,1,False,False,False,-5.0,5.0,0.6,0.0,10.0,0.4,-1.0,11.0,0.36363636363636365,-152.0,280.0,0.3,-0.5,0.10303030303030303,0.11052631578947368,-3.7993887190886357,2,5,3,-1,0.2,0.5,0.3,0.0,2,14,4,-2,0.1,0.7,0.2,0.0,15,23,22,-7,0.25,0.38333333333333336,0.36666666666666664,0.0,38.333333333333336,51.666666666666664,65.0,23.015873015873016,39.88095238095238,56.74603174603175
2020-04-22,2020-04-21,0.01,0.01,0.0,1,False,False,False,-2.0,2.0,0.5,0.0,10.0,0.4,0.0,10.0,0.4,-152.0,280.0,0.3,-0.6,-0.05454545454545454,0.09097744360902256,-3.825062517365935,2,5,3,-1,0.2,0.5,0.3,0.0,2,15,3,-1,0.1,0.75,0.15,0.0,15,23,22,-7,0.25,0.38333333333333336,0.36666666666666664,0.0,0.0,19.166666666666668,38.333333333333336,0.0,11.507936507936508,23.015873015873016
2020-04-23,2020-04-22,0.01,0.01,0.0,1,False,False,False,-2.0,2.0,0.5,0.0,10.0,0.4,0.0,10.0,0.4,-152.0,280.0,0.3,-0.5,-0.21212121212121213,0.07142857142857142,-3.842289524868019,2,5,3,-1,0.2,0.5,0.3,0.0,2,15,3,-1,0.1,0.75,0.15,0.0,15,23,22,-7,0.25,0.38333333333333336,0.36666666666666664,0.0,0.0,19.166666666666668,38.333333333333336,0.0,11.507936507936508,23.015873015873016
2020-04-24,2020-04-23,0.03,0.01,2.0,1,False,False,False,0.0,4.0,0.5,2.0,12.0,0.3333333333333333,2.0,12.0,0.3333333333333333,-150.0,282.0,0.2978723404255319,0.19999999999999998,-0.2606060606060606,0.08045112781954886,-3.8477910530702975,3,4,3,0,0.3,0.4,0.3,0.0,3,14,3,0,0.15,0.7,0.15,0.0,16,22,22,-6,0.26666666666666666,0.36666666666666664,0.36666666666666664,0.0,65.0,71.66666666666667,78.33333333333333,57.53968253968254,64.08730158730158,70.63492063492063
2020-04-27,2020-04-24,0.03,0.03,0.0,3,False,False,False,1.0,3.0,0.6666666666666666,1.0,11.0,0.36363636363636365,2.0,12.0,0.3333333333333333,-155.0,277.0,0.30324909747292417,0.6,-0.2666666666666667,0.08646616541353383,-3.8364823562100585,2,5,3,-1,0.2,0.5,0.3,0.0,3,14,3,0,0.15,0.7,0.15,0.0,15,23,22,-7,0.25,0.38333333333333336,0.36666666666666664,0.0,0.0,18.333333333333332,36.666666666666664,0.0,11.507936507936508,23.015873015873016
2020-04-28,2020-04-27,0.01,0.03,-2.0,1,False,False,False,0.0,4.0,0.5,-5.0,9.0,0.3333333333333333,0.0,14.0,0.2857142857142857,-159.0,277.0,0.30324909747292417,0.19999999999999998,-0.12727272727272726,0.06090225563909774,-3.816449013614893,1,5,4,-3,0.1,0.5,0.4,0.0,3,13,4,-1,0.15,0.65,0.2,0.0,14,23,23,-9,0.23333333333333334,0.38333333333333336,0.38333333333333336,0.0,65.0,72.5,80.0,57.53968253968254,64.08730158730158,70.63492063492063
2020-04-29,2020-04-28,0.01,0.01,0.0,1,False,False,False,0.0,4.0,0.5,-2.0,6.0,0.3333333333333333,0.0,14.0,0.2857142857142857,-158.0,276.0,0.30434782608695654,-0.19999999999999998,-0.12727272727272726,0.035338345864661655,-3.7892747985551543,1,6,3,-2,0.1,0.6,0.3,0.0,3,13,4,-1,0.15,0.65,0.2,0.0,14,24,22,-8,0.23333333333333334,0.4,0.36666666666666664,0.0,0.0,19.166666666666668,38.333333333333336,0.0,11.706349206349206,23.41269841269841
2020-04-30,2020-04-29,0.04,0.01,3.0,1,True,False,False,3.0,7.0,0.42857142857142855,1.0,9.0,0.3333333333333333,3.0,17.0,0.23529411764705882,-156.0,278.0,0.302158273381295,5.204170427930421e-17,0.06060606060606061,0.05263157894736842,-3.746707418727424,2,5,3,-1,0.2,0.5,0.3,0.0,4,12,4,0,0.2,0.6,0.2,0.0,14,24,22,-8,0.23333333333333334,0.4,0.36666666666666664,0.0,80.0,80.83333333333333,81.66666666666667,70.63492063492063,73.01587301587301,75.39682539682539
2020-05-01,2020-04-30,0.03,0.04,-1.0,1,False,False,False,0.0,6.0,0.5,0.0,10.0,0.3,2.0,18.0,0.2222222222222222,-156.0,278.0,0.302158273381295,0.3,0.18181818181818182,0.05112781954887218,-3.6988052236732427,2,4,4,-2,0.2,0.4,0.4,0.0,4,11,5,-1,0.2,0.55,0.25,0.0,14,24,22,-8,0.23333333333333334,0.4,0.36666666666666664,0.0,40.0,51.666666666666664,63.333333333333336,23.80952380952381,40.476190476190474,57.142857142857146
2020-05-04,2020-05-01,0.05,0.03,2.0,3,False,False,False,2.0,8.0,0.375,3.0,11.0,0.2727272727272727,4.0,20.0,0.2,-154.0,280.0,0.3,1.0,0.3454545454545455,0.07518796992481203,-3.6389552653514867,3,4,3,0,0.3,0.4,0.3,0.0,5,10,5,0,0.25,0.5,0.25,0.0,15,23,22,-7,0.25,0.38333333333333336,0.36666666666666664,0.0,63.333333333333336,70.83333333333333,78.33333333333333,57.53968253968254,64.08730158730158,70.63492063492063
2020-05-05,2020-05-04,0.05,0.05,0.0,1,False,False,False,4.0,6.0,0.5,4.0,10.0,0.3,4.0,20.0,0.2,-153.0,279.0,0.3010752688172043,0.9,0.40606060606060607,0.09323308270676695,-3.572242289524868,3,5,2,1,0.3,0.5,0.2,0.0,5,10,5,0,0.25,0.5,0.25,0.0,15,24,21,-6,0.25,0.4,0.35,0.0,0.0,19.166666666666668,38.333333333333336,0.0,11.904761904761905,23.80952380952381
2020-05-06,2020-05-05,0.05,0.05,0.0,1,False,False,False,4.0,6.0,0.5,4.0,10.0,0.3,4.0,20.0,0.2,-153.0,279.0,0.3010752688172043,0.4000000000000001,0.41818181818181815,0.10526315789473684,-3.497026951931092,3,5,2,1,0.3,0.5,0.2,0.0,5,10,5,0,0.25,0.5,0.25,0.0,15,24,21,-6,0.25,0.4,0.35,0.0,0.0,20.0,40.0,0.0,12.103174603174603,24.206349206349206
2020-05-07,2020-05-06,0.05,0.05,0.0,1,False,False,False,1.0,3.0,0.6666666666666666,4.0,10.0,0.3,4.0,20.0,0.2,-153.0,279.0,0.3010752688172043,0.4000000000000001,0.3818181818181819,0.11127819548872182,-3.4133092525701585,3,5,2,1,0.3,0.5,0.2,0.0,5,10,5,0,0.25,0.5,0.25,0.0,15,24,21,-6,0.25,0.4,0.35,0.0,0.0,20.0,40.0,0.0,12.301587301587302,24.603174603174605
2020-05-08,2020-05-07,0.06,0.05,1.0,1,False,False,False,3.0,3.0,0.6666666666666666,3.0,9.0,0.3333333333333333,5.0,21.0,0.19047619047619047,-151.0,279.0,0.3010752688172043,0.1999999999999999,0.48484848484848486,0.1255639097744361,-3.3211447624340096,3,5,2,1,0.3,0.5,0.2,0.0,6,9,5,1,0.3,0.45,0.25,0.0,16,24,20,-4,0.26666666666666666,0.4,0.3333333333333333,0.0,40.0,50.833333333333336,61.666666666666664,25.0,41.666666666666664,58.333333333333336
2020-05-11,2020-05-08,0.06,0.06,0.0,3,False,False,False,1.0,1.0,1.0,3.0,9.0,0.3333333333333333,4.0,20.0,0.2,-151.0,279.0,0.3010752688172043,0.2999999999999999,0.5515151515151515,0.1481203007518797,-3.220589052514587,3,5,2,1,0.3,0.5,0.2,0.0,5,10,5,0,0.25,0.5,0.25,0.0,16,24,20,-4,0.26666666666666666,0.4,0.3333333333333333,0.0,0.0,20.0,40.0,0.0,12.5,25.0
2020-05-12,2020-05-11,0.06,0.06,0.0,1,False,False,False,1.0,1.0,1.0,5.0,7.0,0.42857142857142855,0.0,16.0,0.1875,-152.0,278.0,0.302158273381295,0.2999999999999999,0.4484848484848484,0.22781954887218045,-3.109947207557655,3,6,1,2,0.3,0.6,0.1,0.0,4,11,5,-1,0.2,0.55,0.25,0.0,15,25,20,-5,0.25,0.4166666666666667,0.3333333333333333,0.0,0.0,20.0,40.0,0.0,12.698412698412698,25.396825396825395
2020-05-13,2020-05-12,0.04,0.06,-2.0,1,False,False,False,-1.0,3.0,0.6666666666666666,3.0,9.0,0.3333333333333333,1.0,15.0,0.2,-156.0,278.0,0.302158273381295,-0.20000000000000004,0.17575757575757572,0.23157894736842105,-2.990747429841623,3,5,2,1,0.3,0.5,0.2,0.0,4,11,5,-1,0.2,0.55,0.25,0.0,14,25,21,-7,0.23333333333333334,0.4166666666666667,0.35,0.0,61.666666666666664,70.0,78.33333333333333,59.12698412698413,65.47619047619048,71.82539682539682
2020-05-14,2020-05-13,0.02,0.04,-2.0,1,False,False,False,-3.0,5.0,0.4,-2.0,8.0,0.25,-1.0,17.0,0.17647058823529413,-157.0,279.0,0.3010752688172043,-1.0,-0.04242424242424245,0.20526315789473684,-2.867852181161434,2,5,3,-1,0.2,0.5,0.3,0.0,4,10,6,-2,0.2,0.5,0.3,0.0,14,25,21,-7,0.23333333333333334,0.4166666666666667,0.35,0.0,61.666666666666664,70.0,78.33333333333333,58.73015873015873,65.27777777777777,71.82539682539682
2020-05-15,2020-05-14,0.05,0.02,3.0,1,False,False,False,-1.0,7.0,0.42857142857142855,2.0,10.0,0.3,2.0,20.0,0.15,-155.0,281.0,0.298932384341637,-0.5999999999999999,-0.1393939393939394,0.22330827067669173,-2.7296193387051964,3,5,2,1,0.3,0.5,0.2,0.0,5,9,6,-1,0.25,0.45,0.3,0.0,14,25,21,-7,0.23333333333333334,0.4166666666666667,0.35,0.0,78.33333333333333,80.0,81.66666666666667,71.82539682539682,74.4047619047619,76.98412698412699
2020-05-18,2020-05-15,0.04,0.05,-1.0,3,False,False,False,-2.0,8.0,0.375,-1.0,9.0,0.3333333333333333,2.0,20.0,0.15,-154.0,280.0,0.3,-0.29999999999999993,-0.18181818181818185,0.20827067669172933,-2.587802167268686,2,5,3,-1,0.2,0.5,0.3,0.0,5,9,6,-1,0.25,0.45,0.3,0.0,14,25,21,-7,0.23333333333333334,0.4166666666666667,0.35,0.0,41.666666666666664,50.0,58.333333333333336,25.793650793650794,42.06349206349206,58.333333333333336
2020-05-19,2020-05-18,0.04,0.04,0.0,1,False,False,False,-2.0,8.0,0.375,-1.0,9.0,0.3333333333333333,3.0,19.0,0.15789473684210525,-154.0,280.0,0.3,0.2,-0.21212121212121213,0.1744360902255639,-2.4374270630730757,2,5,3,-1,0.2,0.5,0.3,0.0,5,10,5,0,0.25,0.5,0.25,0.0,14,25,21,-7,0.23333333333333334,0.4166666666666667,0.35,0.0,0.0,20.833333333333332,41.666666666666664,0.0,12.896825396825397,25.793650793650794
2020-05-20,2020-05-19,0.01,0.04,-3.0,1,False,False,False,-3.0,9.0,0.3333333333333333,-4.0,12.0,0.25,0.0,22.0,0.13636363636363635,-158.0,282.0,0.2978723404255319,-0.3,-0.3939393939393939,0.09323308270676692,-2.281717143651014,2,4,4,-2,0.2,0.4,0.4,0.0,5,9,6,-1,0.25,0.45,0.3,0.0,13,25,22,-9,0.21666666666666667,0.4166666666666667,0.36666666666666664,0.0,76.66666666666667,79.16666666666667,81.66666666666667,72.22222222222223,75.0,77.77777777777777
2020-05-21,2020-05-20,0.02,0.01,1.0,1,False,False,False,0.0,8.0,0.375,-3.0,13.0,0.23076923076923078,1.0,23.0,0.13043478260869565,-156.0,282.0,0.2978723404255319,-0.9,-0.47272727272727266,0.026315789473684216,-2.117282578494026,3,3,4,-1,0.3,0.3,0.4,0.0,6,8,6,0,0.3,0.4,0.3,0.0,14,25,21,-7,0.23333333333333334,0.4166666666666667,0.35,0.0,41.666666666666664,50.0,58.333333333333336,26.19047619047619,42.46031746031746,58.73015873015873
2020-05-22,2020-05-21,0.04,0.02,2.0,1,False,False,False,-1.0,7.0,0.42857142857142855,-2.0,14.0,0.21428571428571427,1.0,23.0,0.13043478260869565,-154.0,284.0,0.29577464788732394,-0.2,-0.33939393939393936,0.01804511278195489,-1.940900250069464,3,3,4,-1,0.3,0.3,0.4,0.0,6,8,6,0,0.3,0.4,0.3,0.0,15,24,21,-6,0.25,0.4,0.35,0.0,58.333333333333336,66.66666666666667,75.0,59.12698412698413,65.67460317460318,72.22222222222223
2020-05-26,2020-05-22,0.06,0.04,2.0,4,False,False,False,2.0,8.0,0.375,0.0,16.0,0.1875,3.0,25.0,0.12,-154.0,284.0,0.29577464788732394,0.7,-0.07272727272727272,0.03684210526315789,-1.749291469852737,4,2,4,0,0.4,0.2,0.4,0.0,7,7,6,1,0.35,0.35,0.3,0.0,15,24,21,-6,0.25,0.4,0.35,0.0,56.666666666666664,65.83333333333333,75.0,58.73015873015873,65.47619047619048,72.22222222222223
2020-05-27,2020-05-26,0.06,0.06,0.0,1,False,False,False,2.0,8.0,0.375,0.0,16.0,0.1875,5.0,23.0,0.13043478260869565,-153.0,283.0,0.2968197879858657,1.4,0.1939393939393939,0.01954887218045112,-1.5508196721311476,4,2,4,0,0.4,0.2,0.4,0.0,7,8,5,2,0.35,0.4,0.25,0.0,15,25,20,-5,0.25,0.4166666666666667,0.3333333333333333,0.0,0.0,20.0,40.0,0.0,13.095238095238095,26.19047619047619
2020-05-28,2020-05-27,0.06,0.06,0.0,1,False,False,False,5.0,5.0,0.4,2.0,14.0,0.21428571428571427,5.0,23.0,0.13043478260869565,-158.0,278.0,0.302158273381295,1.0,0.3272727272727272,-0.005263157894736852,-1.3353709363712143,4,3,3,1,0.4,0.3,0.3,0.0,7,8,5,2,0.35,0.4,0.25,0.0,14,26,20,-6,0.23333333333333334,0.43333333333333335,0.3333333333333333,0.0,0.0,20.833333333333332,41.666666666666664,0.0,13.095238095238095,26.19047619047619
2020-05-29,2020-05-28,0.06,0.06,0.0,1,True,False,False,4.0,4.0,0.5,4.0,12.0,0.25,2.0,20.0,0.15,-117.0,237.0,0.35443037974683544,0.39999999999999997,0.3030303030303029,0.009774436090225548,-1.1806335093081413,4,4,2,2,0.4,0.4,0.2,0.0,6,9,5,1,0.3,0.45,0.25,0.0,14,27,19,-5,0.23333333333333334,0.45,0.31666666666666665,0.0,0.0,21.666666666666668,43.333333333333336,0.0,13.095238095238095,26.19047619047619
2020-06-01,2020-05-29,0.06,0.06,0.0,3,False,False,False,2.0,2.0,1.0,1.0,9.0,0.3333333333333333,3.0,19.0,0.15789473684210525,-106.0,226.0,0.37168141592920356,0.0,0.4303030303030303,0.00601503759398494,-1.03803834398444,3,5,2,1,0.3,0.5,0.2,0.0,6,10,4,2,0.3,0.5,0.2,0.0,14,28,18,-4,0.23333333333333334,0.4666666666666667,0.3,0.0,0.0,22.5,45.0,0.0,13.293650793650794,26.58730158730159
2020-06-02,2020-06-01,0.07,0.06,1.0,1,False,False,False,1.0,1.0,1.0,3.0,9.0,0.3333333333333333,2.0,18.0,0.16666666666666666,-103.0,225.0,0.37333333333333335,0.20000000000000018,0.5333333333333333,0.043609022556390965,-0.8913031397610448,4,5,1,3,0.4,0.5,0.1,0.0,6,10,4,2,0.3,0.5,0.2,0.0,15,28,17,-2,0.25,0.4666666666666667,0.2833333333333333,0.0,46.666666666666664,54.166666666666664,61.666666666666664,26.984126984126984,42.857142857142854,58.73015873015873
2020-06-03,2020-06-02,0.06,0.07,-1.0,1,False,False,False,0.0,2.0,0.5,2.0,10.0,0.3,1.0,19.0,0.15789473684210525,-103.0,225.0,0.37333333333333335,0.10000000000000009,0.5454545454545454,0.06390977443609021,-0.7421783828841345,4,4,2,2,0.4,0.4,0.2,0.0,6,9,5,1,0.3,0.45,0.25,0.0,15,28,17,-2,0.25,0.4666666666666667,0.2833333333333333,0.0,46.666666666666664,55.0,63.333333333333336,26.58730158730159,42.65873015873016,58.73015873015873
2020-06-04,2020-06-03,0.07,0.06,1.0,1,False,False,False,1.0,3.0,0.3333333333333333,6.0,8.0,0.25,2.0,20.0,0.15,-104.0,224.0,0.375,0.20000000000000018,0.387878787878788,0.09699248120300752,-0.5823006390664074,5,4,1,4,0.5,0.4,0.1,0.5,7,8,5,2,0.35,0.4,0.25,0.0,15,28,17,-2,0.25,0.4666666666666667,0.2833333333333333,0.0,46.666666666666664,55.0,63.333333333333336,26.58730158730159,42.857142857142854,59.12698412698413
2020-06-05,2020-06-04,0.07,0.07,0.0,1,False,False,False,1.0,3.0,0.3333333333333333,5.0,7.0,0.2857142857142857,2.0,20.0,0.15,-108.0,220.0,0.38181818181818183,0.20000000000000018,0.22424242424242433,0.12706766917293236,-0.4098638510697416,4,5,1,3,0.4,0.5,0.1,0.0,7,8,5,2,0.35,0.4,0.25,0.0,14,29,17,-3,0.23333333333333334,0.48333333333333334,0.2833333333333333,0.0,0.0,23.333333333333332,46.666666666666664,0.0,13.293650793650794,26.58730158730159
2020-06-08,2020-06-05,0.07,0.07,0.0,3,False,False,False,1.0,3.0,0.3333333333333333,3.0,5.0,0.4,1.0,19.0,0.15789473684210525,-113.0,215.0,0.39069767441860465,0.10000000000000009,0.13333333333333347,0.1699248120300752,-0.22295081967213118,3,6,1,2,0.3,0.6,0.1,0.0,6,9,5,1,0.3,0.45,0.25,0.0,13,30,17,-4,0.21666666666666667,0.5,0.2833333333333333,0.0,0.0,24.166666666666668,48.333333333333336,0.0,13.492063492063492,26.984126984126984
2020-06-09,2020-06-08,0.08,0.07,1.0,1,False,False,False,1.0,3.0,0.3333333333333333,2.0,4.0,0.25,2.0,20.0,0.15,-102.0,206.0,0.4077669902912621,0.4000000000000001,0.19393939393939402,0.22556390977443613,-0.04506807446512922,3,6,1,2,0.3,0.6,0.1,0.0,7,8,5,2,0.35,0.4,0.25,0.0,14,30,16,-2,0.23333333333333334,0.5,0.26666666666666666,0.0,50.0,59.166666666666664,68.33333333333333,27.38095238095238,43.45238095238095,59.523809523809526
2020-06-10,2020-06-09,0.07,0.08,-1.0,1,False,False,False,1.0,3.0,0.3333333333333333,1.0,5.0,0.2,1.0,21.0,0.14285714285714285,-19.0,123.0,0.35772357723577236,0.09999999999999995,0.17575757575757583,0.2639097744360902,-0.005529313698249519,3,5,2,1,0.3,0.5,0.2,0.0,7,7,6,1,0.35,0.35,0.3,0.0,14,30,16,-2,0.23333333333333334,0.5,0.26666666666666666,0.0,50.0,60.0,70.0,26.984126984126984,43.25396825396825,59.523809523809526
2020-06-11,2020-06-10,0.08,0.07,1.0,1,False,False,False,1.0,3.0,0.3333333333333333,2.0,6.0,0.16666666666666666,4.0,20.0,0.15,-46.0,96.0,0.4583333333333333,0.1999999999999999,0.20000000000000004,0.2834586466165414,0.08416226729647124,4,4,2,2,0.4,0.4,0.2,0.0,8,7,5,3,0.4,0.35,0.25,0.0,14,30,16,-2,0.23333333333333334,0.5,0.26666666666666666,0.0,50.0,60.833333333333336,71.66666666666667,26.984126984126984,43.25396825396825,59.523809523809526
2020-06-12,2020-06-11,0.08,0.08,0.0,1,False,False,False,1.0,3.0,0.3333333333333333,2.0,6.0,0.16666666666666666,6.0,18.0,0.16666666666666666,-2.0,52.0,0.07692307692307693,0.1999999999999999,0.2,0.2654135338345865,0.10183384273409281,4,4,2,2,0.4,0.4,0.2,0.0,8,8,4,4,0.4,0.4,0.2,0.0,14,31,15,-1,0.23333333333333334,0.5166666666666667,0.25,0.0,0.0,25.0,50.0,0.0,13.293650793650794,26.58730158730159
2020-06-15,2020-06-12,0.09,0.08,1.0,3,False,False,False,2.0,4.0,0.25,3.0,7.0,0.14285714285714285,4.0,16.0,0.1875,3.0,49.0,0.08163265306122448,0.2999999999999999,0.2303030303030302,0.3,0.11447624340094471,5,3,2,3,0.5,0.3,0.2,0.5,8,8,4,4,0.4,0.4,0.2,0.0,15,31,14,1,0.25,0.5166666666666667,0.23333333333333334,0.0,51.666666666666664,63.333333333333336,75.0,26.984126984126984,43.25396825396825,59.523809523809526
2020-06-16,2020-06-15,0.09,0.09,0.0,1,False,False,False,1.0,3.0,0.3333333333333333,2.0,6.0,0.16666666666666666,5.0,15.0,0.2,5.0,47.0,0.0851063829787234,0.4999999999999997,0.29090909090909084,0.31278195488721805,0.12356210058349541,4,4,2,2,0.4,0.4,0.2,0.0,8,9,3,5,0.4,0.45,0.15,0.0,15,32,13,2,0.25,0.5333333333333333,0.21666666666666667,0.0,0.0,25.833333333333332,51.666666666666664,0.0,13.492063492063492,26.984126984126984
2020-06-17,2020-06-16,0.09,0.09,0.0,1,False,False,False,2.0,2.0,0.5,3.0,5.0,0.2,5.0,15.0,0.2,7.0,45.0,0.08888888888888889,0.2999999999999999,0.26060606060606045,0.3180451127819549,0.12898027229786052,4,5,1,3,0.4,0.5,0.1,0.0,8,9,3,5,0.4,0.45,0.15,0.0,15,33,12,3,0.25,0.55,0.2,0.0,0.0,26.666666666666668,53.333333333333336,0.0,13.69047619047619,27.38095238095238
2020-06-18,2020-06-17,0.09,0.09,0.0,1,False,False,False,1.0,1.0,1.0,2.0,4.0,0.25,8.0,12.0,0.16666666666666666,8.0,44.0,0.09090909090909091,0.1999999999999999,0.26060606060606045,0.26842105263157895,0.1323145318143929,3,6,1,2,0.3,0.6,0.1,0.0,8,10,2,6,0.4,0.5,0.1,0.0,15,34,11,4,0.25,0.5666666666666667,0.18333333333333332,0.0,0.0,27.5,55.0,0.0,13.69047619047619,27.38095238095238
2020-06-19,2020-06-18,0.09,0.09,0.0,1,False,False,False,1.0,1.0,1.0,2.0,4.0,0.25,7.0,11.0,0.18181818181818182,8.0,44.0,0.09090909090909091,0.0,0.23636363636363625,0.22255639097744362,0.1352042233953876,3,6,1,2,0.3,0.6,0.1,0.0,7,11,2,5,0.35,0.55,0.1,0.0,15,34,11,4,0.25,0.5666666666666667,0.18333333333333332,0.0,0.0,28.333333333333332,56.666666666666664,0.0,13.88888888888889,27.77777777777778
2020-06-22,2020-06-19,0.08,0.09,-1.0,3,False,False,False,-1.0,1.0,1.0,1.0,5.0,0.2,4.0,10.0,0.2,7.0,45.0,0.08888888888888889,-0.1999999999999999,0.13333333333333328,0.18345864661654135,0.1360100027785496,3,5,2,1,0.3,0.5,0.2,0.0,6,11,3,3,0.3,0.55,0.15,0.0,15,33,12,3,0.25,0.55,0.2,0.0,56.666666666666664,68.33333333333333,80.0,28.174603174603174,44.44444444444444,60.714285714285715
2020-06-23,2020-06-22,0.07,0.08,-1.0,1,False,False,False,-2.0,2.0,0.5,-1.0,5.0,0.2,1.0,9.0,0.1111111111111111,6.0,46.0,0.08695652173913043,-0.4999999999999997,0.030303030303030287,0.15563909774436088,0.13478744095582107,2,5,3,-1,0.2,0.5,0.3,0.0,5,11,4,1,0.25,0.55,0.2,0.0,15,32,13,2,0.25,0.5333333333333333,0.21666666666666667,0.0,55.0,67.5,80.0,28.174603174603174,44.642857142857146,61.111111111111114
2020-06-24,2020-06-23,0.08,0.07,1.0,1,False,False,False,-1.0,3.0,0.3333333333333333,1.0,5.0,0.2,2.0,10.0,0.1,7.0,47.0,0.0851063829787234,-0.3999999999999998,-0.0727272727272727,0.1406015037593985,0.13487079744373437,3,5,2,1,0.3,0.5,0.2,0.0,6,10,4,2,0.3,0.5,0.2,0.0,16,31,13,3,0.26666666666666666,0.5166666666666667,0.21666666666666667,0.0,53.333333333333336,66.66666666666667,80.0,27.77777777777778,44.44444444444444,61.111111111111114
2020-06-25,2020-06-24,0.09,0.08,1.0,1,False,False,False,0.0,4.0,0.25,1.0,5.0,0.2,3.0,11.0,0.09090909090909091,8.0,48.0,0.08333333333333333,0.0,-0.06666666666666664,0.13684210526315788,0.13620450125034733,3,5,2,1,0.3,0.5,0.2,0.0,7,9,4,3,0.35,0.45,0.2,0.0,17,30,13,4,0.2833333333333333,0.5,0.21666666666666667,0.0,51.666666666666664,65.83333333333333,80.0,27.77777777777778,44.44444444444444,61.111111111111114
2020-06-26,2020-06-25,0.08,0.09,-1.0,1,False,False,False,-1.0,5.0,0.2,0.0,6.0,0.16666666666666666,2.0,12.0,0.08333333333333333,7.0,49.0,0.08163265306122448,0.1999999999999999,-0.1272727272727272,0.11428571428571427,0.13545429285912752,3,4,3,0,0.3,0.4,0.3,0.0,7,8,5,2,0.35,0.4,0.25,0.0,17,29,14,3,0.2833333333333333,0.48333333333333334,0.23333333333333334,0.0,50.0,65.0,80.0,27.77777777777778,44.642857142857146,61.507936507936506
2020-06-29,2020-06-26,0.08,0.08,0.0,3,False,False,False,0.0,4.0,0.25,-1.0,5.0,0.2,2.0,12.0,0.08333333333333333,7.0,49.0,0.08163265306122448,0.1999999999999999,-0.12121212121212115,0.08872180451127817,0.13431508752431232,2,5,3,-1,0.2,0.5,0.3,0.0,7,8,5,2,0.35,0.4,0.25,0.0,17,29,14,3,0.2833333333333333,0.48333333333333334,0.23333333333333334,0.0,0.0,24.166666666666668,48.333333333333336,0.0,13.88888888888889,27.77777777777778
2020-06-30,2020-06-29,0.1,0.08,2.0,1,True,True,False,3.0,5.0,0.4,1.0,7.0,0.2857142857142857,3.0,13.0,0.15384615384615385,9.0,51.0,0.0784313725490196,0.30000000000000016,0.006060606060606141,0.10451127819548872,0.1360655737704918,3,4,3,0,0.3,0.4,0.3,0.0,7,8,5,2,0.35,0.4,0.25,0.0,18,28,14,4,0.3,0.4666666666666667,0.23333333333333334,0.0,80.0,85.83333333333333,91.66666666666667,62.301587301587304,68.25396825396825,74.2063492063492
2020-07-01,2020-06-30,0.11,0.1,1.0,1,False,False,False,3.0,5.0,0.4,2.0,8.0,0.25,5.0,13.0,0.15384615384615385,10.0,52.0,0.07692307692307693,0.6000000000000001,0.17575757575757583,0.11428571428571427,0.13895526535148653,4,3,3,1,0.4,0.3,0.3,0.0,8,8,4,4,0.4,0.4,0.2,0.0,19,27,14,5,0.31666666666666665,0.45,0.23333333333333334,0.0,46.666666666666664,62.5,78.33333333333333,28.174603174603174,45.03968253968254,61.904761904761905
2020-07-02,2020-07-01,0.11,0.11,0.0,1,False,False,False,2.0,4.0,0.5,2.0,8.0,0.25,4.0,12.0,0.16666666666666666,10.0,52.0,0.07692307692307693,0.9,0.3212121212121212,0.13233082706766916,0.14128924701305917,4,3,3,1,0.4,0.3,0.3,0.0,7,9,4,3,0.35,0.45,0.2,0.0,19,27,14,5,0.31666666666666665,0.45,0.23333333333333334,0.0,0.0,22.5,45.0,0.0,14.087301587301587,28.174603174603174
2020-07-06,2020-07-02,0.1,0.11,-1.0,4,False,False,False,2.0,4.0,0.5,1.0,9.0,0.2222222222222222,3.0,13.0,0.15384615384615385,9.0,53.0,0.07547169811320754,0.5,0.3878787878787879,0.13007518796992482,0.1414281744929147,4,2,4,0,0.4,0.2,0.4,0.0,7,8,5,2,0.35,0.4,0.25,0.0,19,26,15,4,0.31666666666666665,0.43333333333333335,0.25,0.0,45.0,61.666666666666664,78.33333333333333,28.571428571428573,45.63492063492063,62.698412698412696
2020-07-07,2020-07-06,0.1,0.1,0.0,1,False,False,False,2.0,4.0,0.5,2.0,8.0,0.25,3.0,13.0,0.15384615384615385,9.0,53.0,0.07547169811320754,-0.09999999999999995,0.37575757575757573,0.12330827067669173,0.14106696304529037,4,3,3,1,0.4,0.3,0.3,0.0,7,8,5,2,0.35,0.4,0.25,0.0,19,26,15,4,0.31666666666666665,0.43333333333333335,0.25,0.0,0.0,21.666666666666668,43.333333333333336,0.0,14.285714285714286,28.571428571428573
2020-07-08,2020-07-07,0.1,0.1,0.0,1,False,False,False,0.0,2.0,0.5,3.0,7.0,0.2857142857142857,2.0,12.0,0.16666666666666666,8.0,52.0,0.07692307692307693,-0.2999999999999999,0.2727272727272728,0.12781954887218047,0.14190052792442345,4,4,2,2,0.4,0.4,0.2,0.0,6,9,5,1,0.3,0.45,0.25,0.0,18,27,15,3,0.3,0.45,0.25,0.0,0.0,21.666666666666668,43.333333333333336,0.0,14.484126984126984,28.96825396825397
2020-07-09,2020-07-08,0.1,0.1,0.0,1,False,False,False,-1.0,1.0,1.0,2.0,6.0,0.3333333333333333,3.0,11.0,0.18181818181818182,4.0,48.0,0.0625,-0.1999999999999999,0.2000000000000001,0.11353383458646621,0.14906918588496804,3,5,2,1,0.3,0.5,0.2,0.0,6,10,4,2,0.3,0.5,0.2,0.0,17,28,15,2,0.2833333333333333,0.4666666666666667,0.25,0.0,0.0,22.5,45.0,0.0,14.682539682539682,29.365079365079364
2020-07-10,2020-07-09,0.1,0.1,0.0,1,False,False,False,-1.0,1.0,1.0,1.0,5.0,0.4,2.0,10.0,0.2,7.0,45.0,0.06666666666666667,0.0,0.16969696969696973,0.11052631578947372,0.15093081411503195,2,6,2,0,0.2,0.6,0.2,0.0,5,11,4,1,0.25,0.55,0.2,0.0,17,29,14,3,0.2833333333333333,0.48333333333333334,0.23333333333333334,0.0,0.0,23.333333333333332,46.666666666666664,0.0,14.880952380952381,29.761904761904763
2020-07-13,2020-07-10,0.1,0.1,0.0,3,False,False,False,0.0,0.0,,2.0,4.0,0.5,2.0,10.0,0.2,7.0,45.0,0.06666666666666667,0.0,0.06060606060606066,0.10451127819548876,0.15240344540150041,2,7,1,1,0.2,0.7,0.1,0.0,5,11,4,1,0.25,0.55,0.2,0.0,17,29,14,3,0.2833333333333333,0.48333333333333334,0.23333333333333334,0.0,0.0,24.166666666666668,48.333333333333336,0.0,15.079365079365079,30.158730158730158
2020-07-14,2020-07-13,0.11,0.1,1.0,1,False,False,False,1.0,1.0,1.0,3.0,5.0,0.4,2.0,10.0,0.2,8.0,46.0,0.06521739130434782,0.1999999999999999,-0.018181818181818174,0.12556390977443613,0.1551264240066685,3,6,1,2,0.3,0.6,0.1,0.0,5,11,4,1,0.25,0.55,0.2,0.0,18,28,14,4,0.3,0.4666666666666667,0.23333333333333334,0.0,48.333333333333336,65.0,81.66666666666667,30.555555555555557,47.61904761904762,64.68253968253968
2020-07-15,2020-07-14,0.13,0.11,2.0,1,False,False,False,3.0,3.0,0.6666666666666666,3.0,5.0,0.4,4.0,12.0,0.16666666666666666,11.0,47.0,0.06382978723404255,0.7,0.10909090909090911,0.1721804511278196,0.15898860794665187,3,6,1,2,0.3,0.6,0.1,0.0,6,10,4,2,0.3,0.5,0.2,0.0,19,28,13,6,0.31666666666666665,0.4666666666666667,0.21666666666666667,0.0,81.66666666666667,88.33333333333333,95.0,65.07936507936508,71.23015873015873,77.38095238095238
2020-07-16,2020-07-15,0.12,0.13,-1.0,1,False,False,False,2.0,4.0,0.5,1.0,5.0,0.4,3.0,13.0,0.15384615384615385,11.0,47.0,0.06382978723404255,0.6999999999999998,0.21212121212121207,0.19849624060150375,0.15890525145873857,2,6,2,0,0.2,0.6,0.2,0.0,6,9,5,1,0.3,0.45,0.25,0.0,19,28,13,6,0.31666666666666665,0.4666666666666667,0.21666666666666667,0.0,46.666666666666664,63.333333333333336,80.0,30.555555555555557,47.817460317460316,65.07936507936508
2020-07-17,2020-07-16,0.12,0.12,0.0,1,False,False,False,2.0,4.0,0.5,1.0,5.0,0.4,3.0,13.0,0.15384615384615385,11.0,47.0,0.06382978723404255,0.4999999999999997,0.3030303030303029,0.22030075187969925,0.158210614059461,2,6,2,0,0.2,0.6,0.2,0.0,6,9,5,1,0.3,0.45,0.25,0.0,19,28,13,6,0.31666666666666665,0.4666666666666667,0.21666666666666667,0.0,0.0,23.333333333333332,46.666666666666664,0.0,15.277777777777779,30.555555555555557
2020-07-20,2020-07-17,0.12,0.12,0.0,3,False,False,False,2.0,4.0,0.5,2.0,4.0,0.5,3.0,13.0,0.15384615384615385,11.0,47.0,0.06382978723404255,0.09999999999999981,0.315151515151515,0.23759398496240597,0.15690469574881913,2,7,1,1,0.2,0.7,0.1,0.0,6,9,5,1,0.3,0.45,0.25,0.0,19,28,13,6,0.31666666666666665,0.4666666666666667,0.21666666666666667,0.0,0.0,23.333333333333332,46.666666666666664,0.0,15.476190476190476,30.952380952380953
2020-07-21,2020-07-20,0.11,0.12,-1.0,1,False,False,False,0.0,4.0,0.5,1.0,5.0,0.4,3.0,13.0,0.15384615384615385,8.0,46.0,0.06521739130434782,-0.4000000000000001,0.24848484848484836,0.22030075187969925,0.1567379827729925,2,6,2,0,0.2,0.6,0.2,0.0,6,9,5,1,0.3,0.45,0.25,0.0,18,28,14,4,0.3,0.4666666666666667,0.23333333333333334,0.0,46.666666666666664,63.333333333333336,80.0,30.952380952380953,48.214285714285715,65.47619047619048
2020-07-22,2020-07-21,0.1,0.11,-1.0,1,False,False,False,-3.0,3.0,0.3333333333333333,0.0,6.0,0.3333333333333333,3.0,13.0,0.15384615384615385,7.0,47.0,0.06382978723404255,-0.4999999999999997,0.11515151515151509,0.16842105263157892,0.15448735759933316,2,5,3,-1,0.2,0.5,0.3,0.0,6,9,5,1,0.3,0.45,0.25,0.0,18,27,15,3,0.3,0.45,0.25,0.0,46.666666666666664,64.16666666666667,81.66666666666667,30.952380952380953,48.214285714285715,65.47619047619048
2020-07-23,2020-07-22,0.1,0.1,0.0,1,False,False,False,-2.0,2.0,0.5,0.0,6.0,0.3333333333333333,2.0,12.0,0.16666666666666666,9.0,45.0,0.06666666666666667,-0.5999999999999998,-0.0181818181818182,0.12781954887218044,0.14845790497360378,2,5,3,-1,0.2,0.5,0.3,0.0,5,10,5,0,0.25,0.5,0.25,0.0,18,28,14,4,0.3,0.4666666666666667,0.23333333333333334,0.0,0.0,22.5,45.0,0.0,15.476190476190476,30.952380952380953
2020-07-24,2020-07-23,0.1,0.1,0.0,1,False,False,False,-2.0,2.0,0.5,0.0,6.0,0.3333333333333333,1.0,11.0,0.18181818181818182,9.0,45.0,0.06666666666666667,-0.4999999999999997,-0.15151515151515146,0.09999999999999998,0.14192831342039455,2,5,3,-1,0.2,0.5,0.3,0.0,4,11,5,-1,0.2,0.55,0.25,0.0,18,28,14,4,0.3,0.4666666666666667,0.23333333333333334,0.0,0.0,23.333333333333332,46.666666666666664,0.0,15.674603174603174,31.349206349206348
2020-07-27,2020-07-24,0.1,0.1,0.0,3,False,False,False,-2.0,2.0,0.5,0.0,6.0,0.3333333333333333,2.0,10.0,0.2,6.0,42.0,0.07142857142857142,-0.1999999999999999,-0.28484848484848474,0.05488721804511278,0.13998332870241734,2,5,3,-1,0.2,0.5,0.3,0.0,4,12,4,0,0.2,0.6,0.2,0.0,17,29,14,3,0.2833333333333333,0.48333333333333334,0.23333333333333334,0.0,0.0,23.333333333333332,46.666666666666664,0.0,15.674603174603174,31.349206349206348
2020-07-28,2020-07-27,0.1,0.1,0.0,1,False,False,False,-1.0,1.0,1.0,-1.0,5.0,0.4,2.0,10.0,0.2,7.0,41.0,0.07317073170731707,0.0,-0.35151515151515145,0.00676691729323308,0.1360100027785496,1,6,3,-2,0.1,0.6,0.3,0.0,4,12,4,0,0.2,0.6,0.2,0.0,17,30,13,4,0.2833333333333333,0.5,0.21666666666666667,0.0,0.0,24.166666666666668,48.333333333333336,0.0,15.873015873015873,31.746031746031747
2020-07-29,2020-07-28,0.09,0.1,-1.0,1,False,False,False,-1.0,1.0,1.0,-4.0,4.0,0.25,-1.0,9.0,0.2222222222222222,4.0,40.0,0.075,-0.20000000000000018,-0.3272727272727272,-0.027067669172932338,0.13339816615726593,0,6,4,-4,0.0,0.6,0.4,0.0,3,12,5,-2,0.15,0.6,0.25,0.0,16,30,14,2,0.26666666666666666,0.5,0.23333333333333334,0.0,50.0,67.5,85.0,32.142857142857146,49.007936507936506,65.87301587301587
2020-07-30,2020-07-29,0.1,0.09,1.0,1,False,False,False,0.0,2.0,0.5,-2.0,4.0,0.25,-1.0,9.0,0.2222222222222222,5.0,41.0,0.07317073170731707,-0.10000000000000009,-0.2666666666666666,-0.029323308270676703,0.13220338983050847,1,6,3,-2,0.1,0.6,0.3,0.0,3,12,5,-2,0.15,0.6,0.25,0.0,17,29,14,3,0.2833333333333333,0.48333333333333334,0.23333333333333334,0.0,50.0,68.33333333333333,86.66666666666667,32.142857142857146,49.007936507936506,65.87301587301587
2020-07-31,2020-07-30,0.1,0.1,0.0,1,True,False,False,0.0,2.0,0.5,-2.0,4.0,0.25,-1.0,9.0,0.2222222222222222,5.0,41.0,0.07317073170731707,0.0,-0.18181818181818177,-0.030075187969924817,0.13073075854404,1,6,3,-2,0.1,0.6,0.3,0.0,3,12,5,-2,0.15,0.6,0.25,0.0,17,29,14,3,0.2833333333333333,0.48333333333333334,0.23333333333333334,0.0,0.0,24.166666666666668,48.333333333333336,0.0,16.071428571428573,32.142857142857146
2020-08-03,2020-07-31,0.1,0.1,0.0,3,False,False,False,0.0,2.0,0.5,-2.0,4.0,0.25,0.0,8.0,0.25,5.0,41.0,0.07317073170731707,0.10000000000000009,-0.07272727272727271,-0.045112781954887216,0.12898027229786052,1,6,3,-2,0.1,0.6,0.3,0.0,3,13,4,-1,0.15,0.65,0.2,0.0,17,29,14,3,0.2833333333333333,0.48333333333333334,0.23333333333333334,0.0,0.0,24.166666666666668,48.333333333333336,0.0,16.26984126984127,32.53968253968254
2020-08-04,2020-08-03,0.09,0.1,-1.0,1,False,False,False,-1.0,3.0,0.3333333333333333,-2.0,4.0,0.25,-1.0,9.0,0.2222222222222222,3.0,41.0,0.07317073170731707,0.0,-0.06060606060606066,-0.07443609022556391,0.1270075020839122,1,6,3,-2,0.1,0.6,0.3,0.0,3,12,5,-2,0.15,0.6,0.25,0.0,16,29,15,1,0.26666666666666666,0.48333333333333334,0.25,0.0,48.333333333333336,67.5,86.66666666666667,32.93650793650794,49.6031746031746,66.26984126984127
2020-08-05,2020-08-04,0.09,0.09,0.0,1,False,False,False,0.0,2.0,0.5,-1.0,3.0,0.3333333333333333,-1.0,9.0,0.2222222222222222,3.0,41.0,0.07317073170731707,-0.30000000000000027,-0.090909090909091,-0.10225563909774436,0.12486801889413729,1,7,2,-1,0.1,0.7,0.2,0.0,3,12,5,-2,0.15,0.6,0.25,0.0,16,29,15,1,0.26666666666666666,0.48333333333333334,0.25,0.0,0.0,24.166666666666668,48.333333333333336,0.0,16.46825396825397,32.93650793650794
2020-08-06,2020-08-05,0.09,0.09,0.0,1,False,False,False,-1.0,1.0,1.0,-1.0,3.0,0.3333333333333333,-1.0,9.0,0.2222222222222222,3.0,41.0,0.07317073170731707,-0.30000000000000027,-0.10909090909090918,-0.1285714285714286,0.1225618227285357,1,7,2,-1,0.1,0.7,0.2,0.0,3,12,5,-2,0.15,0.6,0.25,0.0,16,29,15,1,0.26666666666666666,0.48333333333333334,0.25,0.0,0.0,24.166666666666668,48.333333333333336,0.0,16.46825396825397,32.93650793650794
2020-08-07,2020-08-06,0.09,0.09,0.0,1,False,False,False,-1.0,1.0,1.0,-1.0,3.0,0.3333333333333333,-1.0,9.0,0.2222222222222222,5.0,39.0,0.07692307692307693,-0.20000000000000018,-0.11515151515151525,-0.15338345864661654,0.11669908307863296,1,7,2,-1,0.1,0.7,0.2,0.0,3,12,5,-2,0.15,0.6,0.25,0.0,16,30,14,2,0.26666666666666666,0.5,0.23333333333333334,0.0,0.0,24.166666666666668,48.333333333333336,0.0,16.666666666666668,33.333333333333336
2020-08-10,2020-08-07,0.09,0.09,0.0,3,False,False,False,-1.0,1.0,1.0,-1.0,3.0,0.3333333333333333,-1.0,9.0,0.2222222222222222,7.0,37.0,0.08108108108108109,0.0,-0.10909090909090918,-0.17669172932330826,0.10716865796054459,1,7,2,-1,0.1,0.7,0.2,0.0,3,12,5,-2,0.15,0.6,0.25,0.0,16,31,13,3,0.26666666666666666,0.5166666666666667,0.21666666666666667,0.0,0.0,25.0,50.0,0.0,16.865079365079364,33.73015873015873
2020-08-11,2020-08-10,0.1,0.09,1.0,1,False,False,False,1.0,1.0,1.0,0.0,4.0,0.25,-1.0,9.0,0.2222222222222222,5.0,35.0,0.08571428571428572,0.20000000000000018,-0.0363636363636364,-0.16842105263157897,0.10397332592386774,2,6,2,0,0.2,0.6,0.2,0.0,3,12,5,-2,0.15,0.6,0.25,0.0,16,31,13,3,0.26666666666666666,0.5166666666666667,0.21666666666666667,0.0,51.666666666666664,70.83333333333333,90.0,34.12698412698413,50.79365079365079,67.46031746031746
2020-08-12,2020-08-11,0.09,0.1,-1.0,1,False,False,False,0.0,2.0,0.5,0.0,4.0,0.25,-4.0,8.0,0.125,5.0,35.0,0.08571428571428572,0.10000000000000009,-0.08484848484848492,-0.14135338345864662,0.09716587941094748,2,6,2,0,0.2,0.6,0.2,0.0,2,12,6,-4,0.1,0.6,0.3,0.0,16,31,13,3,0.26666666666666666,0.5166666666666667,0.21666666666666667,0.0,51.666666666666664,71.66666666666667,91.66666666666667,34.12698412698413,50.79365079365079,67.46031746031746
2020-08-13,2020-08-12,0.09,0.09,0.0,1,False,False,False,0.0,2.0,0.5,-1.0,3.0,0.3333333333333333,-3.0,7.0,0.14285714285714285,5.0,35.0,0.08571428571428572,0.0,-0.06666666666666674,-0.12406015037593987,0.0900805779383162,1,7,2,-1,0.1,0.7,0.2,0.0,2,13,5,-3,0.1,0.65,0.25,0.0,16,31,13,3,0.26666666666666666,0.5166666666666667,0.21666666666666667,0.0,0.0,25.833333333333332,51.666666666666664,0.0,17.063492063492063,34.12698412698413
2020-08-14,2020-08-13,0.09,0.09,0.0,1,False,False,False,0.0,2.0,0.5,-1.0,3.0,0.3333333333333333,-3.0,7.0,0.14285714285714285,8.0,32.0,0.0625,-0.10000000000000009,-0.0363636363636364,-0.10225563909774438,0.07763267574326202,1,7,2,-1,0.1,0.7,0.2,0.0,2,13,5,-3,0.1,0.65,0.25,0.0,16,32,12,4,0.26666666666666666,0.5333333333333333,0.2,0.0,0.0,25.833333333333332,51.666666666666664,0.0,17.261904761904763,34.523809523809526
2020-08-17,2020-08-14,0.1,0.09,1.0,3,False,False,False,1.0,3.0,0.3333333333333333,0.0,4.0,0.25,-2.0,8.0,0.125,8.0,32.0,0.0625,0.0,0.06060606060606066,-0.061654135338345906,0.06807446512920255,2,6,2,0,0.2,0.6,0.2,0.0,3,12,5,-2,0.15,0.6,0.25,0.0,16,32,12,4,0.26666666666666666,0.5333333333333333,0.2,0.0,53.333333333333336,73.33333333333333,93.33333333333333,34.92063492063492,51.58730158730159,68.25396825396825
2020-08-18,2020-08-17,0.09,0.1,-1.0,1,False,False,False,-1.0,3.0,0.3333333333333333,0.0,4.0,0.25,-2.0,8.0,0.125,5.0,31.0,0.06451612903225806,0.10000000000000009,0.0363636363636364,-0.048120300751879744,0.05982217282578494,2,6,2,0,0.2,0.6,0.2,0.0,3,12,5,-2,0.15,0.6,0.25,0.0,15,32,13,2,0.25,0.5333333333333333,0.21666666666666667,0.0,53.333333333333336,73.33333333333333,93.33333333333333,34.92063492063492,51.785714285714285,68.65079365079364
2020-08-19,2020-08-18,0.09,0.09,0.0,1,False,False,False,0.0,2.0,0.5,0.0,4.0,0.25,-1.0,7.0,0.14285714285714285,3.0,29.0,0.06896551724137931,0.0,0.012121212121212132,-0.04736842105263162,0.05468185607113087,2,6,2,0,0.2,0.6,0.2,0.0,3,13,4,-1,0.15,0.65,0.2,0.0,14,33,13,1,0.23333333333333334,0.55,0.21666666666666667,0.0,0.0,26.666666666666668,53.333333333333336,0.0,17.46031746031746,34.92063492063492
2020-08-20,2020-08-19,0.07,0.09,-2.0,1,False,False,False,-2.0,4.0,0.5,-2.0,6.0,0.3333333333333333,-3.0,9.0,0.2222222222222222,1.0,31.0,0.06451612903225806,-0.4999999999999999,-0.12121212121212117,-0.07368421052631581,0.046096137816060014,2,5,3,-1,0.2,0.5,0.3,0.0,3,12,5,-2,0.15,0.6,0.25,0.0,14,32,14,0,0.23333333333333334,0.5333333333333333,0.23333333333333334,0.0,96.66666666666667,98.33333333333333,100.0,69.44444444444444,75.39682539682539,81.34920634920636
2020-08-21,2020-08-20,0.07,0.07,0.0,1,False,False,False,-2.0,4.0,0.5,-2.0,6.0,0.3333333333333333,-3.0,9.0,0.2222222222222222,1.0,31.0,0.06451612903225806,-0.7999999999999999,-0.2303030303030302,-0.09548872180451128,0.037454848569046954,2,5,3,-1,0.2,0.5,0.3,0.0,3,12,5,-2,0.15,0.6,0.25,0.0,14,32,14,0,0.23333333333333334,0.5333333333333333,0.23333333333333334,0.0,0.0,26.666666666666668,53.333333333333336,0.0,17.658730158730158,35.317460317460316
2020-08-24,2020-08-21,0.08,0.07,1.0,3,False,False,False,-2.0,4.0,0.5,-1.0,7.0,0.2857142857142857,-2.0,10.0,0.2,2.0,32.0,0.0625,-0.3999999999999998,-0.26060606060606056,-0.09849624060150376,0.030397332592386774,3,4,3,0,0.3,0.4,0.3,0.0,4,11,5,-1,0.2,0.55,0.25,0.0,15,31,14,1,0.25,0.5166666666666667,0.23333333333333334,0.0,53.333333333333336,74.16666666666667,95.0,35.714285714285715,52.77777777777778,69.84126984126983
2020-08-25,2020-08-24,0.08,0.08,0.0,1,False,False,False,-1.0,3.0,0.6666666666666666,-2.0,6.0,0.3333333333333333,-2.0,10.0,0.2,2.0,32.0,0.0625,-0.09999999999999995,-0.21212121212121204,-0.09849624060150373,0.023228674631842177,2,5,3,-1,0.2,0.5,0.3,0.0,4,11,5,-1,0.2,0.55,0.25,0.0,15,31,14,1,0.25,0.5166666666666667,0.23333333333333334,0.0,0.0,25.833333333333332,51.666666666666664,0.0,17.857142857142858,35.714285714285715
2020-08-26,2020-08-25,0.07,0.08,-1.0,1,False,False,False,-2.0,4.0,0.5,-2.0,6.0,0.3333333333333333,-2.0,10.0,0.2,0.0,32.0,0.0625,0.09999999999999995,-0.2606060606060605,-0.1255639097744361,0.016004445679355377,2,5,3,-1,0.2,0.5,0.3,0.0,4,11,5,-1,0.2,0.55,0.25,0.0,14,31,15,-1,0.23333333333333334,0.5166666666666667,0.25,0.0,51.666666666666664,73.33333333333333,95.0,36.111111111111114,53.17460317460318,70.23809523809524
2020-08-27,2020-08-26,0.07,0.07,0.0,1,False,False,False,0.0,2.0,0.5,-2.0,6.0,0.3333333333333333,-3.0,9.0,0.2222222222222222,1.0,31.0,0.06451612903225806,-0.09999999999999995,-0.28484848484848474,-0.1338345864661654,0.007085301472631285,2,5,3,-1,0.2,0.5,0.3,0.0,3,12,5,-2,0.15,0.6,0.25,0.0,14,32,14,0,0.23333333333333334,0.5333333333333333,0.23333333333333334,0.0,0.0,25.833333333333332,51.666666666666664,0.0,18.055555555555557,36.111111111111114
2020-08-28,2020-08-27,0.07,0.07,0.0,1,False,False,False,0.0,2.0,0.5,-2.0,6.0,0.3333333333333333,-3.0,9.0,0.2222222222222222,0.0,30.0,0.06666666666666667,-0.2999999999999999,-0.2848484848484848,-0.13759398496240596,-0.0001944984717977215,2,5,3,-1,0.2,0.5,0.3,0.0,3,12,5,-2,0.15,0.6,0.25,0.0,13,33,14,-1,0.21666666666666667,0.55,0.23333333333333334,0.0,0.0,26.666666666666668,53.333333333333336,0.0,18.055555555555557,36.111111111111114
2020-08-31,2020-08-28,0.09,0.07,2.0,3,True,False,False,1.0,3.0,0.6666666666666666,-1.0,7.0,0.2857142857142857,-1.0,11.0,0.18181818181818182,2.0,32.0,0.0625,0.1999999999999999,-0.08484848484848481,-0.10827067669172928,-0.004195609891636565,2,5,3,-1,0.2,0.5,0.3,0.0,4,11,5,-1,0.2,0.55,0.25,0.0,14,32,14,0,0.23333333333333334,0.5333333333333333,0.23333333333333334,0.0,95.0,97.5,100.0,70.63492063492063,76.38888888888889,82.14285714285714
2020-09-01,2020-08-31,0.09,0.09,0.0,1,False,False,False,1.0,3.0,0.6666666666666666,0.0,6.0,0.3333333333333333,0.0,10.0,0.2,2.0,32.0,0.0625,0.5999999999999998,0.06060606060606057,-0.09323308270676689,-0.008307863295359822,2,6,2,0,0.2,0.6,0.2,0.0,4,12,4,0,0.2,0.6,0.2,0.0,14,32,14,0,0.23333333333333334,0.5333333333333333,0.23333333333333334,0.0,0.0,26.666666666666668,53.333333333333336,0.0,18.253968253968253,36.507936507936506
2020-09-02,2020-09-01,0.09,0.09,0.0,1,False,False,False,2.0,2.0,1.0,0.0,6.0,0.3333333333333333,0.0,10.0,0.2,1.0,31.0,0.06451612903225806,0.5999999999999998,0.20606060606060597,-0.0781954887218045,-0.010836343428730202,2,6,2,0,0.2,0.6,0.2,0.0,4,12,4,0,0.2,0.6,0.2,0.0,13,33,14,-1,0.21666666666666667,0.55,0.23333333333333334,0.0,0.0,26.666666666666668,53.333333333333336,0.0,18.253968253968253,36.507936507936506
2020-09-03,2020-09-02,0.1,0.09,1.0,1,False,False,False,3.0,3.0,0.6666666666666666,3.0,5.0,0.4,1.0,11.0,0.18181818181818182,3.0,31.0,0.06451612903225806,0.6,0.2727272727272727,-0.048872180451127796,-0.013475965545984995,3,6,1,2,0.3,0.6,0.1,0.0,5,11,4,1,0.25,0.55,0.2,0.0,14,33,13,1,0.23333333333333334,0.55,0.21666666666666667,0.0,55.0,74.16666666666667,93.33333333333333,36.904761904761905,53.96825396825397,71.03174603174604
2020-09-04,2020-09-03,0.09,0.1,-1.0,1,False,False,False,2.0,4.0,0.5,2.0,6.0,0.3333333333333333,0.0,12.0,0.16666666666666666,1.0,31.0,0.06451612903225806,0.10000000000000009,0.24848484848484845,-0.03533834586466165,-0.0162267296471242,3,5,2,1,0.3,0.5,0.2,0.0,5,10,5,0,0.25,0.5,0.25,0.0,13,33,14,-1,0.21666666666666667,0.55,0.23333333333333334,0.0,55.0,74.16666666666667,93.33333333333333,36.904761904761905,53.96825396825397,71.03174603174604
2020-09-08,2020-09-04,0.09,0.09,0.0,4,False,False,False,0.0,2.0,0.5,1.0,5.0,0.4,0.0,12.0,0.16666666666666666,1.0,31.0,0.06451612903225806,0.0,0.2666666666666666,-0.021804511278195493,-0.019033064740205614,2,6,2,0,0.2,0.6,0.2,0.0,5,10,5,0,0.25,0.5,0.25,0.0,13,33,14,-1,0.21666666666666667,0.55,0.23333333333333334,0.0,0.0,27.5,55.0,0.0,18.452380952380953,36.904761904761905
2020-09-09,2020-09-08,0.09,0.09,0.0,1,False,False,False,0.0,2.0,0.5,1.0,5.0,0.4,-1.0,11.0,0.18181818181818182,0.0,30.0,0.06666666666666667,-0.10000000000000009,0.27272727272727265,0.007518796992481199,-0.020200055570991943,2,6,2,0,0.2,0.6,0.2,0.0,4,11,5,-1,0.2,0.55,0.25,0.0,12,34,14,-2,0.2,0.5666666666666667,0.23333333333333334,0.0,0.0,27.5,55.0,0.0,18.452380952380953,36.904761904761905
2020-09-10,2020-09-09,0.09,0.09,0.0,1,False,False,False,0.0,2.0,0.5,2.0,4.0,0.5,0.0,10.0,0.2,0.0,30.0,0.06666666666666667,-0.20000000000000018,0.1999999999999999,0.022556390977443597,-0.021367046401778274,2,7,1,1,0.2,0.7,0.1,0.0,4,12,4,0,0.2,0.6,0.2,0.0,12,34,14,-2,0.2,0.5666666666666667,0.23333333333333334,0.0,0.0,28.333333333333332,56.666666666666664,0.0,18.650793650793652,37.301587301587304
2020-09-11,2020-09-10,0.09,0.09,0.0,1,False,False,False,-1.0,1.0,1.0,2.0,4.0,0.5,0.0,10.0,0.2,0.0,30.0,0.06666666666666667,0.0,0.10303030303030297,0.037593984962405985,-0.022534037232564603,2,7,1,1,0.2,0.7,0.1,0.0,4,12,4,0,0.2,0.6,0.2,0.0,12,34,14,-2,0.2,0.5666666666666667,0.23333333333333334,0.0,0.0,28.333333333333332,56.666666666666664,0.0,18.849206349206348,37.698412698412696
2020-09-14,2020-09-11,0.09,0.09,0.0,3,False,False,False,0.0,0.0,,2.0,4.0,0.5,0.0,10.0,0.2,0.0,30.0,0.06666666666666667,0.0,-0.0181818181818182,0.05263157894736839,-0.02370102806335094,2,7,1,1,0.2,0.7,0.1,0.0,4,12,4,0,0.2,0.6,0.2,0.0,12,34,14,-2,0.2,0.5666666666666667,0.23333333333333334,0.0,0.0,28.333333333333332,56.666666666666664,0.0,19.047619047619047,38.095238095238095
2020-09-15,2020-09-14,0.1,0.09,1.0,1,False,False,False,1.0,1.0,1.0,1.0,3.0,0.3333333333333333,0.0,10.0,0.2,1.0,31.0,0.06451612903225806,0.20000000000000018,0.024242424242424263,0.09774436090225562,-0.023228674631842187,2,7,1,1,0.2,0.7,0.1,0.0,4,12,4,0,0.2,0.6,0.2,0.0,13,33,14,-1,0.21666666666666667,0.55,0.23333333333333334,0.0,56.666666666666664,75.0,93.33333333333333,38.492063492063494,55.55555555555556,72.61904761904762
2020-09-16,2020-09-15,0.1,0.1,0.0,1,False,False,False,1.0,1.0,1.0,1.0,3.0,0.3333333333333333,1.0,9.0,0.2222222222222222,2.0,30.0,0.06666666666666667,0.30000000000000027,0.05454545454545459,0.1270676691729323,-0.024506807446512926,2,7,1,1,0.2,0.7,0.1,0.0,4,13,3,1,0.2,0.65,0.15,0.0,13,34,13,0,0.21666666666666667,0.5666666666666667,0.21666666666666667,0.0,0.0,27.5,55.0,0.0,19.246031746031747,38.492063492063494
2020-09-17,2020-09-16,0.1,0.1,0.0,1,False,False,False,1.0,1.0,1.0,1.0,3.0,0.3333333333333333,1.0,9.0,0.2222222222222222,3.0,29.0,0.06896551724137931,0.30000000000000027,0.0727272727272728,0.15488721804511277,-0.027590997499305367,2,7,1,1,0.2,0.7,0.1,0.0,4,13,3,1,0.2,0.65,0.15,0.0,13,35,12,1,0.21666666666666667,0.5833333333333334,0.2,0.0,0.0,28.333333333333332,56.666666666666664,0.0,19.246031746031747,38.492063492063494
2020-09-18,2020-09-17,0.09,0.1,-1.0,1,False,False,False,0.0,2.0,0.5,-1.0,3.0,0.3333333333333333,2.0,8.0,0.25,1.0,29.0,0.06896551724137931,0.0,0.090909090909091,0.13533834586466165,-0.030786329535982225,1,7,2,-1,0.1,0.7,0.2,0.0,4,13,3,1,0.2,0.65,0.15,0.0,12,35,13,-1,0.2,0.5833333333333334,0.21666666666666667,0.0,58.333333333333336,75.83333333333333,93.33333333333333,38.888888888888886,56.15079365079365,73.41269841269842
2020-09-21,2020-09-18,0.08,0.09,-1.0,3,False,False,False,-1.0,3.0,0.3333333333333333,-1.0,3.0,0.3333333333333333,1.0,9.0,0.2222222222222222,-1.0,29.0,0.06896551724137931,-0.5000000000000002,7.569702440626067e-17,0.09849624060150373,-0.033981661572659076,1,7,2,-1,0.1,0.7,0.2,0.0,4,12,4,0,0.2,0.6,0.2,0.0,11,35,14,-3,0.18333333333333332,0.5833333333333334,0.23333333333333334,0.0,58.333333333333336,75.83333333333333,93.33333333333333,38.888888888888886,56.34920634920635,73.80952380952381
2020-09-22,2020-09-21,0.07,0.08,-1.0,1,False,False,False,-3.0,3.0,0.3333333333333333,-2.0,4.0,0.25,-1.0,9.0,0.2222222222222222,-1.0,29.0,0.06896551724137931,-0.8,-0.13333333333333325,0.061654135338345864,-0.0404556821339261,1,6,3,-2,0.1,0.6,0.3,0.0,3,12,5,-2,0.15,0.6,0.25,0.0,11,35,14,-3,0.18333333333333332,0.5833333333333334,0.23333333333333334,0.0,58.333333333333336,75.83333333333333,93.33333333333333,38.888888888888886,56.54761904761905,74.2063492063492
2020-09-23,2020-09-22,0.06,0.07,-1.0,1,False,False,False,-4.0,4.0,0.25,-3.0,5.0,0.2,-2.0,10.0,0.2,-2.0,30.0,0.06666666666666667,-1.0,-0.29696969696969694,0.01203007518796992,-0.048513475965545984,1,5,4,-3,0.1,0.5,0.4,0.0,3,11,6,-3,0.15,0.55,0.3,0.0,11,34,15,-4,0.18333333333333332,0.5666666666666667,0.25,0.0,58.333333333333336,75.83333333333333,93.33333333333333,38.888888888888886,56.74603174603175,74.60317460317461
2020-09-24,2020-09-23,0.07,0.06,1.0,1,False,False,False,-3.0,5.0,0.2,-2.0,6.0,0.16666666666666666,0.0,10.0,0.2,-3.0,29.0,0.06896551724137931,-0.5999999999999999,-0.36969696969696964,-0.036090225563909756,-0.051430953042511815,2,4,4,-2,0.2,0.4,0.4,0.0,4,11,5,-1,0.2,0.55,0.25,0.0,11,34,15,-4,0.18333333333333332,0.5666666666666667,0.25,0.0,56.666666666666664,75.0,93.33333333333333,38.888888888888886,56.94444444444444,75.0
2020-09-25,2020-09-24,0.08,0.07,1.0,1,False,False,False,-1.0,5.0,0.2,-1.0,7.0,0.14285714285714285,1.0,11.0,0.18181818181818182,-3.0,29.0,0.06896551724137931,0.0,-0.36363636363636365,-0.06992481203007517,-0.05084745762711865,3,3,4,-1,0.3,0.3,0.4,0.0,5,10,5,0,0.25,0.5,0.25,0.0,11,34,15,-4,0.18333333333333332,0.5666666666666667,0.25,0.0,56.666666666666664,75.83333333333333,95.0,38.888888888888886,56.94444444444444,75.0
2020-09-28,2020-09-25,0.08,0.08,0.0,3,False,False,False,0.0,4.0,0.25,-1.0,7.0,0.14285714285714285,1.0,11.0,0.18181818181818182,-3.0,29.0,0.06896551724137931,0.39999999999999997,-0.3454545454545455,-0.1052631578947368,-0.05009724923589886,3,3,4,-1,0.3,0.3,0.4,0.0,5,10,5,0,0.25,0.5,0.25,0.0,11,34,15,-4,0.18333333333333332,0.5666666666666667,0.25,0.0,0.0,28.333333333333332,56.666666666666664,0.0,19.444444444444443,38.888888888888886
2020-09-29,2020-09-28,0.07,0.08,-1.0,1,False,False,False,0.0,4.0,0.25,-3.0,7.0,0.14285714285714285,-2.0,10.0,0.1,-3.0,29.0,0.06896551724137931,0.30000000000000016,-0.30303030303030304,-0.12481203007518793,-0.05251458738538484,2,3,5,-3,0.2,0.3,0.5,-0.5,4,10,6,-2,0.2,0.5,0.3,0.0,11,34,15,-4,0.18333333333333332,0.5666666666666667,0.25,0.0,56.666666666666664,75.83333333333333,95.0,39.285714285714285,57.53968253968254,75.7936507936508
2020-09-30,2020-09-29,0.08,0.07,1.0,1,True,True,False,2.0,4.0,0.25,-2.0,8.0,0.125,-1.0,11.0,0.09090909090909091,-2.0,30.0,0.06666666666666667,0.09999999999999995,-0.16969696969696968,-0.1270676691729323,-0.0531258682967491,3,2,5,-2,0.3,0.2,0.5,-0.5,5,9,6,-1,0.25,0.45,0.3,0.0,12,33,15,-3,0.2,0.55,0.25,0.0,56.666666666666664,75.83333333333333,95.0,39.285714285714285,57.73809523809524,76.19047619047619
2020-10-01,2020-09-30,0.08,0.08,0.0,1,False,False,False,1.0,3.0,0.3333333333333333,-2.0,8.0,0.125,-1.0,11.0,0.09090909090909091,-2.0,30.0,0.06666666666666667,0.0,-0.012121212121212099,-0.12781954887218042,-0.05362600722422895,3,2,5,-2,0.3,0.2,0.5,-0.5,5,9,6,-1,0.25,0.45,0.3,0.0,12,33,15,-3,0.2,0.55,0.25,0.0,0.0,27.5,55.0,0.0,19.642857142857142,39.285714285714285
2020-10-02,2020-10-01,0.1,0.08,2.0,1,False,False,False,2.0,4.0,0.5,1.0,9.0,0.2222222222222222,0.0,12.0,0.16666666666666666,0.0,32.0,0.0625,0.5,0.21212121212121213,-0.08270676691729319,-0.05073631564323423,4,2,4,0,0.4,0.2,0.4,0.0,5,9,6,-1,0.25,0.45,0.3,0.0,13,32,15,-2,0.21666666666666667,0.5333333333333333,0.25,0.0,95.0,97.5,100.0,76.98412698412699,82.73809523809524,88.4920634920635
2020-10-05,2020-10-02,0.09,0.1,-1.0,3,False,False,False,1.0,5.0,0.4,1.0,9.0,0.2222222222222222,0.0,12.0,0.16666666666666666,-1.0,33.0,0.06060606060606061,0.5999999999999999,0.3030303030303029,-0.06766917293233081,-0.049485968324534585,4,2,4,0,0.4,0.2,0.4,0.0,5,9,6,-1,0.25,0.45,0.3,0.0,13,31,16,-3,0.21666666666666667,0.5166666666666667,0.26666666666666666,0.0,53.333333333333336,73.33333333333333,93.33333333333333,39.682539682539684,58.333333333333336,76.98412698412699
2020-10-06,2020-10-05,0.1,0.09,1.0,1,False,False,False,3.0,5.0,0.4,3.0,9.0,0.2222222222222222,1.0,13.0,0.15384615384615385,0.0,34.0,0.058823529411764705,0.5,0.36969696969696975,-0.03834586466165411,-0.04654070575159767,5,2,3,2,0.5,0.2,0.3,0.5,6,8,6,0,0.3,0.4,0.3,0.0,14,30,16,-2,0.23333333333333334,0.5,0.26666666666666666,0.0,51.666666666666664,72.5,93.33333333333333,39.682539682539684,58.53174603174603,77.38095238095238
2020-10-07,2020-10-06,0.09,0.1,-1.0,1,False,False,False,1.0,5.0,0.4,3.0,9.0,0.2222222222222222,0.0,14.0,0.14285714285714285,-2.0,34.0,0.058823529411764705,0.1999999999999999,0.27878787878787875,-0.02481203007518796,-0.04353987218671853,5,2,3,2,0.5,0.2,0.3,0.5,6,7,7,-1,0.3,0.35,0.35,0.0,13,30,17,-4,0.21666666666666667,0.5,0.2833333333333333,0.0,50.0,71.66666666666667,93.33333333333333,39.682539682539684,58.53174603174603,77.38095238095238
2020-10-08,2020-10-07,0.08,0.09,-1.0,1,False,False,False,0.0,6.0,0.3333333333333333,1.0,9.0,0.2222222222222222,-1.0,15.0,0.13333333333333333,-5.0,33.0,0.06060606060606061,-0.4000000000000001,0.1636363636363636,-0.02556390977443609,-0.038677410391775496,4,2,4,0,0.4,0.2,0.4,0.0,6,6,8,-2,0.3,0.3,0.4,0.0,12,30,18,-6,0.2,0.5,0.3,0.0,50.0,71.66666666666667,93.33333333333333,39.682539682539684,58.73015873015873,77.77777777777777
2020-10-09,2020-10-08,0.09,0.08,1.0,1,False,False,False,-1.0,5.0,0.2,1.0,9.0,0.2222222222222222,0.0,16.0,0.125,-3.0,33.0,0.06060606060606061,-0.20000000000000004,0.1575757575757575,-0.010526315789473696,-0.03359266462906363,4,2,4,0,0.4,0.2,0.4,0.0,7,5,8,-1,0.35,0.25,0.4,0.0,13,30,17,-4,0.21666666666666667,0.5,0.2833333333333333,0.0,50.0,72.5,95.0,39.682539682539684,58.73015873015873,77.77777777777777
2020-10-13,2020-10-09,0.09,0.09,0.0,4,False,False,False,0.0,4.0,0.25,1.0,9.0,0.2222222222222222,0.0,16.0,0.125,-3.0,33.0,0.06060606060606061,-0.20000000000000018,0.13939393939393932,0.004511278195488693,-0.028341205890525148,4,2,4,0,0.4,0.2,0.4,0.0,7,5,8,-1,0.35,0.25,0.4,0.0,13,30,17,-4,0.21666666666666667,0.5,0.2833333333333333,0.0,0.0,25.0,50.0,0.0,19.841269841269842,39.682539682539684
2020-10-14,2020-10-13,0.09,0.09,0.0,1,False,False,False,-1.0,3.0,0.3333333333333333,2.0,8.0,0.25,-1.0,15.0,0.13333333333333333,-3.0,33.0,0.06060606060606061,0.09999999999999995,0.04242424242424236,0.03533834586466162,-0.02292303417616005,4,3,3,1,0.4,0.3,0.3,0.0,6,6,8,-2,0.3,0.3,0.4,0.0,13,30,17,-4,0.21666666666666667,0.5,0.2833333333333333,0.0,0.0,25.0,50.0,0.0,19.841269841269842,39.682539682539684
2020-10-15,2020-10-14,0.1,0.09,1.0,1,False,False,False,1.0,3.0,0.3333333333333333,2.0,8.0,0.25,0.0,16.0,0.125,-1.0,33.0,0.06060606060606061,0.4000000000000001,0.04242424242424239,0.0819548872180451,-0.017393720477910535,4,3,3,1,0.4,0.3,0.3,0.0,7,5,8,-1,0.35,0.25,0.4,0.0,14,30,16,-2,0.23333333333333334,0.5,0.26666666666666666,0.0,50.0,72.5,95.0,39.682539682539684,58.92857142857143,78.17460317460318
2020-10-16,2020-10-15,0.09,0.1,-1.0,1,False,False,False,1.0,3.0,0.3333333333333333,1.0,9.0,0.2222222222222222,-1.0,17.0,0.11764705882352941,-1.0,33.0,0.06060606060606061,0.10000000000000009,-0.036363636363636404,0.11428571428571427,-0.015143095304251184,4,2,4,0,0.4,0.2,0.4,0.0,7,4,9,-2,0.35,0.2,0.45,0.0,14,30,16,-2,0.23333333333333334,0.5,0.26666666666666666,0.0,50.0,72.5,95.0,39.285714285714285,58.73015873015873,78.17460317460318
2020-10-19,2020-10-16,0.09,0.09,0.0,3,False,False,False,0.0,2.0,0.5,-1.0,7.0,0.14285714285714285,0.0,16.0,0.125,-1.0,33.0,0.06060606060606061,0.0,0.006060606060606041,0.13233082706766913,-0.012836899138649629,3,3,4,-1,0.3,0.3,0.4,0.0,7,5,8,-1,0.35,0.25,0.4,0.0,14,30,16,-2,0.23333333333333334,0.5,0.26666666666666666,0.0,0.0,25.0,50.0,0.0,19.642857142857142,39.285714285714285
2020-10-20,2020-10-19,0.08,0.09,-1.0,1,False,False,False,-1.0,3.0,0.3333333333333333,-1.0,7.0,0.14285714285714285,0.0,16.0,0.125,-2.0,34.0,0.058823529411764705,-0.3,-0.06060606060606063,0.12030075187969923,-0.012114476243400946,3,3,4,-1,0.3,0.3,0.4,0.0,7,5,8,-1,0.35,0.25,0.4,0.0,14,29,17,-3,0.23333333333333334,0.48333333333333334,0.2833333333333333,0.0,50.0,72.5,95.0,39.682539682539684,59.32539682539682,78.96825396825396
2020-10-21,2020-10-20,0.07,0.08,-1.0,1,False,False,False,-2.0,4.0,0.25,-3.0,7.0,0.14285714285714285,0.0,16.0,0.125,-3.0,35.0,0.05714285714285714,-0.7,-0.10303030303030297,0.0781954887218045,-0.012920255626562932,2,3,5,-3,0.2,0.3,0.5,-0.5,7,5,8,-1,0.35,0.25,0.4,0.0,14,28,18,-4,0.23333333333333334,0.4666666666666667,0.3,0.0,48.333333333333336,71.66666666666667,95.0,39.682539682539684,59.523809523809526,79.36507936507937
2020-10-22,2020-10-21,0.07,0.07,0.0,1,False,False,False,-3.0,3.0,0.3333333333333333,-2.0,6.0,0.16666666666666666,1.0,15.0,0.13333333333333333,-3.0,35.0,0.05714285714285714,-0.5999999999999998,-0.17575757575757567,0.020300751879699236,-0.013559322033898301,2,4,4,-2,0.2,0.4,0.4,0.0,7,6,7,0,0.35,0.3,0.35,0.0,14,28,18,-4,0.23333333333333334,0.4666666666666667,0.3,0.0,0.0,23.333333333333332,46.666666666666664,0.0,19.841269841269842,39.682539682539684
2020-10-23,2020-10-22,0.08,0.07,1.0,1,False,False,False,-1.0,3.0,0.3333333333333333,0.0,6.0,0.16666666666666666,1.0,15.0,0.13333333333333333,-1.0,35.0,0.05714285714285714,-0.2999999999999999,-0.23636363636363628,-0.00902255639097745,-0.014087246457349262,3,4,3,0,0.3,0.4,0.3,0.0,7,6,7,0,0.35,0.3,0.35,0.0,15,28,17,-2,0.25,0.4666666666666667,0.2833333333333333,0.0,46.666666666666664,70.83333333333333,95.0,40.07936507936508,60.11904761904762,80.15873015873017
2020-10-26,2020-10-23,0.09,0.08,1.0,3,False,False,False,0.0,4.0,0.25,0.0,6.0,0.16666666666666666,1.0,15.0,0.13333333333333333,-1.0,35.0,0.05714285714285714,0.2999999999999999,-0.17575757575757572,-0.009774436090225571,-0.011225340372325643,3,4,3,0,0.3,0.4,0.3,0.0,7,6,7,0,0.35,0.3,0.35,0.0,15,28,17,-2,0.25,0.4666666666666667,0.2833333333333333,0.0,46.666666666666664,70.83333333333333,95.0,40.07936507936508,60.11904761904762,80.15873015873017
2020-10-27,2020-10-26,0.09,0.09,0.0,1,False,False,False,1.0,3.0,0.3333333333333333,0.0,6.0,0.16666666666666666,1.0,15.0,0.13333333333333333,-1.0,35.0,0.05714285714285714,0.5999999999999998,-0.11515151515151516,-0.012030075187969941,-0.00830786329535982,3,4,3,0,0.3,0.4,0.3,0.0,7,6,7,0,0.35,0.3,0.35,0.0,15,28,17,-2,0.25,0.4666666666666667,0.2833333333333333,0.0,0.0,23.333333333333332,46.666666666666664,0.0,19.841269841269842,39.682539682539684
2020-10-28,2020-10-27,0.08,0.09,-1.0,1,False,False,False,1.0,3.0,0.3333333333333333,-1.0,7.0,0.14285714285714285,1.0,15.0,0.13333333333333333,-2.0,36.0,0.05555555555555555,0.2999999999999999,-0.10909090909090911,-0.045864661654135344,-0.006974159488746871,3,3,4,-1,0.3,0.3,0.4,0.0,7,6,7,0,0.35,0.3,0.35,0.0,15,27,18,-3,0.25,0.45,0.3,0.0,46.666666666666664,70.83333333333333,95.0,40.07936507936508,60.11904761904762,80.15873015873017
2020-10-29,2020-10-28,0.09,0.08,1.0,1,False,False,False,2.0,4.0,0.25,-1.0,7.0,0.14285714285714285,1.0,15.0,0.13333333333333333,0.0,36.0,0.05555555555555555,0.09999999999999995,0.030303030303030287,-0.05112781954887219,-0.005584884690191718,3,3,4,-1,0.3,0.3,0.4,0.0,7,6,7,0,0.35,0.3,0.35,0.0,16,27,17,-1,0.26666666666666666,0.45,0.2833333333333333,0.0,45.0,70.0,95.0,40.07936507936508,60.317460317460316,80.55555555555556
2020-10-30,2020-10-29,0.09,0.09,0.0,1,True,False,False,1.0,3.0,0.3333333333333333,0.0,6.0,0.16666666666666666,1.0,15.0,0.13333333333333333,0.0,36.0,0.05555555555555555,0.0,0.11515151515151509,-0.05789473684210528,-0.004195609891636566,3,4,3,0,0.3,0.4,0.3,0.0,7,6,7,0,0.35,0.3,0.35,0.0,16,27,17,-1,0.26666666666666666,0.45,0.2833333333333333,0.0,0.0,22.5,45.0,0.0,20.03968253968254,40.07936507936508
2020-11-02,2020-10-30,0.11,0.09,2.0,3,False,False,False,2.0,4.0,0.5,2.0,8.0,0.25,1.0,15.0,0.13333333333333333,2.0,38.0,0.05263157894736842,0.5,0.309090909090909,-0.006015037593984964,0.00047235343150875175,4,3,3,1,0.4,0.3,0.3,0.0,7,6,7,0,0.35,0.3,0.35,0.0,17,26,17,0,0.2833333333333333,0.43333333333333335,0.2833333333333333,0.0,95.0,97.5,100.0,80.95238095238095,85.91269841269842,90.87301587301587
2020-11-03,2020-11-02,0.1,0.11,-1.0,1,False,False,False,1.0,5.0,0.4,2.0,8.0,0.25,1.0,15.0,0.13333333333333333,1.0,39.0,0.05128205128205128,0.6000000000000001,0.3575757575757575,0.01428571428571429,0.0033898305084745753,4,3,3,1,0.4,0.3,0.3,0.0,7,6,7,0,0.35,0.3,0.35,0.0,17,25,18,-1,0.2833333333333333,0.4166666666666667,0.3,0.0,43.333333333333336,68.33333333333333,93.33333333333333,40.476190476190474,60.51587301587302,80.55555555555556
2020-11-04,2020-11-03,0.1,0.1,0.0,1,False,False,False,2.0,4.0,0.5,3.0,7.0,0.2857142857142857,0.0,14.0,0.14285714285714285,1.0,39.0,0.05128205128205128,0.30000000000000027,0.3151515151515151,0.04887218045112784,0.006251736593498192,4,4,2,2,0.4,0.4,0.2,0.0,6,7,7,-1,0.3,0.35,0.35,0.0,17,25,18,-1,0.2833333333333333,0.4166666666666667,0.3,0.0,0.0,20.833333333333332,41.666666666666664,0.0,20.238095238095237,40.476190476190474
2020-11-05,2020-11-04,0.11,0.1,1.0,1,False,False,False,2.0,4.0,0.5,4.0,8.0,0.25,2.0,14.0,0.14285714285714285,1.0,39.0,0.05128205128205128,0.30000000000000016,0.29090909090909095,0.08195488721804513,0.012392331203111976,5,3,2,3,0.5,0.3,0.2,0.5,7,7,6,1,0.35,0.35,0.3,0.0,17,25,18,-1,0.2833333333333333,0.4166666666666667,0.3,0.0,41.666666666666664,67.5,93.33333333333333,40.87301587301587,61.111111111111114,81.34920634920636
2020-11-06,2020-11-05,0.1,0.11,-1.0,1,False,False,False,1.0,5.0,0.4,2.0,8.0,0.25,2.0,14.0,0.14285714285714285,1.0,39.0,0.05128205128205128,-0.09999999999999995,0.2303030303030304,0.08195488721804513,0.01514309530425118,4,3,3,1,0.4,0.3,0.3,0.0,7,7,6,1,0.35,0.35,0.3,0.0,17,25,18,-1,0.2833333333333333,0.4166666666666667,0.3,0.0,41.666666666666664,67.5,93.33333333333333,40.87301587301587,61.30952380952381,81.74603174603175
2020-11-09,2020-11-06,0.1,0.1,0.0,3,False,False,False,-1.0,3.0,0.3333333333333333,1.0,7.0,0.2857142857142857,1.0,13.0,0.15384615384615385,1.0,39.0,0.05128205128205128,0.0,0.2121212121212122,0.09473684210526317,0.01783828841344818,3,4,3,0,0.3,0.4,0.3,0.0,6,8,6,0,0.3,0.4,0.3,0.0,17,25,18,-1,0.2833333333333333,0.4166666666666667,0.3,0.0,0.0,20.833333333333332,41.666666666666664,0.0,20.436507936507937,40.87301587301587
2020-11-10,2020-11-09,0.1,0.1,0.0,1,False,False,False,0.0,2.0,0.5,1.0,7.0,0.2857142857142857,1.0,13.0,0.15384615384615385,1.0,39.0,0.05128205128205128,-0.09999999999999995,0.1818181818181819,0.10601503759398498,0.020477910530702973,3,4,3,0,0.3,0.4,0.3,0.0,6,8,6,0,0.3,0.4,0.3,0.0,17,25,18,-1,0.2833333333333333,0.4166666666666667,0.3,0.0,0.0,20.833333333333332,41.666666666666664,0.0,20.634920634920636,41.26984126984127
2020-11-12,2020-11-10,0.09,0.1,-1.0,2,False,False,False,-1.0,3.0,0.3333333333333333,1.0,7.0,0.2857142857142857,0.0,14.0,0.14285714285714285,-1.0,39.0,0.05128205128205128,-0.4000000000000001,0.01818181818181823,0.10150375939849623,0.023117532647957767,3,4,3,0,0.3,0.4,0.3,0.0,6,7,7,-1,0.3,0.35,0.35,0.0,16,25,19,-3,0.26666666666666666,0.4166666666666667,0.31666666666666665,0.0,41.666666666666664,67.5,93.33333333333333,41.666666666666664,61.904761904761905,82.14285714285714
2020-11-13,2020-11-12,0.09,0.09,0.0,1,False,False,False,-2.0,2.0,0.5,0.0,6.0,0.3333333333333333,-1.0,13.0,0.15384615384615385,0.0,38.0,0.05263157894736842,-0.30000000000000027,-0.09090909090909093,0.11278195488721807,0.02411781050291748,2,5,3,-1,0.2,0.5,0.3,0.0,5,8,7,-2,0.25,0.4,0.35,0.0,16,26,18,-2,0.26666666666666666,0.43333333333333335,0.3,0.0,0.0,20.833333333333332,41.666666666666664,0.0,20.634920634920636,41.26984126984127
2020-11-16,2020-11-13,0.1,0.09,1.0,3,False,False,False,0.0,2.0,0.5,1.0,7.0,0.2857142857142857,1.0,13.0,0.15384615384615385,1.0,39.0,0.05128205128205128,-0.10000000000000009,-0.14545454545454548,0.12406015037593984,0.026757432620172265,3,4,3,0,0.3,0.4,0.3,0.0,6,8,6,0,0.3,0.4,0.3,0.0,17,25,18,-1,0.2833333333333333,0.4166666666666667,0.3,0.0,43.333333333333336,68.33333333333333,93.33333333333333,41.666666666666664,61.904761904761905,82.14285714285714
2020-11-17,2020-11-16,0.09,0.1,-1.0,1,False,False,False,-1.0,3.0,0.3333333333333333,-2.0,6.0,0.16666666666666666,0.0,14.0,0.14285714285714285,2.0,38.0,0.05263157894736842,-0.10000000000000009,-0.13333333333333341,0.11954887218045113,0.0243123089747152,2,4,4,-2,0.2,0.4,0.4,0.0,6,7,7,-1,0.3,0.35,0.35,0.0,17,25,18,-1,0.2833333333333333,0.4166666666666667,0.3,0.0,41.666666666666664,67.5,93.33333333333333,41.26984126984127,61.70634920634921,82.14285714285714
2020-11-18,2020-11-17,0.07,0.09,-2.0,1,False,False,False,-3.0,5.0,0.4,-3.0,7.0,0.2857142857142857,-1.0,15.0,0.13333333333333333,0.0,40.0,0.05,-0.3999999999999998,-0.27272727272727276,0.07067669172932331,0.01847735482078355,2,4,4,-2,0.2,0.4,0.4,0.0,6,7,7,-1,0.3,0.35,0.35,0.0,17,24,19,-2,0.2833333333333333,0.4,0.31666666666666665,0.0,95.0,97.5,100.0,82.14285714285714,86.9047619047619,91.66666666666667
2020-11-19,2020-11-18,0.06,0.07,-1.0,1,False,False,False,-3.0,5.0,0.4,-4.0,8.0,0.25,-1.0,15.0,0.13333333333333333,-2.0,40.0,0.05,-0.9,-0.4303030303030304,-0.006766917293233075,0.01269797165879411,2,3,5,-3,0.2,0.3,0.5,-0.5,6,7,7,-1,0.3,0.35,0.35,0.0,16,24,20,-4,0.26666666666666666,0.4,0.3333333333333333,0.0,40.0,66.66666666666667,93.33333333333333,41.26984126984127,61.507936507936506,81.74603174603175
2020-11-20,2020-11-19,0.05,0.06,-1.0,1,False,False,False,-4.0,6.0,0.3333333333333333,-6.0,8.0,0.25,-2.0,16.0,0.125,-3.0,41.0,0.04878048780487805,-1.3,-0.5272727272727273,-0.09699248120300749,0.005390386218393999,1,3,6,-5,0.1,0.3,0.6,-1.0,6,6,8,-2,0.3,0.3,0.4,0.0,16,23,21,-5,0.26666666666666666,0.38333333333333336,0.35,0.0,40.0,66.66666666666667,93.33333333333333,41.26984126984127,61.70634920634921,82.14285714285714
2020-11-23,2020-11-20,0.05,0.05,0.0,3,False,False,False,-5.0,5.0,0.4,-5.0,7.0,0.2857142857142857,-3.0,15.0,0.13333333333333333,-2.0,40.0,0.05,-1.0,-0.6181818181818182,-0.16842105263157892,-0.0034454015004167803,1,4,5,-4,0.1,0.4,0.5,-0.5,5,7,8,-3,0.25,0.35,0.4,0.0,16,24,20,-4,0.26666666666666666,0.4,0.3333333333333333,0.0,0.0,19.166666666666668,38.333333333333336,0.0,20.634920634920636,41.26984126984127
2020-11-24,2020-11-23,0.07,0.05,2.0,1,False,False,False,-2.0,6.0,0.3333333333333333,-3.0,9.0,0.2222222222222222,-2.0,16.0,0.125,0.0,42.0,0.047619047619047616,-0.09999999999999995,-0.5393939393939393,-0.19097744360902252,-0.008891358710752983,2,3,5,-3,0.2,0.3,0.5,-0.5,5,7,8,-3,0.25,0.35,0.4,0.0,17,23,20,-3,0.2833333333333333,0.38333333333333336,0.3333333333333333,0.0,93.33333333333333,96.66666666666667,100.0,82.14285714285714,87.10317460317461,92.06349206349206
2020-11-25,2020-11-24,0.08,0.07,1.0,1,False,False,False,1.0,5.0,0.4,-2.0,10.0,0.2,-1.0,17.0,0.11764705882352941,1.0,43.0,0.046511627906976744,0.6000000000000001,-0.36969696969696964,-0.1962406015037594,-0.012697971658794105,3,2,5,-2,0.3,0.2,0.5,-0.5,6,6,8,-2,0.3,0.3,0.4,0.0,18,22,20,-2,0.3,0.36666666666666664,0.3333333333333333,0.0,38.333333333333336,65.0,91.66666666666667,41.26984126984127,61.507936507936506,81.74603174603175
2020-11-27,2020-11-25,0.08,0.08,0.0,2,False,False,False,2.0,4.0,0.5,-1.0,9.0,0.2222222222222222,0.0,16.0,0.125,-1.0,41.0,0.04878048780487805,0.9,-0.24242424242424238,-0.21578947368421053,-0.013170325090302857,3,3,4,-1,0.3,0.3,0.4,0.0,6,7,7,-1,0.3,0.35,0.35,0.0,17,23,20,-3,0.2833333333333333,0.38333333333333336,0.3333333333333333,0.0,0.0,18.333333333333332,36.666666666666664,0.0,20.436507936507937,40.87301587301587
2020-11-30,2020-11-27,0.09,0.08,1.0,3,True,False,False,4.0,4.0,0.5,0.0,10.0,0.2,0.0,16.0,0.125,0.0,42.0,0.047619047619047616,0.8999999999999998,-0.048484848484848506,-0.20526315789473684,-0.011947763267574322,4,2,4,0,0.4,0.2,0.4,0.0,6,7,7,-1,0.3,0.35,0.35,0.0,18,22,20,-2,0.3,0.36666666666666664,0.3333333333333333,0.0,38.333333333333336,65.83333333333333,93.33333333333333,41.26984126984127,61.70634920634921,82.14285714285714
2020-12-01,2020-11-30,0.08,0.09,-1.0,1,False,False,False,3.0,5.0,0.4,-2.0,10.0,0.2,-1.0,17.0,0.11764705882352941,-1.0,43.0,0.046511627906976744,0.2999999999999999,0.15757575757575756,-0.20902255639097744,-0.012364545707140871,3,2,5,-2,0.3,0.2,0.5,-0.5,6,6,8,-2,0.3,0.3,0.4,0.0,18,21,21,-3,0.3,0.35,0.35,0.0,36.666666666666664,65.0,93.33333333333333,41.26984126984127,61.904761904761905,82.53968253968254
2020-12-02,2020-12-01,0.08,0.08,0.0,1,False,False,False,1.0,3.0,0.3333333333333333,-1.0,9.0,0.2222222222222222,-3.0,15.0,0.13333333333333333,-2.0,42.0,0.047619047619047616,0.0,0.32121212121212117,-0.17969924812030075,-0.011030841900527921,3,3,4,-1,0.3,0.3,0.4,0.0,5,7,8,-3,0.25,0.35,0.4,0.0,17,22,21,-4,0.2833333333333333,0.36666666666666664,0.35,0.0,0.0,17.5,35.0,0.0,20.634920634920636,41.26984126984127
2020-12-03,2020-12-02,0.08,0.08,0.0,1,False,False,False,0.0,2.0,0.5,1.0,7.0,0.2857142857142857,-2.0,14.0,0.14285714285714285,-1.0,41.0,0.04878048780487805,-0.09999999999999995,0.36363636363636365,-0.16165413533834586,-0.011280911364267851,3,4,3,0,0.3,0.4,0.3,0.0,5,8,7,-2,0.25,0.4,0.35,0.0,17,23,20,-3,0.2833333333333333,0.38333333333333336,0.3333333333333333,0.0,0.0,18.333333333333332,36.666666666666664,0.0,20.833333333333332,41.666666666666664
2020-12-04,2020-12-03,0.09,0.08,1.0,1,False,False,False,1.0,3.0,0.3333333333333333,3.0,7.0,0.2857142857142857,-1.0,15.0,0.13333333333333333,0.0,42.0,0.047619047619047616,0.0,0.3818181818181817,-0.12631578947368424,-0.009836065573770491,4,4,2,2,0.4,0.4,0.2,0.0,6,7,7,-1,0.3,0.35,0.35,0.0,18,22,20,-2,0.3,0.36666666666666664,0.3333333333333333,0.0,38.333333333333336,65.83333333333333,93.33333333333333,42.06349206349206,62.698412698412696,83.33333333333333
2020-12-07,2020-12-04,0.08,0.09,-1.0,3,False,False,False,-1.0,3.0,0.3333333333333333,3.0,7.0,0.2857142857142857,-3.0,15.0,0.13333333333333333,-1.0,43.0,0.046511627906976744,0.09999999999999995,0.24242424242424243,-0.08796992481203009,-0.010030564045568213,4,4,2,2,0.4,0.4,0.2,0.0,5,7,8,-3,0.25,0.35,0.4,0.0,18,21,21,-3,0.3,0.35,0.35,0.0,36.666666666666664,65.0,93.33333333333333,42.06349206349206,62.8968253968254,83.73015873015873
2020-12-08,2020-12-07,0.07,0.08,-1.0,1,False,False,False,-1.0,3.0,0.3333333333333333,2.0,8.0,0.25,-3.0,15.0,0.13333333333333333,-2.0,44.0,0.045454545454545456,-0.1999999999999999,0.012121212121212116,-0.07518796992481203,-0.01180883578771881,4,3,3,1,0.4,0.3,0.3,0.0,5,7,8,-3,0.25,0.35,0.4,0.0,18,20,22,-4,0.3,0.3333333333333333,0.36666666666666664,0.0,35.0,64.16666666666667,93.33333333333333,42.06349206349206,62.8968253968254,83.73015873015873
2020-12-09,2020-12-08,0.08,0.07,1.0,1,False,False,False,0.0,4.0,0.25,1.0,7.0,0.14285714285714285,-2.0,16.0,0.125,-1.0,45.0,0.044444444444444446,-0.1999999999999999,-0.054545454545454515,-0.04360902255639097,-0.011836621283689914,4,3,3,1,0.4,0.3,0.3,0.0,6,6,8,-2,0.3,0.3,0.4,0.0,19,19,22,-3,0.31666666666666665,0.31666666666666665,0.36666666666666664,0.0,33.333333333333336,63.333333333333336,93.33333333333333,42.06349206349206,62.8968253968254,83.73015873015873
2020-12-10,2020-12-09,0.08,0.08,0.0,1,False,False,False,0.0,4.0,0.25,0.0,6.0,0.16666666666666666,-2.0,16.0,0.125,-1.0,45.0,0.044444444444444446,-0.1999999999999999,-0.06666666666666664,-0.009022556390977434,-0.01180883578771881,3,4,3,0,0.3,0.4,0.3,0.0,6,6,8,-2,0.3,0.3,0.4,0.0,19,19,22,-3,0.31666666666666665,0.31666666666666665,0.36666666666666664,0.0,0.0,15.833333333333334,31.666666666666668,0.0,20.833333333333332,41.666666666666664
2020-12-11,2020-12-10,0.08,0.08,0.0,1,False,False,False,-1.0,3.0,0.3333333333333333,0.0,6.0,0.16666666666666666,-1.0,15.0,0.13333333333333333,-2.0,44.0,0.045454545454545456,0.09999999999999995,-0.07878787878787875,0.012781954887218047,-0.010030564045568215,3,4,3,0,0.3,0.4,0.3,0.0,6,7,7,-1,0.3,0.35,0.35,0.0,18,20,22,-4,0.3,0.3333333333333333,0.36666666666666664,0.0,0.0,15.833333333333334,31.666666666666668,0.0,21.03174603174603,42.06349206349206
2020-12-14,2020-12-11,0.08,0.08,0.0,3,False,False,False,0.0,2.0,0.5,-1.0,5.0,0.2,-1.0,15.0,0.13333333333333333,-2.0,44.0,0.045454545454545456,0.1999999999999999,-0.024242424242424232,0.03609022556390977,-0.008141150319533203,2,5,3,-1,0.2,0.5,0.3,0.0,6,7,7,-1,0.3,0.35,0.35,0.0,18,20,22,-4,0.3,0.3333333333333333,0.36666666666666664,0.0,0.0,16.666666666666668,33.333333333333336,0.0,21.23015873015873,42.46031746031746
2020-12-15,2020-12-14,0.09,0.08,1.0,1,False,False,False,2.0,2.0,0.5,1.0,5.0,0.2,-1.0,15.0,0.13333333333333333,-1.0,45.0,0.044444444444444446,0.1999999999999999,0.030303030303030287,0.09097744360902256,-0.0045012503473187,3,5,2,1,0.3,0.5,0.2,0.0,6,7,7,-1,0.3,0.35,0.35,0.0,19,19,22,-3,0.31666666666666665,0.31666666666666665,0.36666666666666664,0.0,33.333333333333336,63.333333333333336,93.33333333333333,42.857142857142854,63.29365079365079,83.73015873015873
2020-12-16,2020-12-15,0.09,0.09,0.0,1,False,False,False,1.0,1.0,1.0,1.0,5.0,0.2,0.0,14.0,0.14285714285714285,0.0,44.0,0.045454545454545456,0.2999999999999999,0.0727272727272727,0.13157894736842102,-0.0025006946373992787,3,5,2,1,0.3,0.5,0.2,0.0,6,8,6,0,0.3,0.4,0.3,0.0,19,20,21,-2,0.31666666666666665,0.3333333333333333,0.35,0.0,0.0,15.833333333333334,31.666666666666668,0.0,21.428571428571427,42.857142857142854
2020-12-17,2020-12-16,0.09,0.09,0.0,1,False,False,False,1.0,1.0,1.0,1.0,5.0,0.2,2.0,12.0,0.16666666666666666,1.0,43.0,0.046511627906976744,0.2999999999999999,0.10303030303030299,0.14060150375939848,-0.0021950541817171458,3,5,2,1,0.3,0.5,0.2,0.0,6,9,5,1,0.3,0.45,0.25,0.0,19,21,20,-1,0.31666666666666665,0.35,0.3333333333333333,0.0,0.0,16.666666666666668,33.333333333333336,0.0,21.626984126984127,43.25396825396825
2020-12-18,2020-12-17,0.09,0.09,0.0,1,False,False,False,1.0,1.0,1.0,0.0,4.0,0.25,3.0,11.0,0.18181818181818182,2.0,42.0,0.047619047619047616,0.1999999999999999,0.18787878787878778,0.1308270676691729,-0.003639899972214506,2,6,2,0,0.2,0.6,0.2,0.0,6,10,4,2,0.3,0.5,0.2,0.0,19,22,19,0,0.31666666666666665,0.36666666666666664,0.31666666666666665,0.0,0.0,17.5,35.0,0.0,21.825396825396826,43.65079365079365
2020-12-21,2020-12-18,0.09,0.09,0.0,3,False,False,False,1.0,1.0,1.0,1.0,3.0,0.3333333333333333,4.0,10.0,0.2,3.0,41.0,0.04878048780487805,0.0,0.20606060606060597,0.10075187969924809,-0.0068908030008335685,2,7,1,1,0.2,0.7,0.1,0.0,6,11,3,3,0.3,0.55,0.15,0.0,19,23,18,1,0.31666666666666665,0.38333333333333336,0.3,0.0,0.0,18.333333333333332,36.666666666666664,0.0,22.023809523809526,44.04761904761905
2020-12-22,2020-12-21,0.07,0.09,-2.0,1,False,False,False,-2.0,2.0,1.0,0.0,4.0,0.5,2.0,12.0,0.16666666666666666,0.0,42.0,0.047619047619047616,-0.3999999999999998,0.036363636363636334,0.036090225563909756,-0.01189219227563212,2,7,1,1,0.2,0.7,0.1,0.0,6,10,4,2,0.3,0.5,0.2,0.0,18,23,19,-1,0.3,0.38333333333333336,0.31666666666666665,0.0,93.33333333333333,96.66666666666667,100.0,84.52380952380952,89.08730158730158,93.65079365079364
2020-12-23,2020-12-22,0.06,0.07,-1.0,1,False,False,False,-3.0,3.0,0.6666666666666666,-2.0,4.0,0.5,-1.0,11.0,0.18181818181818182,-2.0,42.0,0.047619047619047616,-0.7999999999999999,-0.12121212121212123,-0.0142857142857143,-0.016838010558488468,1,7,2,-1,0.1,0.7,0.2,0.0,5,10,5,0,0.25,0.5,0.25,0.0,17,23,20,-3,0.2833333333333333,0.38333333333333336,0.3333333333333333,0.0,38.333333333333336,65.0,91.66666666666667,44.04761904761905,64.08730158730158,84.12698412698413
2020-12-24,2020-12-23,0.08,0.06,2.0,1,False,False,False,-1.0,5.0,0.4,0.0,6.0,0.3333333333333333,0.0,12.0,0.16666666666666666,0.0,44.0,0.045454545454545456,-0.4999999999999999,-0.14545454545454542,-0.018796992481203017,-0.018393998332870243,2,6,2,0,0.2,0.6,0.2,0.0,5,10,5,0,0.25,0.5,0.25,0.0,18,22,20,-2,0.3,0.36666666666666664,0.3333333333333333,0.0,91.66666666666667,95.83333333333333,100.0,84.12698412698413,88.88888888888889,93.65079365079364
2020-12-28,2020-12-24,0.09,0.08,1.0,4,False,False,False,0.0,6.0,0.3333333333333333,1.0,7.0,0.2857142857142857,1.0,13.0,0.15384615384615385,2.0,44.0,0.045454545454545456,0.09999999999999995,-0.11515151515151513,-0.009022556390977455,-0.02000555709919422,3,5,2,1,0.3,0.5,0.2,0.0,6,9,5,1,0.3,0.45,0.25,0.0,19,22,19,0,0.31666666666666665,0.36666666666666664,0.31666666666666665,0.0,36.666666666666664,63.333333333333336,90.0,43.65079365079365,63.69047619047619,83.73015873015873
2020-12-29,2020-12-28,0.1,0.09,1.0,1,False,False,False,1.0,7.0,0.2857142857142857,2.0,8.0,0.25,1.0,13.0,0.15384615384615385,2.0,44.0,0.045454545454545456,0.9,-0.04242424242424236,0.029323308270676685,-0.018393998332870243,4,4,2,2,0.4,0.4,0.2,0.0,6,9,5,1,0.3,0.45,0.25,0.0,19,22,19,0,0.31666666666666665,0.36666666666666664,0.31666666666666665,0.0,36.666666666666664,63.333333333333336,90.0,43.25396825396825,63.492063492063494,83.73015873015873
2020-12-30,2020-12-29,0.09,0.1,-1.0,1,False,False,False,2.0,6.0,0.3333333333333333,0.0,8.0,0.25,1.0,13.0,0.15384615384615385,1.0,45.0,0.044444444444444446,0.8,0.018181818181818223,0.03609022556390976,-0.01853292581272576,3,4,3,0,0.3,0.4,0.3,0.0,6,9,5,1,0.3,0.45,0.25,0.0,19,21,20,-1,0.31666666666666665,0.35,0.3333333333333333,0.0,36.666666666666664,63.333333333333336,90.0,42.857142857142854,63.29365079365079,83.73015873015873
2020-12-31,2020-12-30,0.07,0.09,-2.0,1,True,True,True,1.0,7.0,0.2857142857142857,-2.0,10.0,0.2,-1.0,15.0,0.13333333333333333,-3.0,45.0,0.044444444444444446,-0.1999999999999999,-0.030303030303030238,0.012781954887218045,-0.018616282300639064,3,3,4,-1,0.3,0.3,0.4,0.0,6,8,6,0,0.3,0.4,0.3,0.0,18,21,21,-3,0.3,0.35,0.35,0.0,90.0,95.0,100.0,83.73015873015873,88.69047619047619,93.65079365079364
2021-01-04,2020-12-31,0.1,0.07,3.0,4,False,False,False,2.0,8.0,0.375,1.0,13.0,0.23076923076923078,2.0,18.0,0.16666666666666666,1.0,47.0,0.06382978723404255,-0.09999999999999981,0.10909090909090918,0.033834586466165426,-0.015309808280077799,4,2,4,0,0.4,0.2,0.4,0.0,7,7,6,1,0.35,0.35,0.3,0.0,19,21,20,-1,0.31666666666666665,0.35,0.3333333333333333,0.0,100.0,100.0,100.0,93.65079365079364,94.44444444444444,95.23809523809524
2021-01-05,2021-01-04,0.11,0.1,1.0,1,False,False,False,2.0,8.0,0.375,2.0,14.0,0.21428571428571427,2.0,18.0,0.16666666666666666,1.0,47.0,0.06382978723404255,0.3,0.29090909090909095,0.08195488721804513,-0.008724645734926368,5,1,4,1,0.5,0.1,0.4,0.5,7,7,6,1,0.35,0.35,0.3,0.0,19,21,20,-1,0.31666666666666665,0.35,0.3333333333333333,0.0,35.0,61.666666666666664,88.33333333333333,42.857142857142854,62.8968253968254,82.93650793650794
2021-01-06,2021-01-05,0.1,0.11,-1.0,1,False,False,False,0.0,8.0,0.375,1.0,15.0,0.2,2.0,18.0,0.16666666666666666,1.0,47.0,0.06382978723404255,0.6000000000000001,0.3939393939393939,0.09699248120300752,-0.005529313698249512,5,0,5,0,0.5,0.0,0.5,0.0,7,7,6,1,0.35,0.35,0.3,0.0,19,21,20,-1,0.31666666666666665,0.35,0.3333333333333333,0.0,35.0,61.666666666666664,88.33333333333333,42.857142857142854,62.8968253968254,82.93650793650794
2021-01-07,2021-01-06,0.1,0.1,0.0,1,False,False,False,1.0,7.0,0.42857142857142855,3.0,13.0,0.23076923076923078,3.0,17.0,0.17647058823529413,2.0,46.0,0.06521739130434782,0.6,0.35151515151515167,0.09323308270676695,-0.004084467907752151,5,1,4,1,0.5,0.1,0.4,0.5,7,8,5,2,0.35,0.4,0.25,0.0,19,22,19,0,0.31666666666666665,0.36666666666666664,0.31666666666666665,0.0,0.0,17.5,35.0,0.0,21.428571428571427,42.857142857142854
2021-01-08,2021-01-07,0.09,0.1,-1.0,1,False,False,False,2.0,6.0,0.5,3.0,13.0,0.23076923076923078,1.0,17.0,0.17647058823529413,0.0,46.0,0.06521739130434782,-0.30000000000000016,0.15151515151515152,0.08646616541353386,-0.0026951931091969985,5,1,4,1,0.5,0.1,0.4,0.5,6,8,6,0,0.3,0.4,0.3,0.0,18,22,20,-2,0.3,0.36666666666666664,0.3333333333333333,0.0,36.666666666666664,62.5,88.33333333333333,42.857142857142854,62.8968253968254,82.93650793650794
2021-01-11,2021-01-08,0.09,0.09,0.0,3,False,False,False,-1.0,3.0,0.3333333333333333,1.0,11.0,0.2727272727272727,1.0,17.0,0.17647058823529413,0.0,46.0,0.06521739130434782,-0.5000000000000002,0.04848484848484847,0.07819548872180453,-0.0013059183106418455,4,2,4,0,0.4,0.2,0.4,0.0,6,8,6,0,0.3,0.4,0.3,0.0,18,22,20,-2,0.3,0.36666666666666664,0.3333333333333333,0.0,0.0,18.333333333333332,36.666666666666664,0.0,21.428571428571427,42.857142857142854
2021-01-12,2021-01-11,0.08,0.09,-1.0,1,False,False,False,-3.0,3.0,0.3333333333333333,-1.0,11.0,0.2727272727272727,0.0,18.0,0.16666666666666666,-1.0,47.0,0.06382978723404255,-0.5000000000000002,-0.05454545454545459,0.05413533834586468,-0.0015559877743817742,3,2,5,-2,0.3,0.2,0.5,-0.5,6,7,7,-1,0.3,0.35,0.35,0.0,18,21,21,-3,0.3,0.35,0.35,0.0,36.666666666666664,62.5,88.33333333333333,43.25396825396825,63.095238095238095,82.93650793650794
2021-01-13,2021-01-12,0.08,0.08,0.0,1,False,False,False,-2.0,2.0,0.5,-2.0,10.0,0.3,0.0,18.0,0.16666666666666666,-2.0,46.0,0.06521739130434782,-0.5,-0.07878787878787882,0.030075187969924835,-5.557099194220618e-05,2,3,5,-3,0.2,0.3,0.5,-0.5,6,7,7,-1,0.3,0.35,0.35,0.0,17,22,21,-4,0.2833333333333333,0.36666666666666664,0.35,0.0,0.0,17.5,35.0,0.0,21.428571428571427,42.857142857142854
2021-01-14,2021-01-13,0.08,0.08,0.0,1,False,False,False,-2.0,2.0,0.5,-1.0,9.0,0.3333333333333333,-1.0,17.0,0.17647058823529413,-1.0,45.0,0.06666666666666667,-0.2999999999999999,-0.14545454545454553,0.021804511278195507,-0.00013892747985551617,2,4,4,-2,0.2,0.4,0.4,0.0,5,8,7,-2,0.25,0.4,0.35,0.0,17,23,20,-3,0.2833333333333333,0.38333333333333336,0.3333333333333333,0.0,0.0,18.333333333333332,36.666666666666664,0.0,21.428571428571427,42.857142857142854
2021-01-15,2021-01-14,0.08,0.08,0.0,1,False,False,False,-1.0,1.0,1.0,1.0,7.0,0.42857142857142855,-1.0,17.0,0.17647058823529413,-1.0,45.0,0.06666666666666667,-0.1999999999999999,-0.33333333333333337,0.015037593984962419,-0.00016671297582661934,2,5,3,-1,0.2,0.5,0.3,0.0,5,8,7,-2,0.25,0.4,0.35,0.0,17,23,20,-3,0.2833333333333333,0.38333333333333336,0.3333333333333333,0.0,0.0,19.166666666666668,38.333333333333336,0.0,21.626984126984127,43.25396825396825
2021-01-19,2021-01-15,0.07,0.08,-1.0,4,False,False,False,-2.0,2.0,0.5,-3.0,5.0,0.2,-2.0,18.0,0.16666666666666666,-1.0,45.0,0.06666666666666667,-0.1999999999999999,-0.3878787878787879,-0.004511278195488704,-0.0034731869963878855,1,5,4,-3,0.1,0.5,0.4,0.0,5,7,8,-3,0.25,0.35,0.4,0.0,17,23,20,-3,0.2833333333333333,0.38333333333333336,0.3333333333333333,0.0,38.333333333333336,63.333333333333336,88.33333333333333,43.65079365079365,63.29365079365079,82.93650793650794
2021-01-20,2021-01-19,0.06,0.07,-1.0,1,False,False,False,-2.0,2.0,0.5,-5.0,5.0,0.2,-3.0,19.0,0.15789473684210525,-1.0,45.0,0.06666666666666667,-0.5,-0.3939393939393939,-0.035338345864661655,-0.010058349541539316,0,5,5,-5,0.0,0.5,0.5,-0.5,5,6,9,-4,0.25,0.3,0.45,0.0,17,23,20,-3,0.2833333333333333,0.38333333333333336,0.3333333333333333,0.0,38.333333333333336,63.333333333333336,88.33333333333333,43.65079365079365,63.29365079365079,82.93650793650794
2021-01-21,2021-01-20,0.04,0.06,-2.0,1,False,False,False,-4.0,4.0,0.5,-6.0,6.0,0.3333333333333333,-5.0,21.0,0.14285714285714285,-3.0,47.0,0.06382978723404255,-1.0,-0.5151515151515151,-0.09022556390977443,-0.019866629619338706,0,5,5,-5,0.0,0.5,0.5,-0.5,5,5,10,-5,0.25,0.25,0.5,-0.5,17,22,21,-4,0.2833333333333333,0.36666666666666664,0.35,0.0,88.33333333333333,93.33333333333333,98.33333333333333,82.93650793650794,88.0952380952381,93.25396825396825
2021-01-22,2021-01-21,0.05,0.04,1.0,1,False,False,False,-3.0,5.0,0.4,-5.0,7.0,0.2857142857142857,-2.0,20.0,0.15,-3.0,47.0,0.06382978723404255,-0.9,-0.509090909090909,-0.1548872180451128,-0.026173937204779105,1,4,5,-4,0.1,0.4,0.5,-0.5,6,5,9,-3,0.3,0.25,0.45,0.0,17,22,21,-4,0.2833333333333333,0.36666666666666664,0.35,0.0,36.666666666666664,61.666666666666664,86.66666666666667,43.65079365079365,63.095238095238095,82.53968253968254
2021-01-25,2021-01-22,0.06,0.05,1.0,3,False,False,False,-2.0,6.0,0.3333333333333333,-3.0,7.0,0.2857142857142857,0.0,20.0,0.15,-3.0,47.0,0.06382978723404255,-0.30000000000000016,-0.45454545454545453,-0.21804511278195488,-0.028980272297860515,2,4,4,-2,0.2,0.4,0.4,0.0,7,5,8,-1,0.35,0.25,0.4,0.0,17,22,21,-4,0.2833333333333333,0.36666666666666664,0.35,0.0,36.666666666666664,61.666666666666664,86.66666666666667,43.25396825396825,62.8968253968254,82.53968253968254
2021-01-26,2021-01-25,0.03,0.06,-3.0,1,False,False,False,-4.0,8.0,0.375,-6.0,10.0,0.3,-5.0,21.0,0.14285714285714285,-6.0,50.0,0.06,-0.4,-0.5272727272727273,-0.2924812030075188,-0.03653792720200055,2,3,5,-3,0.2,0.3,0.5,-0.5,6,5,9,-3,0.3,0.25,0.45,0.0,17,21,22,-5,0.2833333333333333,0.35,0.36666666666666664,0.0,98.33333333333333,99.16666666666667,100.0,93.25396825396825,94.24603174603175,95.23809523809524
2021-01-27,2021-01-26,0.03,0.03,0.0,1,False,False,False,-3.0,7.0,0.42857142857142855,-5.0,9.0,0.3333333333333333,-6.0,20.0,0.15,-5.0,49.0,0.061224489795918366,-0.4000000000000001,-0.593939393939394,-0.343609022556391,-0.045457071408724646,2,4,4,-2,0.2,0.4,0.4,0.0,5,6,9,-4,0.25,0.3,0.45,0.0,17,22,21,-4,0.2833333333333333,0.36666666666666664,0.35,0.0,0.0,17.5,35.0,0.0,21.23015873015873,42.46031746031746
2021-01-28,2021-01-27,0.04,0.03,1.0,1,False,False,False,0.0,6.0,0.5,-4.0,10.0,0.3,-6.0,20.0,0.15,-5.0,49.0,0.061224489795918366,-0.5,-0.5454545454545455,-0.3556390977443609,-0.050764101139205334,3,3,4,-1,0.3,0.3,0.4,0.0,5,6,9,-4,0.25,0.3,0.45,0.0,17,22,21,-4,0.2833333333333333,0.36666666666666664,0.35,0.0,36.666666666666664,60.833333333333336,85.0,42.857142857142854,62.5,82.14285714285714
2021-01-29,2021-01-28,0.06,0.04,2.0,1,True,False,False,1.0,7.0,0.42857142857142855,-2.0,12.0,0.25,-3.0,21.0,0.14285714285714285,-3.0,51.0,0.058823529411764705,0.10000000000000002,-0.3393939393939394,-0.3458646616541354,-0.05251458738538484,4,2,4,0,0.4,0.2,0.4,0.0,6,6,8,-2,0.3,0.3,0.4,0.0,18,21,21,-3,0.3,0.35,0.35,0.0,85.0,90.83333333333333,96.66666666666667,82.14285714285714,87.5,92.85714285714286
2021-02-01,2021-01-29,0.07,0.06,1.0,3,False,False,False,1.0,7.0,0.42857142857142855,-1.0,13.0,0.23076923076923078,0.0,20.0,0.15,-4.0,50.0,0.06,1.1,-0.05454545454545456,-0.3488721804511279,-0.049069185884968045,5,1,4,1,0.5,0.1,0.4,0.5,7,6,7,0,0.35,0.3,0.35,0.0,18,21,21,-3,0.3,0.35,0.35,0.0,35.0,59.166666666666664,83.33333333333333,42.06349206349206,61.904761904761905,81.74603174603175
2021-02-02,2021-02-01,0.07,0.07,0.0,1,False,False,False,4.0,4.0,0.5,0.0,12.0,0.25,-3.0,17.0,0.17647058823529413,-3.0,49.0,0.061224489795918366,1.1,0.17575757575757583,-0.30451127819548873,-0.04709641567101973,5,2,3,2,0.5,0.2,0.3,0.5,6,7,7,-1,0.3,0.35,0.35,0.0,18,22,20,-2,0.3,0.36666666666666664,0.3333333333333333,0.0,0.0,17.5,35.0,0.0,20.833333333333332,41.666666666666664
2021-02-03,2021-02-02,0.07,0.07,0.0,1,False,False,False,4.0,4.0,0.5,1.0,11.0,0.2727272727272727,-4.0,16.0,0.1875,-3.0,49.0,0.061224489795918366,0.7000000000000002,0.33939393939393947,-0.23984962406015037,-0.04495693248124479,5,3,2,3,0.5,0.3,0.2,0.5,5,8,7,-2,0.25,0.4,0.35,0.0,18,22,20,-2,0.3,0.36666666666666664,0.3333333333333333,0.0,0.0,18.333333333333332,36.666666666666664,0.0,21.03174603174603,42.06349206349206
2021-02-04,2021-02-03,0.05,0.07,-2.0,1,False,False,False,1.0,5.0,0.4,1.0,11.0,0.2727272727272727,-5.0,17.0,0.17647058823529413,-6.0,50.0,0.06,-0.1999999999999999,0.24848484848484856,-0.21353383458646616,-0.04423450958599611,5,3,2,3,0.5,0.3,0.2,0.5,5,8,7,-2,0.25,0.4,0.35,0.0,17,22,21,-4,0.2833333333333333,0.36666666666666664,0.35,0.0,85.0,90.83333333333333,96.66666666666667,82.53968253968254,87.89682539682539,93.25396825396825
2021-02-05,2021-02-04,0.02,0.05,-3.0,1,False,False,False,-4.0,6.0,0.5,-3.0,13.0,0.23076923076923078,-8.0,20.0,0.15,-8.0,52.0,0.057692307692307696,-1.2000000000000002,0.04848484848484855,-0.22255639097744356,-0.04979160878021672,4,3,3,1,0.4,0.3,0.3,0.0,5,7,8,-3,0.25,0.35,0.4,0.0,17,22,21,-4,0.2833333333333333,0.36666666666666664,0.35,0.0,96.66666666666667,98.33333333333333,100.0,93.25396825396825,94.44444444444444,95.63492063492063
2021-02-08,2021-02-05,0.02,0.02,0.0,3,False,False,False,-5.0,5.0,0.6,-4.0,12.0,0.25,-7.0,19.0,0.15789473684210525,-8.0,52.0,0.057692307692307696,-1.5000000000000002,-0.04848484848484844,-0.23533834586466165,-0.054904140038899686,3,4,3,0,0.3,0.4,0.3,0.0,5,8,7,-2,0.25,0.4,0.35,0.0,17,22,21,-4,0.2833333333333333,0.36666666666666664,0.35,0.0,0.0,18.333333333333332,36.666666666666664,0.0,21.23015873015873,42.46031746031746
2021-02-09,2021-02-08,0.05,0.02,3.0,1,False,False,False,-2.0,8.0,0.375,2.0,12.0,0.25,-4.0,22.0,0.13636363636363635,-5.0,55.0,0.05454545454545454,-0.7000000000000001,-0.1333333333333333,-0.19473684210526315,-0.05465407057515976,4,4,2,2,0.4,0.4,0.2,0.0,6,7,7,-1,0.3,0.35,0.35,0.0,18,21,21,-3,0.3,0.35,0.35,0.0,95.0,97.5,100.0,92.85714285714286,94.24603174603175,95.63492063492063
2021-02-10,2021-02-09,0.06,0.05,1.0,1,False,False,False,-1.0,9.0,0.3333333333333333,3.0,13.0,0.23076923076923078,-2.0,22.0,0.13636363636363635,-3.0,55.0,0.05454545454545454,0.4999999999999999,-0.18787878787878792,-0.14962406015037594,-0.05418171714365101,5,3,2,3,0.5,0.3,0.2,0.5,7,7,6,1,0.35,0.35,0.3,0.0,19,21,20,-1,0.31666666666666665,0.35,0.3333333333333333,0.0,35.0,57.5,80.0,42.46031746031746,61.904761904761905,81.34920634920636
2021-02-11,2021-02-10,0.06,0.06,0.0,1,False,False,False,1.0,7.0,0.42857142857142855,2.0,12.0,0.25,-2.0,22.0,0.13636363636363635,-3.0,55.0,0.05454545454545454,1.2,-0.21212121212121215,-0.10150375939849623,-0.053542650736315645,4,4,2,2,0.4,0.4,0.2,0.0,7,7,6,1,0.35,0.35,0.3,0.0,19,21,20,-1,0.31666666666666665,0.35,0.3333333333333333,0.0,0.0,17.5,35.0,0.0,21.23015873015873,42.46031746031746
2021-02-12,2021-02-11,0.05,0.06,-1.0,1,False,False,False,3.0,5.0,0.6,-1.0,11.0,0.2727272727272727,-3.0,23.0,0.13043478260869565,-5.0,55.0,0.05454545454545454,0.7000000000000001,-0.1818181818181819,-0.06466165413533834,-0.05268130036121145,3,4,3,0,0.3,0.4,0.3,0.0,7,6,7,0,0.35,0.3,0.35,0.0,18,21,21,-3,0.3,0.35,0.35,0.0,35.0,57.5,80.0,42.46031746031746,61.904761904761905,81.34920634920636
2021-02-16,2021-02-12,0.06,0.05,1.0,4,False,False,False,4.0,6.0,0.5,-1.0,11.0,0.2727272727272727,-2.0,24.0,0.125,-3.0,55.0,0.05454545454545454,0.09999999999999995,-0.018181818181818264,-0.009022556390977451,-0.05159766601833843,3,4,3,0,0.3,0.4,0.3,0.0,8,5,7,1,0.4,0.25,0.35,0.0,19,21,20,-1,0.31666666666666665,0.35,0.3333333333333333,0.0,35.0,57.5,80.0,42.06349206349206,61.70634920634921,81.34920634920636
2021-02-17,2021-02-16,0.06,0.06,0.0,1,False,False,False,1.0,3.0,0.3333333333333333,-1.0,11.0,0.2727272727272727,-1.0,23.0,0.13043478260869565,-1.0,53.0,0.05660377358490566,0.0,0.1575757575757575,0.03383458646616541,-0.053737149208113365,3,4,3,0,0.3,0.4,0.3,0.0,8,6,6,2,0.4,0.3,0.3,0.0,19,22,19,0,0.31666666666666665,0.36666666666666664,0.31666666666666665,0.0,0.0,17.5,35.0,0.0,21.03174603174603,42.06349206349206
2021-02-18,2021-02-17,0.03,0.06,-3.0,1,False,False,False,-3.0,5.0,0.6,-4.0,14.0,0.21428571428571427,-3.0,25.0,0.12,-3.0,55.0,0.05454545454545454,-0.5,0.18181818181818177,0.01954887218045112,-0.06243400944706863,3,3,4,-1,0.3,0.3,0.4,0.0,8,6,6,2,0.4,0.3,0.3,0.0,19,22,19,0,0.31666666666666665,0.36666666666666664,0.31666666666666665,0.0,93.33333333333333,96.66666666666667,100.0,92.46031746031746,94.04761904761905,95.63492063492063
2021-02-19,2021-02-18,0.02,0.03,-1.0,1,False,False,False,-4.0,6.0,0.5,-3.0,13.0,0.23076923076923078,-2.0,24.0,0.125,-3.0,55.0,0.05454545454545454,-0.9,0.06666666666666665,-0.03609022556390979,-0.07429841622672964,3,3,4,-1,0.3,0.3,0.4,0.0,8,6,6,2,0.4,0.3,0.3,0.0,19,22,19,0,0.31666666666666665,0.36666666666666664,0.31666666666666665,0.0,36.666666666666664,58.333333333333336,80.0,42.06349206349206,61.507936507936506,80.95238095238095
2021-02-22,2021-02-19,0.03,0.02,1.0,3,False,False,False,-2.0,6.0,0.5,1.0,11.0,0.2727272727272727,-2.0,24.0,0.125,-2.0,56.0,0.05357142857142857,-1.0,-0.15757575757575762,-0.05864661654135339,-0.08435676576826896,4,3,3,1,0.4,0.3,0.3,0.0,8,6,6,2,0.4,0.3,0.3,0.0,20,21,19,1,0.3333333333333333,0.35,0.31666666666666665,0.0,36.666666666666664,58.333333333333336,80.0,42.06349206349206,61.70634920634921,81.34920634920636
2021-02-23,2021-02-22,0.01,0.03,-2.0,1,False,False,False,-5.0,7.0,0.42857142857142855,-1.0,13.0,0.23076923076923078,-5.0,25.0,0.12,-6.0,56.0,0.05357142857142857,-1.0,-0.503030303030303,-0.09097744360902257,-0.09419283134203946,4,2,4,0,0.4,0.2,0.4,0.0,7,6,7,0,0.35,0.3,0.35,0.0,19,21,20,-1,0.31666666666666665,0.35,0.3333333333333333,0.0,80.0,85.83333333333333,91.66666666666667,81.34920634920636,86.7063492063492,92.06349206349206
2021-02-24,2021-02-23,0.02,0.01,1.0,1,False,False,False,-4.0,8.0,0.375,-3.0,11.0,0.2727272727272727,-1.0,23.0,0.13043478260869565,-6.0,56.0,0.05357142857142857,-0.3,-0.5818181818181818,-0.14887218045112785,-0.10036121144762433,4,2,4,0,0.4,0.2,0.4,0.0,8,6,6,2,0.4,0.3,0.3,0.0,19,21,20,-1,0.31666666666666665,0.35,0.3333333333333333,0.0,35.0,57.5,80.0,42.06349206349206,61.507936507936506,80.95238095238095
2021-02-25,2021-02-24,0.03,0.02,1.0,1,False,False,False,0.0,6.0,0.3333333333333333,-3.0,11.0,0.2727272727272727,0.0,24.0,0.125,-5.0,57.0,0.05263157894736842,0.09999999999999999,-0.503030303030303,-0.1909774436090226,-0.10455682133926092,4,2,4,0,0.4,0.2,0.4,0.0,9,5,6,3,0.45,0.25,0.3,0.0,20,20,20,0,0.3333333333333333,0.3333333333333333,0.3333333333333333,0.0,35.0,57.5,80.0,42.06349206349206,61.70634920634921,81.34920634920636
2021-02-26,2021-02-25,0.01,0.03,-2.0,1,True,False,False,-1.0,7.0,0.2857142857142857,-5.0,13.0,0.23076923076923078,-3.0,25.0,0.12,-8.0,58.0,0.05172413793103448,-0.19999999999999998,-0.49696969696969695,-0.24586466165413537,-0.11005834954153931,4,1,5,-1,0.4,0.1,0.5,-0.5,8,5,7,1,0.4,0.25,0.35,0.0,19,20,21,-2,0.31666666666666665,0.3333333333333333,0.35,0.0,80.0,85.83333333333333,91.66666666666667,81.34920634920636,86.7063492063492,92.06349206349206
2021-03-01,2021-02-26,0.02,0.01,1.0,3,False,False,False,-1.0,7.0,0.2857142857142857,-3.0,13.0,0.23076923076923078,-4.0,24.0,0.125,-6.0,58.0,0.05172413793103448,0.1,-0.44242424242424244,-0.2503759398496241,-0.11517088080022228,5,1,4,1,0.5,0.1,0.4,0.5,8,5,7,1,0.4,0.25,0.35,0.0,20,20,20,0,0.3333333333333333,0.3333333333333333,0.3333333333333333,0.0,33.333333333333336,55.833333333333336,78.33333333333333,41.666666666666664,61.30952380952381,80.95238095238095
2021-03-02,2021-03-01,0.04,0.02,2.0,1,False,False,False,3.0,7.0,0.2857142857142857,-2.0,14.0,0.21428571428571427,-3.0,25.0,0.12,-4.0,60.0,0.05,0.30000000000000004,-0.17575757575757578,-0.20451127819548873,-0.11667129758266186,5,1,4,1,0.5,0.1,0.4,0.5,8,5,7,1,0.4,0.25,0.35,0.0,21,19,20,1,0.35,0.31666666666666665,0.3333333333333333,0.0,78.33333333333333,85.0,91.66666666666667,80.95238095238095,86.5079365079365,92.06349206349206
2021-03-03,2021-03-02,0.04,0.04,0.0,1,False,False,False,2.0,6.0,0.3333333333333333,-2.0,14.0,0.21428571428571427,-3.0,25.0,0.12,-4.0,60.0,0.05,0.5,0.11515151515151517,-0.15413533834586468,-0.11794943039733259,5,1,4,1,0.5,0.1,0.4,0.5,8,5,7,1,0.4,0.25,0.35,0.0,21,19,20,1,0.35,0.31666666666666665,0.3333333333333333,0.0,0.0,15.833333333333334,31.666666666666668,0.0,20.634920634920636,41.26984126984127
2021-03-04,2021-03-03,0.02,0.04,-2.0,1,False,False,False,-1.0,7.0,0.2857142857142857,-1.0,13.0,0.15384615384615385,-5.0,27.0,0.1111111111111111,-7.0,61.0,0.04918032786885246,0.39999999999999997,0.12121212121212122,-0.12781954887218044,-0.12058905251458739,5,1,4,1,0.5,0.1,0.4,0.5,8,4,8,0,0.4,0.2,0.4,0.0,20,19,21,-1,0.3333333333333333,0.31666666666666665,0.35,0.0,76.66666666666667,84.16666666666667,91.66666666666667,80.95238095238095,86.5079365079365,92.06349206349206
2021-03-05,2021-03-04,0.02,0.02,0.0,1,False,False,False,1.0,5.0,0.4,0.0,12.0,0.16666666666666666,-3.0,25.0,0.12,-6.0,60.0,0.05,-0.2,0.07272727272727274,-0.1255639097744361,-0.12453459294248402,5,2,3,2,0.5,0.2,0.3,0.5,8,5,7,1,0.4,0.25,0.35,0.0,20,20,20,0,0.3333333333333333,0.3333333333333333,0.3333333333333333,0.0,0.0,15.833333333333334,31.666666666666668,0.0,20.833333333333332,41.666666666666664
2021-03-08,2021-03-05,0.02,0.02,0.0,3,False,False,False,0.0,4.0,0.5,-1.0,11.0,0.18181818181818182,0.0,22.0,0.13636363636363635,-5.0,59.0,0.05084745762711865,-0.6,0.09090909090909093,-0.1661654135338346,-0.1298416226729647,4,3,3,1,0.4,0.3,0.3,0.0,8,6,6,2,0.4,0.3,0.3,0.0,20,21,19,1,0.3333333333333333,0.35,0.31666666666666665,0.0,0.0,16.666666666666668,33.333333333333336,0.0,21.03174603174603,42.06349206349206
2021-03-09,2021-03-08,0.02,0.02,0.0,1,False,False,False,-2.0,2.0,1.0,1.0,9.0,0.2222222222222222,0.0,22.0,0.13636363636363635,-6.0,58.0,0.05172413793103448,-0.4,-0.01212121212121211,-0.20676691729323307,-0.13317588218949708,4,4,2,2,0.4,0.4,0.2,0.0,8,6,6,2,0.4,0.3,0.3,0.0,19,22,19,0,0.31666666666666665,0.36666666666666664,0.31666666666666665,0.0,0.0,17.5,35.0,0.0,21.23015873015873,42.46031746031746
2021-03-10,2021-03-09,0.02,0.02,0.0,1,False,False,False,-2.0,2.0,1.0,0.0,8.0,0.25,-3.0,19.0,0.15789473684210525,-6.0,58.0,0.05172413793103448,0.0,-0.06060606060606061,-0.19999999999999996,-0.1361767157543762,3,5,2,1,0.3,0.5,0.2,0.0,7,7,6,1,0.35,0.35,0.3,0.0,19,22,19,0,0.31666666666666665,0.36666666666666664,0.31666666666666665,0.0,0.0,18.333333333333332,36.666666666666664,0.0,21.428571428571427,42.857142857142854
2021-03-11,2021-03-10,0.01,0.02,-1.0,1,False,False,False,-1.0,1.0,1.0,-2.0,8.0,0.25,-5.0,19.0,0.15789473684210525,-7.0,59.0,0.05084745762711865,-0.2,-0.09696969696969697,-0.18721804511278192,-0.14048346762989716,2,5,3,-1,0.2,0.5,0.3,0.0,6,7,7,-1,0.3,0.35,0.35,0.0,19,21,20,-1,0.31666666666666665,0.35,0.3333333333333333,0.0,36.666666666666664,55.833333333333336,75.0,43.25396825396825,62.698412698412696,82.14285714285714
2021-03-12,2021-03-11,0.01,0.01,0.0,1,False,False,False,-1.0,1.0,1.0,0.0,6.0,0.3333333333333333,-5.0,19.0,0.15789473684210525,-7.0,59.0,0.05084745762711865,-0.3,-0.24242424242424243,-0.16691729323308274,-0.14440122256182272,2,6,2,0,0.2,0.6,0.2,0.0,6,7,7,-1,0.3,0.35,0.35,0.0,19,21,20,-1,0.31666666666666665,0.35,0.3333333333333333,0.0,0.0,17.5,35.0,0.0,21.626984126984127,43.25396825396825
2021-03-15,2021-03-12,0.01,0.01,0.0,3,False,False,False,-1.0,1.0,1.0,-1.0,5.0,0.4,-4.0,18.0,0.16666666666666666,-8.0,58.0,0.05172413793103448,-0.3,-0.3212121212121212,-0.1548872180451128,-0.14623506529591554,1,7,2,-1,0.1,0.7,0.2,0.0,6,8,6,0,0.3,0.4,0.3,0.0,18,22,20,-2,0.3,0.36666666666666664,0.3333333333333333,0.0,0.0,17.5,35.0,0.0,21.825396825396826,43.65079365079365
2021-03-16,2021-03-15,0.01,0.01,0.0,1,False,False,False,-1.0,1.0,1.0,-3.0,3.0,0.6666666666666666,-5.0,17.0,0.17647058823529413,-8.0,58.0,0.05172413793103448,-0.2,-0.2545454545454545,-0.12105263157894737,-0.14762434009447067,0,8,2,-2,0.0,0.8,0.2,0.0,5,9,6,-1,0.25,0.45,0.3,0.0,18,22,20,-2,0.3,0.36666666666666664,0.3333333333333333,0.0,0.0,18.333333333333332,36.666666666666664,0.0,22.023809523809526,44.04761904761905
2021-03-17,2021-03-16,0.01,0.01,0.0,1,False,False,False,-1.0,1.0,1.0,-3.0,3.0,0.6666666666666666,-5.0,17.0,0.17647058823529413,-8.0,58.0,0.05172413793103448,0.0,-0.15151515151515152,-0.07969924812030074,-0.14856904695748818,0,8,2,-2,0.0,0.8,0.2,0.0,5,9,6,-1,0.25,0.45,0.3,0.0,18,22,20,-2,0.3,0.36666666666666664,0.3333333333333333,0.0,0.0,18.333333333333332,36.666666666666664,0.0,22.22222222222222,44.44444444444444
2021-03-18,2021-03-17,0.01,0.01,0.0,1,False,False,False,0.0,0.0,,-1.0,1.0,1.0,-2.0,14.0,0.14285714285714285,-8.0,58.0,0.05172413793103448,0.0,-0.14545454545454548,-0.07819548872180451,-0.14906918588496804,0,9,1,-1,0.0,0.9,0.1,0.0,5,10,5,0,0.25,0.5,0.25,0.0,18,22,20,-2,0.3,0.36666666666666664,0.3333333333333333,0.0,0.0,18.333333333333332,36.666666666666664,0.0,22.42063492063492,44.84126984126984
2021-03-19,2021-03-18,0.01,0.01,0.0,1,False,False,False,0.0,0.0,,-1.0,1.0,1.0,-1.0,13.0,0.15384615384615385,-8.0,58.0,0.05172413793103448,0.0,-0.1272727272727273,-0.08947368421052632,-0.14912475687691026,0,9,1,-1,0.0,0.9,0.1,0.0,5,11,4,1,0.25,0.55,0.2,0.0,18,22,20,-2,0.3,0.36666666666666664,0.3333333333333333,0.0,0.0,18.333333333333332,36.666666666666664,0.0,22.61904761904762,45.23809523809524
2021-03-22,2021-03-19,0.01,0.01,0.0,3,False,False,False,0.0,0.0,,-1.0,1.0,1.0,-2.0,12.0,0.16666666666666666,-6.0,56.0,0.05357142857142857,0.0,-0.09696969696969697,-0.08345864661654137,-0.1521255904417894,0,9,1,-1,0.0,0.9,0.1,0.0,4,12,4,0,0.2,0.6,0.2,0.0,18,23,19,-1,0.3,0.38333333333333336,0.31666666666666665,0.0,0.0,18.333333333333332,36.666666666666664,0.0,22.817460317460316,45.63492063492063
2021-03-23,2021-03-22,0.01,0.01,0.0,1,False,False,False,0.0,0.0,,-1.0,1.0,1.0,0.0,10.0,0.2,-5.0,55.0,0.05454545454545454,0.0,-0.05454545454545456,-0.10601503759398496,-0.15648791330925257,0,9,1,-1,0.0,0.9,0.1,0.0,4,13,3,1,0.2,0.65,0.15,0.0,18,24,18,0,0.3,0.4,0.3,0.0,0.0,19.166666666666668,38.333333333333336,0.0,23.015873015873016,46.03174603174603
2021-03-24,2021-03-23,0.01,0.01,0.0,1,False,False,False,0.0,0.0,,-1.0,1.0,1.0,-1.0,9.0,0.2222222222222222,-7.0,53.0,0.05660377358490566,0.0,0.0,-0.11278195488721804,-0.15718255070853016,0,9,1,-1,0.0,0.9,0.1,0.0,3,14,3,0,0.15,0.7,0.15,0.0,17,25,18,-1,0.2833333333333333,0.4166666666666667,0.3,0.0,0.0,20.0,40.0,0.0,23.214285714285715,46.42857142857143
2021-03-25,2021-03-24,0.01,0.01,0.0,1,False,False,False,0.0,0.0,,0.0,0.0,,-2.0,8.0,0.25,-8.0,52.0,0.057692307692307696,0.0,0.0,-0.10225563909774436,-0.155793275909975,0,10,0,0,0.0,1.0,0.0,0.0,2,15,3,-1,0.1,0.75,0.15,0.0,16,26,18,-2,0.26666666666666666,0.43333333333333335,0.3,0.0,0.0,20.833333333333332,41.666666666666664,0.0,23.41269841269841,46.82539682539682
2021-03-26,2021-03-25,0.01,0.01,0.0,1,False,False,False,0.0,0.0,,0.0,0.0,,0.0,6.0,0.3333333333333333,-9.0,51.0,0.058823529411764705,0.0,0.0,-0.12030075187969924,-0.15226451792164492,0,10,0,0,0.0,1.0,0.0,0.0,2,16,2,0,0.1,0.8,0.1,0.0,15,27,18,-3,0.25,0.45,0.3,0.0,0.0,21.666666666666668,43.333333333333336,0.0,23.61111111111111,47.22222222222222
2021-03-29,2021-03-26,0.01,0.01,0.0,3,False,False,False,0.0,0.0,,0.0,0.0,,-1.0,5.0,0.4,-8.0,50.0,0.06,0.0,0.0,-0.12255639097744361,-0.14993053626007224,0,10,0,0,0.0,1.0,0.0,0.0,1,17,2,-1,0.05,0.85,0.1,0.0,15,28,17,-2,0.25,0.4666666666666667,0.2833333333333333,0.0,0.0,22.5,45.0,0.0,23.80952380952381,47.61904761904762
2021-03-30,2021-03-29,0.01,0.01,0.0,1,False,False,False,0.0,0.0,,0.0,0.0,,-3.0,3.0,0.6666666666666666,-6.0,48.0,0.0625,0.0,0.0,-0.09172932330827067,-0.1505418171714365,0,10,0,0,0.0,1.0,0.0,0.0,0,18,2,-2,0.0,0.9,0.1,0.0,15,29,16,-1,0.25,0.48333333333333334,0.26666666666666666,0.0,0.0,23.333333333333332,46.666666666666664,0.0,23.80952380952381,47.61904761904762
2021-03-31,2021-03-30,0.01,0.01,0.0,1,True,True,False,0.0,0.0,,0.0,0.0,,-3.0,3.0,0.6666666666666666,-9.0,45.0,0.06666666666666667,0.0,0.0,-0.05639097744360902,-0.14573492636843569,0,10,0,0,0.0,1.0,0.0,0.0,0,18,2,-2,0.0,0.9,0.1,0.0,14,30,16,-2,0.23333333333333334,0.5,0.26666666666666666,0.0,0.0,24.166666666666668,48.333333333333336,0.0,23.80952380952381,47.61904761904762
2021-04-01,2021-03-31,0.01,0.01,0.0,1,False,False,False,0.0,0.0,,0.0,0.0,,-1.0,1.0,1.0,-10.0,44.0,0.06818181818181818,0.0,0.0,-0.0481203007518797,-0.1387329813837177,0,10,0,0,0.0,1.0,0.0,0.0,0,19,1,-1,0.0,0.95,0.05,0.0,13,31,16,-3,0.21666666666666667,0.5166666666666667,0.26666666666666666,0.0,0.0,25.0,50.0,0.0,23.80952380952381,47.61904761904762
2021-04-05,2021-04-01,0.01,0.01,0.0,4,False,False,False,0.0,0.0,,0.0,0.0,,-1.0,1.0,1.0,-9.0,43.0,0.06976744186046512,0.0,0.0,-0.038345864661654135,-0.13287024173381495,0,10,0,0,0.0,1.0,0.0,0.0,0,19,1,-1,0.0,0.95,0.05,0.0,13,32,15,-2,0.21666666666666667,0.5333333333333333,0.25,0.0,0.0,25.833333333333332,51.666666666666664,0.0,23.80952380952381,47.61904761904762
2021-04-06,2021-04-05,0.01,0.01,0.0,1,False,False,False,0.0,0.0,,0.0,0.0,,-1.0,1.0,1.0,-9.0,43.0,0.06976744186046512,0.0,0.0,-0.02706766917293233,-0.12650736315643235,0,10,0,0,0.0,1.0,0.0,0.0,0,19,1,-1,0.0,0.95,0.05,0.0,13,32,15,-2,0.21666666666666667,0.5333333333333333,0.25,0.0,0.0,26.666666666666668,53.333333333333336,0.0,23.80952380952381,47.61904761904762
2021-04-07,2021-04-06,0.01,0.01,0.0,1,False,False,False,0.0,0.0,,0.0,0.0,,-1.0,1.0,1.0,-8.0,42.0,0.07142857142857142,0.0,0.0,-0.014285714285714285,-0.12133926090580717,0,10,0,0,0.0,1.0,0.0,0.0,0,19,1,-1,0.0,0.95,0.05,0.0,13,33,14,-1,0.21666666666666667,0.55,0.23333333333333334,0.0,0.0,26.666666666666668,53.333333333333336,0.0,23.80952380952381,47.61904761904762
2021-04-08,2021-04-07,0.01,0.01,0.0,1,False,False,False,0.0,0.0,,0.0,0.0,,-1.0,1.0,1.0,-8.0,42.0,0.07142857142857142,0.0,0.0,0.0,-0.11572659071964435,0,10,0,0,0.0,1.0,0.0,0.0,0,19,1,-1,0.0,0.95,0.05,0.0,13,33,14,-1,0.21666666666666667,0.55,0.23333333333333334,0.0,0.0,27.5,55.0,0.0,23.80952380952381,47.61904761904762
2021-04-09,2021-04-08,0.01,0.01,0.0,1,False,False,False,0.0,0.0,,0.0,0.0,,0.0,0.0,,-7.0,41.0,0.07317073170731707,0.0,0.0,0.0,-0.11136426785218116,0,10,0,0,0.0,1.0,0.0,0.0,0,20,0,0,0.0,1.0,0.0,0.0,13,34,13,0,0.21666666666666667,0.5666666666666667,0.21666666666666667,0.0,0.0,27.5,55.0,0.0,23.80952380952381,47.61904761904762
2021-04-12,2021-04-09,0.01,0.01,0.0,3,False,False,False,0.0,0.0,,0.0,0.0,,0.0,0.0,,-7.0,41.0,0.07317073170731707,0.0,0.0,0.0,-0.10661294804112252,0,10,0,0,0.0,1.0,0.0,0.0,0,20,0,0,0.0,1.0,0.0,0.0,13,34,13,0,0.21666666666666667,0.5666666666666667,0.21666666666666667,0.0,0.0,28.333333333333332,56.666666666666664,0.0,23.80952380952381,47.61904761904762
2021-04-13,2021-04-12,0.01,0.01,0.0,1,False,False,False,0.0,0.0,,0.0,0.0,,0.0,0.0,,-7.0,41.0,0.07317073170731707,0.0,0.0,0.0,-0.10147263128646848,0,10,0,0,0.0,1.0,0.0,0.0,0,20,0,0,0.0,1.0,0.0,0.0,13,34,13,0,0.21666666666666667,0.5666666666666667,0.21666666666666667,0.0,0.0,28.333333333333332,56.666666666666664,0.0,23.80952380952381,47.61904761904762
2021-04-14,2021-04-13,0.01,0.01,0.0,1,False,False,False,0.0,0.0,,0.0,0.0,,0.0,0.0,,-7.0,41.0,0.07317073170731707,0.0,0.0,0.0,-0.09594331758821895,0,10,0,0,0.0,1.0,0.0,0.0,0,20,0,0,0.0,1.0,0.0,0.0,13,34,13,0,0.21666666666666667,0.5666666666666667,0.21666666666666667,0.0,0.0,28.333333333333332,56.666666666666664,0.0,23.80952380952381,47.61904761904762
2021-04-15,2021-04-14,0.01,0.01,0.0,1,False,False,False,0.0,0.0,,0.0,0.0,,0.0,0.0,,-6.0,40.0,0.075,0.0,0.0,0.0,-0.09171992220061129,0,10,0,0,0.0,1.0,0.0,0.0,0,20,0,0,0.0,1.0,0.0,0.0,13,35,12,1,0.21666666666666667,0.5833333333333334,0.2,0.0,0.0,28.333333333333332,56.666666666666664,0.0,23.80952380952381,47.61904761904762
2021-04-16,2021-04-15,0.01,0.01,0.0,1,False,False,False,0.0,0.0,,0.0,0.0,,0.0,0.0,,-5.0,39.0,0.07692307692307693,0.0,0.0,0.0,-0.08885801611558768,0,10,0,0,0.0,1.0,0.0,0.0,0,20,0,0,0.0,1.0,0.0,0.0,13,36,11,2,0.21666666666666667,0.6,0.18333333333333332,0.0,0.0,29.166666666666668,58.333333333333336,0.0,24.00793650793651,48.01587301587302
2021-04-19,2021-04-16,0.01,0.01,0.0,3,False,False,False,0.0,0.0,,0.0,0.0,,0.0,0.0,,-3.0,37.0,0.08108108108108109,0.0,0.0,0.0,-0.08910808557932759,0,10,0,0,0.0,1.0,0.0,0.0,0,20,0,0,0.0,1.0,0.0,0.0,13,37,10,3,0.21666666666666667,0.6166666666666667,0.16666666666666666,0.0,0.0,30.0,60.0,0.0,24.206349206349206,48.41269841269841
2021-04-20,2021-04-19,0.01,0.01,0.0,1,False,False,False,0.0,0.0,,0.0,0.0,,0.0,0.0,,-4.0,36.0,0.08333333333333333,0.0,0.0,0.0,-0.08749652681300361,0,10,0,0,0.0,1.0,0.0,0.0,0,20,0,0,0.0,1.0,0.0,0.0,12,38,10,2,0.2,0.6333333333333333,0.16666666666666666,0.0,0.0,30.833333333333332,61.666666666666664,0.0,24.404761904761905,48.80952380952381
2021-04-21,2021-04-20,0.01,0.01,0.0,1,False,False,False,0.0,0.0,,0.0,0.0,,0.0,0.0,,-5.0,35.0,0.08571428571428572,0.0,0.0,0.0,-0.08396776882467354,0,10,0,0,0.0,1.0,0.0,0.0,0,20,0,0,0.0,1.0,0.0,0.0,11,39,10,1,0.18333333333333332,0.65,0.16666666666666666,0.0,0.0,31.666666666666668,63.333333333333336,0.0,24.404761904761905,48.80952380952381
2021-04-22,2021-04-21,0.01,0.01,0.0,1,False,False,False,0.0,0.0,,0.0,0.0,,0.0,0.0,,-2.0,32.0,0.09375,0.0,0.0,0.0,-0.08524590163934426,0,10,0,0,0.0,1.0,0.0,0.0,0,20,0,0,0.0,1.0,0.0,0.0,11,40,9,2,0.18333333333333332,0.6666666666666666,0.15,0.0,0.0,32.5,65.0,0.0,24.404761904761905,48.80952380952381
2021-04-23,2021-04-22,0.01,0.01,0.0,1,False,False,False,0.0,0.0,,0.0,0.0,,0.0,0.0,,-2.0,32.0,0.09375,0.0,0.0,0.0,-0.08641289247013059,0,10,0,0,0.0,1.0,0.0,0.0,0,20,0,0,0.0,1.0,0.0,0.0,11,40,9,2,0.18333333333333332,0.6666666666666666,0.15,0.0,0.0,33.333333333333336,66.66666666666667,0.0,24.603174603174605,49.20634920634921
2021-04-26,2021-04-23,0.01,0.01,0.0,3,False,False,False,0.0,0.0,,0.0,0.0,,0.0,0.0,,-3.0,31.0,0.0967741935483871,0.0,0.0,0.0,-0.08577382606279522,0,10,0,0,0.0,1.0,0.0,0.0,0,20,0,0,0.0,1.0,0.0,0.0,10,41,9,1,0.16666666666666666,0.6833333333333333,0.15,0.0,0.0,33.333333333333336,66.66666666666667,0.0,24.8015873015873,49.6031746031746
2021-04-27,2021-04-26,0.01,0.01,0.0,1,False,False,False,0.0,0.0,,0.0,0.0,,0.0,0.0,,-5.0,29.0,0.10344827586206896,0.0,0.0,0.0,-0.08157821617115865,0,10,0,0,0.0,1.0,0.0,0.0,0,20,0,0,0.0,1.0,0.0,0.0,9,42,9,0,0.15,0.7,0.15,0.0,0.0,34.166666666666664,68.33333333333333,0.0,24.8015873015873,49.6031746031746
2021-04-28,2021-04-27,0.01,0.01,0.0,1,False,False,False,0.0,0.0,,0.0,0.0,,0.0,0.0,,-6.0,28.0,0.10714285714285714,0.0,0.0,0.0,-0.07540983606557378,0,10,0,0,0.0,1.0,0.0,0.0,0,20,0,0,0.0,1.0,0.0,0.0,8,43,9,-1,0.13333333333333333,0.7166666666666667,0.15,0.0,0.0,35.0,70.0,0.0,24.8015873015873,49.6031746031746
2021-04-29,2021-04-28,0.01,0.01,0.0,1,False,False,False,0.0,0.0,,0.0,0.0,,0.0,0.0,,-6.0,28.0,0.10714285714285714,0.0,0.0,0.0,-0.06890803000833565,0,10,0,0,0.0,1.0,0.0,0.0,0,20,0,0,0.0,1.0,0.0,0.0,8,43,9,-1,0.13333333333333333,0.7166666666666667,0.15,0.0,0.0,35.833333333333336,71.66666666666667,0.0,25.0,50.0
2021-04-30,2021-04-29,0.01,0.01,0.0,1,True,False,False,0.0,0.0,,0.0,0.0,,0.0,0.0,,-6.0,28.0,0.10714285714285714,0.0,0.0,0.0,-0.06207279799944429,0,10,0,0,0.0,1.0,0.0,0.0,0,20,0,0,0.0,1.0,0.0,0.0,8,43,9,-1,0.13333333333333333,0.7166666666666667,0.15,0.0,0.0,35.833333333333336,71.66666666666667,0.0,25.0,50.0
2021-05-03,2021-04-30,0.01,0.01,0.0,3,False,False,False,0.0,0.0,,0.0,0.0,,0.0,0.0,,-4.0,26.0,0.11538461538461539,0.0,0.0,0.0,-0.05829397054737427,0,10,0,0,0.0,1.0,0.0,0.0,0,20,0,0,0.0,1.0,0.0,0.0,8,44,8,0,0.13333333333333333,0.7333333333333333,0.13333333333333333,0.0,0.0,35.833333333333336,71.66666666666667,0.0,25.1984126984127,50.3968253968254
2021-05-04,2021-05-03,0.01,0.01,0.0,1,False,False,False,0.0,0.0,,0.0,0.0,,0.0,0.0,,-1.0,23.0,0.13043478260869565,0.0,0.0,0.0,-0.05937760489024729,0,10,0,0,0.0,1.0,0.0,0.0,0,20,0,0,0.0,1.0,0.0,0.0,8,45,7,1,0.13333333333333333,0.75,0.11666666666666667,0.0,0.0,36.666666666666664,73.33333333333333,0.0,25.1984126984127,50.3968253968254
2021-05-05,2021-05-04,0.01,0.01,0.0,1,False,False,False,0.0,0.0,,0.0,0.0,,0.0,0.0,,-1.0,23.0,0.13043478260869565,0.0,0.0,0.0,-0.06040566824117811,0,10,0,0,0.0,1.0,0.0,0.0,0,20,0,0,0.0,1.0,0.0,0.0,8,45,7,1,0.13333333333333333,0.75,0.11666666666666667,0.0,0.0,37.5,75.0,0.0,25.396825396825395,50.79365079365079
2021-05-06,2021-05-05,0.01,0.01,0.0,1,False,False,False,0.0,0.0,,0.0,0.0,,0.0,0.0,,-4.0,20.0,0.15,0.0,0.0,0.0,-0.05629341483745484,0,10,0,0,0.0,1.0,0.0,0.0,0,20,0,0,0.0,1.0,0.0,0.0,7,46,7,0,0.11666666666666667,0.7666666666666667,0.11666666666666667,0.0,0.0,37.5,75.0,0.0,25.595238095238095,51.19047619047619
2021-05-07,2021-05-06,0.01,0.01,0.0,1,False,False,False,0.0,0.0,,0.0,0.0,,0.0,0.0,,-5.0,19.0,0.15789473684210525,0.0,0.0,0.0,-0.05026396221172548,0,10,0,0,0.0,1.0,0.0,0.0,0,20,0,0,0.0,1.0,0.0,0.0,6,47,7,-1,0.1,0.7833333333333333,0.11666666666666667,0.0,0.0,38.333333333333336,76.66666666666667,0.0,25.793650793650794,51.58730158730159
2021-05-10,2021-05-07,0.01,0.01,0.0,3,False,False,False,0.0,0.0,,0.0,0.0,,0.0,0.0,,-5.0,19.0,0.15789473684210525,0.0,0.0,0.0,-0.04395665462628508,0,10,0,0,0.0,1.0,0.0,0.0,0,20,0,0,0.0,1.0,0.0,0.0,6,47,7,-1,0.1,0.7833333333333333,0.11666666666666667,0.0,0.0,39.166666666666664,78.33333333333333,0.0,25.793650793650794,51.58730158730159
2021-05-11,2021-05-10,0.01,0.01,0.0,1,False,False,False,0.0,0.0,,0.0,0.0,,0.0,0.0,,-4.0,18.0,0.16666666666666666,0.0,0.0,0.0,-0.03906640733537093,0,10,0,0,0.0,1.0,0.0,0.0,0,20,0,0,0.0,1.0,0.0,0.0,6,48,6,0,0.1,0.8,0.1,0.0,0.0,39.166666666666664,78.33333333333333,0.0,25.793650793650794,51.58730158730159
2021-05-12,2021-05-11,0.01,0.01,0.0,1,False,False,False,0.0,0.0,,0.0,0.0,,0.0,0.0,,-5.0,17.0,0.17647058823529413,0.0,0.0,0.0,-0.03225896082245068,0,10,0,0,0.0,1.0,0.0,0.0,0,20,0,0,0.0,1.0,0.0,0.0,5,49,6,-1,0.08333333333333333,0.8166666666666667,0.1,0.0,0.0,40.0,80.0,0.0,25.793650793650794,51.58730158730159
2021-05-13,2021-05-12,0.01,0.01,0.0,1,False,False,False,0.0,0.0,,0.0,0.0,,0.0,0.0,,-5.0,17.0,0.17647058823529413,0.0,0.0,0.0,-0.02517365934981939,0,10,0,0,0.0,1.0,0.0,0.0,0,20,0,0,0.0,1.0,0.0,0.0,5,49,6,-1,0.08333333333333333,0.8166666666666667,0.1,0.0,0.0,40.833333333333336,81.66666666666667,0.0,25.99206349206349,51.98412698412698
2021-05-14,2021-05-13,0.01,0.01,0.0,1,False,False,False,0.0,0.0,,0.0,0.0,,0.0,0.0,,-2.0,14.0,0.14285714285714285,0.0,0.0,0.0,-0.02289524868018894,0,10,0,0,0.0,1.0,0.0,0.0,0,20,0,0,0.0,1.0,0.0,0.0,5,50,5,0,0.08333333333333333,0.8333333333333334,0.08333333333333333,0.0,0.0,40.833333333333336,81.66666666666667,0.0,25.99206349206349,51.98412698412698
2021-05-17,2021-05-14,0.01,0.01,0.0,3,False,False,False,0.0,0.0,,0.0,0.0,,0.0,0.0,,-1.0,13.0,0.15384615384615385,0.0,0.0,0.0,-0.022200611280911362,0,10,0,0,0.0,1.0,0.0,0.0,0,20,0,0,0.0,1.0,0.0,0.0,5,51,4,1,0.08333333333333333,0.85,0.06666666666666667,0.0,0.0,41.666666666666664,83.33333333333333,0.0,25.99206349206349,51.98412698412698
2021-05-18,2021-05-17,0.01,0.01,0.0,1,False,False,False,0.0,0.0,,0.0,0.0,,0.0,0.0,,-2.0,12.0,0.16666666666666666,0.0,0.0,0.0,-0.019755487635454292,0,10,0,0,0.0,1.0,0.0,0.0,0,20,0,0,0.0,1.0,0.0,0.0,4,52,4,0,0.06666666666666667,0.8666666666666667,0.06666666666666667,0.0,0.0,42.5,85.0,0.0,26.19047619047619,52.38095238095238
2021-05-19,2021-05-18,0.01,0.01,0.0,1,False,False,False,0.0,0.0,,0.0,0.0,,0.0,0.0,,0.0,10.0,0.2,0.0,0.0,0.0,-0.020589052514587387,0,10,0,0,0.0,1.0,0.0,0.0,0,20,0,0,0.0,1.0,0.0,0.0,4,53,3,1,0.06666666666666667,0.8833333333333333,0.05,0.0,0.0,43.333333333333336,86.66666666666667,0.0,26.38888888888889,52.77777777777778
2021-05-20,2021-05-19,0.01,0.01,0.0,1,False,False,False,0.0,0.0,,0.0,0.0,,0.0,0.0,,-1.0,9.0,0.2222222222222222,0.0,0.0,0.0,-0.01972770213948319,0,10,0,0,0.0,1.0,0.0,0.0,0,20,0,0,0.0,1.0,0.0,0.0,3,54,3,0,0.05,0.9,0.05,0.0,0.0,44.166666666666664,88.33333333333333,0.0,26.58730158730159,53.17460317460318
2021-05-21,2021-05-20,0.01,0.01,0.0,1,False,False,False,0.0,0.0,,0.0,0.0,,0.0,0.0,,-2.0,8.0,0.25,0.0,0.0,0.0,-0.017115865518199498,0,10,0,0,0.0,1.0,0.0,0.0,0,20,0,0,0.0,1.0,0.0,0.0,2,55,3,-1,0.03333333333333333,0.9166666666666666,0.05,0.0,0.0,45.0,90.0,0.0,26.785714285714285,53.57142857142857
2021-05-24,2021-05-21,0.01,0.01,0.0,3,False,False,False,0.0,0.0,,0.0,0.0,,0.0,0.0,,0.0,6.0,0.3333333333333333,0.0,0.0,0.0,-0.017782717421505972,0,10,0,0,0.0,1.0,0.0,0.0,0,20,0,0,0.0,1.0,0.0,0.0,2,56,2,0,0.03333333333333333,0.9333333333333333,0.03333333333333333,0.0,0.0,45.833333333333336,91.66666666666667,0.0,26.785714285714285,53.57142857142857
2021-05-25,2021-05-24,0.01,0.01,0.0,1,False,False,False,0.0,0.0,,0.0,0.0,,0.0,0.0,,-1.0,5.0,0.4,0.0,0.0,0.0,-0.01675465407057516,0,10,0,0,0.0,1.0,0.0,0.0,0,20,0,0,0.0,1.0,0.0,0.0,1,57,2,-1,0.016666666666666666,0.95,0.03333333333333333,0.0,0.0,46.666666666666664,93.33333333333333,0.0,26.984126984126984,53.96825396825397
2021-05-26,2021-05-25,0.01,0.01,0.0,1,False,False,False,0.0,0.0,,0.0,0.0,,0.0,0.0,,-3.0,3.0,0.6666666666666666,0.0,0.0,0.0,-0.012281189219227563,0,10,0,0,0.0,1.0,0.0,0.0,0,20,0,0,0.0,1.0,0.0,0.0,0,58,2,-2,0.0,0.9666666666666667,0.03333333333333333,0.0,0.0,47.5,95.0,0.0,27.182539682539684,54.36507936507937
2021-05-27,2021-05-26,0.01,0.01,0.0,1,False,False,False,0.0,0.0,,0.0,0.0,,0.0,0.0,,-3.0,3.0,0.6666666666666666,0.0,0.0,0.0,-0.007641011392053348,0,10,0,0,0.0,1.0,0.0,0.0,0,20,0,0,0.0,1.0,0.0,0.0,0,58,2,-2,0.0,0.9666666666666667,0.03333333333333333,0.0,0.0,48.333333333333336,96.66666666666667,0.0,27.38095238095238,54.76190476190476
2021-05-28,2021-05-27,0.01,0.01,0.0,1,False,False,False,0.0,0.0,,0.0,0.0,,0.0,0.0,,-1.0,1.0,1.0,0.0,0.0,0.0,-0.006223951097527092,0,10,0,0,0.0,1.0,0.0,0.0,0,20,0,0,0.0,1.0,0.0,0.0,0,59,1,-1,0.0,0.9833333333333333,0.016666666666666666,0.0,0.0,48.333333333333336,96.66666666666667,0.0,27.57936507936508,55.15873015873016
2021-06-01,2021-05-28,0.01,0.01,0.0,4,False,False,False,0.0,0.0,,0.0,0.0,,0.0,0.0,,-1.0,1.0,1.0,0.0,0.0,0.0,-0.004751319811058628,0,10,0,0,0.0,1.0,0.0,0.0,0,20,0,0,0.0,1.0,0.0,0.0,0,59,1,-1,0.0,0.9833333333333333,0.016666666666666666,0.0,0.0,49.166666666666664,98.33333333333333,0.0,27.57936507936508,55.15873015873016
2021-06-02,2021-06-01,0.01,0.01,0.0,1,False,False,False,0.0,0.0,,0.0,0.0,,0.0,0.0,,-1.0,1.0,1.0,0.0,0.0,0.0,-0.003223117532647958,0,10,0,0,0.0,1.0,0.0,0.0,0,20,0,0,0.0,1.0,0.0,0.0,0,59,1,-1,0.0,0.9833333333333333,0.016666666666666666,0.0,0.0,49.166666666666664,98.33333333333333,0.0,27.57936507936508,55.15873015873016
2021-06-03,2021-06-02,0.01,0.01,0.0,1,False,False,False,0.0,0.0,,0.0,0.0,,0.0,0.0,,-1.0,1.0,1.0,0.0,0.0,0.0,-0.001639344262295082,0,10,0,0,0.0,1.0,0.0,0.0,0,20,0,0,0.0,1.0,0.0,0.0,0,59,1,-1,0.0,0.9833333333333333,0.016666666666666666,0.0,0.0,49.166666666666664,98.33333333333333,0.0,27.57936507936508,55.15873015873016
2021-06-04,2021-06-03,0.01,0.01,0.0,1,False,False,False,0.0,0.0,,0.0,0.0,,0.0,0.0,,-1.0,1.0,1.0,0.0,0.0,0.0,0.0,0,10,0,0,0.0,1.0,0.0,0.0,0,20,0,0,0.0,1.0,0.0,0.0,0,59,1,-1,0.0,0.9833333333333333,0.016666666666666666,0.0,0.0,49.166666666666664,98.33333333333333,0.0,27.57936507936508,55.15873015873016
2021-06-07,2021-06-04,0.01,0.01,0.0,3,False,False,False,0.0,0.0,,0.0,0.0,,0.0,0.0,,0.0,0.0,,0.0,0.0,0.0,0.0,0,10,0,0,0.0,1.0,0.0,0.0,0,20,0,0,0.0,1.0,0.0,0.0,0,60,0,0,0.0,1.0,0.0,0.0,0.0,49.166666666666664,98.33333333333333,0.0,27.77777777777778,55.55555555555556
2021-06-08,2021-06-07,0.01,0.01,0.0,1,False,False,False,0.0,0.0,,0.0,0.0,,0.0,0.0,,0.0,0.0,,0.0,0.0,0.0,0.0,0,10,0,0,0.0,1.0,0.0,0.0,0,20,0,0,0.0,1.0,0.0,0.0,0,60,0,0,0.0,1.0,0.0,0.0,0.0,50.0,100.0,0.0,27.976190476190474,55.95238095238095
2021-06-09,2021-06-08,0.01,0.01,0.0,1,False,False,False,0.0,0.0,,0.0,0.0,,0.0,0.0,,0.0,0.0,,0.0,0.0,0.0,0.0,0,10,0,0,0.0,1.0,0.0,0.0,0,20,0,0,0.0,1.0,0.0,0.0,0,60,0,0,0.0,1.0,0.0,0.0,0.0,50.0,100.0,0.0,28.174603174603174,56.34920634920635
2021-06-10,2021-06-09,0.01,0.01,0.0,1,False,False,False,0.0,0.0,,0.0,0.0,,0.0,0.0,,0.0,0.0,,0.0,0.0,0.0,0.0,0,10,0,0,0.0,1.0,0.0,0.0,0,20,0,0,0.0,1.0,0.0,0.0,0,60,0,0,0.0,1.0,0.0,0.0,0.0,50.0,100.0,0.0,28.174603174603174,56.34920634920635
2021-06-11,2021-06-10,0.01,0.01,0.0,1,False,False,False,0.0,0.0,,0.0,0.0,,0.0,0.0,,0.0,0.0,,0.0,0.0,0.0,0.0,0,10,0,0,0.0,1.0,0.0,0.0,0,20,0,0,0.0,1.0,0.0,0.0,0,60,0,0,0.0,1.0,0.0,0.0,0.0,50.0,100.0,0.0,28.174603174603174,56.34920634920635
2021-06-14,2021-06-11,0.01,0.01,0.0,3,False,False,False,0.0,0.0,,0.0,0.0,,0.0,0.0,,0.0,0.0,,0.0,0.0,0.0,0.0,0,10,0,0,0.0,1.0,0.0,0.0,0,20,0,0,0.0,1.0,0.0,0.0,0,60,0,0,0.0,1.0,0.0,0.0,0.0,50.0,100.0,0.0,28.373015873015873,56.74603174603175
2021-06-15,2021-06-14,0.01,0.01,0.0,1,False,False,False,0.0,0.0,,0.0,0.0,,0.0,0.0,,0.0,0.0,,0.0,0.0,0.0,0.0,0,10,0,0,0.0,1.0,0.0,0.0,0,20,0,0,0.0,1.0,0.0,0.0,0,60,0,0,0.0,1.0,0.0,0.0,0.0,50.0,100.0,0.0,28.571428571428573,57.142857142857146
2021-06-16,2021-06-15,0.01,0.01,0.0,1,False,False,False,0.0,0.0,,0.0,0.0,,0.0,0.0,,0.0,0.0,,0.0,0.0,0.0,0.0,0,10,0,0,0.0,1.0,0.0,0.0,0,20,0,0,0.0,1.0,0.0,0.0,0,60,0,0,0.0,1.0,0.0,0.0,0.0,50.0,100.0,0.0,28.76984126984127,57.53968253968254
2021-06-17,2021-06-16,0.05,0.01,4.0,1,False,False,False,4.0,4.0,1.0,4.0,4.0,1.0,4.0,4.0,1.0,4.0,4.0,1.0,0.8,0.21818181818181823,0.057142857142857155,0.006557377049180329,1,9,0,1,0.1,0.9,0.0,0.0,1,19,0,1,0.05,0.95,0.0,0.0,1,59,0,1,0.016666666666666666,0.9833333333333333,0.0,0.0,100.0,100.0,100.0,100.0,100.0,100.0
2021-06-18,2021-06-17,0.05,0.05,0.0,1,False,False,False,4.0,4.0,1.0,4.0,4.0,1.0,4.0,4.0,1.0,4.0,4.0,1.0,1.2,0.387878787878788,0.10827067669172935,0.012892470130591832,1,9,0,1,0.1,0.9,0.0,0.0,1,19,0,1,0.05,0.95,0.0,0.0,1,59,0,1,0.016666666666666666,0.9833333333333333,0.0,0.0,0.0,49.166666666666664,98.33333333333333,0.0,28.76984126984127,57.53968253968254
2021-06-21,2021-06-18,0.05,0.05,0.0,3,False,False,False,4.0,4.0,1.0,4.0,4.0,1.0,4.0,4.0,1.0,4.0,4.0,1.0,1.2,0.5090909090909091,0.15338345864661654,0.01900527924423451,1,9,0,1,0.1,0.9,0.0,0.0,1,19,0,1,0.05,0.95,0.0,0.0,1,59,0,1,0.016666666666666666,0.9833333333333333,0.0,0.0,0.0,49.166666666666664,98.33333333333333,0.0,28.76984126984127,57.53968253968254
2021-06-22,2021-06-21,0.05,0.05,0.0,1,False,False,False,4.0,4.0,1.0,4.0,4.0,1.0,4.0,4.0,1.0,4.0,4.0,1.0,0.8,0.5818181818181819,0.1924812030075188,0.024895804390108366,1,9,0,1,0.1,0.9,0.0,0.0,1,19,0,1,0.05,0.95,0.0,0.0,1,59,0,1,0.016666666666666666,0.9833333333333333,0.0,0.0,0.0,49.166666666666664,98.33333333333333,0.0,28.76984126984127,57.53968253968254
2021-06-23,2021-06-22,0.05,0.05,0.0,1,False,False,False,4.0,4.0,1.0,4.0,4.0,1.0,4.0,4.0,1.0,4.0,4.0,1.0,0.0,0.6060606060606061,0.22556390977443608,0.03056404556821339,1,9,0,1,0.1,0.9,0.0,0.0,1,19,0,1,0.05,0.95,0.0,0.0,1,59,0,1,0.016666666666666666,0.9833333333333333,0.0,0.0,0.0,49.166666666666664,98.33333333333333,0.0,28.76984126984127,57.53968253968254
2021-06-24,2021-06-23,0.05,0.05,0.0,1,False,False,False,0.0,0.0,,4.0,4.0,1.0,4.0,4.0,1.0,4.0,4.0,1.0,0.0,0.5818181818181819,0.2526315789473685,0.0360100027785496,1,9,0,1,0.1,0.9,0.0,0.0,1,19,0,1,0.05,0.95,0.0,0.0,1,59,0,1,0.016666666666666666,0.9833333333333333,0.0,0.0,0.0,49.166666666666664,98.33333333333333,0.0,28.76984126984127,57.53968253968254
2021-06-25,2021-06-24,0.05,0.05,0.0,1,False,False,False,0.0,0.0,,4.0,4.0,1.0,4.0,4.0,1.0,4.0,4.0,1.0,0.0,0.5090909090909091,0.2736842105263158,0.04123367602111698,1,9,0,1,0.1,0.9,0.0,0.0,1,19,0,1,0.05,0.95,0.0,0.0,1,59,0,1,0.016666666666666666,0.9833333333333333,0.0,0.0,0.0,49.166666666666664,98.33333333333333,0.0,28.96825396825397,57.93650793650794
2021-06-28,2021-06-25,0.05,0.05,0.0,3,False,False,False,0.0,0.0,,4.0,4.0,1.0,4.0,4.0,1.0,4.0,4.0,1.0,0.0,0.3878787878787879,0.2887218045112782,0.046235065295915534,1,9,0,1,0.1,0.9,0.0,0.0,1,19,0,1,0.05,0.95,0.0,0.0,1,59,0,1,0.016666666666666666,0.9833333333333333,0.0,0.0,0.0,49.166666666666664,98.33333333333333,0.0,29.166666666666668,58.333333333333336
2021-06-29,2021-06-28,0.05,0.05,0.0,1,False,False,False,0.0,0.0,,4.0,4.0,1.0,4.0,4.0,1.0,4.0,4.0,1.0,0.0,0.21818181818181817,0.2977443609022557,0.05101417060294527,1,9,0,1,0.1,0.9,0.0,0.0,1,19,0,1,0.05,0.95,0.0,0.0,1,59,0,1,0.016666666666666666,0.9833333333333333,0.0,0.0,0.0,49.166666666666664,98.33333333333333,0.0,29.365079365079364,58.73015873015873
2021-06-30,2021-06-29,0.05,0.05,0.0,1,True,True,False,0.0,0.0,,4.0,4.0,1.0,4.0,4.0,1.0,4.0,4.0,1.0,0.0,0.0,0.3007518796992481,0.05557099194220618,1,9,0,1,0.1,0.9,0.0,0.0,1,19,0,1,0.05,0.95,0.0,0.0,1,59,0,1,0.016666666666666666,0.9833333333333333,0.0,0.0,0.0,49.166666666666664,98.33333333333333,0.0,29.563492063492063,59.12698412698413
2021-07-01,2021-06-30,0.05,0.05,0.0,1,False,False,False,0.0,0.0,,0.0,0.0,,4.0,4.0,1.0,4.0,4.0,1.0,0.0,0.0,0.29774436090225564,0.05990552931369825,0,10,0,0,0.0,1.0,0.0,0.0,1,19,0,1,0.05,0.95,0.0,0.0,1,59,0,1,0.016666666666666666,0.9833333333333333,0.0,0.0,0.0,49.166666666666664,98.33333333333333,0.0,29.761904761904763,59.523809523809526
2021-07-02,2021-07-01,0.05,0.05,0.0,1,False,False,False,0.0,0.0,,0.0,0.0,,4.0,4.0,1.0,4.0,4.0,1.0,0.0,0.0,0.2887218045112782,0.06401778271742152,0,10,0,0,0.0,1.0,0.0,0.0,1,19,0,1,0.05,0.95,0.0,0.0,1,59,0,1,0.016666666666666666,0.9833333333333333,0.0,0.0,0.0,49.166666666666664,98.33333333333333,0.0,29.761904761904763,59.523809523809526
2021-07-06,2021-07-02,0.05,0.05,0.0,4,False,False,False,0.0,0.0,,0.0,0.0,,4.0,4.0,1.0,4.0,4.0,1.0,0.0,0.0,0.2736842105263158,0.06790775215337595,0,10,0,0,0.0,1.0,0.0,0.0,1,19,0,1,0.05,0.95,0.0,0.0,1,59,0,1,0.016666666666666666,0.9833333333333333,0.0,0.0,0.0,49.166666666666664,98.33333333333333,0.0,29.96031746031746,59.92063492063492
2021-07-07,2021-07-06,0.05,0.05,0.0,1,False,False,False,0.0,0.0,,0.0,0.0,,4.0,4.0,1.0,4.0,4.0,1.0,0.0,0.0,0.25263157894736843,0.07157543762156154,0,10,0,0,0.0,1.0,0.0,0.0,1,19,0,1,0.05,0.95,0.0,0.0,1,59,0,1,0.016666666666666666,0.9833333333333333,0.0,0.0,0.0,49.166666666666664,98.33333333333333,0.0,30.158730158730158,60.317460317460316
2021-07-08,2021-07-07,0.05,0.05,0.0,1,False,False,False,0.0,0.0,,0.0,0.0,,4.0,4.0,1.0,4.0,4.0,1.0,0.0,0.0,0.22556390977443608,0.07502083912197834,0,10,0,0,0.0,1.0,0.0,0.0,1,19,0,1,0.05,0.95,0.0,0.0,1,59,0,1,0.016666666666666666,0.9833333333333333,0.0,0.0,0.0,49.166666666666664,98.33333333333333,0.0,30.158730158730158,60.317460317460316
2021-07-09,2021-07-08,0.05,0.05,0.0,1,False,False,False,0.0,0.0,,0.0,0.0,,4.0,4.0,1.0,4.0,4.0,1.0,0.0,0.0,0.1924812030075188,0.07824395665462629,0,10,0,0,0.0,1.0,0.0,0.0,1,19,0,1,0.05,0.95,0.0,0.0,1,59,0,1,0.016666666666666666,0.9833333333333333,0.0,0.0,0.0,49.166666666666664,98.33333333333333,0.0,30.357142857142858,60.714285714285715
2021-07-12,2021-07-09,0.05,0.05,0.0,3,False,False,False,0.0,0.0,,0.0,0.0,,4.0,4.0,1.0,4.0,4.0,1.0,0.0,0.0,0.15338345864661654,0.08124479021950543,0,10,0,0,0.0,1.0,0.0,0.0,1,19,0,1,0.05,0.95,0.0,0.0,1,59,0,1,0.016666666666666666,0.9833333333333333,0.0,0.0,0.0,49.166666666666664,98.33333333333333,0.0,30.357142857142858,60.714285714285715
2021-07-13,2021-07-12,0.05,0.05,0.0,1,False,False,False,0.0,0.0,,0.0,0.0,,4.0,4.0,1.0,4.0,4.0,1.0,0.0,0.0,0.10827067669172932,0.08402333981661572,0,10,0,0,0.0,1.0,0.0,0.0,1,19,0,1,0.05,0.95,0.0,0.0,1,59,0,1,0.016666666666666666,0.9833333333333333,0.0,0.0,0.0,49.166666666666664,98.33333333333333,0.0,30.357142857142858,60.714285714285715
2021-07-14,2021-07-13,0.05,0.05,0.0,1,False,False,False,0.0,0.0,,0.0,0.0,,4.0,4.0,1.0,4.0,4.0,1.0,0.0,0.0,0.05714285714285714,0.08657960544595722,0,10,0,0,0.0,1.0,0.0,0.0,1,19,0,1,0.05,0.95,0.0,0.0,1,59,0,1,0.016666666666666666,0.9833333333333333,0.0,0.0,0.0,49.166666666666664,98.33333333333333,0.0,30.357142857142858,60.714285714285715
2021-07-15,2021-07-14,0.05,0.05,0.0,1,False,False,False,0.0,0.0,,0.0,0.0,,4.0,4.0,1.0,4.0,4.0,1.0,0.0,0.0,0.0,0.08891358710752988,0,10,0,0,0.0,1.0,0.0,0.0,1,19,0,1,0.05,0.95,0.0,0.0,1,59,0,1,0.016666666666666666,0.9833333333333333,0.0,0.0,0.0,49.166666666666664,98.33333333333333,0.0,30.357142857142858,60.714285714285715
2021-07-16,2021-07-15,0.05,0.05,0.0,1,False,False,False,0.0,0.0,,0.0,0.0,,0.0,0.0,,4.0,4.0,1.0,0.0,0.0,0.0,0.09102528480133372,0,10,0,0,0.0,1.0,0.0,0.0,0,20,0,0,0.0,1.0,0.0,0.0,1,59,0,1,0.016666666666666666,0.9833333333333333,0.0,0.0,0.0,49.166666666666664,98.33333333333333,0.0,30.357142857142858,60.714285714285715
2021-07-19,2021-07-16,0.05,0.05,0.0,3,False,False,False,0.0,0.0,,0.0,0.0,,0.0,0.0,,4.0,4.0,1.0,0.0,0.0,0.0,0.09291469852736872,0,10,0,0,0.0,1.0,0.0,0.0,0,20,0,0,0.0,1.0,0.0,0.0,1,59,0,1,0.016666666666666666,0.9833333333333333,0.0,0.0,0.0,49.166666666666664,98.33333333333333,0.0,30.555555555555557,61.111111111111114
2021-07-20,2021-07-19,0.05,0.05,0.0,1,False,False,False,0.0,0.0,,0.0,0.0,,0.0,0.0,,4.0,4.0,1.0,0.0,0.0,0.0,0.0945818282856349,0,10,0,0,0.0,1.0,0.0,0.0,0,20,0,0,0.0,1.0,0.0,0.0,1,59,0,1,0.016666666666666666,0.9833333333333333,0.0,0.0,0.0,49.166666666666664,98.33333333333333,0.0,30.753968253968253,61.507936507936506
2021-07-21,2021-07-20,0.05,0.05,0.0,1,False,False,False,0.0,0.0,,0.0,0.0,,0.0,0.0,,4.0,4.0,1.0,0.0,0.0,0.0,0.09602667407613226,0,10,0,0,0.0,1.0,0.0,0.0,0,20,0,0,0.0,1.0,0.0,0.0,1,59,0,1,0.016666666666666666,0.9833333333333333,0.0,0.0,0.0,49.166666666666664,98.33333333333333,0.0,30.952380952380953,61.904761904761905
2021-07-22,2021-07-21,0.05,0.05,0.0,1,False,False,False,0.0,0.0,,0.0,0.0,,0.0,0.0,,4.0,4.0,1.0,0.0,0.0,0.0,0.09724923589886082,0,10,0,0,0.0,1.0,0.0,0.0,0,20,0,0,0.0,1.0,0.0,0.0,1,59,0,1,0.016666666666666666,0.9833333333333333,0.0,0.0,0.0,49.166666666666664,98.33333333333333,0.0,30.952380952380953,61.904761904761905
2021-07-23,2021-07-22,0.05,0.05,0.0,1,False,False,False,0.0,0.0,,0.0,0.0,,0.0,0.0,,4.0,4.0,1.0,0.0,0.0,0.0,0.0982495137538205,0,10,0,0,0.0,1.0,0.0,0.0,0,20,0,0,0.0,1.0,0.0,0.0,1,59,0,1,0.016666666666666666,0.9833333333333333,0.0,0.0,0.0,49.166666666666664,98.33333333333333,0.0,30.952380952380953,61.904761904761905
2021-07-26,2021-07-23,0.05,0.05,0.0,3,False,False,False,0.0,0.0,,0.0,0.0,,0.0,0.0,,4.0,4.0,1.0,0.0,0.0,0.0,0.0990275076410114,0,10,0,0,0.0,1.0,0.0,0.0,0,20,0,0,0.0,1.0,0.0,0.0,1,59,0,1,0.016666666666666666,0.9833333333333333,0.0,0.0,0.0,49.166666666666664,98.33333333333333,0.0,31.150793650793652,62.301587301587304
2021-07-27,2021-07-26,0.05,0.05,0.0,1,False,False,False,0.0,0.0,,0.0,0.0,,0.0,0.0,,4.0,4.0,1.0,0.0,0.0,0.0,0.09958321756043347,0,10,0,0,0.0,1.0,0.0,0.0,0,20,0,0,0.0,1.0,0.0,0.0,1,59,0,1,0.016666666666666666,0.9833333333333333,0.0,0.0,0.0,49.166666666666664,98.33333333333333,0.0,31.349206349206348,62.698412698412696
2021-07-28,2021-07-27,0.05,0.05,0.0,1,False,False,False,0.0,0.0,,0.0,0.0,,0.0,0.0,,4.0,4.0,1.0,0.0,0.0,0.0,0.09991664351208669,0,10,0,0,0.0,1.0,0.0,0.0,0,20,0,0,0.0,1.0,0.0,0.0,1,59,0,1,0.016666666666666666,0.9833333333333333,0.0,0.0,0.0,49.166666666666664,98.33333333333333,0.0,31.349206349206348,62.698412698412696
2021-07-29,2021-07-28,0.05,0.05,0.0,1,False,False,False,0.0,0.0,,0.0,0.0,,0.0,0.0,,4.0,4.0,1.0,0.0,0.0,0.0,0.10002778549597113,0,10,0,0,0.0,1.0,0.0,0.0,0,20,0,0,0.0,1.0,0.0,0.0,1,59,0,1,0.016666666666666666,0.9833333333333333,0.0,0.0,0.0,49.166666666666664,98.33333333333333,0.0,31.349206349206348,62.698412698412696
2021-07-30,2021-07-29,0.05,0.05,0.0,1,True,False,False,0.0,0.0,,0.0,0.0,,0.0,0.0,,4.0,4.0,1.0,0.0,0.0,0.0,0.09991664351208669,0,10,0,0,0.0,1.0,0.0,0.0,0,20,0,0,0.0,1.0,0.0,0.0,1,59,0,1,0.016666666666666666,0.9833333333333333,0.0,0.0,0.0,49.166666666666664,98.33333333333333,0.0,31.349206349206348,62.698412698412696
2021-08-02,2021-07-30,0.05,0.05,0.0,3,False,False,False,0.0,0.0,,0.0,0.0,,0.0,0.0,,4.0,4.0,1.0,0.0,0.0,0.0,0.09958321756043347,0,10,0,0,0.0,1.0,0.0,0.0,0,20,0,0,0.0,1.0,0.0,0.0,1,59,0,1,0.016666666666666666,0.9833333333333333,0.0,0.0,0.0,49.166666666666664,98.33333333333333,0.0,31.349206349206348,62.698412698412696
2021-08-03,2021-08-02,0.05,0.05,0.0,1,False,False,False,0.0,0.0,,0.0,0.0,,0.0,0.0,,4.0,4.0,1.0,0.0,0.0,0.0,0.0990275076410114,0,10,0,0,0.0,1.0,0.0,0.0,0,20,0,0,0.0,1.0,0.0,0.0,1,59,0,1,0.016666666666666666,0.9833333333333333,0.0,0.0,0.0,49.166666666666664,98.33333333333333,0.0,31.547619047619047,63.095238095238095
2021-08-04,2021-08-03,0.05,0.05,0.0,1,False,False,False,0.0,0.0,,0.0,0.0,,0.0,0.0,,4.0,4.0,1.0,0.0,0.0,0.0,0.0982495137538205,0,10,0,0,0.0,1.0,0.0,0.0,0,20,0,0,0.0,1.0,0.0,0.0,1,59,0,1,0.016666666666666666,0.9833333333333333,0.0,0.0,0.0,49.166666666666664,98.33333333333333,0.0,31.746031746031747,63.492063492063494
2021-08-05,2021-08-04,0.05,0.05,0.0,1,False,False,False,0.0,0.0,,0.0,0.0,,0.0,0.0,,4.0,4.0,1.0,0.0,0.0,0.0,0.0972492358988608,0,10,0,0,0.0,1.0,0.0,0.0,0,20,0,0,0.0,1.0,0.0,0.0,1,59,0,1,0.016666666666666666,0.9833333333333333,0.0,0.0,0.0,49.166666666666664,98.33333333333333,0.0,31.746031746031747,63.492063492063494
2021-08-06,2021-08-05,0.05,0.05,0.0,1,False,False,False,0.0,0.0,,0.0,0.0,,0.0,0.0,,4.0,4.0,1.0,0.0,0.0,0.0,0.09602667407613226,0,10,0,0,0.0,1.0,0.0,0.0,0,20,0,0,0.0,1.0,0.0,0.0,1,59,0,1,0.016666666666666666,0.9833333333333333,0.0,0.0,0.0,49.166666666666664,98.33333333333333,0.0,31.746031746031747,63.492063492063494
2021-08-09,2021-08-06,0.05,0.05,0.0,3,False,False,False,0.0,0.0,,0.0,0.0,,0.0,0.0,,4.0,4.0,1.0,0.0,0.0,0.0,0.0945818282856349,0,10,0,0,0.0,1.0,0.0,0.0,0,20,0,0,0.0,1.0,0.0,0.0,1,59,0,1,0.016666666666666666,0.9833333333333333,0.0,0.0,0.0,49.166666666666664,98.33333333333333,0.0,31.944444444444443,63.888888888888886
2021-08-10,2021-08-09,0.05,0.05,0.0,1,False,False,False,0.0,0.0,,0.0,0.0,,0.0,0.0,,4.0,4.0,1.0,0.0,0.0,0.0,0.09291469852736871,0,10,0,0,0.0,1.0,0.0,0.0,0,20,0,0,0.0,1.0,0.0,0.0,1,59,0,1,0.016666666666666666,0.9833333333333333,0.0,0.0,0.0,49.166666666666664,98.33333333333333,0.0,31.944444444444443,63.888888888888886
2021-08-11,2021-08-10,0.05,0.05,0.0,1,False,False,False,0.0,0.0,,0.0,0.0,,0.0,0.0,,4.0,4.0,1.0,0.0,0.0,0.0,0.0910252848013337,0,10,0,0,0.0,1.0,0.0,0.0,0,20,0,0,0.0,1.0,0.0,0.0,1,59,0,1,0.016666666666666666,0.9833333333333333,0.0,0.0,0.0,49.166666666666664,98.33333333333333,0.0,31.944444444444443,63.888888888888886
2021-08-12,2021-08-11,0.05,0.05,0.0,1,False,False,False,0.0,0.0,,0.0,0.0,,0.0,0.0,,4.0,4.0,1.0,0.0,0.0,0.0,0.08891358710752988,0,10,0,0,0.0,1.0,0.0,0.0,0,20,0,0,0.0,1.0,0.0,0.0,1,59,0,1,0.016666666666666666,0.9833333333333333,0.0,0.0,0.0,49.166666666666664,98.33333333333333,0.0,31.944444444444443,63.888888888888886
2021-08-13,2021-08-12,0.05,0.05,0.0,1,False,False,False,0.0,0.0,,0.0,0.0,,0.0,0.0,,4.0,4.0,1.0,0.0,0.0,0.0,0.0865796054459572,0,10,0,0,0.0,1.0,0.0,0.0,0,20,0,0,0.0,1.0,0.0,0.0,1,59,0,1,0.016666666666666666,0.9833333333333333,0.0,0.0,0.0,49.166666666666664,98.33333333333333,0.0,31.944444444444443,63.888888888888886
2021-08-16,2021-08-13,0.05,0.05,0.0,3,False,False,False,0.0,0.0,,0.0,0.0,,0.0,0.0,,4.0,4.0,1.0,0.0,0.0,0.0,0.08402333981661572,0,10,0,0,0.0,1.0,0.0,0.0,0,20,0,0,0.0,1.0,0.0,0.0,1,59,0,1,0.016666666666666666,0.9833333333333333,0.0,0.0,0.0,49.166666666666664,98.33333333333333,0.0,32.142857142857146,64.28571428571429
2021-08-17,2021-08-16,0.05,0.05,0.0,1,False,False,False,0.0,0.0,,0.0,0.0,,0.0,0.0,,4.0,4.0,1.0,0.0,0.0,0.0,0.08124479021950543,0,10,0,0,0.0,1.0,0.0,0.0,0,20,0,0,0.0,1.0,0.0,0.0,1,59,0,1,0.016666666666666666,0.9833333333333333,0.0,0.0,0.0,49.166666666666664,98.33333333333333,0.0,32.34126984126984,64.68253968253968
2021-08-18,2021-08-17,0.05,0.05,0.0,1,False,False,False,0.0,0.0,,0.0,0.0,,0.0,0.0,,4.0,4.0,1.0,0.0,0.0,0.0,0.07824395665462629,0,10,0,0,0.0,1.0,0.0,0.0,0,20,0,0,0.0,1.0,0.0,0.0,1,59,0,1,0.016666666666666666,0.9833333333333333,0.0,0.0,0.0,49.166666666666664,98.33333333333333,0.0,32.34126984126984,64.68253968253968
2021-08-19,2021-08-18,0.05,0.05,0.0,1,False,False,False,0.0,0.0,,0.0,0.0,,0.0,0.0,,4.0,4.0,1.0,0.0,0.0,0.0,0.07502083912197832,0,10,0,0,0.0,1.0,0.0,0.0,0,20,0,0,0.0,1.0,0.0,0.0,1,59,0,1,0.016666666666666666,0.9833333333333333,0.0,0.0,0.0,49.166666666666664,98.33333333333333,0.0,32.34126984126984,64.68253968253968
2021-08-20,2021-08-19,0.05,0.05,0.0,1,False,False,False,0.0,0.0,,0.0,0.0,,0.0,0.0,,4.0,4.0,1.0,0.0,0.0,0.0,0.07157543762156154,0,10,0,0,0.0,1.0,0.0,0.0,0,20,0,0,0.0,1.0,0.0,0.0,1,59,0,1,0.016666666666666666,0.9833333333333333,0.0,0.0,0.0,49.166666666666664,98.33333333333333,0.0,32.53968253968254,65.07936507936508
2021-08-23,2021-08-20,0.05,0.05,0.0,3,False,False,False,0.0,0.0,,0.0,0.0,,0.0,0.0,,4.0,4.0,1.0,0.0,0.0,0.0,0.06790775215337594,0,10,0,0,0.0,1.0,0.0,0.0,0,20,0,0,0.0,1.0,0.0,0.0,1,59,0,1,0.016666666666666666,0.9833333333333333,0.0,0.0,0.0,49.166666666666664,98.33333333333333,0.0,32.73809523809524,65.47619047619048
2021-08-24,2021-08-23,0.05,0.05,0.0,1,False,False,False,0.0,0.0,,0.0,0.0,,0.0,0.0,,4.0,4.0,1.0,0.0,0.0,0.0,0.0640177827174215,0,10,0,0,0.0,1.0,0.0,0.0,0,20,0,0,0.0,1.0,0.0,0.0,1,59,0,1,0.016666666666666666,0.9833333333333333,0.0,0.0,0.0,49.166666666666664,98.33333333333333,0.0,32.73809523809524,65.47619047619048
2021-08-25,2021-08-24,0.05,0.05,0.0,1,False,False,False,0.0,0.0,,0.0,0.0,,0.0,0.0,,4.0,4.0,1.0,0.0,0.0,0.0,0.05990552931369825,0,10,0,0,0.0,1.0,0.0,0.0,0,20,0,0,0.0,1.0,0.0,0.0,1,59,0,1,0.016666666666666666,0.9833333333333333,0.0,0.0,0.0,49.166666666666664,98.33333333333333,0.0,32.93650793650794,65.87301587301587
2021-08-26,2021-08-25,0.05,0.05,0.0,1,False,False,False,0.0,0.0,,0.0,0.0,,0.0,0.0,,4.0,4.0,1.0,0.0,0.0,0.0,0.05557099194220617,0,10,0,0,0.0,1.0,0.0,0.0,0,20,0,0,0.0,1.0,0.0,0.0,1,59,0,1,0.016666666666666666,0.9833333333333333,0.0,0.0,0.0,49.166666666666664,98.33333333333333,0.0,32.93650793650794,65.87301587301587
2021-08-27,2021-08-26,0.05,0.05,0.0,1,False,False,False,0.0,0.0,,0.0,0.0,,0.0,0.0,,4.0,4.0,1.0,0.0,0.0,0.0,0.05101417060294526,0,10,0,0,0.0,1.0,0.0,0.0,0,20,0,0,0.0,1.0,0.0,0.0,1,59,0,1,0.016666666666666666,0.9833333333333333,0.0,0.0,0.0,49.166666666666664,98.33333333333333,0.0,33.13492063492063,66.26984126984127
2021-08-30,2021-08-27,0.05,0.05,0.0,3,False,False,False,0.0,0.0,,0.0,0.0,,0.0,0.0,,4.0,4.0,1.0,0.0,0.0,0.0,0.046235065295915534,0,10,0,0,0.0,1.0,0.0,0.0,0,20,0,0,0.0,1.0,0.0,0.0,1,59,0,1,0.016666666666666666,0.9833333333333333,0.0,0.0,0.0,49.166666666666664,98.33333333333333,0.0,33.13492063492063,66.26984126984127
2021-08-31,2021-08-30,0.05,0.05,0.0,1,True,False,False,0.0,0.0,,0.0,0.0,,0.0,0.0,,4.0,4.0,1.0,0.0,0.0,0.0,0.04123367602111698,0,10,0,0,0.0,1.0,0.0,0.0,0,20,0,0,0.0,1.0,0.0,0.0,1,59,0,1,0.016666666666666666,0.9833333333333333,0.0,0.0,0.0,49.166666666666664,98.33333333333333,0.0,33.333333333333336,66.66666666666667
2021-09-01,2021-08-31,0.05,0.05,0.0,1,False,False,False,0.0,0.0,,0.0,0.0,,0.0,0.0,,4.0,4.0,1.0,0.0,0.0,0.0,0.0360100027785496,0,10,0,0,0.0,1.0,0.0,0.0,0,20,0,0,0.0,1.0,0.0,0.0,1,59,0,1,0.016666666666666666,0.9833333333333333,0.0,0.0,0.0,49.166666666666664,98.33333333333333,0.0,33.333333333333336,66.66666666666667
2021-09-02,2021-09-01,0.05,0.05,0.0,1,False,False,False,0.0,0.0,,0.0,0.0,,0.0,0.0,,4.0,4.0,1.0,0.0,0.0,0.0,0.03056404556821339,0,10,0,0,0.0,1.0,0.0,0.0,0,20,0,0,0.0,1.0,0.0,0.0,1,59,0,1,0.016666666666666666,0.9833333333333333,0.0,0.0,0.0,49.166666666666664,98.33333333333333,0.0,33.333333333333336,66.66666666666667
2021-09-03,2021-09-02,0.05,0.05,0.0,1,False,False,False,0.0,0.0,,0.0,0.0,,0.0,0.0,,4.0,4.0,1.0,0.0,0.0,0.0,0.024895804390108366,0,10,0,0,0.0,1.0,0.0,0.0,0,20,0,0,0.0,1.0,0.0,0.0,1,59,0,1,0.016666666666666666,0.9833333333333333,0.0,0.0,0.0,49.166666666666664,98.33333333333333,0.0,33.53174603174603,67.06349206349206
2021-09-07,2021-09-03,0.05,0.05,0.0,4,False,False,False,0.0,0.0,,0.0,0.0,,0.0,0.0,,4.0,4.0,1.0,0.0,0.0,0.0,0.01900527924423451,0,10,0,0,0.0,1.0,0.0,0.0,0,20,0,0,0.0,1.0,0.0,0.0,1,59,0,1,0.016666666666666666,0.9833333333333333,0.0,0.0,0.0,49.166666666666664,98.33333333333333,0.0,33.53174603174603,67.06349206349206
2021-09-08,2021-09-07,0.05,0.05,0.0,1,False,False,False,0.0,0.0,,0.0,0.0,,0.0,0.0,,4.0,4.0,1.0,0.0,0.0,0.0,0.012892470130591832,0,10,0,0,0.0,1.0,0.0,0.0,0,20,0,0,0.0,1.0,0.0,0.0,1,59,0,1,0.016666666666666666,0.9833333333333333,0.0,0.0,0.0,49.166666666666664,98.33333333333333,0.0,33.53174603174603,67.06349206349206
2021-09-09,2021-09-08,0.05,0.05,0.0,1,False,False,False,0.0,0.0,,0.0,0.0,,0.0,0.0,,4.0,4.0,1.0,0.0,0.0,0.0,0.006557377049180328,0,10,0,0,0.0,1.0,0.0,0.0,0,20,0,0,0.0,1.0,0.0,0.0,1,59,0,1,0.016666666666666666,0.9833333333333333,0.0,0.0,0.0,49.166666666666664,98.33333333333333,0.0,33.73015873015873,67.46031746031746
2021-09-10,2021-09-09,0.05,0.05,0.0,1,False,False,False,0.0,0.0,,0.0,0.0,,0.0,0.0,,4.0,4.0,1.0,0.0,0.0,0.0,0.0,0,10,0,0,0.0,1.0,0.0,0.0,0,20,0,0,0.0,1.0,0.0,0.0,1,59,0,1,0.016666666666666666,0.9833333333333333,0.0,0.0,0.0,49.166666666666664,98.33333333333333,0.0,33.92857142857143,67.85714285714286
2021-09-13,2021-09-10,0.05,0.05,0.0,3,False,False,False,0.0,0.0,,0.0,0.0,,0.0,0.0,,0.0,0.0,,0.0,0.0,0.0,0.0,0,10,0,0,0.0,1.0,0.0,0.0,0,20,0,0,0.0,1.0,0.0,0.0,0,60,0,0,0.0,1.0,0.0,0.0,0.0,49.166666666666664,98.33333333333333,0.0,33.92857142857143,67.85714285714286
2021-09-14,2021-09-13,0.05,0.05,0.0,1,False,False,False,0.0,0.0,,0.0,0.0,,0.0,0.0,,0.0,0.0,,0.0,0.0,0.0,0.0,0,10,0,0,0.0,1.0,0.0,0.0,0,20,0,0,0.0,1.0,0.0,0.0,0,60,0,0,0.0,1.0,0.0,0.0,0.0,50.0,100.0,0.0,33.92857142857143,67.85714285714286
2021-09-15,2021-09-14,0.05,0.05,0.0,1,False,False,False,0.0,0.0,,0.0,0.0,,0.0,0.0,,0.0,0.0,,0.0,0.0,0.0,0.0,0,10,0,0,0.0,1.0,0.0,0.0,0,20,0,0,0.0,1.0,0.0,0.0,0,60,0,0,0.0,1.0,0.0,0.0,0.0,50.0,100.0,0.0,33.92857142857143,67.85714285714286
2021-09-16,2021-09-15,0.05,0.05,0.0,1,False,False,False,0.0,0.0,,0.0,0.0,,0.0,0.0,,0.0,0.0,,0.0,0.0,0.0,0.0,0,10,0,0,0.0,1.0,0.0,0.0,0,20,0,0,0.0,1.0,0.0,0.0,0,60,0,0,0.0,1.0,0.0,0.0,0.0,50.0,100.0,0.0,33.92857142857143,67.85714285714286
2021-09-17,2021-09-16,0.05,0.05,0.0,1,False,False,False,0.0,0.0,,0.0,0.0,,0.0,0.0,,0.0,0.0,,0.0,0.0,0.0,0.0,0,10,0,0,0.0,1.0,0.0,0.0,0,20,0,0,0.0,1.0,0.0,0.0,0,60,0,0,0.0,1.0,0.0,0.0,0.0,50.0,100.0,0.0,33.92857142857143,67.85714285714286
2021-09-20,2021-09-17,0.05,0.05,0.0,3,False,False,False,0.0,0.0,,0.0,0.0,,0.0,0.0,,0.0,0.0,,0.0,0.0,0.0,0.0,0,10,0,0,0.0,1.0,0.0,0.0,0,20,0,0,0.0,1.0,0.0,0.0,0,60,0,0,0.0,1.0,0.0,0.0,0.0,50.0,100.0,0.0,34.12698412698413,68.25396825396825
2021-09-21,2021-09-20,0.05,0.05,0.0,1,False,False,False,0.0,0.0,,0.0,0.0,,0.0,0.0,,0.0,0.0,,0.0,0.0,0.0,0.0,0,10,0,0,0.0,1.0,0.0,0.0,0,20,0,0,0.0,1.0,0.0,0.0,0,60,0,0,0.0,1.0,0.0,0.0,0.0,50.0,100.0,0.0,34.12698412698413,68.25396825396825
2021-09-22,2021-09-21,0.05,0.05,0.0,1,False,False,False,0.0,0.0,,0.0,0.0,,0.0,0.0,,0.0,0.0,,0.0,0.0,0.0,0.0,0,10,0,0,0.0,1.0,0.0,0.0,0,20,0,0,0.0,1.0,0.0,0.0,0,60,0,0,0.0,1.0,0.0,0.0,0.0,50.0,100.0,0.0,34.12698412698413,68.25396825396825
2021-09-23,2021-09-22,0.05,0.05,0.0,1,False,False,False,0.0,0.0,,0.0,0.0,,0.0,0.0,,0.0,0.0,,0.0,0.0,0.0,0.0,0,10,0,0,0.0,1.0,0.0,0.0,0,20,0,0,0.0,1.0,0.0,0.0,0,60,0,0,0.0,1.0,0.0,0.0,0.0,50.0,100.0,0.0,34.32539682539682,68.65079365079364
2021-09-24,2021-09-23,0.05,0.05,0.0,1,False,False,False,0.0,0.0,,0.0,0.0,,0.0,0.0,,0.0,0.0,,0.0,0.0,0.0,0.0,0,10,0,0,0.0,1.0,0.0,0.0,0,20,0,0,0.0,1.0,0.0,0.0,0,60,0,0,0.0,1.0,0.0,0.0,0.0,50.0,100.0,0.0,34.523809523809526,69.04761904761905
2021-09-27,2021-09-24,0.05,0.05,0.0,3,False,False,False,0.0,0.0,,0.0,0.0,,0.0,0.0,,0.0,0.0,,0.0,0.0,0.0,0.0,0,10,0,0,0.0,1.0,0.0,0.0,0,20,0,0,0.0,1.0,0.0,0.0,0,60,0,0,0.0,1.0,0.0,0.0,0.0,50.0,100.0,0.0,34.72222222222222,69.44444444444444
2021-09-28,2021-09-27,0.05,0.05,0.0,1,False,False,False,0.0,0.0,,0.0,0.0,,0.0,0.0,,0.0,0.0,,0.0,0.0,0.0,0.0,0,10,0,0,0.0,1.0,0.0,0.0,0,20,0,0,0.0,1.0,0.0,0.0,0,60,0,0,0.0,1.0,0.0,0.0,0.0,50.0,100.0,0.0,34.92063492063492,69.84126984126983
2021-09-29,2021-09-28,0.05,0.05,0.0,1,False,False,False,0.0,0.0,,0.0,0.0,,0.0,0.0,,0.0,0.0,,0.0,0.0,0.0,0.0,0,10,0,0,0.0,1.0,0.0,0.0,0,20,0,0,0.0,1.0,0.0,0.0,0,60,0,0,0.0,1.0,0.0,0.0,0.0,50.0,100.0,0.0,35.11904761904762,70.23809523809524
2021-09-30,2021-09-29,0.05,0.05,0.0,1,True,True,False,0.0,0.0,,0.0,0.0,,0.0,0.0,,0.0,0.0,,0.0,0.0,0.0,0.0,0,10,0,0,0.0,1.0,0.0,0.0,0,20,0,0,0.0,1.0,0.0,0.0,0,60,0,0,0.0,1.0,0.0,0.0,0.0,50.0,100.0,0.0,35.317460317460316,70.63492063492063
2021-10-01,2021-09-30,0.05,0.05,0.0,1,False,False,False,0.0,0.0,,0.0,0.0,,0.0,0.0,,0.0,0.0,,0.0,0.0,0.0,0.0,0,10,0,0,0.0,1.0,0.0,0.0,0,20,0,0,0.0,1.0,0.0,0.0,0,60,0,0,0.0,1.0,0.0,0.0,0.0,50.0,100.0,0.0,35.317460317460316,70.63492063492063
2021-10-04,2021-10-01,0.05,0.05,0.0,3,False,False,False,0.0,0.0,,0.0,0.0,,0.0,0.0,,0.0,0.0,,0.0,0.0,0.0,0.0,0,10,0,0,0.0,1.0,0.0,0.0,0,20,0,0,0.0,1.0,0.0,0.0,0,60,0,0,0.0,1.0,0.0,0.0,0.0,50.0,100.0,0.0,35.51587301587302,71.03174603174604
2021-10-05,2021-10-04,0.05,0.05,0.0,1,False,False,False,0.0,0.0,,0.0,0.0,,0.0,0.0,,0.0,0.0,,0.0,0.0,0.0,0.0,0,10,0,0,0.0,1.0,0.0,0.0,0,20,0,0,0.0,1.0,0.0,0.0,0,60,0,0,0.0,1.0,0.0,0.0,0.0,50.0,100.0,0.0,35.714285714285715,71.42857142857143
2021-10-06,2021-10-05,0.05,0.05,0.0,1,False,False,False,0.0,0.0,,0.0,0.0,,0.0,0.0,,0.0,0.0,,0.0,0.0,0.0,0.0,0,10,0,0,0.0,1.0,0.0,0.0,0,20,0,0,0.0,1.0,0.0,0.0,0,60,0,0,0.0,1.0,0.0,0.0,0.0,50.0,100.0,0.0,35.714285714285715,71.42857142857143
2021-10-07,2021-10-06,0.05,0.05,0.0,1,False,False,False,0.0,0.0,,0.0,0.0,,0.0,0.0,,0.0,0.0,,0.0,0.0,0.0,0.0,0,10,0,0,0.0,1.0,0.0,0.0,0,20,0,0,0.0,1.0,0.0,0.0,0,60,0,0,0.0,1.0,0.0,0.0,0.0,50.0,100.0,0.0,35.91269841269841,71.82539682539682
2021-10-08,2021-10-07,0.05,0.05,0.0,1,False,False,False,0.0,0.0,,0.0,0.0,,0.0,0.0,,0.0,0.0,,0.0,0.0,0.0,0.0,0,10,0,0,0.0,1.0,0.0,0.0,0,20,0,0,0.0,1.0,0.0,0.0,0,60,0,0,0.0,1.0,0.0,0.0,0.0,50.0,100.0,0.0,36.111111111111114,72.22222222222223
2021-10-12,2021-10-08,0.05,0.05,0.0,4,False,False,False,0.0,0.0,,0.0,0.0,,0.0,0.0,,0.0,0.0,,0.0,0.0,0.0,0.0,0,10,0,0,0.0,1.0,0.0,0.0,0,20,0,0,0.0,1.0,0.0,0.0,0,60,0,0,0.0,1.0,0.0,0.0,0.0,50.0,100.0,0.0,36.30952380952381,72.61904761904762
2021-10-13,2021-10-12,0.05,0.05,0.0,1,False,False,False,0.0,0.0,,0.0,0.0,,0.0,0.0,,0.0,0.0,,0.0,0.0,0.0,0.0,0,10,0,0,0.0,1.0,0.0,0.0,0,20,0,0,0.0,1.0,0.0,0.0,0,60,0,0,0.0,1.0,0.0,0.0,0.0,50.0,100.0,0.0,36.507936507936506,73.01587301587301
2021-10-14,2021-10-13,0.05,0.05,0.0,1,False,False,False,0.0,0.0,,0.0,0.0,,0.0,0.0,,0.0,0.0,,0.0,0.0,0.0,0.0,0,10,0,0,0.0,1.0,0.0,0.0,0,20,0,0,0.0,1.0,0.0,0.0,0,60,0,0,0.0,1.0,0.0,0.0,0.0,50.0,100.0,0.0,36.70634920634921,73.41269841269842
2021-10-15,2021-10-14,0.05,0.05,0.0,1,False,False,False,0.0,0.0,,0.0,0.0,,0.0,0.0,,0.0,0.0,,0.0,0.0,0.0,0.0,0,10,0,0,0.0,1.0,0.0,0.0,0,20,0,0,0.0,1.0,0.0,0.0,0,60,0,0,0.0,1.0,0.0,0.0,0.0,50.0,100.0,0.0,36.904761904761905,73.80952380952381
2021-10-18,2021-10-15,0.05,0.05,0.0,3,False,False,False,0.0,0.0,,0.0,0.0,,0.0,0.0,,0.0,0.0,,0.0,0.0,0.0,0.0,0,10,0,0,0.0,1.0,0.0,0.0,0,20,0,0,0.0,1.0,0.0,0.0,0,60,0,0,0.0,1.0,0.0,0.0,0.0,50.0,100.0,0.0,36.904761904761905,73.80952380952381
2021-10-19,2021-10-18,0.03,0.05,-2.0,1,False,False,False,-2.0,2.0,1.0,-2.0,2.0,1.0,-2.0,2.0,1.0,-2.0,2.0,1.0,-0.4000000000000001,-0.10909090909090911,-0.028571428571428577,-0.0032786885245901644,0,9,1,-1,0.0,0.9,0.1,0.0,0,19,1,-1,0.0,0.95,0.05,0.0,0,59,1,-1,0.0,0.9833333333333333,0.016666666666666666,0.0,100.0,100.0,100.0,92.46031746031746,95.03968253968254,97.61904761904762
2021-10-20,2021-10-19,0.03,0.03,0.0,1,False,False,False,-2.0,2.0,1.0,-2.0,2.0,1.0,-2.0,2.0,1.0,-2.0,2.0,1.0,-0.6000000000000001,-0.193939393939394,-0.054135338345864675,-0.006446235065295916,0,9,1,-1,0.0,0.9,0.1,0.0,0,19,1,-1,0.0,0.95,0.05,0.0,0,59,1,-1,0.0,0.9833333333333333,0.016666666666666666,0.0,0.0,49.166666666666664,98.33333333333333,0.0,36.904761904761905,73.80952380952381
2021-10-21,2021-10-20,0.03,0.03,0.0,1,False,False,False,-2.0,2.0,1.0,-2.0,2.0,1.0,-2.0,2.0,1.0,-2.0,2.0,1.0,-0.6000000000000001,-0.2545454545454546,-0.0766917293233083,-0.009502639622117256,0,9,1,-1,0.0,0.9,0.1,0.0,0,19,1,-1,0.0,0.95,0.05,0.0,0,59,1,-1,0.0,0.9833333333333333,0.016666666666666666,0.0,0.0,49.166666666666664,98.33333333333333,0.0,37.1031746031746,74.2063492063492
2021-10-22,2021-10-21,0.05,0.03,2.0,1,False,False,False,0.0,4.0,0.5,0.0,4.0,0.5,0.0,4.0,0.5,0.0,4.0,0.5,0.0,-0.18181818181818185,-0.06766917293233084,-0.00916921367046402,1,8,1,0,0.1,0.8,0.1,0.0,1,18,1,0,0.05,0.9,0.05,0.0,1,58,1,0,0.016666666666666666,0.9666666666666667,0.016666666666666666,0.0,98.33333333333333,99.16666666666667,100.0,92.06349206349206,94.84126984126983,97.61904761904762
2021-10-25,2021-10-22,0.04,0.05,-1.0,3,False,False,False,-1.0,5.0,0.4,-1.0,5.0,0.4,-1.0,5.0,0.4,-1.0,5.0,0.4,0.4000000000000001,-0.1636363636363637,-0.07293233082706768,-0.010475131981105864,1,7,2,-1,0.1,0.7,0.2,0.0,1,17,2,-1,0.05,0.85,0.1,0.0,1,57,2,-1,0.016666666666666666,0.95,0.03333333333333333,0.0,96.66666666666667,96.66666666666667,96.66666666666667,74.2063492063492,82.93650793650794,91.66666666666667
2021-10-26,2021-10-25,0.05,0.04,1.0,1,False,False,False,2.0,4.0,0.5,0.0,6.0,0.3333333333333333,0.0,6.0,0.3333333333333333,0.0,6.0,0.3333333333333333,0.5000000000000001,-0.07878787878787881,-0.06240601503759399,-0.010086135037510421,2,6,2,0,0.2,0.6,0.2,0.0,2,16,2,0,0.1,0.8,0.1,0.0,2,56,2,0,0.03333333333333333,0.9333333333333333,0.03333333333333333,0.0,95.0,95.83333333333333,96.66666666666667,74.2063492063492,82.93650793650794,91.66666666666667
2021-10-27,2021-10-26,0.05,0.05,0.0,1,False,False,False,2.0,4.0,0.5,0.0,6.0,0.3333333333333333,0.0,6.0,0.3333333333333333,0.0,6.0,0.3333333333333333,0.4000000000000001,0.006060606060606062,-0.05187969924812031,-0.009697138093914977,2,6,2,0,0.2,0.6,0.2,0.0,2,16,2,0,0.1,0.8,0.1,0.0,2,56,2,0,0.03333333333333333,0.9333333333333333,0.03333333333333333,0.0,0.0,46.666666666666664,93.33333333333333,0.0,36.904761904761905,73.80952380952381
2021-10-28,2021-10-27,0.05,0.05,0.0,1,False,False,False,2.0,4.0,0.5,0.0,6.0,0.3333333333333333,0.0,6.0,0.3333333333333333,0.0,6.0,0.3333333333333333,0.10000000000000002,0.09090909090909093,-0.04135338345864663,-0.009308141150319535,2,6,2,0,0.2,0.6,0.2,0.0,2,16,2,0,0.1,0.8,0.1,0.0,2,56,2,0,0.03333333333333333,0.9333333333333333,0.03333333333333333,0.0,0.0,46.666666666666664,93.33333333333333,0.0,37.1031746031746,74.2063492063492
2021-10-29,2021-10-28,0.05,0.05,0.0,1,True,False,False,0.0,2.0,0.5,0.0,6.0,0.3333333333333333,0.0,6.0,0.3333333333333333,0.0,6.0,0.3333333333333333,0.20000000000000004,0.17575757575757578,-0.03082706766917294,-0.008919144206724091,2,6,2,0,0.2,0.6,0.2,0.0,2,16,2,0,0.1,0.8,0.1,0.0,2,56,2,0,0.03333333333333333,0.9333333333333333,0.03333333333333333,0.0,0.0,46.666666666666664,93.33333333333333,0.0,37.301587301587304,74.60317460317461
2021-11-01,2021-10-29,0.05,0.05,0.0,3,False,False,False,1.0,1.0,1.0,0.0,6.0,0.3333333333333333,0.0,6.0,0.3333333333333333,0.0,6.0,0.3333333333333333,0.0,0.2606060606060607,-0.020300751879699253,-0.00853014726312865,2,6,2,0,0.2,0.6,0.2,0.0,2,16,2,0,0.1,0.8,0.1,0.0,2,56,2,0,0.03333333333333333,0.9333333333333333,0.03333333333333333,0.0,0.0,46.666666666666664,93.33333333333333,0.0,37.301587301587304,74.60317460317461
2021-11-02,2021-11-01,0.05,0.05,0.0,1,False,False,False,0.0,0.0,,2.0,4.0,0.5,0.0,6.0,0.3333333333333333,0.0,6.0,0.3333333333333333,0.0,0.21212121212121215,-0.009774436090225566,-0.008141150319533205,2,7,1,1,0.2,0.7,0.1,0.0,2,16,2,0,0.1,0.8,0.1,0.0,2,56,2,0,0.03333333333333333,0.9333333333333333,0.03333333333333333,0.0,0.0,46.666666666666664,93.33333333333333,0.0,37.5,75.0
2021-11-03,2021-11-02,0.05,0.05,0.0,1,False,False,False,0.0,0.0,,2.0,4.0,0.5,0.0,6.0,0.3333333333333333,0.0,6.0,0.3333333333333333,0.0,0.13939393939393943,0.0007518796992481205,-0.007752153375937762,2,7,1,1,0.2,0.7,0.1,0.0,2,16,2,0,0.1,0.8,0.1,0.0,2,56,2,0,0.03333333333333333,0.9333333333333333,0.03333333333333333,0.0,0.0,46.666666666666664,93.33333333333333,0.0,37.698412698412696,75.39682539682539
2021-11-04,2021-11-03,0.05,0.05,0.0,1,False,False,False,0.0,0.0,,2.0,4.0,0.5,0.0,6.0,0.3333333333333333,0.0,6.0,0.3333333333333333,0.0,0.04242424242424243,0.011278195488721806,-0.007363156432342319,2,7,1,1,0.2,0.7,0.1,0.0,2,16,2,0,0.1,0.8,0.1,0.0,2,56,2,0,0.03333333333333333,0.9333333333333333,0.03333333333333333,0.0,0.0,46.666666666666664,93.33333333333333,0.0,37.698412698412696,75.39682539682539
2021-11-05,2021-11-04,0.05,0.05,0.0,1,False,False,False,0.0,0.0,,0.0,2.0,0.5,0.0,6.0,0.3333333333333333,0.0,6.0,0.3333333333333333,0.0,0.05454545454545456,0.021804511278195493,-0.006974159488746876,1,8,1,0,0.1,0.8,0.1,0.0,2,16,2,0,0.1,0.8,0.1,0.0,2,56,2,0,0.03333333333333333,0.9333333333333333,0.03333333333333333,0.0,0.0,46.666666666666664,93.33333333333333,0.0,37.8968253968254,75.7936507936508
2021-11-08,2021-11-05,0.05,0.05,0.0,3,False,False,False,0.0,0.0,,1.0,1.0,1.0,0.0,6.0,0.3333333333333333,0.0,6.0,0.3333333333333333,0.0,0.0,0.032330827067669175,-0.006585162545151432,1,9,0,1,0.1,0.9,0.0,0.0,2,16,2,0,0.1,0.8,0.1,0.0,2,56,2,0,0.03333333333333333,0.9333333333333333,0.03333333333333333,0.0,0.0,46.666666666666664,93.33333333333333,0.0,38.095238095238095,76.19047619047619
2021-11-09,2021-11-08,0.05,0.05,0.0,1,False,False,False,0.0,0.0,,0.0,0.0,,0.0,6.0,0.3333333333333333,0.0,6.0,0.3333333333333333,0.0,0.0,0.042857142857142864,-0.006196165601555989,0,10,0,0,0.0,1.0,0.0,0.0,2,16,2,0,0.1,0.8,0.1,0.0,2,56,2,0,0.03333333333333333,0.9333333333333333,0.03333333333333333,0.0,0.0,46.666666666666664,93.33333333333333,0.0,38.095238095238095,76.19047619047619
2021-11-10,2021-11-09,0.05,0.05,0.0,1,False,False,False,0.0,0.0,,0.0,0.0,,0.0,6.0,0.3333333333333333,0.0,6.0,0.3333333333333333,0.0,0.0,0.053383458646616554,-0.005807168657960545,0,10,0,0,0.0,1.0,0.0,0.0,2,16,2,0,0.1,0.8,0.1,0.0,2,56,2,0,0.03333333333333333,0.9333333333333333,0.03333333333333333,0.0,0.0,46.666666666666664,93.33333333333333,0.0,38.29365079365079,76.58730158730158
2021-11-12,2021-11-10,0.05,0.05,0.0,2,False,False,False,0.0,0.0,,0.0,0.0,,0.0,6.0,0.3333333333333333,0.0,6.0,0.3333333333333333,0.0,0.0,0.06390977443609024,-0.005418171714365102,0,10,0,0,0.0,1.0,0.0,0.0,2,16,2,0,0.1,0.8,0.1,0.0,2,56,2,0,0.03333333333333333,0.9333333333333333,0.03333333333333333,0.0,0.0,46.666666666666664,93.33333333333333,0.0,38.492063492063494,76.98412698412699
2021-11-15,2021-11-12,0.05,0.05,0.0,3,False,False,False,0.0,0.0,,0.0,0.0,,0.0,6.0,0.3333333333333333,0.0,6.0,0.3333333333333333,0.0,0.0,0.07443609022556393,-0.005029174770769659,0,10,0,0,0.0,1.0,0.0,0.0,2,16,2,0,0.1,0.8,0.1,0.0,2,56,2,0,0.03333333333333333,0.9333333333333333,0.03333333333333333,0.0,0.0,46.666666666666664,93.33333333333333,0.0,38.492063492063494,76.98412698412699
2021-11-16,2021-11-15,0.05,0.05,0.0,1,False,False,False,0.0,0.0,,0.0,0.0,,0.0,6.0,0.3333333333333333,0.0,6.0,0.3333333333333333,0.0,0.0,0.0849624060150376,-0.004640177827174216,0,10,0,0,0.0,1.0,0.0,0.0,2,16,2,0,0.1,0.8,0.1,0.0,2,56,2,0,0.03333333333333333,0.9333333333333333,0.03333333333333333,0.0,0.0,46.666666666666664,93.33333333333333,0.0,38.492063492063494,76.98412698412699
2021-11-17,2021-11-16,0.05,0.05,0.0,1,False,False,False,0.0,0.0,,0.0,0.0,,2.0,4.0,0.5,0.0,6.0,0.3333333333333333,0.0,0.0,0.06390977443609024,-0.004251180883578773,0,10,0,0,0.0,1.0,0.0,0.0,2,17,1,1,0.1,0.85,0.05,0.0,2,56,2,0,0.03333333333333333,0.9333333333333333,0.03333333333333333,0.0,0.0,46.666666666666664,93.33333333333333,0.0,38.69047619047619,77.38095238095238
2021-11-18,2021-11-17,0.05,0.05,0.0,1,False,False,False,0.0,0.0,,0.0,0.0,,2.0,4.0,0.5,0.0,6.0,0.3333333333333333,0.0,0.0,0.03984962406015038,-0.0038621839399833294,0,10,0,0,0.0,1.0,0.0,0.0,2,17,1,1,0.1,0.85,0.05,0.0,2,56,2,0,0.03333333333333333,0.9333333333333333,0.03333333333333333,0.0,0.0,46.666666666666664,93.33333333333333,0.0,38.69047619047619,77.38095238095238
2021-11-19,2021-11-18,0.05,0.05,0.0,1,False,False,False,0.0,0.0,,0.0,0.0,,2.0,4.0,0.5,0.0,6.0,0.3333333333333333,0.0,0.0,0.012781954887218047,-0.0034731869963878863,0,10,0,0,0.0,1.0,0.0,0.0,2,17,1,1,0.1,0.85,0.05,0.0,2,56,2,0,0.03333333333333333,0.9333333333333333,0.03333333333333333,0.0,0.0,46.666666666666664,93.33333333333333,0.0,38.888888888888886,77.77777777777777
2021-11-22,2021-11-19,0.05,0.05,0.0,3,False,False,False,0.0,0.0,,0.0,0.0,,0.0,2.0,0.5,0.0,6.0,0.3333333333333333,0.0,0.0,0.014285714285714289,-0.0030841900527924433,0,10,0,0,0.0,1.0,0.0,0.0,1,18,1,0,0.05,0.9,0.05,0.0,2,56,2,0,0.03333333333333333,0.9333333333333333,0.03333333333333333,0.0,0.0,46.666666666666664,93.33333333333333,0.0,39.08730158730159,78.17460317460318
2021-11-23,2021-11-22,0.05,0.05,0.0,1,False,False,False,0.0,0.0,,0.0,0.0,,1.0,1.0,1.0,0.0,6.0,0.3333333333333333,0.0,0.0,0.0,-0.0026951931091969998,0,10,0,0,0.0,1.0,0.0,0.0,1,19,0,1,0.05,0.95,0.0,0.0,2,56,2,0,0.03333333333333333,0.9333333333333333,0.03333333333333333,0.0,0.0,46.666666666666664,93.33333333333333,0.0,39.285714285714285,78.57142857142857
2021-11-24,2021-11-23,0.05,0.05,0.0,1,False,False,False,0.0,0.0,,0.0,0.0,,0.0,0.0,,0.0,6.0,0.3333333333333333,0.0,0.0,0.0,-0.0023061961656015563,0,10,0,0,0.0,1.0,0.0,0.0,0,20,0,0,0.0,1.0,0.0,0.0,2,56,2,0,0.03333333333333333,0.9333333333333333,0.03333333333333333,0.0,0.0,46.666666666666664,93.33333333333333,0.0,39.48412698412698,78.96825396825396
2021-11-26,2021-11-24,0.05,0.05,0.0,2,False,False,False,0.0,0.0,,0.0,0.0,,0.0,0.0,,0.0,6.0,0.3333333333333333,0.0,0.0,0.0,-0.0019171992220061132,0,10,0,0,0.0,1.0,0.0,0.0,0,20,0,0,0.0,1.0,0.0,0.0,2,56,2,0,0.03333333333333333,0.9333333333333333,0.03333333333333333,0.0,0.0,46.666666666666664,93.33333333333333,0.0,39.682539682539684,79.36507936507937
2021-11-29,2021-11-26,0.05,0.05,0.0,3,False,False,False,0.0,0.0,,0.0,0.0,,0.0,0.0,,0.0,6.0,0.3333333333333333,0.0,0.0,0.0,-0.00152820227841067,0,10,0,0,0.0,1.0,0.0,0.0,0,20,0,0,0.0,1.0,0.0,0.0,2,56,2,0,0.03333333333333333,0.9333333333333333,0.03333333333333333,0.0,0.0,46.666666666666664,93.33333333333333,0.0,39.682539682539684,79.36507936507937
2021-11-30,2021-11-29,0.05,0.05,0.0,1,True,False,False,0.0,0.0,,0.0,0.0,,0.0,0.0,,0.0,6.0,0.3333333333333333,0.0,0.0,0.0,-0.0011392053348152267,0,10,0,0,0.0,1.0,0.0,0.0,0,20,0,0,0.0,1.0,0.0,0.0,2,56,2,0,0.03333333333333333,0.9333333333333333,0.03333333333333333,0.0,0.0,46.666666666666664,93.33333333333333,0.0,39.88095238095238,79.76190476190476
2021-12-01,2021-11-30,0.05,0.05,0.0,1,False,False,False,0.0,0.0,,0.0,0.0,,0.0,0.0,,0.0,6.0,0.3333333333333333,0.0,0.0,0.0,-0.0007502083912197835,0,10,0,0,0.0,1.0,0.0,0.0,0,20,0,0,0.0,1.0,0.0,0.0,2,56,2,0,0.03333333333333333,0.9333333333333333,0.03333333333333333,0.0,0.0,46.666666666666664,93.33333333333333,0.0,40.07936507936508,80.15873015873017
2021-12-02,2021-12-01,0.05,0.05,0.0,1,False,False,False,0.0,0.0,,0.0,0.0,,0.0,0.0,,0.0,6.0,0.3333333333333333,0.0,0.0,0.0,-0.0003612114476243402,0,10,0,0,0.0,1.0,0.0,0.0,0,20,0,0,0.0,1.0,0.0,0.0,2,56,2,0,0.03333333333333333,0.9333333333333333,0.03333333333333333,0.0,0.0,46.666666666666664,93.33333333333333,0.0,40.07936507936508,80.15873015873017
2021-12-03,2021-12-02,0.05,0.05,0.0,1,False,False,False,0.0,0.0,,0.0,0.0,,0.0,0.0,,0.0,6.0,0.3333333333333333,0.0,0.0,0.0,2.778549597110309e-05,0,10,0,0,0.0,1.0,0.0,0.0,0,20,0,0,0.0,1.0,0.0,0.0,2,56,2,0,0.03333333333333333,0.9333333333333333,0.03333333333333333,0.0,0.0,46.666666666666664,93.33333333333333,0.0,40.27777777777778,80.55555555555556
2021-12-06,2021-12-03,0.05,0.05,0.0,3,False,False,False,0.0,0.0,,0.0,0.0,,0.0,0.0,,0.0,6.0,0.3333333333333333,0.0,0.0,0.0,0.00041678243956654634,0,10,0,0,0.0,1.0,0.0,0.0,0,20,0,0,0.0,1.0,0.0,0.0,2,56,2,0,0.03333333333333333,0.9333333333333333,0.03333333333333333,0.0,0.0,46.666666666666664,93.33333333333333,0.0,40.476190476190474,80.95238095238095
2021-12-07,2021-12-06,0.05,0.05,0.0,1,False,False,False,0.0,0.0,,0.0,0.0,,0.0,0.0,,0.0,6.0,0.3333333333333333,0.0,0.0,0.0,0.0008057793831619895,0,10,0,0,0.0,1.0,0.0,0.0,0,20,0,0,0.0,1.0,0.0,0.0,2,56,2,0,0.03333333333333333,0.9333333333333333,0.03333333333333333,0.0,0.0,46.666666666666664,93.33333333333333,0.0,40.476190476190474,80.95238095238095
2021-12-08,2021-12-07,0.05,0.05,0.0,1,False,False,False,0.0,0.0,,0.0,0.0,,0.0,0.0,,0.0,6.0,0.3333333333333333,0.0,0.0,0.0,0.0011947763267574328,0,10,0,0,0.0,1.0,0.0,0.0,0,20,0,0,0.0,1.0,0.0,0.0,2,56,2,0,0.03333333333333333,0.9333333333333333,0.03333333333333333,0.0,0.0,46.666666666666664,93.33333333333333,0.0,40.476190476190474,80.95238095238095
2021-12-09,2021-12-08,0.05,0.05,0.0,1,False,False,False,0.0,0.0,,0.0,0.0,,0.0,0.0,,0.0,6.0,0.3333333333333333,0.0,0.0,0.0,0.001583773270352876,0,10,0,0,0.0,1.0,0.0,0.0,0,20,0,0,0.0,1.0,0.0,0.0,2,56,2,0,0.03333333333333333,0.9333333333333333,0.03333333333333333,0.0,0.0,46.666666666666664,93.33333333333333,0.0,40.67460317460318,81.34920634920636
2021-12-10,2021-12-09,0.05,0.05,0.0,1,False,False,False,0.0,0.0,,0.0,0.0,,0.0,0.0,,0.0,6.0,0.3333333333333333,0.0,0.0,0.0,0.0019727702139483196,0,10,0,0,0.0,1.0,0.0,0.0,0,20,0,0,0.0,1.0,0.0,0.0,2,56,2,0,0.03333333333333333,0.9333333333333333,0.03333333333333333,0.0,0.0,46.666666666666664,93.33333333333333,0.0,40.87301587301587,81.74603174603175
2021-12-13,2021-12-10,0.05,0.05,0.0,3,False,False,False,0.0,0.0,,0.0,0.0,,0.0,0.0,,0.0,6.0,0.3333333333333333,0.0,0.0,0.0,0.0023617671575437626,0,10,0,0,0.0,1.0,0.0,0.0,0,20,0,0,0.0,1.0,0.0,0.0,2,56,2,0,0.03333333333333333,0.9333333333333333,0.03333333333333333,0.0,0.0,46.666666666666664,93.33333333333333,0.0,41.07142857142857,82.14285714285714
2021-12-14,2021-12-13,0.05,0.05,0.0,1,False,False,False,0.0,0.0,,0.0,0.0,,0.0,0.0,,0.0,6.0,0.3333333333333333,0.0,0.0,0.0,0.002750764101139206,0,10,0,0,0.0,1.0,0.0,0.0,0,20,0,0,0.0,1.0,0.0,0.0,2,56,2,0,0.03333333333333333,0.9333333333333333,0.03333333333333333,0.0,0.0,46.666666666666664,93.33333333333333,0.0,41.26984126984127,82.53968253968254
2021-12-15,2021-12-14,0.05,0.05,0.0,1,False,False,False,0.0,0.0,,0.0,0.0,,0.0,0.0,,0.0,6.0,0.3333333333333333,0.0,0.0,0.0,0.0031397610447346487,0,10,0,0,0.0,1.0,0.0,0.0,0,20,0,0,0.0,1.0,0.0,0.0,2,56,2,0,0.03333333333333333,0.9333333333333333,0.03333333333333333,0.0,0.0,46.666666666666664,93.33333333333333,0.0,41.26984126984127,82.53968253968254
2021-12-16,2021-12-15,0.05,0.05,0.0,1,False,False,False,0.0,0.0,,0.0,0.0,,0.0,0.0,,0.0,6.0,0.3333333333333333,0.0,0.0,0.0,0.0035287579883300927,0,10,0,0,0.0,1.0,0.0,0.0,0,20,0,0,0.0,1.0,0.0,0.0,2,56,2,0,0.03333333333333333,0.9333333333333333,0.03333333333333333,0.0,0.0,46.666666666666664,93.33333333333333,0.0,41.26984126984127,82.53968253968254
2021-12-17,2021-12-16,0.05,0.05,0.0,1,False,False,False,0.0,0.0,,0.0,0.0,,0.0,0.0,,0.0,6.0,0.3333333333333333,0.0,0.0,0.0,0.003917754931925536,0,10,0,0,0.0,1.0,0.0,0.0,0,20,0,0,0.0,1.0,0.0,0.0,2,56,2,0,0.03333333333333333,0.9333333333333333,0.03333333333333333,0.0,0.0,46.666666666666664,93.33333333333333,0.0,41.26984126984127,82.53968253968254
2021-12-20,2021-12-17,0.04,0.05,-1.0,3,False,False,False,-1.0,1.0,1.0,-1.0,1.0,1.0,-1.0,1.0,1.0,-1.0,7.0,0.2857142857142857,-0.20000000000000004,-0.05454545454545456,-0.014285714285714289,0.0026674076132258964,0,9,1,-1,0.0,0.9,0.1,0.0,0,19,1,-1,0.0,0.95,0.05,0.0,2,55,3,-1,0.03333333333333333,0.9166666666666666,0.05,0.0,93.33333333333333,95.0,96.66666666666667,82.93650793650794,87.89682539682539,92.85714285714286
2021-12-21,2021-12-20,0.05,0.04,1.0,1,False,False,False,0.0,2.0,0.5,0.0,2.0,0.5,0.0,2.0,0.5,0.0,8.0,0.25,-0.10000000000000002,-0.04242424242424243,-0.012781954887218047,0.0031119755487635462,1,8,1,0,0.1,0.8,0.1,0.0,1,18,1,0,0.05,0.9,0.05,0.0,3,54,3,0,0.05,0.9,0.05,0.0,91.66666666666667,94.16666666666667,96.66666666666667,82.53968253968254,87.6984126984127,92.85714285714286
2021-12-22,2021-12-21,0.05,0.05,0.0,1,False,False,False,0.0,2.0,0.5,0.0,2.0,0.5,0.0,2.0,0.5,0.0,8.0,0.25,0.0,-0.030303030303030307,-0.011278195488721806,0.0035565434843011956,1,8,1,0,0.1,0.8,0.1,0.0,1,18,1,0,0.05,0.9,0.05,0.0,3,54,3,0,0.05,0.9,0.05,0.0,0.0,45.0,90.0,0.0,41.07142857142857,82.14285714285714
2021-12-23,2021-12-22,0.05,0.05,0.0,1,False,False,False,0.0,2.0,0.5,0.0,2.0,0.5,0.0,2.0,0.5,0.0,8.0,0.25,0.10000000000000002,-0.018181818181818184,-0.009774436090225566,0.004001111419838845,1,8,1,0,0.1,0.8,0.1,0.0,1,18,1,0,0.05,0.9,0.05,0.0,3,54,3,0,0.05,0.9,0.05,0.0,0.0,45.0,90.0,0.0,41.07142857142857,82.14285714285714
2021-12-27,2021-12-23,0.05,0.05,0.0,4,False,False,False,0.0,2.0,0.5,0.0,2.0,0.5,0.0,2.0,0.5,0.0,8.0,0.25,0.20000000000000004,-0.006060606060606062,-0.008270676691729324,0.004445679355376494,1,8,1,0,0.1,0.8,0.1,0.0,1,18,1,0,0.05,0.9,0.05,0.0,3,54,3,0,0.05,0.9,0.05,0.0,0.0,45.0,90.0,0.0,41.07142857142857,82.14285714285714
2021-12-28,2021-12-27,0.05,0.05,0.0,1,False,False,False,1.0,1.0,1.0,0.0,2.0,0.5,0.0,2.0,0.5,0.0,8.0,0.25,0.0,0.006060606060606062,-0.006766917293233084,0.004890247290914145,1,8,1,0,0.1,0.8,0.1,0.0,1,18,1,0,0.05,0.9,0.05,0.0,3,54,3,0,0.05,0.9,0.05,0.0,0.0,45.0,90.0,0.0,41.26984126984127,82.53968253968254
2021-12-29,2021-12-28,0.05,0.05,0.0,1,False,False,False,0.0,0.0,,0.0,2.0,0.5,0.0,2.0,0.5,0.0,8.0,0.25,0.0,0.018181818181818184,-0.005263157894736843,0.005334815226451793,1,8,1,0,0.1,0.8,0.1,0.0,1,18,1,0,0.05,0.9,0.05,0.0,3,54,3,0,0.05,0.9,0.05,0.0,0.0,45.0,90.0,0.0,41.46825396825397,82.93650793650794
2021-12-30,2021-12-29,0.05,0.05,0.0,1,False,False,False,0.0,0.0,,0.0,2.0,0.5,0.0,2.0,0.5,0.0,8.0,0.25,0.0,0.030303030303030307,-0.003759398496240602,0.0057793831619894435,1,8,1,0,0.1,0.8,0.1,0.0,1,18,1,0,0.05,0.9,0.05,0.0,3,54,3,0,0.05,0.9,0.05,0.0,0.0,45.0,90.0,0.0,41.666666666666664,83.33333333333333
2021-12-31,2021-12-30,0.05,0.05,0.0,1,True,True,True,0.0,0.0,,0.0,2.0,0.5,0.0,2.0,0.5,0.0,8.0,0.25,0.0,0.04242424242424243,-0.002255639097744361,0.006223951097527092,1,8,1,0,0.1,0.8,0.1,0.0,1,18,1,0,0.05,0.9,0.05,0.0,3,54,3,0,0.05,0.9,0.05,0.0,0.0,45.0,90.0,0.0,41.86507936507937,83.73015873015873
2022-01-03,2021-12-31,0.05,0.05,0.0,3,False,False,False,0.0,0.0,,0.0,2.0,0.5,0.0,2.0,0.5,0.0,8.0,0.25,0.0,0.05454545454545456,-0.0007518796992481205,0.006668519033064741,1,8,1,0,0.1,0.8,0.1,0.0,1,18,1,0,0.05,0.9,0.05,0.0,3,54,3,0,0.05,0.9,0.05,0.0,0.0,45.0,90.0,0.0,42.06349206349206,84.12698412698413
2022-01-04,2022-01-03,0.05,0.05,0.0,1,False,False,False,0.0,0.0,,1.0,1.0,1.0,0.0,2.0,0.5,0.0,8.0,0.25,0.0,0.0,0.0007518796992481205,0.007113086968602391,1,9,0,1,0.1,0.9,0.0,0.0,1,18,1,0,0.05,0.9,0.05,0.0,3,54,3,0,0.05,0.9,0.05,0.0,0.0,45.0,90.0,0.0,42.26190476190476,84.52380952380952
2022-01-05,2022-01-04,0.05,0.05,0.0,1,False,False,False,0.0,0.0,,0.0,0.0,,0.0,2.0,0.5,0.0,8.0,0.25,0.0,0.0,0.002255639097744361,0.00755765490414004,0,10,0,0,0.0,1.0,0.0,0.0,1,18,1,0,0.05,0.9,0.05,0.0,3,54,3,0,0.05,0.9,0.05,0.0,0.0,45.0,90.0,0.0,42.46031746031746,84.92063492063492
2022-01-06,2022-01-05,0.05,0.05,0.0,1,False,False,False,0.0,0.0,,0.0,0.0,,0.0,2.0,0.5,0.0,8.0,0.25,0.0,0.0,0.003759398496240602,0.00800222283967769,0,10,0,0,0.0,1.0,0.0,0.0,1,18,1,0,0.05,0.9,0.05,0.0,3,54,3,0,0.05,0.9,0.05,0.0,0.0,45.0,90.0,0.0,42.65873015873016,85.31746031746032
2022-01-07,2022-01-06,0.05,0.05,0.0,1,False,False,False,0.0,0.0,,0.0,0.0,,0.0,2.0,0.5,0.0,8.0,0.25,0.0,0.0,0.005263157894736843,0.008446790775215339,0,10,0,0,0.0,1.0,0.0,0.0,1,18,1,0,0.05,0.9,0.05,0.0,3,54,3,0,0.05,0.9,0.05,0.0,0.0,45.0,90.0,0.0,42.857142857142854,85.71428571428571
2022-01-10,2022-01-07,0.05,0.05,0.0,3,False,False,False,0.0,0.0,,0.0,0.0,,0.0,2.0,0.5,0.0,8.0,0.25,0.0,0.0,0.006766917293233084,0.008891358710752988,0,10,0,0,0.0,1.0,0.0,0.0,1,18,1,0,0.05,0.9,0.05,0.0,3,54,3,0,0.05,0.9,0.05,0.0,0.0,45.0,90.0,0.0,43.05555555555556,86.11111111111111
2022-01-11,2022-01-10,0.05,0.05,0.0,1,False,False,False,0.0,0.0,,0.0,0.0,,0.0,2.0,0.5,0.0,8.0,0.25,0.0,0.0,0.008270676691729324,0.009335926646290639,0,10,0,0,0.0,1.0,0.0,0.0,1,18,1,0,0.05,0.9,0.05,0.0,3,54,3,0,0.05,0.9,0.05,0.0,0.0,45.0,90.0,0.0,43.05555555555556,86.11111111111111
2022-01-12,2022-01-11,0.05,0.05,0.0,1,False,False,False,0.0,0.0,,0.0,0.0,,0.0,2.0,0.5,0.0,8.0,0.25,0.0,0.0,0.009774436090225566,0.009780494581828288,0,10,0,0,0.0,1.0,0.0,0.0,1,18,1,0,0.05,0.9,0.05,0.0,3,54,3,0,0.05,0.9,0.05,0.0,0.0,45.0,90.0,0.0,43.25396825396825,86.5079365079365
2022-01-13,2022-01-12,0.05,0.05,0.0,1,False,False,False,0.0,0.0,,0.0,0.0,,0.0,2.0,0.5,0.0,8.0,0.25,0.0,0.0,0.011278195488721806,0.010225062517365937,0,10,0,0,0.0,1.0,0.0,0.0,1,18,1,0,0.05,0.9,0.05,0.0,3,54,3,0,0.05,0.9,0.05,0.0,0.0,45.0,90.0,0.0,43.25396825396825,86.5079365079365
2022-01-14,2022-01-13,0.05,0.05,0.0,1,False,False,False,0.0,0.0,,0.0,0.0,,0.0,2.0,0.5,2.0,6.0,0.3333333333333333,0.0,0.0,0.012781954887218047,0.00727979994442901,0,10,0,0,0.0,1.0,0.0,0.0,1,18,1,0,0.05,0.9,0.05,0.0,3,55,2,1,0.05,0.9166666666666666,0.03333333333333333,0.0,0.0,45.0,90.0,0.0,43.45238095238095,86.9047619047619
2022-01-18,2022-01-14,0.05,0.05,0.0,4,False,False,False,0.0,0.0,,0.0,0.0,,0.0,2.0,0.5,2.0,6.0,0.3333333333333333,0.0,0.0,0.014285714285714289,0.0042233953876076695,0,10,0,0,0.0,1.0,0.0,0.0,1,18,1,0,0.05,0.9,0.05,0.0,3,55,2,1,0.05,0.9166666666666666,0.03333333333333333,0.0,0.0,45.833333333333336,91.66666666666667,0.0,43.45238095238095,86.9047619047619
2022-01-19,2022-01-18,0.05,0.05,0.0,1,False,False,False,0.0,0.0,,0.0,0.0,,1.0,1.0,1.0,2.0,6.0,0.3333333333333333,0.0,0.0,0.0,0.0010558488469019176,0,10,0,0,0.0,1.0,0.0,0.0,1,19,0,1,0.05,0.95,0.0,0.0,3,55,2,1,0.05,0.9166666666666666,0.03333333333333333,0.0,0.0,45.833333333333336,91.66666666666667,0.0,43.45238095238095,86.9047619047619
2022-01-20,2022-01-19,0.04,0.05,-1.0,1,False,False,False,-1.0,1.0,1.0,-1.0,1.0,1.0,-1.0,1.0,1.0,-1.0,5.0,0.2,-0.20000000000000004,-0.05454545454545456,-0.014285714285714289,-0.0004723534315087525,0,9,1,-1,0.0,0.9,0.1,0.0,0,19,1,-1,0.0,0.95,0.05,0.0,2,55,3,-1,0.03333333333333333,0.9166666666666666,0.05,0.0,91.66666666666667,95.0,98.33333333333333,86.9047619047619,90.67460317460318,94.44444444444444
2022-01-21,2022-01-20,0.05,0.04,1.0,1,False,False,False,0.0,2.0,0.5,0.0,2.0,0.5,0.0,2.0,0.5,1.0,5.0,0.2,-0.10000000000000002,-0.04242424242424243,-0.012781954887218047,-0.0020005557099194225,1,8,1,0,0.1,0.8,0.1,0.0,1,18,1,0,0.05,0.9,0.05,0.0,3,55,2,1,0.05,0.9166666666666666,0.03333333333333333,0.0,91.66666666666667,95.83333333333333,100.0,86.9047619047619,90.67460317460318,94.44444444444444
2022-01-24,2022-01-21,0.04,0.05,-1.0,3,False,False,False,-1.0,3.0,0.3333333333333333,-1.0,3.0,0.3333333333333333,-1.0,3.0,0.3333333333333333,-1.0,5.0,0.2,-0.20000000000000004,-0.08484848484848487,-0.025563909774436094,-0.0035287579883300927,1,7,2,-1,0.1,0.7,0.2,0.0,1,17,2,-1,0.05,0.85,0.1,0.0,2,55,3,-1,0.03333333333333333,0.9166666666666666,0.05,0.0,91.66666666666667,95.83333333333333,100.0,86.9047619047619,90.67460317460318,94.44444444444444
2022-01-25,2022-01-24,0.05,0.04,1.0,1,False,False,False,0.0,4.0,0.25,0.0,4.0,0.25,0.0,4.0,0.25,0.0,6.0,0.16666666666666666,0.0,-0.060606060606060615,-0.02255639097744361,-0.0033620450125034737,2,6,2,0,0.2,0.6,0.2,0.0,2,16,2,0,0.1,0.8,0.1,0.0,3,54,3,0,0.05,0.9,0.05,0.0,91.66666666666667,95.83333333333333,100.0,86.9047619047619,90.87301587301587,94.84126984126983
2022-01-26,2022-01-25,0.04,0.05,-1.0,1,False,False,False,-1.0,5.0,0.2,-1.0,5.0,0.2,-1.0,5.0,0.2,-1.0,7.0,0.14285714285714285,0.0,-0.09090909090909093,-0.03383458646616542,-0.004834676298971938,2,5,3,-1,0.2,0.5,0.3,0.0,2,15,3,-1,0.1,0.75,0.15,0.0,3,53,4,-1,0.05,0.8833333333333333,0.06666666666666667,0.0,90.0,95.0,100.0,86.9047619047619,90.87301587301587,94.84126984126983
2022-01-27,2022-01-26,0.04,0.04,0.0,1,False,False,False,0.0,4.0,0.25,-1.0,5.0,0.2,-1.0,5.0,0.2,-1.0,7.0,0.14285714285714285,-0.20000000000000004,-0.10909090909090911,-0.043609022556390986,-0.006251736593498196,2,5,3,-1,0.2,0.5,0.3,0.0,2,15,3,-1,0.1,0.75,0.15,0.0,3,53,4,-1,0.05,0.8833333333333333,0.06666666666666667,0.0,0.0,44.166666666666664,88.33333333333333,0.0,43.45238095238095,86.9047619047619
2022-01-28,2022-01-27,0.05,0.04,1.0,1,False,False,False,0.0,4.0,0.25,0.0,6.0,0.16666666666666666,0.0,6.0,0.16666666666666666,0.0,8.0,0.125,0.10000000000000002,-0.060606060606060615,-0.03759398496240603,-0.005973881633787164,3,4,3,0,0.3,0.4,0.3,0.0,3,14,3,0,0.15,0.7,0.15,0.0,4,52,4,0,0.06666666666666667,0.8666666666666667,0.06666666666666667,0.0,88.33333333333333,94.16666666666667,100.0,87.3015873015873,91.26984126984127,95.23809523809524
2022-01-31,2022-01-28,0.05,0.05,0.0,3,True,False,False,1.0,3.0,0.3333333333333333,0.0,6.0,0.16666666666666666,0.0,6.0,0.16666666666666666,0.0,8.0,0.125,0.10000000000000002,-0.012121212121212125,-0.03157894736842106,-0.005696026674076133,3,4,3,0,0.3,0.4,0.3,0.0,3,14,3,0,0.15,0.7,0.15,0.0,4,52,4,0,0.06666666666666667,0.8666666666666667,0.06666666666666667,0.0,0.0,43.333333333333336,86.66666666666667,0.0,43.45238095238095,86.9047619047619
2022-02-01,2022-01-31,0.05,0.05,0.0,1,False,False,False,0.0,2.0,0.5,0.0,6.0,0.16666666666666666,0.0,6.0,0.16666666666666666,0.0,8.0,0.125,0.30000000000000004,0.03636363636363637,-0.025563909774436094,-0.005418171714365102,3,4,3,0,0.3,0.4,0.3,0.0,3,14,3,0,0.15,0.7,0.15,0.0,4,52,4,0,0.06666666666666667,0.8666666666666667,0.06666666666666667,0.0,0.0,43.333333333333336,86.66666666666667,0.0,43.65079365079365,87.3015873015873
2022-02-02,2022-02-01,0.05,0.05,0.0,1,False,False,False,1.0,1.0,1.0,0.0,6.0,0.16666666666666666,0.0,6.0,0.16666666666666666,0.0,8.0,0.125,0.20000000000000004,0.08484848484848485,-0.01954887218045113,-0.005140316754654072,3,4,3,0,0.3,0.4,0.3,0.0,3,14,3,0,0.15,0.7,0.15,0.0,4,52,4,0,0.06666666666666667,0.8666666666666667,0.06666666666666667,0.0,0.0,43.333333333333336,86.66666666666667,0.0,43.84920634920635,87.6984126984127
2022-02-03,2022-02-02,0.05,0.05,0.0,1,False,False,False,1.0,1.0,1.0,1.0,5.0,0.2,0.0,6.0,0.16666666666666666,0.0,8.0,0.125,0.0,0.06666666666666668,-0.013533834586466169,-0.004862461794943041,3,5,2,1,0.3,0.5,0.2,0.0,3,14,3,0,0.15,0.7,0.15,0.0,4,52,4,0,0.06666666666666667,0.8666666666666667,0.06666666666666667,0.0,0.0,43.333333333333336,86.66666666666667,0.0,44.04761904761905,88.0952380952381
2022-02-04,2022-02-03,0.05,0.05,0.0,1,False,False,False,0.0,0.0,,0.0,4.0,0.25,0.0,6.0,0.16666666666666666,0.0,8.0,0.125,0.0,0.10303030303030306,-0.007518796992481204,-0.00458460683523201,2,6,2,0,0.2,0.6,0.2,0.0,3,14,3,0,0.15,0.7,0.15,0.0,4,52,4,0,0.06666666666666667,0.8666666666666667,0.06666666666666667,0.0,0.0,43.333333333333336,86.66666666666667,0.0,44.04761904761905,88.0952380952381
2022-02-07,2022-02-04,0.05,0.05,0.0,3,False,False,False,0.0,0.0,,1.0,3.0,0.3333333333333333,0.0,6.0,0.16666666666666666,0.0,8.0,0.125,0.0,0.07272727272727274,-0.001503759398496241,-0.004306751875520979,2,7,1,1,0.2,0.7,0.1,0.0,3,14,3,0,0.15,0.7,0.15,0.0,4,52,4,0,0.06666666666666667,0.8666666666666667,0.06666666666666667,0.0,0.0,43.333333333333336,86.66666666666667,0.0,44.04761904761905,88.0952380952381
2022-02-08,2022-02-07,0.05,0.05,0.0,1,False,False,False,0.0,0.0,,0.0,2.0,0.5,0.0,6.0,0.16666666666666666,0.0,8.0,0.125,0.0,0.096969696969697,0.004511278195488722,-0.004028896915809948,1,8,1,0,0.1,0.8,0.1,0.0,3,14,3,0,0.15,0.7,0.15,0.0,4,52,4,0,0.06666666666666667,0.8666666666666667,0.06666666666666667,0.0,0.0,43.333333333333336,86.66666666666667,0.0,44.24603174603175,88.4920634920635
2022-02-09,2022-02-08,0.04,0.05,-1.0,1,False,False,False,-1.0,1.0,1.0,0.0,2.0,0.5,-1.0,7.0,0.14285714285714285,-1.0,9.0,0.1111111111111111,-0.20000000000000004,0.0,-0.0037593984962406013,-0.0053903862183939995,1,8,1,0,0.1,0.8,0.1,0.0,3,13,4,-1,0.15,0.65,0.2,0.0,4,51,5,-1,0.06666666666666667,0.85,0.08333333333333333,0.0,86.66666666666667,93.33333333333333,100.0,88.88888888888889,92.65873015873017,96.42857142857143
2022-02-10,2022-02-09,0.05,0.04,1.0,1,False,False,False,0.0,2.0,0.5,1.0,3.0,0.3333333333333333,0.0,8.0,0.125,0.0,10.0,0.1,-0.10000000000000002,-0.04242424242424243,0.0037593984962406013,-0.005056960266740762,2,7,1,1,0.2,0.7,0.1,0.0,4,12,4,0,0.2,0.6,0.2,0.0,5,50,5,0,0.08333333333333333,0.8333333333333334,0.08333333333333333,0.0,85.0,92.5,100.0,88.4920634920635,92.46031746031746,96.42857142857143
2022-02-11,2022-02-10,0.05,0.05,0.0,1,False,False,False,0.0,2.0,0.5,0.0,2.0,0.5,0.0,8.0,0.125,0.0,10.0,0.1,0.0,-0.030303030303030307,0.011278195488721809,-0.004723534315087525,1,8,1,0,0.1,0.8,0.1,0.0,4,12,4,0,0.2,0.6,0.2,0.0,5,50,5,0,0.08333333333333333,0.8333333333333334,0.08333333333333333,0.0,0.0,41.666666666666664,83.33333333333333,0.0,44.24603174603175,88.4920634920635
2022-02-14,2022-02-11,0.05,0.05,0.0,3,False,False,False,0.0,2.0,0.5,0.0,2.0,0.5,0.0,8.0,0.125,0.0,10.0,0.1,0.10000000000000002,-0.018181818181818184,0.018796992481203006,-0.004390108363434288,1,8,1,0,0.1,0.8,0.1,0.0,4,12,4,0,0.2,0.6,0.2,0.0,5,50,5,0,0.08333333333333333,0.8333333333333334,0.08333333333333333,0.0,0.0,41.666666666666664,83.33333333333333,0.0,44.44444444444444,88.88888888888889
2022-02-15,2022-02-14,0.05,0.05,0.0,1,False,False,False,0.0,2.0,0.5,0.0,2.0,0.5,0.0,8.0,0.125,0.0,10.0,0.1,0.20000000000000004,-0.006060606060606062,0.026315789473684216,-0.004056682411781051,1,8,1,0,0.1,0.8,0.1,0.0,4,12,4,0,0.2,0.6,0.2,0.0,5,50,5,0,0.08333333333333333,0.8333333333333334,0.08333333333333333,0.0,0.0,41.666666666666664,83.33333333333333,0.0,44.44444444444444,88.88888888888889
2022-02-16,2022-02-15,0.05,0.05,0.0,1,False,False,False,1.0,1.0,1.0,0.0,2.0,0.5,0.0,8.0,0.125,0.0,10.0,0.1,0.0,0.006060606060606062,0.03383458646616542,-0.003723256460127814,1,8,1,0,0.1,0.8,0.1,0.0,4,12,4,0,0.2,0.6,0.2,0.0,5,50,5,0,0.08333333333333333,0.8333333333333334,0.08333333333333333,0.0,0.0,41.666666666666664,83.33333333333333,0.0,44.642857142857146,89.28571428571429
2022-02-17,2022-02-16,0.05,0.05,0.0,1,False,False,False,0.0,0.0,,0.0,2.0,0.5,1.0,7.0,0.14285714285714285,0.0,10.0,0.1,0.0,0.018181818181818184,0.025563909774436094,-0.0033898305084745766,1,8,1,0,0.1,0.8,0.1,0.0,4,13,3,1,0.2,0.65,0.15,0.0,5,50,5,0,0.08333333333333333,0.8333333333333334,0.08333333333333333,0.0,0.0,41.666666666666664,83.33333333333333,0.0,44.84126984126984,89.68253968253968
2022-02-18,2022-02-17,0.05,0.05,0.0,1,False,False,False,0.0,0.0,,0.0,2.0,0.5,0.0,6.0,0.16666666666666666,0.0,10.0,0.1,0.0,0.030303030303030307,0.03157894736842106,-0.0030564045568213394,1,8,1,0,0.1,0.8,0.1,0.0,3,14,3,0,0.15,0.7,0.15,0.0,5,50,5,0,0.08333333333333333,0.8333333333333334,0.08333333333333333,0.0,0.0,41.666666666666664,83.33333333333333,0.0,44.84126984126984,89.68253968253968
2022-02-22,2022-02-18,0.05,0.05,0.0,4,False,False,False,0.0,0.0,,0.0,2.0,0.5,1.0,5.0,0.2,0.0,10.0,0.1,0.0,0.04242424242424243,0.021804511278195493,-0.0027229786051681027,1,8,1,0,0.1,0.8,0.1,0.0,3,15,2,1,0.15,0.75,0.1,0.0,5,50,5,0,0.08333333333333333,0.8333333333333334,0.08333333333333333,0.0,0.0,41.666666666666664,83.33333333333333,0.0,45.03968253968254,90.07936507936508
2022-02-23,2022-02-22,0.05,0.05,0.0,1,False,False,False,0.0,0.0,,0.0,2.0,0.5,0.0,4.0,0.25,0.0,10.0,0.1,0.0,0.05454545454545456,0.026315789473684216,-0.0023895526535148656,1,8,1,0,0.1,0.8,0.1,0.0,2,16,2,0,0.1,0.8,0.1,0.0,5,50,5,0,0.08333333333333333,0.8333333333333334,0.08333333333333333,0.0,0.0,41.666666666666664,83.33333333333333,0.0,45.23809523809524,90.47619047619048
2022-02-24,2022-02-23,0.05,0.05,0.0,1,False,False,False,0.0,0.0,,1.0,1.0,1.0,1.0,3.0,0.3333333333333333,0.0,10.0,0.1,0.0,0.0,0.015037593984962409,-0.0020561267018616284,1,9,0,1,0.1,0.9,0.0,0.0,2,17,1,1,0.1,0.85,0.05,0.0,5,50,5,0,0.08333333333333333,0.8333333333333334,0.08333333333333333,0.0,0.0,41.666666666666664,83.33333333333333,0.0,45.43650793650794,90.87301587301587
2022-02-25,2022-02-24,0.05,0.05,0.0,1,False,False,False,0.0,0.0,,0.0,0.0,,1.0,3.0,0.3333333333333333,0.0,10.0,0.1,0.0,0.0,0.002255639097744361,-0.0017227007502083917,0,10,0,0,0.0,1.0,0.0,0.0,2,17,1,1,0.1,0.85,0.05,0.0,5,50,5,0,0.08333333333333333,0.8333333333333334,0.08333333333333333,0.0,0.0,41.666666666666664,83.33333333333333,0.0,45.63492063492063,91.26984126984127
2022-02-28,2022-02-25,0.05,0.05,0.0,3,True,False,False,0.0,0.0,,0.0,0.0,,0.0,2.0,0.5,0.0,10.0,0.1,0.0,0.0,0.003759398496240602,-0.0013892747985551545,0,10,0,0,0.0,1.0,0.0,0.0,1,18,1,0,0.05,0.9,0.05,0.0,5,50,5,0,0.08333333333333333,0.8333333333333334,0.08333333333333333,0.0,0.0,41.666666666666664,83.33333333333333,0.0,45.833333333333336,91.66666666666667
2022-03-01,2022-02-28,0.05,0.05,0.0,1,False,False,False,0.0,0.0,,0.0,0.0,,0.0,2.0,0.5,0.0,10.0,0.1,0.0,0.0,0.005263157894736843,-0.0010558488469019176,0,10,0,0,0.0,1.0,0.0,0.0,1,18,1,0,0.05,0.9,0.05,0.0,5,50,5,0,0.08333333333333333,0.8333333333333334,0.08333333333333333,0.0,0.0,41.666666666666664,83.33333333333333,0.0,46.03174603174603,92.06349206349206
2022-03-02,2022-03-01,0.05,0.05,0.0,1,False,False,False,0.0,0.0,,0.0,0.0,,0.0,2.0,0.5,0.0,10.0,0.1,0.0,0.0,0.006766917293233084,-0.0007224228952486804,0,10,0,0,0.0,1.0,0.0,0.0,1,18,1,0,0.05,0.9,0.05,0.0,5,50,5,0,0.08333333333333333,0.8333333333333334,0.08333333333333333,0.0,0.0,41.666666666666664,83.33333333333333,0.0,46.23015873015873,92.46031746031746
2022-03-03,2022-03-02,0.05,0.05,0.0,1,False,False,False,0.0,0.0,,0.0,0.0,,0.0,2.0,0.5,0.0,10.0,0.1,0.0,0.0,0.008270676691729324,-0.0003889969435954432,0,10,0,0,0.0,1.0,0.0,0.0,1,18,1,0,0.05,0.9,0.05,0.0,5,50,5,0,0.08333333333333333,0.8333333333333334,0.08333333333333333,0.0,0.0,41.666666666666664,83.33333333333333,0.0,46.42857142857143,92.85714285714286
2022-03-04,2022-03-03,0.05,0.05,0.0,1,False,False,False,0.0,0.0,,0.0,0.0,,0.0,2.0,0.5,0.0,10.0,0.1,0.0,0.0,0.009774436090225566,-5.55709919422061e-05,0,10,0,0,0.0,1.0,0.0,0.0,1,18,1,0,0.05,0.9,0.05,0.0,5,50,5,0,0.08333333333333333,0.8333333333333334,0.08333333333333333,0.0,0.0,41.666666666666664,83.33333333333333,0.0,46.62698412698413,93.25396825396825
2022-03-07,2022-03-04,0.05,0.05,0.0,3,False,False,False,0.0,0.0,,0.0,0.0,,0.0,2.0,0.5,0.0,10.0,0.1,0.0,0.0,0.011278195488721806,0.0002778549597110308,0,10,0,0,0.0,1.0,0.0,0.0,1,18,1,0,0.05,0.9,0.05,0.0,5,50,5,0,0.08333333333333333,0.8333333333333334,0.08333333333333333,0.0,0.0,41.666666666666664,83.33333333333333,0.0,46.62698412698413,93.25396825396825
2022-03-08,2022-03-07,0.05,0.05,0.0,1,False,False,False,0.0,0.0,,0.0,0.0,,0.0,2.0,0.5,0.0,10.0,0.1,0.0,0.0,0.012781954887218047,0.000611280911364268,0,10,0,0,0.0,1.0,0.0,0.0,1,18,1,0,0.05,0.9,0.05,0.0,5,50,5,0,0.08333333333333333,0.8333333333333334,0.08333333333333333,0.0,0.0,41.666666666666664,83.33333333333333,0.0,46.82539682539682,93.65079365079364
2022-03-09,2022-03-08,0.05,0.05,0.0,1,False,False,False,0.0,0.0,,0.0,0.0,,0.0,2.0,0.5,0.0,10.0,0.1,0.0,0.0,0.014285714285714289,0.000944706863017505,0,10,0,0,0.0,1.0,0.0,0.0,1,18,1,0,0.05,0.9,0.05,0.0,5,50,5,0,0.08333333333333333,0.8333333333333334,0.08333333333333333,0.0,0.0,41.666666666666664,83.33333333333333,0.0,46.82539682539682,93.65079365079364
2022-03-10,2022-03-09,0.05,0.05,0.0,1,False,False,False,0.0,0.0,,0.0,0.0,,1.0,1.0,1.0,0.0,10.0,0.1,0.0,0.0,0.0,0.0012781328146707423,0,10,0,0,0.0,1.0,0.0,0.0,1,19,0,1,0.05,0.95,0.0,0.0,5,50,5,0,0.08333333333333333,0.8333333333333334,0.08333333333333333,0.0,0.0,41.666666666666664,83.33333333333333,0.0,46.82539682539682,93.65079365079364
2022-03-11,2022-03-10,0.05,0.05,0.0,1,False,False,False,0.0,0.0,,0.0,0.0,,0.0,0.0,,0.0,10.0,0.1,0.0,0.0,0.0,0.001611558766323979,0,10,0,0,0.0,1.0,0.0,0.0,0,20,0,0,0.0,1.0,0.0,0.0,5,50,5,0,0.08333333333333333,0.8333333333333334,0.08333333333333333,0.0,0.0,41.666666666666664,83.33333333333333,0.0,46.82539682539682,93.65079365079364
2022-03-14,2022-03-11,0.05,0.05,0.0,3,False,False,False,0.0,0.0,,0.0,0.0,,0.0,0.0,,0.0,10.0,0.1,0.0,0.0,0.0,0.0019449847179772164,0,10,0,0,0.0,1.0,0.0,0.0,0,20,0,0,0.0,1.0,0.0,0.0,5,50,5,0,0.08333333333333333,0.8333333333333334,0.08333333333333333,0.0,0.0,41.666666666666664,83.33333333333333,0.0,46.82539682539682,93.65079365079364
2022-03-15,2022-03-14,0.05,0.05,0.0,1,False,False,False,0.0,0.0,,0.0,0.0,,0.0,0.0,,0.0,10.0,0.1,0.0,0.0,0.0,0.002278410669630453,0,10,0,0,0.0,1.0,0.0,0.0,0,20,0,0,0.0,1.0,0.0,0.0,5,50,5,0,0.08333333333333333,0.8333333333333334,0.08333333333333333,0.0,0.0,41.666666666666664,83.33333333333333,0.0,47.023809523809526,94.04761904761905
2022-03-16,2022-03-15,0.05,0.05,0.0,1,False,False,False,0.0,0.0,,0.0,0.0,,0.0,0.0,,0.0,10.0,0.1,0.0,0.0,0.0,0.0026118366212836905,0,10,0,0,0.0,1.0,0.0,0.0,0,20,0,0,0.0,1.0,0.0,0.0,5,50,5,0,0.08333333333333333,0.8333333333333334,0.08333333333333333,0.0,0.0,41.666666666666664,83.33333333333333,0.0,47.023809523809526,94.04761904761905
2022-03-17,2022-03-16,0.3,0.05,25.0,1,False,False,False,25.0,25.0,1.0,25.0,25.0,1.0,25.0,25.0,1.0,26.0,34.0,0.7352941176470589,5.0,1.3636363636363635,0.35714285714285715,0.04223395387607669,1,9,0,1,0.1,0.9,0.0,0.0,1,19,0,1,0.05,0.95,0.0,0.0,6,50,4,2,0.1,0.8333333333333334,0.06666666666666667,0.0,100.0,100.0,100.0,100.0,100.0,100.0
2022-03-18,2022-03-17,0.3,0.3,0.0,1,False,False,False,25.0,25.0,1.0,25.0,25.0,1.0,25.0,25.0,1.0,25.0,33.0,0.7575757575757576,7.5,2.4242424242424243,0.6766917293233081,0.08210614059460962,1,9,0,1,0.1,0.9,0.0,0.0,1,19,0,1,0.05,0.95,0.0,0.0,5,51,4,1,0.08333333333333333,0.85,0.06666666666666667,0.0,0.0,41.666666666666664,83.33333333333333,0.0,46.82539682539682,93.65079365079364
2022-03-21,2022-03-18,0.29,0.3,-1.0,3,False,False,False,24.0,26.0,0.9615384615384616,24.0,26.0,0.9615384615384616,24.0,26.0,0.9615384615384616,24.0,34.0,0.7352941176470589,7.299999999999999,3.1272727272727265,0.944360902255639,0.11894970825229227,1,8,1,0,0.1,0.8,0.1,0.0,1,18,1,0,0.05,0.9,0.05,0.0,5,50,5,0,0.08333333333333333,0.8333333333333334,0.08333333333333333,0.0,85.0,91.66666666666667,98.33333333333333,93.65079365079364,96.03174603174604,98.41269841269842
2022-03-22,2022-03-21,0.28,0.29,-1.0,1,False,False,False,23.0,27.0,0.9259259259259259,23.0,27.0,0.9259259259259259,23.0,27.0,0.9259259259259259,23.0,35.0,0.7142857142857143,4.500000000000001,3.484848484848485,1.1616541353383458,0.15282022784106694,1,7,2,-1,0.1,0.7,0.2,0.0,1,17,2,-1,0.05,0.85,0.1,0.0,5,49,6,-1,0.08333333333333333,0.8166666666666667,0.1,0.0,83.33333333333333,90.83333333333333,98.33333333333333,93.25396825396825,95.83333333333333,98.41269841269842
2022-03-23,2022-03-22,0.27,0.28,-1.0,1,False,False,False,22.0,28.0,0.8928571428571429,22.0,28.0,0.8928571428571429,22.0,28.0,0.8928571428571429,22.0,36.0,0.6944444444444444,-0.799999999999999,3.5090909090909093,1.330075187969925,0.1837732703528758,1,6,3,-2,0.1,0.6,0.3,0.0,1,16,3,-2,0.05,0.8,0.15,0.0,5,48,7,-2,0.08333333333333333,0.8,0.11666666666666667,0.0,81.66666666666667,90.0,98.33333333333333,92.85714285714286,95.63492063492063,98.41269841269842
2022-03-24,2022-03-23,0.27,0.27,0.0,1,False,False,False,-3.0,3.0,0.3333333333333333,22.0,28.0,0.8928571428571429,22.0,28.0,0.8928571428571429,22.0,36.0,0.6944444444444444,-0.799999999999999,3.2666666666666666,1.4654135338345866,0.2135037510419561,1,6,3,-2,0.1,0.6,0.3,0.0,1,16,3,-2,0.05,0.8,0.15,0.0,5,48,7,-2,0.08333333333333333,0.8,0.11666666666666667,0.0,0.0,40.0,80.0,0.0,46.23015873015873,92.46031746031746
2022-03-25,2022-03-24,0.28,0.27,1.0,1,False,False,False,-2.0,4.0,0.25,23.0,29.0,0.8620689655172413,23.0,29.0,0.8620689655172413,23.0,37.0,0.6756756756756757,-0.29999999999999916,2.8121212121212125,1.5819548872180451,0.24365101417060295,2,5,3,-1,0.2,0.5,0.3,0.0,2,15,3,-1,0.1,0.75,0.15,0.0,6,47,7,-1,0.1,0.7833333333333333,0.11666666666666667,0.0,80.0,89.16666666666667,98.33333333333333,92.46031746031746,95.43650793650794,98.41269841269842
2022-03-28,2022-03-25,0.28,0.28,0.0,3,False,False,False,-1.0,3.0,0.3333333333333333,23.0,29.0,0.8620689655172413,23.0,29.0,0.8620689655172413,23.0,37.0,0.6756756756756757,0.10000000000000009,2.078787878787879,1.6639097744360907,0.27252014448457906,2,5,3,-1,0.2,0.5,0.3,0.0,2,15,3,-1,0.1,0.75,0.15,0.0,6,47,7,-1,0.1,0.7833333333333333,0.11666666666666667,0.0,0.0,39.166666666666664,78.33333333333333,0.0,46.03174603174603,92.06349206349206
2022-03-29,2022-03-28,0.28,0.28,0.0,1,False,False,False,0.0,2.0,0.5,23.0,29.0,0.8620689655172413,23.0,29.0,0.8620689655172413,23.0,37.0,0.6756756756756757,0.30000000000000027,1.066666666666667,1.7112781954887217,0.3001111419838844,2,5,3,-1,0.2,0.5,0.3,0.0,2,15,3,-1,0.1,0.75,0.15,0.0,6,47,7,-1,0.1,0.7833333333333333,0.11666666666666667,0.0,0.0,39.166666666666664,78.33333333333333,0.0,46.03174603174603,92.06349206349206
2022-03-30,2022-03-29,0.27,0.28,-1.0,1,False,False,False,0.0,2.0,0.5,22.0,30.0,0.8333333333333334,22.0,30.0,0.8333333333333334,22.0,38.0,0.6578947368421053,0.0,-0.2787878787878783,1.7097744360902256,0.324784662406224,2,4,4,-2,0.2,0.4,0.4,0.0,2,14,4,-2,0.1,0.7,0.2,0.0,6,46,8,-2,0.1,0.7666666666666667,0.13333333333333333,0.0,78.33333333333333,88.33333333333333,98.33333333333333,92.06349206349206,95.23809523809524,98.41269841269842
2022-03-31,2022-03-30,0.29,0.27,2.0,1,True,True,False,2.0,4.0,0.5,-1.0,7.0,0.2857142857142857,24.0,32.0,0.78125,24.0,40.0,0.625,0.09999999999999898,-0.11515151515151502,1.7037593984962407,0.3515143095304251,2,4,4,-2,0.2,0.4,0.4,0.0,3,13,4,-1,0.15,0.65,0.2,0.0,7,45,8,-1,0.11666666666666667,0.75,0.13333333333333333,0.0,98.33333333333333,98.33333333333333,98.33333333333333,98.41269841269842,98.80952380952381,99.2063492063492
2022-04-01,2022-03-31,0.3,0.29,1.0,1,False,False,False,2.0,4.0,0.5,0.0,8.0,0.25,25.0,33.0,0.7575757575757576,25.0,41.0,0.6097560975609756,0.4999999999999988,0.11515151515151502,1.6759398496240605,0.37854959711030844,3,3,4,-1,0.3,0.3,0.4,0.0,4,12,4,0,0.2,0.6,0.2,0.0,8,44,8,0,0.13333333333333333,0.7333333333333333,0.13333333333333333,0.0,75.0,85.83333333333333,96.66666666666667,91.26984126984127,94.64285714285714,98.01587301587301
2022-04-04,2022-04-01,0.3,0.3,0.0,3,False,False,False,2.0,4.0,0.5,1.0,7.0,0.2857142857142857,25.0,33.0,0.7575757575757576,25.0,41.0,0.6097560975609756,0.699999999999999,0.2787878787878783,1.6105263157894736,0.40419560989163655,3,4,3,0,0.3,0.4,0.3,0.0,4,12,4,0,0.2,0.6,0.2,0.0,8,44,8,0,0.13333333333333333,0.7333333333333333,0.13333333333333333,0.0,0.0,36.666666666666664,73.33333333333333,0.0,45.43650793650794,90.87301587301587
2022-04-05,2022-04-04,0.3,0.3,0.0,1,False,False,False,2.0,4.0,0.5,2.0,6.0,0.3333333333333333,25.0,33.0,0.7575757575757576,25.0,41.0,0.6097560975609756,0.6999999999999995,0.36363636363636315,1.507518796992481,0.4284523478744095,3,5,2,1,0.3,0.5,0.2,0.0,4,12,4,0,0.2,0.6,0.2,0.0,8,44,8,0,0.13333333333333333,0.7333333333333333,0.13333333333333333,0.0,0.0,36.666666666666664,73.33333333333333,0.0,45.43650793650794,90.87301587301587
2022-04-06,2022-04-05,0.3,0.3,0.0,1,False,False,False,3.0,3.0,0.6666666666666666,3.0,5.0,0.4,25.0,33.0,0.7575757575757576,25.0,41.0,0.6097560975609756,0.20000000000000018,0.3575757575757571,1.3669172932330826,0.4513198110586274,3,6,1,2,0.3,0.6,0.1,0.0,4,12,4,0,0.2,0.6,0.2,0.0,8,44,8,0,0.13333333333333333,0.7333333333333333,0.13333333333333333,0.0,0.0,36.666666666666664,73.33333333333333,0.0,45.43650793650794,90.87301587301587
2022-04-07,2022-04-06,0.3,0.3,0.0,1,False,False,False,1.0,1.0,1.0,3.0,5.0,0.4,25.0,33.0,0.7575757575757576,25.0,41.0,0.6097560975609756,0.0,0.3151515151515146,1.1887218045112782,0.4727979994442901,3,6,1,2,0.3,0.6,0.1,0.0,4,12,4,0,0.2,0.6,0.2,0.0,8,44,8,0,0.13333333333333333,0.7333333333333333,0.13333333333333333,0.0,0.0,36.666666666666664,73.33333333333333,0.0,45.43650793650794,90.87301587301587
2022-04-08,2022-04-07,0.3,0.3,0.0,1,False,False,False,0.0,0.0,,2.0,4.0,0.5,25.0,33.0,0.7575757575757576,25.0,41.0,0.6097560975609756,0.0,0.3030303030303026,0.9729323308270676,0.4928869130313976,2,7,1,1,0.2,0.7,0.1,0.0,4,12,4,0,0.2,0.6,0.2,0.0,8,44,8,0,0.13333333333333333,0.7333333333333333,0.13333333333333333,0.0,0.0,36.666666666666664,73.33333333333333,0.0,45.43650793650794,90.87301587301587
2022-04-11,2022-04-08,0.3,0.3,0.0,3,False,False,False,0.0,0.0,,2.0,4.0,0.5,25.0,33.0,0.7575757575757576,25.0,41.0,0.6097560975609756,0.0,0.2666666666666664,0.719548872180451,0.5115865518199499,2,7,1,1,0.2,0.7,0.1,0.0,4,12,4,0,0.2,0.6,0.2,0.0,8,44,8,0,0.13333333333333333,0.7333333333333333,0.13333333333333333,0.0,0.0,36.666666666666664,73.33333333333333,0.0,45.43650793650794,90.87301587301587
2022-04-12,2022-04-11,0.29,0.3,-1.0,1,False,False,False,-1.0,1.0,1.0,1.0,5.0,0.4,24.0,34.0,0.7352941176470589,24.0,42.0,0.5952380952380952,-0.20000000000000018,0.15151515151515135,0.4142857142857142,0.5272575715476521,2,6,2,0,0.2,0.6,0.2,0.0,4,11,5,-1,0.2,0.55,0.25,0.0,8,43,9,-1,0.13333333333333333,0.7166666666666667,0.15,0.0,73.33333333333333,85.0,96.66666666666667,90.87301587301587,94.44444444444444,98.01587301587301
2022-04-13,2022-04-12,0.29,0.29,0.0,1,False,False,False,-1.0,1.0,1.0,2.0,4.0,0.5,24.0,34.0,0.7352941176470589,24.0,42.0,0.5952380952380952,-0.30000000000000027,-0.04242424242424246,0.07293233082706753,0.5415948874687413,2,7,1,1,0.2,0.7,0.1,0.0,4,11,5,-1,0.2,0.55,0.25,0.0,8,43,9,-1,0.13333333333333333,0.7166666666666667,0.15,0.0,0.0,35.833333333333336,71.66666666666667,0.0,45.23809523809524,90.47619047619048
2022-04-14,2022-04-13,0.29,0.29,0.0,1,False,False,False,-1.0,1.0,1.0,0.0,2.0,0.5,-1.0,9.0,0.2222222222222222,24.0,42.0,0.5952380952380952,-0.30000000000000027,-0.12727272727272737,0.09022556390977425,0.5545984995832176,1,8,1,0,0.1,0.8,0.1,0.0,3,12,5,-2,0.15,0.6,0.25,0.0,8,43,9,-1,0.13333333333333333,0.7166666666666667,0.15,0.0,0.0,35.833333333333336,71.66666666666667,0.0,45.23809523809524,90.47619047619048
2022-04-18,2022-04-14,0.29,0.29,0.0,4,False,False,False,-1.0,1.0,1.0,-1.0,1.0,1.0,-1.0,9.0,0.2222222222222222,25.0,41.0,0.6097560975609756,-0.20000000000000018,-0.1454545454545456,0.10902255639097723,0.5645734926368435,0,9,1,-1,0.0,0.9,0.1,0.0,3,12,5,-2,0.15,0.6,0.25,0.0,8,44,8,0,0.13333333333333333,0.7333333333333333,0.13333333333333333,0.0,0.0,35.833333333333336,71.66666666666667,0.0,45.23809523809524,90.47619047619048
2022-04-19,2022-04-18,0.28,0.29,-1.0,1,False,False,False,-2.0,2.0,0.5,-2.0,2.0,0.5,-1.0,9.0,0.2222222222222222,23.0,41.0,0.6097560975609756,-0.19999999999999907,-0.20606060606060594,0.09924812030075167,0.5732147818838567,0,8,2,-2,0.0,0.8,0.2,0.0,3,12,5,-2,0.15,0.6,0.25,0.0,7,44,9,-2,0.11666666666666667,0.7333333333333333,0.15,0.0,73.33333333333333,85.0,96.66666666666667,90.47619047619048,94.24603174603175,98.01587301587301
2022-04-20,2022-04-19,0.27,0.28,-1.0,1,False,False,False,-2.0,2.0,0.5,-3.0,3.0,0.3333333333333333,-1.0,9.0,0.2222222222222222,23.0,41.0,0.6097560975609756,-0.4999999999999988,-0.2969696969696967,0.0609022556390976,0.5772436787996665,0,7,3,-3,0.0,0.7,0.3,0.0,3,12,5,-2,0.15,0.6,0.25,0.0,7,44,9,-2,0.11666666666666667,0.7333333333333333,0.15,0.0,73.33333333333333,85.0,96.66666666666667,90.07936507936508,94.04761904761905,98.01587301587301
2022-04-21,2022-04-20,0.26,0.27,-1.0,1,False,False,False,-3.0,3.0,0.3333333333333333,-4.0,4.0,0.25,-1.0,9.0,0.2222222222222222,21.0,41.0,0.6097560975609756,-0.799999999999999,-0.40606060606060573,-0.006015037593985072,0.580050013892748,0,6,4,-4,0.0,0.6,0.4,0.0,3,12,5,-2,0.15,0.6,0.25,0.0,6,44,10,-4,0.1,0.7333333333333333,0.16666666666666666,0.0,73.33333333333333,85.0,96.66666666666667,89.68253968253968,93.84920634920636,98.01587301587301
2022-04-22,2022-04-21,0.27,0.26,1.0,1,False,False,False,-2.0,4.0,0.25,-3.0,5.0,0.2,0.0,10.0,0.2,23.0,41.0,0.6097560975609756,-0.5999999999999994,-0.41212121212121167,-0.0571428571428572,0.5816337871631009,1,5,4,-3,0.1,0.5,0.4,0.0,4,11,5,-1,0.2,0.55,0.25,0.0,7,44,9,-2,0.11666666666666667,0.7333333333333333,0.15,0.0,73.33333333333333,85.0,96.66666666666667,89.28571428571429,93.65079365079364,98.01587301587301
2022-04-25,2022-04-22,0.27,0.27,0.0,3,False,False,False,-2.0,4.0,0.25,-3.0,5.0,0.2,-1.0,9.0,0.2222222222222222,23.0,41.0,0.6097560975609756,-0.20000000000000018,-0.38181818181818133,-0.09248120300751878,0.581939427618783,1,5,4,-3,0.1,0.5,0.4,0.0,3,12,5,-2,0.15,0.6,0.25,0.0,7,44,9,-2,0.11666666666666667,0.7333333333333333,0.15,0.0,0.0,36.666666666666664,73.33333333333333,0.0,44.44444444444444,88.88888888888889
2022-04-26,2022-04-25,0.27,0.27,0.0,1,False,False,False,-1.0,3.0,0.3333333333333333,-3.0,5.0,0.2,-1.0,9.0,0.2222222222222222,22.0,40.0,0.625,0.10000000000000009,-0.3151515151515146,-0.12631578947368413,0.5826618505140316,1,5,4,-3,0.1,0.5,0.4,0.0,3,12,5,-2,0.15,0.6,0.25,0.0,6,45,9,-3,0.1,0.75,0.15,0.0,0.0,36.666666666666664,73.33333333333333,0.0,44.44444444444444,88.88888888888889
2022-04-27,2022-04-26,0.28,0.27,1.0,1,False,False,False,1.0,3.0,0.3333333333333333,-1.0,5.0,0.2,0.0,10.0,0.2,23.0,41.0,0.6097560975609756,0.40000000000000036,-0.22424242424242372,-0.14436090225563894,0.5838010558488469,2,5,3,-1,0.2,0.5,0.3,0.0,4,11,5,-1,0.2,0.55,0.25,0.0,7,44,9,-2,0.11666666666666667,0.7333333333333333,0.15,0.0,75.0,85.83333333333333,96.66666666666667,88.88888888888889,93.45238095238095,98.01587301587301
2022-04-28,2022-04-27,0.28,0.28,0.0,1,False,False,False,2.0,2.0,0.5,-1.0,5.0,0.2,1.0,9.0,0.2222222222222222,23.0,41.0,0.6097560975609756,0.30000000000000027,-0.12121212121212079,-0.17819548872180427,0.5836621283689913,2,5,3,-1,0.2,0.5,0.3,0.0,4,12,4,0,0.2,0.6,0.2,0.0,7,44,9,-2,0.11666666666666667,0.7333333333333333,0.15,0.0,0.0,36.666666666666664,73.33333333333333,0.0,44.24603174603175,88.4920634920635
2022-04-29,2022-04-28,0.28,0.28,0.0,1,True,False,False,1.0,1.0,1.0,-1.0,5.0,0.2,-1.0,7.0,0.14285714285714285,23.0,41.0,0.6097560975609756,0.30000000000000027,-0.006060606060605763,-0.18195488721804487,0.5822450680744651,2,5,3,-1,0.2,0.5,0.3,0.0,3,13,4,-1,0.15,0.65,0.2,0.0,7,44,9,-2,0.11666666666666667,0.7333333333333333,0.15,0.0,0.0,36.666666666666664,73.33333333333333,0.0,44.24603174603175,88.4920634920635
2022-05-02,2022-04-29,0.3,0.28,2.0,3,False,False,False,3.0,3.0,0.6666666666666666,1.0,7.0,0.2857142857142857,0.0,8.0,0.25,25.0,43.0,0.5813953488372093,0.5999999999999994,0.2303030303030302,-0.13984962406015017,0.5828285634898583,3,4,3,0,0.3,0.4,0.3,0.0,3,13,4,-1,0.15,0.65,0.2,0.0,8,43,9,-1,0.13333333333333333,0.7166666666666667,0.15,0.0,96.66666666666667,97.5,98.33333333333333,98.01587301587301,98.61111111111111,99.2063492063492
2022-05-03,2022-05-02,0.3,0.3,0.0,1,False,False,False,3.0,3.0,0.6666666666666666,2.0,6.0,0.3333333333333333,0.0,8.0,0.25,25.0,43.0,0.5813953488372093,0.5999999999999989,0.3878787878787877,-0.09774436090225547,0.5820227841066964,3,5,2,1,0.3,0.5,0.2,0.0,3,13,4,-1,0.15,0.65,0.2,0.0,8,43,9,-1,0.13333333333333333,0.7166666666666667,0.15,0.0,0.0,35.833333333333336,71.66666666666667,0.0,44.04761904761905,88.0952380952381
2022-05-04,2022-05-03,0.3,0.3,0.0,1,False,False,False,2.0,2.0,1.0,3.0,5.0,0.4,0.0,8.0,0.25,25.0,43.0,0.5813953488372093,0.5999999999999989,0.4545454545454543,-0.055639097744360766,0.5798277299249791,3,6,1,2,0.3,0.6,0.1,0.0,3,13,4,-1,0.15,0.65,0.2,0.0,8,43,9,-1,0.13333333333333333,0.7166666666666667,0.15,0.0,0.0,35.833333333333336,71.66666666666667,0.0,44.04761904761905,88.0952380952381
2022-05-05,2022-05-04,0.79,0.3,49.0,1,False,False,False,51.0,51.0,0.9607843137254902,53.0,53.0,0.9245283018867925,49.0,57.0,0.8596491228070176,74.0,92.0,0.532608695652174,10.2,3.0909090909090904,0.6864661654135339,0.6565712697971658,4,6,0,4,0.4,0.6,0.0,0.0,4,12,4,0,0.2,0.6,0.2,0.0,9,42,9,0,0.15,0.7,0.15,0.0,100.0,100.0,100.0,100.0,100.0,100.0
2022-05-06,2022-05-05,0.78,0.79,-1.0,1,False,False,False,50.0,52.0,0.9423076923076923,51.0,53.0,0.9245283018867925,48.0,58.0,0.8448275862068966,74.0,92.0,0.532608695652174,14.500000000000004,5.096969696969697,1.3406015037593986,0.7258682967490969,3,6,1,2,0.3,0.6,0.1,0.0,4,11,5,-1,0.2,0.55,0.25,0.0,9,42,9,0,0.15,0.7,0.15,0.0,70.0,81.66666666666667,93.33333333333333,87.6984126984127,92.46031746031746,97.22222222222223
2022-05-09,2022-05-06,0.78,0.78,0.0,3,False,False,False,48.0,50.0,0.98,51.0,53.0,0.9245283018867925,48.0,58.0,0.8448275862068966,73.0,91.0,0.5384615384615384,14.400000000000002,6.484848484848484,1.922556390977444,0.7927479855515421,3,6,1,2,0.3,0.6,0.1,0.0,4,11,5,-1,0.2,0.55,0.25,0.0,8,43,9,-1,0.13333333333333333,0.7166666666666667,0.15,0.0,0.0,35.0,70.0,0.0,43.65079365079365,87.3015873015873
2022-05-10,2022-05-09,0.78,0.78,0.0,1,False,False,False,48.0,50.0,0.98,51.0,53.0,0.9245283018867925,48.0,58.0,0.8448275862068966,73.0,91.0,0.5384615384615384,9.5,7.254545454545455,2.4323308270676693,0.8555709919422062,3,6,1,2,0.3,0.6,0.1,0.0,4,11,5,-1,0.2,0.55,0.25,0.0,8,43,9,-1,0.13333333333333333,0.7166666666666667,0.15,0.0,0.0,35.833333333333336,71.66666666666667,0.0,43.65079365079365,87.3015873015873
2022-05-11,2022-05-10,0.78,0.78,0.0,1,False,False,False,48.0,50.0,0.98,50.0,52.0,0.9423076923076923,49.0,57.0,0.8596491228070176,73.0,91.0,0.5384615384615384,-0.20000000000000018,7.472727272727273,2.8541353383458645,0.9143373159210892,2,7,1,1,0.2,0.7,0.1,0.0,4,12,4,0,0.2,0.6,0.2,0.0,8,43,9,-1,0.13333333333333333,0.7166666666666667,0.15,0.0,0.0,35.833333333333336,71.66666666666667,0.0,43.65079365079365,87.3015873015873
2022-05-12,2022-05-11,0.79,0.78,1.0,1,False,False,False,0.0,2.0,0.5,51.0,53.0,0.9245283018867925,50.0,58.0,0.8448275862068966,74.0,92.0,0.532608695652174,0.20000000000000018,7.13939393939394,3.216541353383459,0.9706863017504862,3,6,1,2,0.3,0.6,0.1,0.0,5,11,4,1,0.25,0.55,0.2,0.0,9,42,9,0,0.15,0.7,0.15,0.0,71.66666666666667,82.5,93.33333333333333,87.3015873015873,92.26190476190476,97.22222222222223
2022-05-13,2022-05-12,0.79,0.79,0.0,1,False,False,False,1.0,1.0,1.0,51.0,53.0,0.9245283018867925,50.0,58.0,0.8448275862068966,74.0,92.0,0.532608695652174,0.30000000000000027,6.187878787878788,3.5037593984962405,1.0229230341761602,3,6,1,2,0.3,0.6,0.1,0.0,5,11,4,1,0.25,0.55,0.2,0.0,9,42,9,0,0.15,0.7,0.15,0.0,0.0,35.0,70.0,0.0,43.45238095238095,86.9047619047619
2022-05-16,2022-05-13,0.8,0.79,1.0,3,False,False,False,2.0,2.0,0.5,50.0,52.0,0.9423076923076923,51.0,59.0,0.8305084745762712,75.0,93.0,0.5268817204301075,0.5000000000000004,4.806060606060607,3.7300751879699248,1.0726868574604056,3,6,1,2,0.3,0.6,0.1,0.0,6,10,4,2,0.3,0.5,0.2,0.0,10,41,9,1,0.16666666666666666,0.6833333333333333,0.15,0.0,70.0,81.66666666666667,93.33333333333333,86.9047619047619,92.06349206349206,97.22222222222223
2022-05-17,2022-05-16,0.8,0.8,0.0,1,False,False,False,2.0,2.0,0.5,50.0,52.0,0.9423076923076923,52.0,58.0,0.8448275862068966,75.0,93.0,0.5268817204301075,0.5000000000000004,2.8181818181818183,3.8639097744360904,1.1182828563489857,3,6,1,2,0.3,0.6,0.1,0.0,6,11,3,3,0.3,0.55,0.15,0.0,10,41,9,1,0.16666666666666666,0.6833333333333333,0.15,0.0,0.0,34.166666666666664,68.33333333333333,0.0,43.25396825396825,86.5079365079365
2022-05-18,2022-05-17,0.79,0.8,-1.0,1,False,False,False,1.0,3.0,0.3333333333333333,49.0,53.0,0.9245283018867925,52.0,58.0,0.8448275862068966,74.0,94.0,0.5212765957446809,0.10000000000000009,0.16969696969696985,3.889473684210526,1.1580716865796055,3,5,2,1,0.3,0.5,0.2,0.0,6,11,3,3,0.3,0.55,0.15,0.0,10,40,10,0,0.16666666666666666,0.6666666666666666,0.16666666666666666,0.0,68.33333333333333,80.83333333333333,93.33333333333333,86.5079365079365,91.86507936507937,97.22222222222223
2022-05-19,2022-05-18,0.79,0.79,0.0,1,False,False,False,0.0,2.0,0.5,0.0,4.0,0.25,53.0,57.0,0.8596491228070176,74.0,94.0,0.5212765957446809,-0.10000000000000009,0.1939393939393941,3.8210526315789473,1.1937482634065018,2,6,2,0,0.2,0.6,0.2,0.0,6,12,2,4,0.3,0.6,0.1,0.0,10,40,10,0,0.16666666666666666,0.6666666666666666,0.16666666666666666,0.0,0.0,33.333333333333336,66.66666666666667,0.0,43.05555555555556,86.11111111111111
2022-05-20,2022-05-19,0.78,0.79,-1.0,1,False,False,False,-1.0,3.0,0.3333333333333333,0.0,4.0,0.25,51.0,57.0,0.8596491228070176,73.0,95.0,0.5157894736842106,-0.5000000000000004,0.09696969696969705,3.674436090225564,1.2236732425673797,2,6,2,0,0.2,0.6,0.2,0.0,5,12,3,2,0.25,0.6,0.15,0.0,10,39,11,-1,0.16666666666666666,0.65,0.18333333333333332,0.0,66.66666666666667,80.0,93.33333333333333,86.11111111111111,91.66666666666667,97.22222222222223
2022-05-23,2022-05-20,0.78,0.78,0.0,3,False,False,False,-2.0,2.0,0.5,0.0,4.0,0.25,51.0,57.0,0.8596491228070176,73.0,95.0,0.5157894736842106,-0.5000000000000004,0.0,3.451127819548873,1.2495415393164768,2,6,2,0,0.2,0.6,0.2,0.0,5,12,3,2,0.25,0.6,0.15,0.0,10,39,11,-1,0.16666666666666666,0.65,0.18333333333333332,0.0,0.0,32.5,65.0,0.0,42.857142857142854,85.71428571428571
2022-05-24,2022-05-23,0.78,0.78,0.0,1,False,False,False,-2.0,2.0,0.5,0.0,4.0,0.25,51.0,57.0,0.8596491228070176,73.0,95.0,0.5157894736842106,-0.30000000000000027,-0.09696969696969705,3.151127819548872,1.2713531536537928,2,6,2,0,0.2,0.6,0.2,0.0,5,12,3,2,0.25,0.6,0.15,0.0,10,39,11,-1,0.16666666666666666,0.65,0.18333333333333332,0.0,0.0,32.5,65.0,0.0,42.857142857142854,85.71428571428571
2022-05-25,2022-05-24,0.78,0.78,0.0,1,False,False,False,-1.0,1.0,1.0,0.0,4.0,0.25,50.0,56.0,0.875,73.0,95.0,0.5157894736842106,-0.20000000000000018,-0.1939393939393941,2.7902255639097744,1.2891080855793278,2,6,2,0,0.2,0.6,0.2,0.0,4,13,3,1,0.2,0.65,0.15,0.0,10,39,11,-1,0.16666666666666666,0.65,0.18333333333333332,0.0,0.0,32.5,65.0,0.0,42.857142857142854,85.71428571428571
2022-05-26,2022-05-25,0.78,0.78,0.0,1,False,False,False,-1.0,1.0,1.0,-1.0,3.0,0.3333333333333333,50.0,56.0,0.875,73.0,95.0,0.5157894736842106,0.0,-0.22424242424242447,2.3541353383458645,1.3028063350930816,1,7,2,-1,0.1,0.7,0.2,0.0,4,13,3,1,0.2,0.65,0.15,0.0,10,39,11,-1,0.16666666666666666,0.65,0.18333333333333332,0.0,0.0,32.5,65.0,0.0,42.857142857142854,85.71428571428571
2022-05-27,2022-05-26,0.78,0.78,0.0,1,False,False,False,0.0,0.0,,-1.0,3.0,0.3333333333333333,50.0,56.0,0.875,73.0,95.0,0.5157894736842106,0.0,-0.24242424242424265,1.8428571428571427,1.3124479021950541,1,7,2,-1,0.1,0.7,0.2,0.0,4,13,3,1,0.2,0.65,0.15,0.0,10,39,11,-1,0.16666666666666666,0.65,0.18333333333333332,0.0,0.0,32.5,65.0,0.0,42.857142857142854,85.71428571428571
2022-05-31,2022-05-27,0.79,0.78,1.0,4,True,False,False,1.0,1.0,1.0,-1.0,3.0,0.3333333333333333,49.0,55.0,0.8909090909090909,74.0,96.0,0.5104166666666666,0.20000000000000018,-0.12727272727272737,1.3022556390977447,1.3196721311475412,1,7,2,-1,0.1,0.7,0.2,0.0,4,13,3,1,0.2,0.65,0.15,0.0,11,38,11,0,0.18333333333333332,0.6333333333333333,0.18333333333333332,0.0,65.0,79.16666666666667,93.33333333333333,85.71428571428571,91.46825396825396,97.22222222222223
2022-06-01,2022-05-31,0.8,0.79,1.0,1,False,False,False,2.0,2.0,0.5,0.0,4.0,0.25,50.0,56.0,0.875,75.0,97.0,0.5051546391752577,0.5000000000000004,0.05454545454545459,0.7022556390977445,1.3244234509585997,2,6,2,0,0.2,0.6,0.2,0.0,5,12,3,2,0.25,0.6,0.15,0.0,12,37,11,1,0.2,0.6166666666666667,0.18333333333333332,0.0,63.333333333333336,78.33333333333333,93.33333333333333,85.31746031746032,91.26984126984127,97.22222222222223
2022-06-02,2022-06-01,0.79,0.8,-1.0,1,False,False,False,1.0,3.0,0.3333333333333333,0.0,4.0,0.25,49.0,57.0,0.8596491228070176,74.0,98.0,0.5,0.40000000000000036,0.11515151515151525,0.012781954887218056,1.3233676021116978,2,6,2,0,0.2,0.6,0.2,0.0,5,11,4,1,0.25,0.55,0.2,0.0,12,36,12,0,0.2,0.6,0.2,0.0,61.666666666666664,77.5,93.33333333333333,84.92063492063492,91.07142857142857,97.22222222222223
2022-06-03,2022-06-02,0.78,0.79,-1.0,1,False,False,False,0.0,4.0,0.25,-1.0,5.0,0.2,-1.0,9.0,0.1111111111111111,73.0,99.0,0.494949494949495,0.0,0.12121212121212133,0.009022556390977451,1.3165601555987776,2,5,3,-1,0.2,0.5,0.3,0.0,4,11,5,-1,0.2,0.55,0.25,0.0,12,35,13,-1,0.2,0.5833333333333334,0.21666666666666667,0.0,60.0,76.66666666666667,93.33333333333333,84.52380952380952,90.87301587301587,97.22222222222223
2022-06-06,2022-06-03,0.78,0.78,0.0,3,False,False,False,0.0,4.0,0.25,0.0,4.0,0.25,0.0,8.0,0.125,73.0,99.0,0.494949494949495,-0.40000000000000036,0.0727272727272728,-0.009022556390977451,1.305696026674076,2,6,2,0,0.2,0.6,0.2,0.0,4,12,4,0,0.2,0.6,0.2,0.0,12,35,13,-1,0.2,0.5833333333333334,0.21666666666666667,0.0,0.0,29.166666666666668,58.333333333333336,0.0,42.06349206349206,84.12698412698413
2022-06-07,2022-06-06,0.77,0.78,-1.0,1,False,False,False,-2.0,4.0,0.25,-1.0,5.0,0.2,-1.0,9.0,0.1111111111111111,72.0,100.0,0.49,-0.7000000000000006,-0.03030303030303033,-0.041353383458646656,1.2891358710752987,2,5,3,-1,0.2,0.5,0.3,0.0,4,11,5,-1,0.2,0.55,0.25,0.0,12,34,14,-2,0.2,0.5666666666666667,0.23333333333333334,0.0,58.333333333333336,75.83333333333333,93.33333333333333,84.12698412698413,90.67460317460318,97.22222222222223
2022-06-08,2022-06-07,0.76,0.77,-1.0,1,False,False,False,-4.0,4.0,0.25,-2.0,6.0,0.16666666666666666,-2.0,10.0,0.1,71.0,101.0,0.48514851485148514,-0.7000000000000006,-0.17575757575757592,-0.08646616541353391,1.2669352597943873,2,4,4,-2,0.2,0.4,0.4,0.0,4,10,6,-2,0.2,0.5,0.3,0.0,12,33,15,-3,0.2,0.55,0.25,0.0,56.666666666666664,75.0,93.33333333333333,83.73015873015873,90.47619047619048,97.22222222222223
2022-06-09,2022-06-08,0.75,0.76,-1.0,1,False,False,False,-4.0,4.0,0.25,-3.0,7.0,0.14285714285714285,-3.0,11.0,0.09090909090909091,70.0,102.0,0.4803921568627451,-0.8000000000000007,-0.35151515151515184,-0.142857142857143,1.2391497638232842,2,3,5,-3,0.2,0.3,0.5,-0.5,4,9,7,-3,0.2,0.45,0.35,0.0,12,32,16,-4,0.2,0.5333333333333333,0.26666666666666666,0.0,55.0,74.16666666666667,93.33333333333333,83.33333333333333,90.27777777777777,97.22222222222223
2022-06-10,2022-06-09,0.75,0.75,0.0,1,False,False,False,-3.0,3.0,0.3333333333333333,-3.0,7.0,0.14285714285714285,-4.0,10.0,0.1,70.0,102.0,0.4803921568627451,-0.8000000000000007,-0.49090909090909135,-0.17894736842105277,1.207474298416227,2,3,5,-3,0.2,0.3,0.5,-0.5,3,10,7,-4,0.15,0.5,0.35,0.0,12,32,16,-4,0.2,0.5333333333333333,0.26666666666666666,0.0,0.0,26.666666666666668,53.333333333333336,0.0,41.46825396825397,82.93650793650794
2022-06-13,2022-06-10,0.73,0.75,-2.0,3,False,False,False,-5.0,5.0,0.4,-5.0,9.0,0.2222222222222222,-6.0,12.0,0.16666666666666666,43.0,79.0,0.620253164556962,-0.9000000000000007,-0.7030303030303037,-0.23759398496240622,1.2110030564045569,2,2,6,-4,0.2,0.2,0.6,-1.0,3,9,8,-5,0.15,0.45,0.4,0.0,11,32,17,-6,0.18333333333333332,0.5333333333333333,0.2833333333333333,0.0,93.33333333333333,95.0,96.66666666666667,97.22222222222223,98.01587301587301,98.80952380952381
2022-06-14,2022-06-13,0.69,0.73,-4.0,1,False,False,False,-8.0,8.0,0.5,-10.0,12.0,0.3333333333333333,-11.0,15.0,0.26666666666666666,39.0,83.0,0.5903614457831325,-1.6000000000000014,-1.006060606060607,-0.32857142857142885,1.2055848846901918,1,2,7,-6,0.1,0.2,0.7,-1.0,2,9,9,-7,0.1,0.45,0.45,0.0,11,31,18,-7,0.18333333333333332,0.5166666666666667,0.3,0.0,98.33333333333333,98.33333333333333,98.33333333333333,98.80952380952381,99.0079365079365,99.2063492063492
2022-06-15,2022-06-14,0.7,0.69,1.0,1,False,False,False,-6.0,8.0,0.5,-10.0,12.0,0.3333333333333333,-10.0,16.0,0.25,41.0,83.0,0.5903614457831325,-1.6000000000000014,-1.0666666666666678,-0.3887218045112785,1.1979438732981385,1,2,7,-6,0.1,0.2,0.7,-1.0,3,8,9,-6,0.15,0.4,0.45,0.0,12,31,17,-5,0.2,0.5166666666666667,0.2833333333333333,0.0,51.666666666666664,71.66666666666667,91.66666666666667,82.14285714285714,89.28571428571429,96.42857142857143
2022-06-16,2022-06-15,1.45,0.7,75.0,1,False,False,False,70.0,82.0,0.9146341463414634,66.0,86.0,0.872093023255814,66.0,90.0,0.8333333333333334,117.0,157.0,0.47770700636942676,13.7,3.0181818181818176,0.621804511278195,1.3092803556543484,2,2,6,-4,0.2,0.2,0.6,-1.0,4,8,8,-4,0.2,0.4,0.4,0.0,13,31,16,-3,0.21666666666666667,0.5166666666666667,0.26666666666666666,0.0,100.0,100.0,100.0,100.0,100.0,100.0
2022-06-17,2022-06-16,1.45,1.45,0.0,1,False,False,False,70.0,82.0,0.9146341463414634,67.0,85.0,0.8823529411764706,66.0,90.0,0.8333333333333334,118.0,156.0,0.4807692307692308,22.000000000000004,6.236363636363636,1.5330827067669168,1.412420116699083,2,3,5,-3,0.2,0.3,0.5,-0.5,4,8,8,-4,0.2,0.4,0.4,0.0,13,32,15,-2,0.21666666666666667,0.5333333333333333,0.25,0.0,0.0,25.833333333333332,51.666666666666664,0.0,40.67460317460318,81.34920634920636
2022-06-21,2022-06-17,1.45,1.45,0.0,4,False,False,False,72.0,80.0,0.9375,67.0,85.0,0.8823529411764706,67.0,89.0,0.8426966292134831,118.0,156.0,0.4807692307692308,22.7,8.64242424242424,2.329323308270676,1.5090025006946375,2,3,5,-3,0.2,0.3,0.5,-0.5,4,9,7,-3,0.2,0.45,0.35,0.0,13,32,15,-2,0.21666666666666667,0.5333333333333333,0.25,0.0,0.0,26.666666666666668,53.333333333333336,0.0,40.67460317460318,81.34920634920636
2022-06-22,2022-06-21,1.45,1.45,0.0,1,False,False,False,76.0,76.0,0.9868421052631579,68.0,84.0,0.8928571428571429,67.0,89.0,0.8426966292134831,117.0,155.0,0.4838709677419355,15.0,10.169696969696968,3.0248120300751875,1.6007224228952486,2,4,4,-2,0.2,0.4,0.4,0.0,4,9,7,-3,0.2,0.45,0.35,0.0,12,33,15,-3,0.2,0.55,0.25,0.0,0.0,26.666666666666668,53.333333333333336,0.0,40.87301587301587,81.74603174603175
2022-06-23,2022-06-22,1.44,1.45,-1.0,1,False,False,False,74.0,76.0,0.9868421052631579,68.0,84.0,0.8928571428571429,66.0,90.0,0.8333333333333334,116.0,156.0,0.4807692307692308,-0.20000000000000018,10.75151515151515,3.6052631578947367,1.6843011947763264,2,4,4,-2,0.2,0.4,0.4,0.0,4,8,8,-4,0.2,0.4,0.4,0.0,12,32,16,-4,0.2,0.5333333333333333,0.26666666666666666,0.0,55.0,72.5,90.0,81.74603174603175,89.08730158730158,96.42857142857143
2022-06-24,2022-06-23,1.46,1.44,2.0,1,False,False,False,1.0,3.0,0.6666666666666666,71.0,85.0,0.8823529411764706,68.0,92.0,0.8152173913043478,118.0,158.0,0.47468354430379744,0.10000000000000009,10.55151515151515,4.115037593984962,1.764712420116699,3,4,3,0,0.3,0.4,0.3,0.0,5,7,8,-3,0.25,0.35,0.4,0.0,13,31,16,-3,0.21666666666666667,0.5166666666666667,0.26666666666666666,0.0,90.0,92.5,95.0,96.42857142857143,97.42063492063492,98.41269841269842
2022-06-27,2022-06-24,1.5,1.46,4.0,3,False,False,False,5.0,7.0,0.5714285714285714,75.0,89.0,0.8426966292134831,72.0,96.0,0.78125,123.0,161.0,0.4658385093167702,1.100000000000001,9.709090909090909,4.579699248120301,1.843428730202834,4,3,3,1,0.4,0.3,0.3,0.0,6,6,8,-2,0.3,0.3,0.4,0.0,14,31,15,-1,0.23333333333333334,0.5166666666666667,0.25,0.0,95.0,95.83333333333333,96.66666666666667,98.41269841269842,98.61111111111111,98.80952380952381
2022-06-28,2022-06-27,1.52,1.5,2.0,1,False,False,False,7.0,9.0,0.4444444444444444,79.0,89.0,0.8426966292134831,74.0,98.0,0.7653061224489796,123.0,161.0,0.4658385093167702,2.0000000000000018,7.9333333333333345,4.964661654135338,1.9219783273131426,5,3,2,3,0.5,0.3,0.2,0.5,7,5,8,-1,0.35,0.25,0.4,0.0,14,31,15,-1,0.23333333333333334,0.5166666666666667,0.25,0.0,86.66666666666667,90.0,93.33333333333333,95.63492063492063,96.82539682539682,98.01587301587301
2022-06-29,2022-06-28,1.51,1.52,-1.0,1,False,False,False,6.0,10.0,0.4,82.0,86.0,0.872093023255814,72.0,98.0,0.7653061224489796,121.0,161.0,0.4658385093167702,2.0000000000000018,4.87878787878788,5.239849624060151,1.9937482634065018,5,3,2,3,0.5,0.3,0.2,0.5,6,5,9,-3,0.3,0.25,0.45,0.0,13,31,16,-3,0.21666666666666667,0.5166666666666667,0.26666666666666666,0.0,51.666666666666664,69.16666666666667,86.66666666666667,80.15873015873017,87.6984126984127,95.23809523809524
2022-06-30,2022-06-29,1.5,1.51,-1.0,1,True,True,False,6.0,10.0,0.4,80.0,86.0,0.872093023255814,70.0,98.0,0.7653061224489796,120.0,162.0,0.46296296296296297,0.9000000000000007,0.8424242424242431,5.408270676691728,2.0571547652125592,4,3,3,1,0.4,0.3,0.3,0.0,5,5,10,-5,0.25,0.25,0.5,-0.5,13,30,17,-4,0.21666666666666667,0.5,0.2833333333333333,0.0,51.666666666666664,69.16666666666667,86.66666666666667,79.76190476190476,87.5,95.23809523809524
2022-07-01,2022-06-30,1.52,1.5,2.0,1,False,False,False,6.0,10.0,0.4,7.0,13.0,0.3076923076923077,73.0,99.0,0.7575757575757576,122.0,164.0,0.4573170731707317,0.20000000000000018,0.9454545454545463,5.484210526315789,2.1171714365101417,4,3,3,1,0.4,0.3,0.3,0.0,6,5,9,-3,0.3,0.25,0.45,0.0,14,29,17,-3,0.23333333333333334,0.48333333333333334,0.2833333333333333,0.0,86.66666666666667,90.0,93.33333333333333,95.23809523809524,96.62698412698413,98.01587301587301
2022-07-05,2022-07-01,1.54,1.52,2.0,4,False,False,False,4.0,8.0,0.25,9.0,15.0,0.26666666666666666,76.0,100.0,0.75,124.0,166.0,0.45180722891566266,0.5000000000000004,1.0727272727272739,5.463157894736842,2.1736871353153653,5,2,3,2,0.5,0.2,0.3,1.0,7,5,8,-1,0.35,0.25,0.4,0.0,15,28,17,-2,0.25,0.4666666666666667,0.2833333333333333,0.0,85.0,89.16666666666667,93.33333333333333,94.84126984126983,96.42857142857143,98.01587301587301
2022-07-06,2022-07-05,1.54,1.54,0.0,1,False,False,False,2.0,6.0,0.3333333333333333,9.0,15.0,0.26666666666666666,76.0,100.0,0.75,124.0,166.0,0.45180722891566266,1.0000000000000009,1.090909090909092,5.3278195488721805,2.2233120311197556,5,2,3,2,0.5,0.2,0.3,1.0,7,5,8,-1,0.35,0.25,0.4,0.0,15,28,17,-2,0.25,0.4666666666666667,0.2833333333333333,0.0,0.0,23.333333333333332,46.666666666666664,0.0,39.285714285714285,78.57142857142857
2022-07-07,2022-07-06,1.54,1.54,0.0,1,False,False,False,3.0,5.0,0.4,9.0,15.0,0.26666666666666666,77.0,99.0,0.7575757575757576,124.0,166.0,0.45180722891566266,1.0000000000000009,1.0000000000000009,5.062406015037594,2.266046123923312,5,2,3,2,0.5,0.2,0.3,1.0,7,6,7,0,0.35,0.3,0.35,0.0,15,28,17,-2,0.25,0.4666666666666667,0.2833333333333333,0.0,0.0,23.333333333333332,46.666666666666664,0.0,39.285714285714285,78.57142857142857
2022-07-08,2022-07-07,1.53,1.54,-1.0,1,False,False,False,3.0,5.0,0.4,9.0,15.0,0.26666666666666666,77.0,99.0,0.7575757575757576,123.0,167.0,0.4491017964071856,0.20000000000000018,0.6787878787878794,4.651127819548873,2.3002500694637398,5,2,3,2,0.5,0.2,0.3,1.0,7,6,7,0,0.35,0.3,0.35,0.0,15,27,18,-3,0.25,0.45,0.3,0.0,46.666666666666664,65.0,83.33333333333333,78.57142857142857,86.5079365079365,94.44444444444444
2022-07-11,2022-07-08,1.53,1.53,0.0,3,False,False,False,1.0,3.0,0.6666666666666666,7.0,13.0,0.3076923076923077,78.0,98.0,0.7653061224489796,124.0,166.0,0.45180722891566266,-0.30000000000000027,0.38181818181818217,4.10827067669173,2.325923867741039,4,3,3,1,0.4,0.3,0.3,0.0,7,7,6,1,0.35,0.35,0.3,0.0,15,28,17,-2,0.25,0.4666666666666667,0.2833333333333333,0.0,0.0,22.5,45.0,0.0,39.08730158730159,78.17460317460318
2022-07-12,2022-07-11,1.54,1.53,1.0,1,False,False,False,0.0,2.0,0.5,4.0,10.0,0.2,79.0,99.0,0.7575757575757576,125.0,167.0,0.4491017964071856,-0.10000000000000009,0.3212121212121215,3.462406015037594,2.3463462072798,4,3,3,1,0.4,0.3,0.3,0.0,8,6,6,2,0.4,0.3,0.3,0.0,16,27,17,-1,0.26666666666666666,0.45,0.2833333333333333,0.0,46.666666666666664,65.0,83.33333333333333,78.17460317460318,86.30952380952381,94.44444444444444
2022-07-13,2022-07-12,1.53,1.54,-1.0,1,False,False,False,-1.0,3.0,0.3333333333333333,1.0,9.0,0.2222222222222222,80.0,98.0,0.7653061224489796,124.0,168.0,0.44642857142857145,-0.10000000000000009,0.2909090909090912,2.651879699248121,2.3581828285634896,3,3,4,-1,0.3,0.3,0.4,0.0,8,6,6,2,0.4,0.3,0.3,0.0,16,26,18,-2,0.26666666666666666,0.43333333333333335,0.3,0.0,45.0,64.16666666666667,83.33333333333333,77.77777777777777,86.11111111111111,94.44444444444444
2022-07-14,2022-07-13,1.53,1.53,0.0,1,False,False,False,-1.0,3.0,0.3333333333333333,2.0,8.0,0.25,84.0,94.0,0.7978723404255319,124.0,168.0,0.44642857142857145,0.0,0.181818181818182,1.657894736842106,2.3631286468463464,3,4,3,0,0.3,0.4,0.3,0.0,8,7,5,3,0.4,0.35,0.25,0.0,16,26,18,-2,0.26666666666666666,0.43333333333333335,0.3,0.0,0.0,21.666666666666668,43.333333333333336,0.0,38.69047619047619,77.38095238095238
2022-07-15,2022-07-14,1.54,1.53,1.0,1,False,False,False,1.0,3.0,0.3333333333333333,4.0,8.0,0.25,84.0,94.0,0.7978723404255319,126.0,168.0,0.44642857142857145,0.10000000000000009,0.0363636363636364,0.5676691729323313,2.3611280911364267,4,4,2,2,0.4,0.4,0.2,0.0,8,7,5,3,0.4,0.35,0.25,0.0,17,26,17,0,0.2833333333333333,0.43333333333333335,0.2833333333333333,0.0,43.333333333333336,63.333333333333336,83.33333333333333,77.38095238095238,85.91269841269842,94.44444444444444
2022-07-18,2022-07-15,1.54,1.54,0.0,3,False,False,False,1.0,3.0,0.3333333333333333,2.0,6.0,0.3333333333333333,9.0,19.0,0.21052631578947367,127.0,167.0,0.4491017964071856,0.10000000000000009,-0.024242424242424263,0.5353383458646621,2.350430675187552,3,5,2,1,0.3,0.5,0.2,0.0,7,8,5,2,0.35,0.4,0.25,0.0,17,27,16,1,0.2833333333333333,0.45,0.26666666666666666,0.0,0.0,21.666666666666668,43.333333333333336,0.0,38.492063492063494,76.98412698412699
2022-07-19,2022-07-18,1.54,1.54,0.0,1,False,False,False,0.0,2.0,0.5,0.0,4.0,0.25,9.0,19.0,0.21052631578947367,128.0,166.0,0.45180722891566266,0.30000000000000027,0.024242424242424263,0.4894736842105267,2.33098082800778,2,6,2,0,0.2,0.6,0.2,0.0,7,8,5,2,0.35,0.4,0.25,0.0,17,28,15,2,0.2833333333333333,0.4666666666666667,0.25,0.0,0.0,22.5,45.0,0.0,38.492063492063494,76.98412698412699
2022-07-20,2022-07-19,1.53,1.54,-1.0,1,False,False,False,0.0,2.0,0.5,-1.0,5.0,0.2,8.0,20.0,0.2,126.0,166.0,0.45180722891566266,0.0,0.0181818181818182,0.4157894736842109,2.3044734648513474,2,5,3,-1,0.2,0.5,0.3,0.0,7,7,6,1,0.35,0.35,0.3,0.0,16,28,16,0,0.26666666666666666,0.4666666666666667,0.26666666666666666,0.0,46.666666666666664,65.0,83.33333333333333,76.98412698412699,85.71428571428571,94.44444444444444
2022-07-21,2022-07-20,1.53,1.53,0.0,1,False,False,False,0.0,2.0,0.5,-1.0,5.0,0.2,8.0,20.0,0.2,126.0,166.0,0.45180722891566266,-0.30000000000000027,0.024242424242424263,0.33007518796992513,2.2709641567101975,2,5,3,-1,0.2,0.5,0.3,0.0,7,7,6,1,0.35,0.35,0.3,0.0,16,28,16,0,0.26666666666666666,0.4666666666666667,0.26666666666666666,0.0,0.0,23.333333333333332,46.666666666666664,0.0,38.29365079365079,76.58730158730158
2022-07-22,2022-07-21,1.52,1.53,-1.0,1,False,False,False,-2.0,2.0,0.5,-1.0,5.0,0.2,8.0,20.0,0.2,125.0,167.0,0.4491017964071856,-0.5000000000000004,-0.07878787878787885,0.20225563909774452,2.2288135593220337,2,5,3,-1,0.2,0.5,0.3,0.0,7,7,6,1,0.35,0.35,0.3,0.0,16,27,17,-1,0.26666666666666666,0.45,0.2833333333333333,0.0,46.666666666666664,65.0,83.33333333333333,76.58730158730158,85.51587301587301,94.44444444444444
2022-07-25,2022-07-22,1.53,1.52,1.0,3,False,False,False,-1.0,3.0,0.3333333333333333,0.0,6.0,0.16666666666666666,7.0,19.0,0.21052631578947367,125.0,167.0,0.4491017964071856,-0.30000000000000027,-0.11515151515151525,0.1082706766917294,2.183050847457627,3,4,3,0,0.3,0.4,0.3,0.0,7,7,6,1,0.35,0.35,0.3,0.0,16,27,17,-1,0.26666666666666666,0.45,0.2833333333333333,0.0,45.0,64.16666666666667,83.33333333333333,76.19047619047619,85.31746031746032,94.44444444444444
2022-07-26,2022-07-25,1.53,1.53,0.0,1,False,False,False,-1.0,3.0,0.3333333333333333,-1.0,5.0,0.2,3.0,15.0,0.13333333333333333,125.0,167.0,0.4491017964071856,0.0,-0.08484848484848492,0.06691729323308276,2.1303417616004445,2,5,3,-1,0.2,0.5,0.3,0.0,6,8,6,0,0.3,0.4,0.3,0.0,16,27,17,-1,0.26666666666666666,0.45,0.2833333333333333,0.0,0.0,22.5,45.0,0.0,37.8968253968254,75.7936507936508
2022-07-27,2022-07-26,1.53,1.53,0.0,1,False,False,False,0.0,2.0,0.5,0.0,4.0,0.25,1.0,13.0,0.15384615384615385,125.0,167.0,0.4491017964071856,0.10000000000000009,-0.10909090909090918,0.05263157894736847,2.070686301750486,2,6,2,0,0.2,0.6,0.2,0.0,5,9,6,-1,0.25,0.45,0.3,0.0,16,27,17,-1,0.26666666666666666,0.45,0.2833333333333333,0.0,0.0,22.5,45.0,0.0,37.8968253968254,75.7936507936508
2022-07-28,2022-07-27,2.28,1.53,75.0,1,False,False,False,75.0,77.0,0.974025974025974,75.0,79.0,0.9493670886075949,77.0,87.0,0.8620689655172413,198.0,240.0,0.3125,15.199999999999994,3.957575757575756,1.0924812030075184,2.130425118088358,3,5,2,1,0.3,0.5,0.2,0.0,6,9,5,1,0.3,0.45,0.25,0.0,16,27,17,-1,0.26666666666666666,0.45,0.2833333333333333,0.0,98.33333333333333,99.16666666666667,100.0,99.60317460317461,99.8015873015873,100.0
2022-07-29,2022-07-28,2.27,2.28,-1.0,1,True,False,False,75.0,77.0,0.974025974025974,73.0,79.0,0.9493670886075949,77.0,87.0,0.8620689655172413,197.0,241.0,0.3112033195020747,22.299999999999994,7.127272727272726,1.9864661654135338,2.1775215337593776,2,5,3,-1,0.2,0.5,0.3,0.0,6,9,5,1,0.3,0.45,0.25,0.0,16,26,18,-2,0.26666666666666666,0.43333333333333335,0.3,0.0,45.0,64.16666666666667,83.33333333333333,75.39682539682539,84.72222222222223,94.04761904761905
2022-08-01,2022-07-29,2.28,2.27,1.0,3,False,False,False,75.0,77.0,0.974025974025974,74.0,80.0,0.9375,76.0,86.0,0.872093023255814,198.0,242.0,0.30991735537190085,22.399999999999995,9.466666666666665,2.8105263157894727,2.215309808280078,3,4,3,0,0.3,0.4,0.3,0.0,6,9,5,1,0.3,0.45,0.25,0.0,17,25,18,-1,0.2833333333333333,0.4166666666666667,0.3,0.0,43.333333333333336,63.333333333333336,83.33333333333333,75.0,84.52380952380952,94.04761904761905
2022-08-02,2022-08-01,2.3,2.28,2.0,1,False,False,False,77.0,79.0,0.9493670886075949,76.0,82.0,0.9146341463414634,76.0,86.0,0.872093023255814,151.0,195.0,0.38461538461538464,15.399999999999997,11.018181818181816,3.5804511278195483,2.3284245623784385,4,3,3,1,0.4,0.3,0.3,0.0,6,9,5,1,0.3,0.45,0.25,0.0,17,25,18,-1,0.2833333333333333,0.4166666666666667,0.3,0.0,83.33333333333333,87.5,91.66666666666667,94.04761904761905,95.83333333333333,97.61904761904762
2022-08-03,2022-08-02,2.29,2.3,-1.0,1,False,False,False,76.0,80.0,0.9375,76.0,82.0,0.9146341463414634,75.0,87.0,0.8620689655172413,151.0,195.0,0.38461538461538464,0.5000000000000027,11.527272727272724,4.221804511278195,2.4298138371769937,4,3,3,1,0.4,0.3,0.3,0.0,6,8,6,0,0.3,0.4,0.3,0.0,17,25,18,-1,0.2833333333333333,0.4166666666666667,0.3,0.0,41.666666666666664,62.5,83.33333333333333,74.2063492063492,83.92857142857143,93.65079365079364
2022-08-04,2022-08-03,2.29,2.29,0.0,1,False,False,False,1.0,5.0,0.4,76.0,82.0,0.9146341463414634,75.0,87.0,0.8620689655172413,151.0,195.0,0.38461538461538464,0.5000000000000027,11.115151515151515,4.750375939849623,2.5228118921922755,4,3,3,1,0.4,0.3,0.3,0.0,6,8,6,0,0.3,0.4,0.3,0.0,17,25,18,-1,0.2833333333333333,0.4166666666666667,0.3,0.0,0.0,20.833333333333332,41.666666666666664,0.0,36.904761904761905,73.80952380952381
2022-08-05,2022-08-04,2.28,2.29,-1.0,1,False,False,False,1.0,5.0,0.4,76.0,82.0,0.9146341463414634,75.0,87.0,0.8620689655172413,150.0,196.0,0.3826530612244898,-0.09999999999999787,9.660606060606058,5.136090225563909,2.6057793831619893,4,3,3,1,0.4,0.3,0.3,0.0,6,8,6,0,0.3,0.4,0.3,0.0,17,24,19,-2,0.2833333333333333,0.4,0.31666666666666665,0.0,41.666666666666664,62.5,83.33333333333333,73.80952380952381,83.73015873015873,93.65079365079364
2022-08-08,2022-08-05,2.28,2.28,0.0,3,False,False,False,0.0,4.0,0.5,75.0,81.0,0.9259259259259259,75.0,87.0,0.8620689655172413,150.0,196.0,0.3826530612244898,-0.5000000000000027,7.35151515151515,5.409022556390976,2.6804112253403725,3,4,3,0,0.3,0.4,0.3,0.0,6,8,6,0,0.3,0.4,0.3,0.0,17,24,19,-2,0.2833333333333333,0.4,0.31666666666666665,0.0,0.0,20.0,40.0,0.0,36.70634920634921,73.41269841269842
2022-08-09,2022-08-08,2.29,2.28,1.0,1,False,False,False,-1.0,3.0,0.3333333333333333,76.0,82.0,0.9146341463414634,75.0,87.0,0.8620689655172413,150.0,196.0,0.3826530612244898,-0.10000000000000231,4.1878787878787875,5.599248120300751,2.750041678243956,4,3,3,1,0.4,0.3,0.3,0.0,6,8,6,0,0.3,0.4,0.3,0.0,17,24,19,-2,0.2833333333333333,0.4,0.31666666666666665,0.0,40.0,61.666666666666664,83.33333333333333,73.41269841269842,83.53174603174604,93.65079365079364
2022-08-10,2022-08-09,2.28,2.29,-1.0,1,False,False,False,-1.0,3.0,0.3333333333333333,75.0,83.0,0.9036144578313253,75.0,87.0,0.8620689655172413,149.0,197.0,0.38071065989847713,-0.10000000000000231,0.048484848484848526,5.646616541353382,2.8096971380939144,4,2,4,0,0.4,0.2,0.4,0.0,6,8,6,0,0.3,0.4,0.3,0.0,17,23,20,-3,0.2833333333333333,0.38333333333333336,0.3333333333333333,0.0,40.0,61.666666666666664,83.33333333333333,73.01587301587301,83.33333333333333,93.65079365079364
2022-08-11,2022-08-10,2.28,2.28,0.0,1,False,False,False,-1.0,3.0,0.3333333333333333,0.0,8.0,0.25,75.0,87.0,0.8620689655172413,148.0,196.0,0.3826530612244898,0.0,-1.0765799026668185e-15,5.581203007518797,2.862767435398722,3,3,4,-1,0.3,0.3,0.4,0.0,6,8,6,0,0.3,0.4,0.3,0.0,16,24,20,-4,0.26666666666666666,0.4,0.3333333333333333,0.0,0.0,19.166666666666668,38.333333333333336,0.0,36.30952380952381,72.61904761904762
2022-08-12,2022-08-11,2.28,2.28,0.0,1,False,False,False,0.0,2.0,0.5,1.0,7.0,0.2857142857142857,74.0,86.0,0.872093023255814,148.0,196.0,0.3826530612244898,-0.10000000000000231,-0.11515151515151592,5.418796992481202,2.907613225896082,3,4,3,0,0.3,0.4,0.3,0.0,5,9,6,-1,0.25,0.45,0.3,0.0,16,24,20,-4,0.26666666666666666,0.4,0.3333333333333333,0.0,0.0,20.0,40.0,0.0,36.30952380952381,72.61904761904762
2022-08-15,2022-08-12,2.29,2.28,1.0,3,False,False,False,1.0,3.0,0.3333333333333333,1.0,7.0,0.2857142857142857,75.0,87.0,0.8620689655172413,150.0,196.0,0.3826530612244898,0.0,-0.1212121212121216,5.159398496240601,2.9441789385940536,3,4,3,0,0.3,0.4,0.3,0.0,6,8,6,0,0.3,0.4,0.3,0.0,17,24,19,-2,0.2833333333333333,0.4,0.31666666666666665,0.0,40.0,61.666666666666664,83.33333333333333,72.61904761904762,83.13492063492063,93.65079365079364
2022-08-16,2022-08-15,2.29,2.29,0.0,1,False,False,False,0.0,2.0,0.5,-1.0,5.0,0.2,75.0,87.0,0.8620689655172413,150.0,196.0,0.3826530612244898,0.30000000000000693,-0.0060606060606062,4.787218045112781,2.9724090025006946,2,5,3,-1,0.2,0.5,0.3,0.0,6,8,6,0,0.3,0.4,0.3,0.0,17,24,19,-2,0.2833333333333333,0.4,0.31666666666666665,0.0,0.0,20.0,40.0,0.0,36.111111111111114,72.22222222222223
2022-08-17,2022-08-16,2.29,2.29,0.0,1,False,False,False,1.0,1.0,1.0,0.0,4.0,0.25,76.0,86.0,0.872093023255814,151.0,195.0,0.38461538461538464,0.30000000000000693,0.054545454545455806,4.286466165413533,2.9906085023617672,2,6,2,0,0.2,0.6,0.2,0.0,6,9,5,1,0.3,0.45,0.25,0.0,17,25,18,-1,0.2833333333333333,0.4166666666666667,0.3,0.0,0.0,20.0,40.0,0.0,36.111111111111114,72.22222222222223
2022-08-18,2022-08-17,2.28,2.29,-1.0,1,False,False,False,0.0,2.0,0.5,-1.0,5.0,0.2,75.0,87.0,0.8620689655172413,150.0,196.0,0.3826530612244898,0.0,0.060606060606062,3.6571428571428566,2.9987774381772714,2,5,3,-1,0.2,0.5,0.3,0.0,6,8,6,0,0.3,0.4,0.3,0.0,17,24,19,-2,0.2833333333333333,0.4,0.31666666666666665,0.0,41.666666666666664,62.5,83.33333333333333,72.22222222222223,82.93650793650794,93.65079365079364
2022-08-19,2022-08-18,2.28,2.28,0.0,1,False,False,False,0.0,2.0,0.5,0.0,4.0,0.25,76.0,86.0,0.872093023255814,150.0,196.0,0.3826530612244898,-0.30000000000000693,0.0121212121212124,2.8992481203007516,2.9986107252014444,2,6,2,0,0.2,0.6,0.2,0.0,6,9,5,1,0.3,0.45,0.25,0.0,17,24,19,-2,0.2833333333333333,0.4,0.31666666666666665,0.0,0.0,20.0,40.0,0.0,35.91269841269841,71.82539682539682
2022-08-22,2022-08-19,2.28,2.28,0.0,3,False,False,False,-1.0,1.0,1.0,0.0,4.0,0.25,75.0,85.0,0.8823529411764706,150.0,196.0,0.3826530612244898,-0.30000000000000693,-0.0363636363636372,2.0428571428571427,2.990108363434287,2,6,2,0,0.2,0.6,0.2,0.0,5,10,5,0,0.25,0.5,0.25,0.0,17,24,19,-2,0.2833333333333333,0.4,0.31666666666666665,0.0,0.0,20.0,40.0,0.0,35.91269841269841,71.82539682539682
2022-08-23,2022-08-22,2.27,2.28,-1.0,1,False,False,False,-2.0,2.0,0.5,-2.0,4.0,0.25,74.0,86.0,0.872093023255814,149.0,197.0,0.38071065989847713,-0.40000000000000036,-0.07272727272727199,1.0593984962406016,2.9716310086135036,1,6,3,-2,0.1,0.6,0.3,0.0,5,9,6,-1,0.25,0.45,0.3,0.0,17,23,20,-3,0.2833333333333333,0.38333333333333336,0.3333333333333333,0.0,40.0,61.666666666666664,83.33333333333333,71.82539682539682,82.73809523809524,93.65079365079364
2022-08-24,2022-08-23,2.27,2.27,0.0,1,False,False,False,-2.0,2.0,0.5,-1.0,3.0,0.3333333333333333,74.0,86.0,0.872093023255814,149.0,197.0,0.38071065989847713,-0.2999999999999936,-0.1515151515151507,-0.035338345864661405,2.944873575993331,1,7,2,-1,0.1,0.7,0.2,0.0,5,9,6,-1,0.25,0.45,0.3,0.0,17,23,20,-3,0.2833333333333333,0.38333333333333336,0.3333333333333333,0.0,0.0,19.166666666666668,38.333333333333336,0.0,35.714285714285715,71.42857142857143
2022-08-25,2022-08-24,2.28,2.27,1.0,1,False,False,False,0.0,2.0,0.5,0.0,4.0,0.25,0.0,12.0,0.16666666666666666,149.0,197.0,0.38071065989847713,-0.09999999999999787,-0.1636363636363642,-0.04285714285714291,2.9131703250903023,2,6,2,0,0.2,0.6,0.2,0.0,5,9,6,-1,0.25,0.45,0.3,0.0,17,23,20,-3,0.2833333333333333,0.38333333333333336,0.3333333333333333,0.0,38.333333333333336,60.833333333333336,83.33333333333333,71.42857142857143,82.53968253968254,93.65079365079364
2022-08-26,2022-08-25,2.28,2.28,0.0,1,False,False,False,0.0,2.0,0.5,0.0,4.0,0.25,1.0,11.0,0.18181818181818182,148.0,196.0,0.3826530612244898,0.09999999999999787,-0.17575757575757764,-0.06616541353383461,2.8748819116421225,2,6,2,0,0.2,0.6,0.2,0.0,5,10,5,0,0.25,0.5,0.25,0.0,16,24,20,-4,0.26666666666666666,0.4,0.3333333333333333,0.0,0.0,19.166666666666668,38.333333333333336,0.0,35.51587301587302,71.03174603174604
2022-08-29,2022-08-26,2.28,2.28,0.0,3,False,False,False,0.0,2.0,0.5,-1.0,3.0,0.3333333333333333,0.0,10.0,0.2,149.0,195.0,0.38461538461538464,0.2999999999999936,-0.12121212121212294,-0.07518796992481233,2.826674076132259,1,7,2,-1,0.1,0.7,0.2,0.0,4,11,5,-1,0.2,0.55,0.25,0.0,16,25,19,-3,0.26666666666666666,0.4166666666666667,0.31666666666666665,0.0,0.0,20.0,40.0,0.0,35.51587301587302,71.03174603174604
2022-08-30,2022-08-29,2.29,2.28,1.0,1,False,False,False,2.0,2.0,0.5,0.0,4.0,0.25,-1.0,9.0,0.1111111111111111,151.0,195.0,0.38461538461538464,0.40000000000000036,0.0,-0.03834586466165436,2.7701305918310637,2,6,2,0,0.2,0.6,0.2,0.0,4,11,5,-1,0.2,0.55,0.25,0.0,17,25,18,-1,0.2833333333333333,0.4166666666666667,0.3,0.0,41.666666666666664,62.5,83.33333333333333,71.03174603174604,82.34126984126983,93.65079365079364
2022-08-31,2022-08-30,2.29,2.29,0.0,1,True,False,False,2.0,2.0,0.5,0.0,4.0,0.25,0.0,8.0,0.125,151.0,195.0,0.38461538461538464,0.30000000000000693,0.12121212121212294,-0.015789473684210357,2.705195887746596,2,6,2,0,0.2,0.6,0.2,0.0,4,12,4,0,0.2,0.6,0.2,0.0,17,25,18,-1,0.2833333333333333,0.4166666666666667,0.3,0.0,0.0,20.833333333333332,41.666666666666664,0.0,35.317460317460316,70.63492063492063
2022-09-01,2022-08-31,2.29,2.29,0.0,1,False,False,False,1.0,1.0,1.0,1.0,3.0,0.3333333333333333,0.0,8.0,0.125,152.0,194.0,0.3865979381443299,0.30000000000000693,0.17575757575757764,0.0067669172932336395,2.6301750486246176,2,7,1,1,0.2,0.7,0.1,0.0,4,12,4,0,0.2,0.6,0.2,0.0,17,26,17,0,0.2833333333333333,0.43333333333333335,0.2833333333333333,0.0,0.0,20.833333333333332,41.666666666666664,0.0,35.317460317460316,70.63492063492063
2022-09-02,2022-09-01,2.29,2.29,0.0,1,False,False,False,1.0,1.0,1.0,1.0,3.0,0.3333333333333333,1.0,7.0,0.14285714285714285,153.0,193.0,0.38860103626943004,0.20000000000000462,0.21818181818182,0.013533834586466745,2.545012503473187,2,7,1,1,0.2,0.7,0.1,0.0,4,13,3,1,0.2,0.65,0.15,0.0,17,27,16,1,0.2833333333333333,0.45,0.26666666666666666,0.0,0.0,21.666666666666668,43.333333333333336,0.0,35.317460317460316,70.63492063492063
2022-09-06,2022-09-02,2.29,2.29,0.0,4,False,False,False,1.0,1.0,1.0,1.0,3.0,0.3333333333333333,1.0,7.0,0.14285714285714285,154.0,192.0,0.390625,0.0,0.24848484848484992,0.018796992481203575,2.4496526813003614,2,7,1,1,0.2,0.7,0.1,0.0,4,13,3,1,0.2,0.65,0.15,0.0,17,28,15,2,0.2833333333333333,0.4666666666666667,0.25,0.0,0.0,22.5,45.0,0.0,35.317460317460316,70.63492063492063
2022-09-07,2022-09-06,2.28,2.29,-1.0,1,False,False,False,-1.0,1.0,1.0,1.0,3.0,0.3333333333333333,-1.0,7.0,0.14285714285714285,153.0,193.0,0.38860103626943004,-0.20000000000000462,0.1454545454545464,0.024060150375940406,2.3440955821061404,2,7,1,1,0.2,0.7,0.1,0.0,3,13,4,-1,0.15,0.65,0.2,0.0,17,27,16,1,0.2833333333333333,0.45,0.26666666666666666,0.0,46.666666666666664,65.0,83.33333333333333,70.63492063492063,82.14285714285714,93.65079365079364
2022-09-08,2022-09-07,2.28,2.28,0.0,1,False,False,False,-1.0,1.0,1.0,1.0,3.0,0.3333333333333333,0.0,6.0,0.16666666666666666,155.0,191.0,0.39267015706806285,-0.30000000000000693,0.030303030303031,0.01503759398496262,2.2266462906362876,2,7,1,1,0.2,0.7,0.1,0.0,3,14,3,0,0.15,0.7,0.15,0.0,17,28,15,2,0.2833333333333333,0.4666666666666667,0.25,0.0,0.0,22.5,45.0,0.0,35.11904761904762,70.23809523809524
2022-09-09,2022-09-08,2.28,2.28,0.0,1,False,False,False,-1.0,1.0,1.0,0.0,2.0,0.5,0.0,6.0,0.16666666666666666,159.0,187.0,0.40106951871657753,-0.30000000000000693,-0.030303030303031,0.006015037593984834,2.093803834398444,1,8,1,0,0.1,0.8,0.1,0.0,3,14,3,0,0.15,0.7,0.15,0.0,17,29,14,3,0.2833333333333333,0.48333333333333334,0.23333333333333334,0.0,0.0,23.333333333333332,46.666666666666664,0.0,35.11904761904762,70.23809523809524
2022-09-12,2022-09-09,2.28,2.28,0.0,3,False,False,False,-1.0,1.0,1.0,0.0,2.0,0.5,0.0,6.0,0.16666666666666666,158.0,186.0,0.4032258064516129,-0.20000000000000462,-0.09090909090909301,-0.0030075187969929515,1.9538205056960267,1,8,1,0,0.1,0.8,0.1,0.0,3,14,3,0,0.15,0.7,0.15,0.0,16,30,14,2,0.26666666666666666,0.5,0.23333333333333334,0.0,0.0,24.166666666666668,48.333333333333336,0.0,35.11904761904762,70.23809523809524
2022-09-13,2022-09-12,2.28,2.28,0.0,1,False,False,False,-1.0,1.0,1.0,0.0,2.0,0.5,-1.0,5.0,0.2,83.0,111.0,0.6756756756756757,0.0,-0.15151515151515502,0.003759398496240154,1.932175604334537,1,8,1,0,0.1,0.8,0.1,0.0,2,15,3,-1,0.1,0.75,0.15,0.0,15,31,14,1,0.25,0.5166666666666667,0.23333333333333334,0.0,0.0,25.0,50.0,0.0,35.11904761904762,70.23809523809524
2022-09-14,2022-09-13,2.27,2.28,-1.0,1,False,False,False,-1.0,1.0,1.0,-2.0,2.0,0.5,-2.0,6.0,0.16666666666666666,82.0,112.0,0.6696428571428571,-0.19999999999999574,-0.2000000000000022,-0.0022556390977444465,1.9042789663795494,0,8,2,-2,0.0,0.8,0.2,0.0,2,14,4,-2,0.1,0.7,0.2,0.0,15,30,15,0,0.25,0.5,0.25,0.0,51.666666666666664,70.0,88.33333333333333,70.23809523809524,81.94444444444444,93.65079365079364
2022-09-15,2022-09-14,2.28,2.27,1.0,1,False,False,False,0.0,2.0,0.5,-1.0,3.0,0.3333333333333333,-1.0,7.0,0.14285714285714285,83.0,113.0,0.6637168141592921,-0.09999999999999787,-0.16969696969697173,0.009022556390977418,1.8734648513475962,1,7,2,-1,0.1,0.7,0.2,0.0,3,13,4,-1,0.15,0.65,0.2,0.0,16,29,15,1,0.26666666666666666,0.48333333333333334,0.25,0.0,50.0,69.16666666666667,88.33333333333333,69.84126984126983,81.74603174603175,93.65079365079364
2022-09-16,2022-09-15,2.27,2.28,-1.0,1,False,False,False,-1.0,3.0,0.3333333333333333,-2.0,4.0,0.25,-1.0,7.0,0.14285714285714285,82.0,114.0,0.6578947368421053,-0.19999999999999574,-0.18181818181818224,-0.008270676691729314,1.836398999722145,1,6,3,-2,0.1,0.6,0.3,0.0,3,13,4,-1,0.15,0.65,0.2,0.0,16,28,16,0,0.26666666666666666,0.4666666666666667,0.26666666666666666,0.0,48.333333333333336,68.33333333333333,88.33333333333333,69.44444444444444,81.54761904761905,93.65079365079364
2022-09-19,2022-09-16,2.27,2.27,0.0,3,False,False,False,-1.0,3.0,0.3333333333333333,-2.0,4.0,0.25,-1.0,7.0,0.14285714285714285,83.0,113.0,0.6637168141592921,-0.19999999999999574,-0.16969696969696849,-0.02406015037593984,1.7930814115031952,1,6,3,-2,0.1,0.6,0.3,0.0,3,13,4,-1,0.15,0.65,0.2,0.0,16,29,15,1,0.26666666666666666,0.48333333333333334,0.25,0.0,0.0,23.333333333333332,46.666666666666664,0.0,34.523809523809526,69.04761904761905
2022-09-20,2022-09-19,2.26,2.27,-1.0,1,False,False,False,-2.0,4.0,0.25,-3.0,5.0,0.2,-2.0,8.0,0.125,80.0,112.0,0.6696428571428571,-0.3000000000000025,-0.18787878787878629,-0.052631578947368765,1.7469019171992217,1,5,4,-3,0.1,0.5,0.4,0.0,3,12,5,-2,0.15,0.6,0.25,0.0,15,29,16,-1,0.25,0.48333333333333334,0.26666666666666666,0.0,48.333333333333336,68.33333333333333,88.33333333333333,69.04761904761905,81.34920634920636,93.65079365079364
2022-09-21,2022-09-20,2.25,2.26,-1.0,1,False,False,False,-2.0,4.0,0.25,-3.0,5.0,0.2,-2.0,8.0,0.125,75.0,109.0,0.6880733944954128,-0.6999999999999984,-0.290909090909089,-0.10827067669172939,1.701417060294526,1,5,4,-3,0.1,0.5,0.4,0.0,3,12,5,-2,0.15,0.6,0.25,0.0,14,29,17,-3,0.23333333333333334,0.48333333333333334,0.2833333333333333,0.0,48.333333333333336,69.16666666666667,90.0,68.65079365079364,81.15079365079364,93.65079365079364
2022-09-22,2022-09-21,2.99,2.25,74.0,1,False,False,False,71.0,77.0,0.961038961038961,71.0,79.0,0.9367088607594937,72.0,82.0,0.9024390243902439,147.0,181.0,0.4143646408839779,14.200000000000003,3.6787878787878823,0.89624060150376,1.7764656849124756,2,4,4,-2,0.2,0.4,0.4,0.0,4,11,5,-1,0.2,0.55,0.25,0.0,14,29,17,-3,0.23333333333333334,0.48333333333333334,0.2833333333333333,0.0,98.33333333333333,98.33333333333333,98.33333333333333,99.2063492063492,99.2063492063492,99.2063492063492
2022-09-23,2022-09-22,2.99,2.99,0.0,1,False,False,False,72.0,76.0,0.9736842105263158,71.0,79.0,0.9367088607594937,71.0,81.0,0.9135802469135802,148.0,180.0,0.4166666666666667,21.70000000000001,6.787878787878792,1.80827067669173,1.8416504584606834,2,4,4,-2,0.2,0.4,0.4,0.0,3,12,5,-2,0.15,0.6,0.25,0.0,14,30,16,-2,0.23333333333333334,0.5,0.26666666666666666,0.0,0.0,24.166666666666668,48.333333333333336,0.0,33.92857142857143,67.85714285714286
2022-09-26,2022-09-23,2.99,2.99,0.0,3,False,False,False,72.0,76.0,0.9736842105263158,71.0,79.0,0.9367088607594937,71.0,81.0,0.9135802469135802,149.0,179.0,0.41899441340782123,22.00000000000001,9.03636363636364,2.6135338345864674,1.8969158099472077,2,4,4,-2,0.2,0.4,0.4,0.0,3,12,5,-2,0.15,0.6,0.25,0.0,14,31,15,-1,0.23333333333333334,0.5166666666666667,0.25,0.0,0.0,25.0,50.0,0.0,33.92857142857143,67.85714285714286
2022-09-27,2022-09-26,2.98,2.99,-1.0,1,False,False,False,72.0,76.0,0.9736842105263158,70.0,80.0,0.925,70.0,82.0,0.9024390243902439,146.0,178.0,0.42134831460674155,14.6,10.369696969696971,3.2977443609022563,1.9456515698805223,2,3,5,-3,0.2,0.3,0.5,-0.5,3,11,6,-3,0.15,0.55,0.3,0.0,13,31,16,-3,0.21666666666666667,0.5166666666666667,0.26666666666666666,0.0,51.666666666666664,71.66666666666667,91.66666666666667,67.85714285714286,80.55555555555556,93.25396825396825
2022-09-28,2022-09-27,2.98,2.98,0.0,1,False,False,False,73.0,75.0,0.9866666666666667,71.0,79.0,0.9367088607594937,69.0,81.0,0.9135802469135802,144.0,176.0,0.42613636363636365,-0.30000000000000693,10.78787878787879,3.8924812030075193,1.9896637954987497,2,4,4,-2,0.2,0.4,0.4,0.0,2,12,6,-4,0.1,0.6,0.3,0.0,12,32,16,-4,0.2,0.5333333333333333,0.26666666666666666,0.0,0.0,25.833333333333332,51.666666666666664,0.0,33.73015873015873,67.46031746031746
2022-09-29,2022-09-28,2.96,2.98,-2.0,1,False,False,False,-3.0,3.0,0.6666666666666666,68.0,80.0,0.925,67.0,83.0,0.891566265060241,142.0,178.0,0.42134831460674155,-0.7000000000000073,10.303030303030303,4.354887218045114,2.022395109752709,1,4,5,-4,0.1,0.4,0.5,-0.5,2,11,7,-5,0.1,0.55,0.35,0.0,12,31,17,-5,0.2,0.5166666666666667,0.2833333333333333,0.0,95.0,95.83333333333333,96.66666666666667,93.25396825396825,95.23809523809524,97.22222222222223
2022-09-30,2022-09-29,2.98,2.96,2.0,1,True,True,False,-1.0,5.0,0.4,71.0,81.0,0.9135802469135802,69.0,85.0,0.8705882352941177,144.0,180.0,0.4166666666666667,-0.4000000000000048,9.036363636363637,4.745112781954888,2.0505140316754655,2,4,4,-2,0.2,0.4,0.4,0.0,3,10,7,-4,0.15,0.5,0.35,0.0,13,30,17,-4,0.21666666666666667,0.5,0.2833333333333333,0.0,93.33333333333333,95.0,96.66666666666667,92.85714285714286,95.03968253968254,97.22222222222223
2022-10-03,2022-09-30,3.0,2.98,2.0,3,False,False,False,1.0,7.0,0.2857142857142857,73.0,83.0,0.891566265060241,71.0,87.0,0.8505747126436781,147.0,181.0,0.4143646408839779,0.40000000000000036,7.0181818181818185,5.06015037593985,2.072214504028897,3,3,4,-1,0.3,0.3,0.4,0.0,4,9,7,-3,0.2,0.45,0.35,0.0,14,30,16,-2,0.23333333333333334,0.5,0.26666666666666666,0.0,91.66666666666667,94.16666666666667,96.66666666666667,92.46031746031746,94.84126984126983,97.22222222222223
2022-10-04,2022-10-03,3.04,3.0,4.0,1,False,False,False,6.0,10.0,0.4,78.0,86.0,0.8604651162790697,75.0,91.0,0.8131868131868132,151.0,185.0,0.40540540540540543,1.6000000000000014,4.266666666666666,5.325563909774437,2.0923034176160042,4,3,3,1,0.4,0.3,0.3,0.0,5,8,7,-2,0.25,0.4,0.35,0.0,15,29,16,-1,0.25,0.48333333333333334,0.26666666666666666,0.0,96.66666666666667,96.66666666666667,96.66666666666667,97.22222222222223,97.61904761904762,98.01587301587301
2022-10-05,2022-10-04,3.04,3.04,0.0,1,False,False,False,6.0,10.0,0.4,79.0,85.0,0.8705882352941177,76.0,90.0,0.8222222222222222,150.0,184.0,0.4076086956521739,2.200000000000002,0.5030303030303006,5.462406015037596,2.1056960266740763,4,4,2,2,0.4,0.4,0.2,0.0,5,9,6,-1,0.25,0.45,0.3,0.0,14,30,16,-2,0.23333333333333334,0.5,0.26666666666666666,0.0,0.0,24.166666666666668,48.333333333333336,0.0,32.93650793650794,65.87301587301587
2022-10-06,2022-10-05,3.05,3.04,1.0,1,False,False,False,9.0,9.0,0.4444444444444444,6.0,12.0,0.3333333333333333,77.0,91.0,0.8131868131868132,152.0,184.0,0.4076086956521739,1.7999999999999972,0.769696969696967,5.499248120300753,2.1106974159488745,4,4,2,2,0.4,0.4,0.2,0.0,6,8,6,0,0.3,0.4,0.3,0.0,15,30,15,0,0.25,0.5,0.25,0.0,50.0,69.16666666666667,88.33333333333333,65.87301587301587,78.76984126984127,91.66666666666667
2022-10-07,2022-10-06,3.05,3.05,0.0,1,False,False,False,7.0,7.0,0.5714285714285714,6.0,12.0,0.3333333333333333,77.0,91.0,0.8131868131868132,152.0,184.0,0.4076086956521739,1.0999999999999943,0.9636363636363611,5.420300751879699,2.107252014448458,4,4,2,2,0.4,0.4,0.2,0.0,6,8,6,0,0.3,0.4,0.3,0.0,15,30,15,0,0.25,0.5,0.25,0.0,0.0,25.0,50.0,0.0,32.73809523809524,65.47619047619048
2022-10-11,2022-10-07,3.05,3.05,0.0,4,False,False,False,5.0,5.0,0.8,6.0,12.0,0.3333333333333333,77.0,91.0,0.8131868131868132,151.0,183.0,0.4098360655737705,0.2999999999999936,1.084848484848483,5.225563909774436,2.097054737427063,4,4,2,2,0.4,0.4,0.2,0.0,6,8,6,0,0.3,0.4,0.3,0.0,14,31,15,-1,0.23333333333333334,0.5166666666666667,0.25,0.0,0.0,25.0,50.0,0.0,32.73809523809524,65.47619047619048
2022-10-12,2022-10-11,3.04,3.05,-1.0,1,False,False,False,0.0,2.0,0.5,6.0,12.0,0.3333333333333333,76.0,92.0,0.8043478260869565,150.0,184.0,0.4076086956521739,0.0,1.012121212121211,4.900751879699247,2.0768268963601,4,4,2,2,0.4,0.4,0.2,0.0,6,7,7,-1,0.3,0.35,0.35,0.0,14,30,16,-2,0.23333333333333334,0.5,0.26666666666666666,0.0,51.666666666666664,70.0,88.33333333333333,65.47619047619048,78.57142857142857,91.66666666666667
2022-10-13,2022-10-12,3.04,3.04,0.0,1,False,False,False,0.0,2.0,0.5,6.0,12.0,0.3333333333333333,77.0,91.0,0.8131868131868132,150.0,184.0,0.4076086956521739,-0.2999999999999936,0.8666666666666661,4.445864661654135,2.048263406501806,4,4,2,2,0.4,0.4,0.2,0.0,6,8,6,0,0.3,0.4,0.3,0.0,14,30,16,-2,0.23333333333333334,0.5,0.26666666666666666,0.0,0.0,25.0,50.0,0.0,32.53968253968254,65.07936507936508
2022-10-14,2022-10-13,3.04,3.04,0.0,1,False,False,False,-1.0,1.0,1.0,8.0,10.0,0.4,76.0,90.0,0.8222222222222222,151.0,183.0,0.4098360655737705,-0.2999999999999936,0.5151515151515152,3.890977443609022,2.0096693525979443,4,5,1,3,0.4,0.5,0.1,0.0,5,9,6,-1,0.25,0.45,0.3,0.0,14,31,15,-1,0.23333333333333334,0.5166666666666667,0.25,0.0,0.0,25.0,50.0,0.0,32.53968253968254,65.07936507936508
2022-10-17,2022-10-14,3.05,3.04,1.0,3,False,False,False,0.0,2.0,0.5,7.0,9.0,0.4444444444444444,78.0,90.0,0.8222222222222222,152.0,184.0,0.4076086956521739,0.0,0.25454545454545396,3.2203007518796984,1.9643234231731037,4,5,1,3,0.4,0.5,0.1,0.0,6,9,5,1,0.3,0.45,0.25,0.0,15,30,15,0,0.25,0.5,0.25,0.0,51.666666666666664,70.0,88.33333333333333,65.07936507936508,78.37301587301587,91.66666666666667
2022-10-18,2022-10-17,3.04,3.05,-1.0,1,False,False,False,-1.0,3.0,0.3333333333333333,4.0,8.0,0.5,77.0,91.0,0.8131868131868132,152.0,184.0,0.4076086956521739,0.09999999999999787,-0.012121212121211863,2.418045112781954,1.907196443456516,3,5,2,1,0.3,0.5,0.2,0.0,6,8,6,0,0.3,0.4,0.3,0.0,15,30,15,0,0.25,0.5,0.25,0.0,50.0,69.16666666666667,88.33333333333333,64.68253968253968,78.17460317460318,91.66666666666667
2022-10-19,2022-10-18,3.04,3.04,0.0,1,False,False,False,0.0,2.0,0.5,0.0,4.0,0.25,78.0,90.0,0.8222222222222222,151.0,183.0,0.4098360655737705,0.0,-0.06060606060605932,1.4842105263157885,1.84331758821895,2,6,2,0,0.2,0.6,0.2,0.0,6,9,5,1,0.3,0.45,0.25,0.0,14,31,15,-1,0.23333333333333334,0.5166666666666667,0.25,0.0,0.0,25.0,50.0,0.0,32.142857142857146,64.28571428571429
2022-10-20,2022-10-19,3.03,3.04,-1.0,1,False,False,False,-1.0,3.0,0.3333333333333333,-1.0,5.0,0.2,78.0,90.0,0.8222222222222222,150.0,184.0,0.4076086956521739,-0.3000000000000025,-0.16363636363636255,0.40300751879699126,1.7694081689358157,2,5,3,-1,0.2,0.5,0.3,0.0,6,9,5,1,0.3,0.45,0.25,0.0,14,30,16,-2,0.23333333333333334,0.5,0.26666666666666666,0.0,51.666666666666664,70.0,88.33333333333333,64.28571428571429,77.97619047619048,91.66666666666667
2022-10-21,2022-10-20,3.02,3.03,-1.0,1,False,False,False,-2.0,4.0,0.25,-3.0,5.0,0.2,3.0,17.0,0.23529411764705882,149.0,185.0,0.40540540540540543,-0.6999999999999984,-0.24242424242424157,0.35864661654135255,1.6855237565990553,1,5,4,-3,0.1,0.5,0.4,0.0,5,9,6,-1,0.25,0.45,0.3,0.0,14,29,17,-3,0.23333333333333334,0.48333333333333334,0.2833333333333333,0.0,50.0,69.16666666666667,88.33333333333333,63.888888888888886,77.77777777777777,91.66666666666667
2022-10-24,2022-10-21,3.01,3.02,-1.0,3,False,False,False,-4.0,4.0,0.25,-4.0,6.0,0.16666666666666666,2.0,18.0,0.2222222222222222,73.0,111.0,0.6666666666666666,-0.8000000000000052,-0.33939393939394025,0.2954887218045106,1.7188385662684078,1,4,5,-4,0.1,0.4,0.5,-0.5,5,8,7,-2,0.25,0.4,0.35,0.0,13,29,18,-5,0.21666666666666667,0.48333333333333334,0.3,0.0,48.333333333333336,68.33333333333333,88.33333333333333,63.888888888888886,77.97619047619048,92.06349206349206
2022-10-25,2022-10-24,3.02,3.01,1.0,1,False,False,False,-2.0,4.0,0.25,-3.0,7.0,0.14285714285714285,3.0,19.0,0.21052631578947367,75.0,111.0,0.6666666666666666,-0.6000000000000005,-0.3333333333333346,0.24360902255639072,1.7480411225340373,2,3,5,-3,0.2,0.3,0.5,-0.5,6,7,7,-1,0.3,0.35,0.35,0.0,14,29,17,-3,0.23333333333333334,0.48333333333333334,0.2833333333333333,0.0,48.333333333333336,69.16666666666667,90.0,63.492063492063494,77.77777777777777,92.06349206349206
2022-10-26,2022-10-25,3.03,3.02,1.0,1,False,False,False,-1.0,5.0,0.2,-1.0,7.0,0.14285714285714285,5.0,19.0,0.21052631578947367,75.0,111.0,0.6666666666666666,0.0,-0.30303030303030465,0.18571428571428528,1.7764101139205337,3,3,4,-1,0.3,0.3,0.4,0.0,7,7,6,1,0.35,0.35,0.3,0.0,14,29,17,-3,0.23333333333333334,0.48333333333333334,0.2833333333333333,0.0,48.333333333333336,69.16666666666667,90.0,63.095238095238095,77.57936507936508,92.06349206349206
2022-10-27,2022-10-26,3.04,3.03,1.0,1,False,False,False,1.0,5.0,0.2,0.0,8.0,0.125,6.0,20.0,0.2,74.0,110.0,0.6727272727272727,0.6000000000000005,-0.2060606060606065,0.1345864661654133,1.805640455682134,4,2,4,0,0.4,0.2,0.4,0.0,8,6,6,2,0.4,0.3,0.3,0.0,14,29,17,-3,0.23333333333333334,0.48333333333333334,0.2833333333333333,0.0,48.333333333333336,69.16666666666667,90.0,63.095238095238095,77.77777777777777,92.46031746031746
2022-10-28,2022-10-27,3.05,3.04,1.0,1,False,False,False,3.0,5.0,0.2,1.0,9.0,0.1111111111111111,9.0,19.0,0.21052631578947367,76.0,110.0,0.6727272727272727,1.0000000000000009,-0.054545454545455,0.05714285714285676,1.8307029730480688,5,1,4,1,0.5,0.1,0.4,0.5,9,6,5,4,0.45,0.3,0.25,0.0,15,29,16,-1,0.25,0.48333333333333334,0.26666666666666666,0.0,48.333333333333336,70.0,91.66666666666667,63.095238095238095,77.77777777777777,92.46031746031746
2022-10-31,2022-10-28,3.05,3.05,0.0,3,True,False,False,4.0,4.0,0.25,0.0,8.0,0.125,7.0,17.0,0.23529411764705882,76.0,110.0,0.6727272727272727,0.7999999999999963,0.1515151515151499,-0.002255639097744847,1.8515420950263963,4,2,4,0,0.4,0.2,0.4,0.0,8,7,5,3,0.4,0.35,0.25,0.0,15,29,16,-1,0.25,0.48333333333333334,0.26666666666666666,0.0,0.0,24.166666666666668,48.333333333333336,0.0,31.547619047619047,63.095238095238095
2022-11-01,2022-10-31,3.05,3.05,0.0,1,False,False,False,3.0,3.0,0.3333333333333333,1.0,7.0,0.14285714285714285,5.0,15.0,0.26666666666666666,77.0,109.0,0.6788990825688074,0.4999999999999982,0.2909090909090895,-0.040601503759399034,1.8664629063628786,4,3,3,1,0.4,0.3,0.3,0.0,7,8,5,2,0.35,0.4,0.25,0.0,15,30,15,0,0.25,0.5,0.25,0.0,0.0,24.166666666666668,48.333333333333336,0.0,31.547619047619047,63.095238095238095
2022-11-02,2022-11-01,3.05,3.05,0.0,1,False,False,False,2.0,2.0,0.5,1.0,7.0,0.14285714285714285,1.0,11.0,0.09090909090909091,77.0,109.0,0.6788990825688074,0.19999999999999574,0.4181818181818173,-0.023308270676692232,1.8771047513198111,4,3,3,1,0.4,0.3,0.3,0.0,6,9,5,1,0.3,0.45,0.25,0.0,15,30,15,0,0.25,0.5,0.25,0.0,0.0,25.0,50.0,0.0,31.547619047619047,63.095238095238095
2022-11-03,2022-11-02,3.8,3.05,75.0,1,False,False,False,76.0,76.0,0.9868421052631579,77.0,81.0,0.9259259259259259,76.0,86.0,0.872093023255814,151.0,183.0,0.4098360655737705,15.0,4.557575757575756,1.06390977443609,2.0081133648235623,5,3,2,3,0.5,0.3,0.2,0.5,7,8,5,2,0.35,0.4,0.25,0.0,15,30,15,0,0.25,0.5,0.25,0.0,100.0,100.0,100.0,99.2063492063492,99.60317460317461,100.0
2022-11-04,2022-11-03,3.8,3.8,0.0,1,False,False,False,75.0,75.0,1.0,78.0,80.0,0.9375,75.0,85.0,0.8823529411764706,152.0,182.0,0.41208791208791207,22.5,7.696969696969697,2.0526315789473677,2.129035843289803,5,4,1,4,0.5,0.4,0.1,0.5,6,9,5,1,0.3,0.45,0.25,0.0,15,31,14,1,0.25,0.5166666666666667,0.23333333333333334,0.0,0.0,25.0,50.0,0.0,31.349206349206348,62.698412698412696
2022-11-07,2022-11-04,3.78,3.8,-2.0,3,False,False,False,73.0,77.0,0.974025974025974,77.0,81.0,0.9259259259259259,73.0,87.0,0.8620689655172413,150.0,184.0,0.4076086956521739,22.1,9.715151515151513,2.899999999999999,2.2382328424562377,5,4,1,4,0.5,0.4,0.1,0.5,6,8,6,0,0.3,0.4,0.3,0.0,15,30,15,0,0.25,0.5,0.25,0.0,90.0,92.5,95.0,92.06349206349206,94.24603174603175,96.42857142857143
2022-11-08,2022-11-07,3.78,3.78,0.0,1,False,False,False,73.0,77.0,0.974025974025974,76.0,80.0,0.9375,73.0,87.0,0.8620689655172413,150.0,184.0,0.4076086956521739,14.4,10.866666666666667,3.637593984962405,2.339094192831342,4,5,1,3,0.4,0.5,0.1,0.0,6,8,6,0,0.3,0.4,0.3,0.0,15,30,15,0,0.25,0.5,0.25,0.0,0.0,25.0,50.0,0.0,31.150793650793652,62.301587301587304
2022-11-09,2022-11-08,3.78,3.78,0.0,1,False,False,False,73.0,77.0,0.974025974025974,75.0,79.0,0.9493670886075949,74.0,86.0,0.872093023255814,149.0,183.0,0.4098360655737705,-0.6000000000000005,11.163636363636362,4.249624060150374,2.4333148096693527,3,6,1,2,0.3,0.6,0.1,0.0,6,9,5,1,0.3,0.45,0.25,0.0,14,31,15,-1,0.23333333333333334,0.5166666666666667,0.25,0.0,0.0,25.0,50.0,0.0,31.150793650793652,62.301587301587304
2022-11-10,2022-11-09,3.78,3.78,0.0,1,False,False,False,-2.0,2.0,1.0,74.0,78.0,0.9615384615384616,74.0,86.0,0.872093023255814,149.0,183.0,0.4098360655737705,-0.40000000000000036,10.618181818181819,4.750375939849623,2.5192553487079743,2,7,1,1,0.2,0.7,0.1,0.0,6,9,5,1,0.3,0.45,0.25,0.0,14,31,15,-1,0.23333333333333334,0.5166666666666667,0.25,0.0,0.0,25.833333333333332,51.666666666666664,0.0,31.150793650793652,62.301587301587304
2022-11-14,2022-11-10,3.79,3.78,1.0,4,False,False,False,-1.0,3.0,0.6666666666666666,74.0,78.0,0.9615384615384616,75.0,87.0,0.8620689655172413,150.0,184.0,0.4076086956521739,0.20000000000000462,9.296969696969699,5.154135338345864,2.5985551542095027,2,7,1,1,0.2,0.7,0.1,0.0,7,8,5,2,0.35,0.4,0.25,0.0,15,30,15,0,0.25,0.5,0.25,0.0,51.666666666666664,70.0,88.33333333333333,62.301587301587304,76.98412698412699,91.66666666666667
2022-11-15,2022-11-14,3.8,3.79,1.0,1,False,False,False,2.0,2.0,0.5,75.0,79.0,0.9493670886075949,75.0,87.0,0.8620689655172413,152.0,184.0,0.4076086956521739,0.5000000000000027,7.133333333333335,5.475187969924812,2.6694637399277577,3,6,1,2,0.3,0.6,0.1,0.0,7,8,5,2,0.35,0.4,0.25,0.0,16,30,14,2,0.26666666666666666,0.5,0.23333333333333334,0.0,50.0,69.16666666666667,88.33333333333333,61.904761904761905,76.78571428571429,91.66666666666667
2022-11-16,2022-11-15,3.81,3.8,1.0,1,False,False,False,3.0,3.0,0.3333333333333333,76.0,80.0,0.9375,77.0,87.0,0.8620689655172413,153.0,185.0,0.40540540540540543,0.8000000000000052,4.115151515151516,5.681954887218044,2.7335648791330924,4,5,1,3,0.4,0.5,0.1,0.0,8,8,4,4,0.4,0.4,0.2,0.0,17,29,14,3,0.2833333333333333,0.48333333333333334,0.23333333333333334,0.0,50.0,69.16666666666667,88.33333333333333,61.507936507936506,76.58730158730158,91.66666666666667
2022-11-17,2022-11-16,3.8,3.81,-1.0,1,False,False,False,2.0,4.0,0.25,75.0,81.0,0.9259259259259259,76.0,88.0,0.8522727272727273,152.0,186.0,0.4032258064516129,0.6000000000000005,0.12121212121212267,5.758646616541354,2.787524312308974,4,4,2,2,0.4,0.4,0.2,0.0,8,7,5,3,0.4,0.35,0.25,0.0,17,28,15,2,0.2833333333333333,0.4666666666666667,0.25,0.0,48.333333333333336,68.33333333333333,88.33333333333333,61.111111111111114,76.38888888888889,91.66666666666667
2022-11-18,2022-11-17,3.8,3.8,0.0,1,False,False,False,2.0,4.0,0.25,0.0,6.0,0.3333333333333333,77.0,87.0,0.8620689655172413,153.0,185.0,0.40540540540540543,0.19999999999999574,0.21818181818181917,5.705263157894737,2.831342039455404,3,5,2,1,0.3,0.5,0.2,0.0,8,8,4,4,0.4,0.4,0.2,0.0,17,29,14,3,0.2833333333333333,0.48333333333333334,0.23333333333333334,0.0,0.0,23.333333333333332,46.666666666666664,0.0,30.357142857142858,60.714285714285715
2022-11-21,2022-11-18,3.8,3.8,0.0,3,False,False,False,1.0,3.0,0.3333333333333333,0.0,6.0,0.3333333333333333,78.0,86.0,0.872093023255814,153.0,185.0,0.40540540540540543,-0.10000000000000231,0.31515151515151574,5.5203007518797,2.8666574048346765,3,5,2,1,0.3,0.5,0.2,0.0,8,9,3,5,0.4,0.45,0.15,0.0,17,29,14,3,0.2833333333333333,0.48333333333333334,0.23333333333333334,0.0,0.0,24.166666666666668,48.333333333333336,0.0,30.357142857142858,60.714285714285715
2022-11-22,2022-11-21,3.8,3.8,0.0,1,False,False,False,0.0,2.0,0.5,2.0,4.0,0.25,79.0,85.0,0.8823529411764706,152.0,184.0,0.4076086956521739,-0.20000000000000462,0.2787878787878788,5.202255639097745,2.895165323701028,3,6,1,2,0.3,0.6,0.1,0.0,8,10,2,6,0.4,0.5,0.1,0.0,16,30,14,2,0.26666666666666666,0.5,0.23333333333333334,0.0,0.0,24.166666666666668,48.333333333333336,0.0,30.357142857142858,60.714285714285715
2022-11-23,2022-11-22,3.79,3.8,-1.0,1,False,False,False,-2.0,2.0,0.5,1.0,5.0,0.2,77.0,85.0,0.8823529411764706,151.0,185.0,0.40540540540540543,-0.19999999999999574,0.1636363636363642,4.766917293233083,2.913587107529869,3,5,2,1,0.3,0.5,0.2,0.0,7,10,3,4,0.35,0.5,0.15,0.0,16,29,15,1,0.26666666666666666,0.48333333333333334,0.25,0.0,50.0,69.16666666666667,88.33333333333333,60.714285714285715,76.19047619047619,91.66666666666667
2022-11-25,2022-11-23,3.8,3.79,1.0,2,False,False,False,0.0,2.0,0.5,2.0,6.0,0.16666666666666666,77.0,85.0,0.8823529411764706,152.0,186.0,0.4032258064516129,-0.09999999999999787,0.09090909090909059,4.245864661654136,2.9252570158377327,4,4,2,2,0.4,0.4,0.2,0.0,7,10,3,4,0.35,0.5,0.15,0.0,17,28,15,2,0.2833333333333333,0.4666666666666667,0.25,0.0,48.333333333333336,68.33333333333333,88.33333333333333,60.317460317460316,75.9920634920635,91.66666666666667
2022-11-28,2022-11-25,3.8,3.8,0.0,3,False,False,False,0.0,2.0,0.5,2.0,6.0,0.16666666666666666,76.0,84.0,0.8928571428571429,151.0,185.0,0.40540540540540543,0.0,-0.0060606060606072775,3.6248120300751885,2.930175048624618,4,4,2,2,0.4,0.4,0.2,0.0,6,11,3,3,0.3,0.55,0.15,0.0,16,29,15,1,0.26666666666666666,0.48333333333333334,0.25,0.0,0.0,23.333333333333332,46.666666666666664,0.0,29.96031746031746,59.92063492063492
2022-11-29,2022-11-28,3.81,3.8,1.0,1,False,False,False,1.0,3.0,0.3333333333333333,2.0,6.0,0.16666666666666666,76.0,84.0,0.8928571428571429,152.0,186.0,0.4032258064516129,0.3000000000000025,-0.006060606060605393,2.9195488721804517,2.9283412058905247,4,4,2,2,0.4,0.4,0.2,0.0,6,11,3,3,0.3,0.55,0.15,0.0,17,28,15,2,0.2833333333333333,0.4666666666666667,0.25,0.0,48.333333333333336,68.33333333333333,88.33333333333333,59.92063492063492,75.7936507936508,91.66666666666667
2022-11-30,2022-11-29,3.82,3.81,1.0,1,True,False,False,2.0,4.0,0.25,2.0,6.0,0.16666666666666666,77.0,85.0,0.8823529411764706,153.0,187.0,0.40106951871657753,0.6999999999999984,0.09090909090909086,2.1142857142857148,2.9196999166435122,4,4,2,2,0.4,0.4,0.2,0.0,7,10,3,4,0.35,0.5,0.15,0.0,18,27,15,3,0.3,0.45,0.25,0.0,46.666666666666664,67.5,88.33333333333333,59.523809523809526,75.5952380952381,91.66666666666667
2022-12-01,2022-11-30,3.82,3.82,0.0,1,False,False,False,3.0,3.0,0.3333333333333333,1.0,5.0,0.2,77.0,85.0,0.8823529411764706,153.0,187.0,0.40106951871657753,0.6000000000000005,0.23030303030303104,1.1932330827067674,2.902556265629341,3,5,2,1,0.3,0.5,0.2,0.0,7,10,3,4,0.35,0.5,0.15,0.0,18,27,15,3,0.3,0.45,0.25,0.0,0.0,22.5,45.0,0.0,29.563492063492063,59.12698412698413
2022-12-02,2022-12-01,3.81,3.82,-1.0,1,False,False,False,1.0,3.0,0.3333333333333333,1.0,5.0,0.2,76.0,86.0,0.872093023255814,152.0,188.0,0.39893617021276595,0.3000000000000025,0.23636363636363777,0.14210526315789535,2.875270908585718,3,5,2,1,0.3,0.5,0.2,0.0,7,9,4,3,0.35,0.45,0.2,0.0,18,26,16,2,0.3,0.43333333333333335,0.26666666666666666,0.0,45.0,66.66666666666667,88.33333333333333,59.12698412698413,75.39682539682539,91.66666666666667
2022-12-05,2022-12-02,3.81,3.81,0.0,3,False,False,False,1.0,3.0,0.3333333333333333,1.0,5.0,0.2,1.0,11.0,0.18181818181818182,153.0,187.0,0.40106951871657753,-0.09999999999999787,0.23030303030303212,0.16090225563909852,2.837843845512642,3,5,2,1,0.3,0.5,0.2,0.0,6,10,4,2,0.3,0.5,0.2,0.0,18,27,15,3,0.3,0.45,0.25,0.0,0.0,21.666666666666668,43.333333333333336,0.0,29.365079365079364,58.73015873015873
2022-12-06,2022-12-05,3.8,3.81,-1.0,1,False,False,False,-1.0,3.0,0.3333333333333333,0.0,6.0,0.16666666666666666,0.0,12.0,0.16666666666666666,152.0,188.0,0.39893617021276595,-0.4999999999999982,0.15757575757575826,0.1639097744360908,2.7902750764101136,3,4,3,0,0.3,0.4,0.3,0.0,6,9,5,1,0.3,0.45,0.25,0.0,18,26,16,2,0.3,0.43333333333333335,0.26666666666666666,0.0,45.0,66.66666666666667,88.33333333333333,58.73015873015873,75.1984126984127,91.66666666666667
2022-12-07,2022-12-06,3.8,3.8,0.0,1,False,False,False,-2.0,2.0,0.5,0.0,6.0,0.16666666666666666,2.0,10.0,0.1,152.0,188.0,0.39893617021276595,-0.5000000000000027,0.08484848484848438,0.135338345864662,2.73425951653237,3,4,3,0,0.3,0.4,0.3,0.0,6,10,4,2,0.3,0.5,0.2,0.0,18,26,16,2,0.3,0.43333333333333335,0.26666666666666666,0.0,0.0,21.666666666666668,43.333333333333336,0.0,29.166666666666668,58.333333333333336
2022-12-08,2022-12-07,3.8,3.8,0.0,1,False,False,False,-2.0,2.0,0.5,1.0,5.0,0.2,2.0,10.0,0.1,152.0,188.0,0.39893617021276595,-0.30000000000000693,-0.05454545454545473,0.10375939849624073,2.6697971658794106,3,5,2,1,0.3,0.5,0.2,0.0,6,10,4,2,0.3,0.5,0.2,0.0,18,26,16,2,0.3,0.43333333333333335,0.26666666666666666,0.0,0.0,21.666666666666668,43.333333333333336,0.0,29.166666666666668,58.333333333333336
2022-12-09,2022-12-08,3.8,3.8,0.0,1,False,False,False,-1.0,1.0,1.0,0.0,4.0,0.25,2.0,10.0,0.1,152.0,188.0,0.39893617021276595,-0.20000000000000462,-0.13939393939394046,0.06917293233082696,2.596888024451236,2,6,2,0,0.2,0.6,0.2,0.0,6,10,4,2,0.3,0.5,0.2,0.0,18,26,16,2,0.3,0.43333333333333335,0.26666666666666666,0.0,0.0,21.666666666666668,43.333333333333336,0.0,29.166666666666668,58.333333333333336
2022-12-12,2022-12-09,3.8,3.8,0.0,3,False,False,False,-1.0,1.0,1.0,0.0,4.0,0.25,2.0,10.0,0.1,153.0,187.0,0.40106951871657753,0.0,-0.22424242424242619,0.031578947368420714,2.5138371769936088,2,6,2,0,0.2,0.6,0.2,0.0,6,10,4,2,0.3,0.5,0.2,0.0,18,27,15,3,0.3,0.45,0.25,0.0,0.0,21.666666666666668,43.333333333333336,0.0,29.166666666666668,58.333333333333336
2022-12-13,2022-12-12,3.8,3.8,0.0,1,False,False,False,0.0,0.0,,-1.0,3.0,0.3333333333333333,1.0,9.0,0.1111111111111111,152.0,186.0,0.4032258064516129,0.0,-0.2424242424242437,0.006766917293232872,2.4239788830230617,1,7,2,-1,0.1,0.7,0.2,0.0,5,11,4,1,0.25,0.55,0.2,0.0,17,28,15,2,0.2833333333333333,0.4666666666666667,0.25,0.0,0.0,22.5,45.0,0.0,29.166666666666668,58.333333333333336
2022-12-14,2022-12-13,3.8,3.8,0.0,1,False,False,False,0.0,0.0,,-2.0,2.0,0.5,0.0,8.0,0.125,153.0,185.0,0.40540540540540543,0.0,-0.18181818181818357,-0.003759398496240989,2.3239788830230617,0,8,2,-2,0.0,0.8,0.2,0.0,4,12,4,0,0.2,0.6,0.2,0.0,17,29,14,3,0.2833333333333333,0.48333333333333334,0.23333333333333334,0.0,0.0,23.333333333333332,46.666666666666664,0.0,29.166666666666668,58.333333333333336
2022-12-15,2022-12-14,4.32,3.8,52.0,1,False,False,False,52.0,52.0,1.0,50.0,54.0,0.9629629629629629,51.0,59.0,0.8813559322033898,205.0,237.0,0.31645569620253167,10.40000000000001,2.7393939393939397,0.7443609022556397,2.3007224228952485,1,7,2,-1,0.1,0.7,0.2,0.0,4,12,4,0,0.2,0.6,0.2,0.0,18,28,14,4,0.3,0.4666666666666667,0.23333333333333334,0.0,96.66666666666667,96.66666666666667,96.66666666666667,98.41269841269842,98.41269841269842,98.41269841269842
2022-12-16,2022-12-15,4.32,4.32,0.0,1,False,False,False,52.0,52.0,1.0,51.0,53.0,0.9811320754716981,52.0,58.0,0.896551724137931,206.0,236.0,0.3177966101694915,15.600000000000014,4.987878787878791,1.4000000000000008,2.264378994165046,1,8,1,0,0.1,0.8,0.1,0.0,4,13,3,1,0.2,0.65,0.15,0.0,18,29,13,5,0.3,0.48333333333333334,0.21666666666666667,0.0,0.0,23.333333333333332,46.666666666666664,0.0,28.96825396825397,57.93650793650794
2022-12-19,2022-12-16,4.3,4.32,-2.0,3,False,False,False,50.0,54.0,0.9629629629629629,49.0,55.0,0.9454545454545454,50.0,60.0,0.8666666666666667,205.0,237.0,0.31645569620253167,15.200000000000006,6.5090909090909115,1.9488721804511284,2.2116143373159205,1,7,2,-1,0.1,0.7,0.2,0.0,4,12,4,0,0.2,0.6,0.2,0.0,18,29,13,5,0.3,0.48333333333333334,0.21666666666666667,0.0,86.66666666666667,90.0,93.33333333333333,91.26984126984127,93.65079365079364,96.03174603174604
2022-12-20,2022-12-19,4.3,4.3,0.0,1,False,False,False,50.0,54.0,0.9629629629629629,50.0,54.0,0.9629629629629629,50.0,60.0,0.8666666666666667,131.0,163.0,0.4601226993865031,9.799999999999995,7.369696969696973,2.422556390977444,2.272881355932203,1,8,1,0,0.1,0.8,0.1,0.0,4,12,4,0,0.2,0.6,0.2,0.0,17,30,13,4,0.2833333333333333,0.5,0.21666666666666667,0.0,0.0,24.166666666666668,48.333333333333336,0.0,28.76984126984127,57.53968253968254
2022-12-21,2022-12-20,4.3,4.3,0.0,1,False,False,False,50.0,54.0,0.9629629629629629,50.0,54.0,0.9629629629629629,50.0,60.0,0.8666666666666667,131.0,163.0,0.4601226993865031,-0.6000000000000139,7.624242424242426,2.8210526315789477,2.3268685746040565,1,8,1,0,0.1,0.8,0.1,0.0,4,12,4,0,0.2,0.6,0.2,0.0,17,30,13,4,0.2833333333333333,0.5,0.21666666666666667,0.0,0.0,25.0,50.0,0.0,28.76984126984127,57.53968253968254
2022-12-22,2022-12-21,4.3,4.3,0.0,1,False,False,False,-2.0,2.0,1.0,50.0,54.0,0.9629629629629629,51.0,59.0,0.8813559322033898,131.0,163.0,0.4601226993865031,-0.40000000000000924,7.2727272727272725,3.1285714285714286,2.373575993331481,1,8,1,0,0.1,0.8,0.1,0.0,4,13,3,1,0.2,0.65,0.15,0.0,17,30,13,4,0.2833333333333333,0.5,0.21666666666666667,0.0,0.0,25.0,50.0,0.0,28.76984126984127,57.53968253968254
2022-12-23,2022-12-22,4.3,4.3,0.0,1,False,False,False,-2.0,2.0,1.0,50.0,54.0,0.9629629629629629,50.0,58.0,0.896551724137931,132.0,162.0,0.46296296296296297,0.0,6.315151515151514,3.375187969924812,2.411308696860239,1,8,1,0,0.1,0.8,0.1,0.0,3,14,3,0,0.15,0.7,0.15,0.0,17,31,12,5,0.2833333333333333,0.5166666666666667,0.2,0.0,0.0,25.0,50.0,0.0,28.96825396825397,57.93650793650794
2022-12-27,2022-12-23,4.3,4.3,0.0,4,False,False,False,0.0,0.0,,50.0,54.0,0.9629629629629629,50.0,58.0,0.896551724137931,132.0,162.0,0.46296296296296297,0.0,4.751515151515149,3.546616541353383,2.4417060294526256,1,8,1,0,0.1,0.8,0.1,0.0,3,14,3,0,0.15,0.7,0.15,0.0,17,31,12,5,0.2833333333333333,0.5166666666666667,0.2,0.0,0.0,25.833333333333332,51.666666666666664,0.0,29.166666666666668,58.333333333333336
2022-12-28,2022-12-27,4.3,4.3,0.0,1,False,False,False,0.0,0.0,,50.0,54.0,0.9629629629629629,49.0,57.0,0.9122807017543859,134.0,160.0,0.46875,0.0,2.5818181818181785,3.6586466165413536,2.4613781606001663,1,8,1,0,0.1,0.8,0.1,0.0,2,15,3,-1,0.1,0.75,0.15,0.0,17,32,11,6,0.2833333333333333,0.5333333333333333,0.18333333333333332,0.0,0.0,25.833333333333332,51.666666666666664,0.0,29.166666666666668,58.333333333333336
2022-12-29,2022-12-28,4.3,4.3,0.0,1,False,False,False,0.0,0.0,,50.0,54.0,0.9629629629629629,48.0,56.0,0.9285714285714286,132.0,158.0,0.47468354430379744,0.0,-0.1939393939393984,3.712781954887218,2.4769936093359264,1,8,1,0,0.1,0.8,0.1,0.0,1,16,3,-2,0.05,0.8,0.15,0.0,16,33,11,5,0.26666666666666666,0.55,0.18333333333333332,0.0,0.0,26.666666666666668,53.333333333333336,0.0,29.166666666666668,58.333333333333336
2022-12-30,2022-12-29,4.3,4.3,0.0,1,True,True,True,0.0,0.0,,-2.0,2.0,1.0,48.0,56.0,0.9285714285714286,130.0,156.0,0.4807692307692308,0.0,-0.10909090909091161,3.6947368421052627,2.48866351764379,0,9,1,-1,0.0,0.9,0.1,0.0,1,16,3,-2,0.05,0.8,0.15,0.0,15,34,11,4,0.25,0.5666666666666667,0.18333333333333332,0.0,0.0,27.5,55.0,0.0,29.166666666666668,58.333333333333336
2023-01-03,2022-12-30,4.31,4.3,1.0,4,False,False,False,1.0,1.0,1.0,-1.0,3.0,0.6666666666666666,50.0,56.0,0.9285714285714286,127.0,153.0,0.49019607843137253,0.19999999999999574,0.054545454545453384,3.603007518796992,2.501528202278411,1,8,1,0,0.1,0.8,0.1,0.0,2,16,2,0,0.1,0.8,0.1,0.0,15,34,11,4,0.25,0.5666666666666667,0.18333333333333332,0.0,56.666666666666664,74.16666666666667,91.66666666666667,58.333333333333336,74.60317460317461,90.87301587301587
2023-01-04,2023-01-03,4.3,4.31,-1.0,1,False,False,False,0.0,2.0,0.5,0.0,2.0,0.5,49.0,57.0,0.9122807017543859,126.0,154.0,0.487012987012987,0.09999999999999787,0.04242424242424152,3.4218045112781947,2.505696026674076,1,8,1,0,0.1,0.8,0.1,0.0,2,15,3,-1,0.1,0.75,0.15,0.0,15,33,12,3,0.25,0.55,0.2,0.0,56.666666666666664,75.0,93.33333333333333,57.93650793650794,74.4047619047619,90.87301587301587
2023-01-05,2023-01-04,4.31,4.3,1.0,1,False,False,False,1.0,3.0,0.3333333333333333,1.0,3.0,0.3333333333333333,51.0,57.0,0.9122807017543859,126.0,154.0,0.487012987012987,0.19999999999999574,0.08484848484848304,3.165413533834586,2.5061961656015557,2,7,1,1,0.2,0.7,0.1,0.0,3,15,2,1,0.15,0.75,0.1,0.0,15,33,12,3,0.25,0.55,0.2,0.0,55.0,74.16666666666667,93.33333333333333,57.53968253968254,74.2063492063492,90.87301587301587
2023-01-06,2023-01-05,4.31,4.31,0.0,1,False,False,False,1.0,3.0,0.3333333333333333,1.0,3.0,0.3333333333333333,51.0,57.0,0.9122807017543859,126.0,154.0,0.487012987012987,0.19999999999999574,0.1151515151515127,2.832330827067668,2.4996943595443173,2,7,1,1,0.2,0.7,0.1,0.0,3,15,2,1,0.15,0.75,0.1,0.0,15,33,12,3,0.25,0.55,0.2,0.0,0.0,27.5,55.0,0.0,28.571428571428573,57.142857142857146
2023-01-09,2023-01-06,4.31,4.31,0.0,3,False,False,False,1.0,3.0,0.3333333333333333,1.0,3.0,0.3333333333333333,51.0,57.0,0.9122807017543859,126.0,154.0,0.487012987012987,0.09999999999999787,0.1333333333333305,2.4225563909774417,2.4861906085023615,2,7,1,1,0.2,0.7,0.1,0.0,3,15,2,1,0.15,0.75,0.1,0.0,15,33,12,3,0.25,0.55,0.2,0.0,0.0,27.5,55.0,0.0,28.571428571428573,57.142857142857146
2023-01-10,2023-01-09,4.31,4.31,0.0,1,False,False,False,0.0,2.0,0.5,1.0,3.0,0.3333333333333333,51.0,57.0,0.9122807017543859,127.0,153.0,0.49019607843137253,0.19999999999999574,0.13939393939393643,1.9360902255639076,2.46398999722145,2,7,1,1,0.2,0.7,0.1,0.0,3,15,2,1,0.15,0.75,0.1,0.0,15,34,11,4,0.25,0.5666666666666667,0.18333333333333332,0.0,0.0,27.5,55.0,0.0,28.571428571428573,57.142857142857146
2023-01-11,2023-01-10,4.3,4.31,-1.0,1,False,False,False,0.0,2.0,0.5,0.0,4.0,0.25,50.0,58.0,0.896551724137931,126.0,154.0,0.487012987012987,-0.19999999999999574,0.0787878787878771,1.3586466165413515,2.4330925257015834,2,6,2,0,0.2,0.6,0.2,0.0,3,14,3,0,0.15,0.7,0.15,0.0,15,33,12,3,0.25,0.55,0.2,0.0,56.666666666666664,75.0,93.33333333333333,57.142857142857146,74.0079365079365,90.87301587301587
2023-01-12,2023-01-11,4.3,4.3,0.0,1,False,False,False,-1.0,1.0,1.0,0.0,4.0,0.25,50.0,58.0,0.896551724137931,126.0,154.0,0.487012987012987,-0.2999999999999936,0.018181818181817796,0.706015037593983,2.3951931091969993,2,6,2,0,0.2,0.6,0.2,0.0,3,14,3,0,0.15,0.7,0.15,0.0,15,33,12,3,0.25,0.55,0.2,0.0,0.0,27.5,55.0,0.0,28.373015873015873,56.74603174603175
2023-01-13,2023-01-12,4.3,4.3,0.0,1,False,False,False,-1.0,1.0,1.0,0.0,4.0,0.25,50.0,58.0,0.896551724137931,125.0,153.0,0.49019607843137253,-0.2999999999999936,-0.04242424242424152,-0.02180451127819743,2.3519866629619335,2,6,2,0,0.2,0.6,0.2,0.0,3,14,3,0,0.15,0.7,0.15,0.0,14,34,12,2,0.23333333333333334,0.5666666666666667,0.2,0.0,0.0,27.5,55.0,0.0,28.373015873015873,56.74603174603175
2023-01-17,2023-01-13,4.31,4.3,1.0,4,False,False,False,0.0,2.0,0.5,1.0,5.0,0.2,-1.0,7.0,0.2857142857142857,127.0,153.0,0.49019607843137253,0.0,-0.04848484848484745,0.01052631578947219,2.3017782717421507,3,5,2,1,0.3,0.5,0.2,0.0,3,14,3,0,0.15,0.7,0.15,0.0,15,34,11,4,0.25,0.5666666666666667,0.18333333333333332,0.0,56.666666666666664,75.0,93.33333333333333,56.74603174603175,73.80952380952381,90.87301587301587
2023-01-18,2023-01-17,4.3,4.31,-1.0,1,False,False,False,-1.0,3.0,0.3333333333333333,-1.0,5.0,0.2,-2.0,8.0,0.25,126.0,154.0,0.487012987012987,0.09999999999999787,-0.054545454545453384,0.030075187969924172,2.2428730202834117,2,5,3,-1,0.2,0.5,0.3,0.0,3,13,4,-1,0.15,0.65,0.2,0.0,15,33,12,3,0.25,0.55,0.2,0.0,56.666666666666664,75.0,93.33333333333333,56.34920634920635,73.61111111111111,90.87301587301587
2023-01-19,2023-01-18,4.31,4.3,1.0,1,False,False,False,1.0,3.0,0.3333333333333333,1.0,5.0,0.2,1.0,7.0,0.14285714285714285,128.0,154.0,0.487012987012987,0.19999999999999574,-0.06060606060605932,0.0353383458646609,2.176910252848013,3,5,2,1,0.3,0.5,0.2,0.0,4,13,3,1,0.2,0.65,0.15,0.0,16,33,11,5,0.26666666666666666,0.55,0.18333333333333332,0.0,55.0,74.16666666666667,93.33333333333333,55.95238095238095,73.41269841269842,90.87301587301587
2023-01-20,2023-01-19,4.3,4.31,-1.0,1,False,False,False,0.0,4.0,0.25,-1.0,5.0,0.2,0.0,8.0,0.125,128.0,154.0,0.487012987012987,0.0,-0.06666666666666525,0.024812030075187442,2.1005001389274796,2,5,3,-1,0.2,0.5,0.3,0.0,4,12,4,0,0.2,0.6,0.2,0.0,16,33,11,5,0.26666666666666666,0.55,0.18333333333333332,0.0,55.0,74.16666666666667,93.33333333333333,55.55555555555556,73.21428571428571,90.87301587301587
2023-01-23,2023-01-20,4.3,4.3,0.0,3,False,False,False,0.0,4.0,0.25,-1.0,5.0,0.2,0.0,8.0,0.125,129.0,153.0,0.49019607843137253,-0.19999999999999574,-0.06060606060605932,0.014285714285713982,2.0152820227841066,2,5,3,-1,0.2,0.5,0.3,0.0,4,12,4,0,0.2,0.6,0.2,0.0,16,34,10,6,0.26666666666666666,0.5666666666666667,0.16666666666666666,0.0,0.0,27.5,55.0,0.0,27.57936507936508,55.15873015873016
2023-01-24,2023-01-23,4.3,4.3,0.0,1,False,False,False,-1.0,3.0,0.3333333333333333,-1.0,5.0,0.2,0.0,8.0,0.125,128.0,152.0,0.4934210526315789,-0.09999999999999787,-0.04242424242424152,0.0037593984962405215,1.9245901639344258,2,5,3,-1,0.2,0.5,0.3,0.0,4,12,4,0,0.2,0.6,0.2,0.0,15,35,10,5,0.25,0.5833333333333334,0.16666666666666666,0.0,0.0,28.333333333333332,56.666666666666664,0.0,27.57936507936508,55.15873015873016
2023-01-25,2023-01-24,4.31,4.3,1.0,1,False,False,False,1.0,3.0,0.3333333333333333,0.0,6.0,0.16666666666666666,1.0,9.0,0.1111111111111111,128.0,152.0,0.4934210526315789,0.0,0.04242424242424152,0.007518796992481043,1.8301194776326752,3,4,3,0,0.3,0.4,0.3,0.0,5,11,4,1,0.25,0.55,0.2,0.0,15,35,10,5,0.25,0.5833333333333334,0.16666666666666666,0.0,58.333333333333336,75.83333333333333,93.33333333333333,55.15873015873016,73.01587301587301,90.87301587301587
2023-01-26,2023-01-25,4.3,4.31,-1.0,1,False,False,False,-1.0,3.0,0.3333333333333333,0.0,6.0,0.16666666666666666,0.0,10.0,0.1,126.0,152.0,0.4934210526315789,0.09999999999999787,0.006060606060605931,-0.004511278195488626,1.7285912753542647,3,4,3,0,0.3,0.4,0.3,0.0,5,10,5,0,0.25,0.5,0.25,0.0,14,35,11,3,0.23333333333333334,0.5833333333333334,0.18333333333333332,0.0,58.333333333333336,75.83333333333333,93.33333333333333,55.15873015873016,73.01587301587301,90.87301587301587
2023-01-27,2023-01-26,4.3,4.3,0.0,1,False,False,False,0.0,2.0,0.5,0.0,6.0,0.16666666666666666,0.0,10.0,0.1,125.0,151.0,0.4966887417218543,0.0,-0.03030303030302966,-0.016541353383458295,1.6217560433453733,3,4,3,0,0.3,0.4,0.3,0.0,5,10,5,0,0.25,0.5,0.25,0.0,13,36,11,2,0.21666666666666667,0.6,0.18333333333333332,0.0,0.0,29.166666666666668,58.333333333333336,0.0,27.57936507936508,55.15873015873016
2023-01-30,2023-01-27,4.3,4.3,0.0,3,False,False,False,0.0,2.0,0.5,0.0,6.0,0.16666666666666666,0.0,10.0,0.1,125.0,151.0,0.4966887417218543,-0.09999999999999787,-0.06666666666666525,-0.028571428571427963,1.5079744373437063,3,4,3,0,0.3,0.4,0.3,0.0,5,10,5,0,0.25,0.5,0.25,0.0,13,36,11,2,0.21666666666666667,0.6,0.18333333333333332,0.0,0.0,30.0,60.0,0.0,27.77777777777778,55.55555555555556
2023-01-31,2023-01-30,4.31,4.3,1.0,1,True,False,False,1.0,3.0,0.3333333333333333,0.0,6.0,0.16666666666666666,1.0,11.0,0.09090909090909091,126.0,152.0,0.4934210526315789,0.0,0.018181818181817796,-0.02631578947368365,1.3888858016115586,3,4,3,0,0.3,0.4,0.3,0.0,6,9,5,1,0.3,0.45,0.25,0.0,14,35,11,3,0.23333333333333334,0.5833333333333334,0.18333333333333332,0.0,60.0,76.66666666666667,93.33333333333333,55.95238095238095,73.41269841269842,90.87301587301587
2023-02-01,2023-01-31,4.31,4.31,0.0,1,False,False,False,0.0,2.0,0.5,1.0,5.0,0.2,0.0,10.0,0.1,126.0,152.0,0.4934210526315789,0.2999999999999936,0.03636363636363559,-0.009774436090225356,1.2627952208946929,3,5,2,1,0.3,0.5,0.2,0.0,5,10,5,0,0.25,0.5,0.25,0.0,14,35,11,3,0.23333333333333334,0.5833333333333334,0.18333333333333332,0.0,0.0,29.166666666666668,58.333333333333336,0.0,27.976190476190474,55.95238095238095
2023-02-02,2023-02-01,4.56,4.31,25.0,1,False,False,False,26.0,26.0,0.9615384615384616,25.0,29.0,0.8620689655172413,26.0,34.0,0.7352941176470589,76.0,102.0,0.5098039215686274,5.299999999999994,1.4727272727272702,0.3481203007518799,1.2978049458182825,3,5,2,1,0.3,0.5,0.2,0.0,6,10,4,2,0.3,0.5,0.2,0.0,14,35,11,3,0.23333333333333334,0.5833333333333334,0.18333333333333332,0.0,96.66666666666667,96.66666666666667,96.66666666666667,97.22222222222223,97.42063492063492,97.61904761904762
2023-02-03,2023-02-02,4.55,4.56,-1.0,1,False,False,False,25.0,27.0,0.9259259259259259,25.0,29.0,0.8620689655172413,24.0,34.0,0.7352941176470589,75.0,103.0,0.5048543689320388,7.5,2.4848484848484835,0.6684210526315791,1.3269519310919695,3,5,2,1,0.3,0.5,0.2,0.0,5,10,5,0,0.25,0.5,0.25,0.0,14,34,12,2,0.23333333333333334,0.5666666666666667,0.2,0.0,58.333333333333336,75.83333333333333,93.33333333333333,55.95238095238095,73.21428571428571,90.47619047619048
2023-02-06,2023-02-03,4.55,4.55,0.0,3,False,False,False,25.0,27.0,0.9259259259259259,25.0,29.0,0.8620689655172413,24.0,34.0,0.7352941176470589,77.0,101.0,0.5148514851485149,7.2000000000000055,3.193939393939394,0.9526315789473686,1.3485412614615166,3,5,2,1,0.3,0.5,0.2,0.0,5,10,5,0,0.25,0.5,0.25,0.0,14,35,11,3,0.23333333333333334,0.5833333333333334,0.18333333333333332,0.0,0.0,28.333333333333332,56.666666666666664,0.0,27.77777777777778,55.55555555555556
2023-02-07,2023-02-06,4.55,4.55,0.0,1,False,False,False,24.0,26.0,0.9615384615384616,25.0,29.0,0.8620689655172413,24.0,34.0,0.7352941176470589,77.0,101.0,0.5148514851485149,4.700000000000006,3.6000000000000005,1.200751879699248,1.3658516254515138,3,5,2,1,0.3,0.5,0.2,0.0,5,10,5,0,0.25,0.5,0.25,0.0,14,35,11,3,0.23333333333333334,0.5833333333333334,0.18333333333333332,0.0,0.0,29.166666666666668,58.333333333333336,0.0,27.77777777777778,55.55555555555556
2023-02-08,2023-02-07,4.55,4.55,0.0,1,False,False,False,24.0,26.0,0.9615384615384616,24.0,28.0,0.8928571428571429,24.0,34.0,0.7352941176470589,77.0,101.0,0.5148514851485149,-0.19999999999999574,3.7696969696969704,1.412781954887218,1.3788830230619613,2,6,2,0,0.2,0.6,0.2,0.0,5,10,5,0,0.25,0.5,0.25,0.0,14,35,11,3,0.23333333333333334,0.5833333333333334,0.18333333333333332,0.0,0.0,29.166666666666668,58.333333333333336,0.0,27.77777777777778,55.55555555555556
2023-02-09,2023-02-08,4.55,4.55,0.0,1,False,False,False,-1.0,1.0,1.0,25.0,27.0,0.9259259259259259,25.0,33.0,0.7575757575757576,77.0,101.0,0.5148514851485149,0.0,3.5818181818181833,1.5729323308270677,1.3876354542928586,2,7,1,1,0.2,0.7,0.1,0.0,5,11,4,1,0.25,0.55,0.2,0.0,14,35,11,3,0.23333333333333334,0.5833333333333334,0.18333333333333332,0.0,0.0,29.166666666666668,58.333333333333336,0.0,27.77777777777778,55.55555555555556
2023-02-10,2023-02-09,4.55,4.55,0.0,1,False,False,False,0.0,0.0,,25.0,27.0,0.9259259259259259,25.0,33.0,0.7575757575757576,76.0,100.0,0.52,0.0,3.090909090909093,1.6954887218045116,1.3938038343984436,2,7,1,1,0.2,0.7,0.1,0.0,5,11,4,1,0.25,0.55,0.2,0.0,13,36,11,2,0.21666666666666667,0.6,0.18333333333333332,0.0,0.0,29.166666666666668,58.333333333333336,0.0,27.77777777777778,55.55555555555556
2023-02-13,2023-02-10,4.55,4.55,0.0,3,False,False,False,0.0,0.0,,25.0,27.0,0.9259259259259259,25.0,33.0,0.7575757575757576,75.0,99.0,0.5252525252525253,0.0,2.2969696969696995,1.7804511278195496,1.397443734370658,2,7,1,1,0.2,0.7,0.1,0.0,5,11,4,1,0.25,0.55,0.2,0.0,12,37,11,1,0.2,0.6166666666666667,0.18333333333333332,0.0,0.0,30.0,60.0,0.0,27.77777777777778,55.55555555555556
2023-02-14,2023-02-13,4.55,4.55,0.0,1,False,False,False,0.0,0.0,,24.0,26.0,0.9615384615384616,24.0,32.0,0.78125,74.0,98.0,0.5306122448979592,0.0,1.2666666666666688,1.8436090225563913,1.3986107252014446,1,8,1,0,0.1,0.8,0.1,0.0,4,12,4,0,0.2,0.6,0.2,0.0,11,38,11,0,0.18333333333333332,0.6333333333333333,0.18333333333333332,0.0,0.0,30.833333333333332,61.666666666666664,0.0,27.77777777777778,55.55555555555556
2023-02-15,2023-02-14,4.55,4.55,0.0,1,False,False,False,0.0,0.0,,24.0,26.0,0.9615384615384616,25.0,31.0,0.8064516129032258,75.0,97.0,0.5360824742268041,0.0,-0.054545454545453384,1.8548872180451135,1.3939705473742703,1,8,1,0,0.1,0.8,0.1,0.0,4,13,3,1,0.2,0.65,0.15,0.0,11,39,10,1,0.18333333333333332,0.65,0.16666666666666666,0.0,0.0,31.666666666666668,63.333333333333336,0.0,27.976190476190474,55.95238095238095
2023-02-16,2023-02-15,4.55,4.55,0.0,1,False,False,False,0.0,0.0,,-1.0,1.0,1.0,24.0,30.0,0.8333333333333334,75.0,97.0,0.5360824742268041,0.0,0.0,1.8443609022556395,1.3851625451514304,0,9,1,-1,0.0,0.9,0.1,0.0,3,14,3,0,0.15,0.7,0.15,0.0,11,39,10,1,0.18333333333333332,0.65,0.16666666666666666,0.0,0.0,32.5,65.0,0.0,28.174603174603174,56.34920634920635
2023-02-17,2023-02-16,4.55,4.55,0.0,1,False,False,False,0.0,0.0,,0.0,0.0,,25.0,29.0,0.8620689655172413,75.0,97.0,0.5360824742268041,0.0,0.0,1.7819548872180455,1.3721867185329255,0,10,0,0,0.0,1.0,0.0,0.0,3,15,2,1,0.15,0.75,0.1,0.0,11,39,10,1,0.18333333333333332,0.65,0.16666666666666666,0.0,0.0,32.5,65.0,0.0,28.174603174603174,56.34920634920635
2023-02-21,2023-02-17,4.55,4.55,0.0,4,False,False,False,0.0,0.0,,0.0,0.0,,25.0,29.0,0.8620689655172413,75.0,97.0,0.5360824742268041,0.0,0.0,1.6819548872180459,1.355043067518755,0,10,0,0,0.0,1.0,0.0,0.0,3,15,2,1,0.15,0.75,0.1,0.0,11,39,10,1,0.18333333333333332,0.65,0.16666666666666666,0.0,0.0,32.5,65.0,0.0,28.174603174603174,56.34920634920635
2023-02-22,2023-02-21,4.55,4.55,0.0,1,False,False,False,0.0,0.0,,0.0,0.0,,25.0,29.0,0.8620689655172413,76.0,96.0,0.5416666666666666,0.0,0.0,1.5443609022556397,1.3320366768546816,0,10,0,0,0.0,1.0,0.0,0.0,3,15,2,1,0.15,0.75,0.1,0.0,11,40,9,2,0.18333333333333332,0.6666666666666666,0.15,0.0,0.0,32.5,65.0,0.0,28.174603174603174,56.34920634920635
2023-02-23,2023-02-22,4.55,4.55,0.0,1,False,False,False,0.0,0.0,,0.0,0.0,,24.0,28.0,0.8928571428571429,75.0,95.0,0.5473684210526316,0.0,0.0,1.3849624060150383,1.306501806057238,0,10,0,0,0.0,1.0,0.0,0.0,2,16,2,0,0.1,0.8,0.1,0.0,10,41,9,1,0.16666666666666666,0.6833333333333333,0.15,0.0,0.0,33.333333333333336,66.66666666666667,0.0,28.174603174603174,56.34920634920635
2023-02-24,2023-02-23,4.55,4.55,0.0,1,False,False,False,0.0,0.0,,0.0,0.0,,25.0,27.0,0.9259259259259259,75.0,95.0,0.5473684210526316,0.0,0.0,1.1736842105263166,1.2767991108641288,0,10,0,0,0.0,1.0,0.0,0.0,2,17,1,1,0.1,0.85,0.05,0.0,10,41,9,1,0.16666666666666666,0.6833333333333333,0.15,0.0,0.0,34.166666666666664,68.33333333333333,0.0,28.174603174603174,56.34920634920635
2023-02-27,2023-02-24,4.55,4.55,0.0,3,False,False,False,0.0,0.0,,0.0,0.0,,25.0,27.0,0.9259259259259259,74.0,94.0,0.5531914893617021,0.0,0.0,0.9248120300751886,1.2446235065295914,0,10,0,0,0.0,1.0,0.0,0.0,2,17,1,1,0.1,0.85,0.05,0.0,9,42,9,0,0.15,0.7,0.15,0.0,0.0,34.166666666666664,68.33333333333333,0.0,28.174603174603174,56.34920634920635
2023-02-28,2023-02-27,4.55,4.55,0.0,1,True,False,False,0.0,0.0,,0.0,0.0,,25.0,27.0,0.9259259259259259,73.0,93.0,0.5591397849462365,0.0,0.0,0.638345864661655,1.210030564045568,0,10,0,0,0.0,1.0,0.0,0.0,2,17,1,1,0.1,0.85,0.05,0.0,8,43,9,-1,0.13333333333333333,0.7166666666666667,0.15,0.0,0.0,35.0,70.0,0.0,28.174603174603174,56.34920634920635
2023-03-01,2023-02-28,4.55,4.55,0.0,1,False,False,False,0.0,0.0,,0.0,0.0,,24.0,26.0,0.9615384615384616,73.0,93.0,0.5591397849462365,0.0,0.0,0.3300751879699254,1.1713809391497636,0,10,0,0,0.0,1.0,0.0,0.0,1,18,1,0,0.05,0.9,0.05,0.0,8,43,9,-1,0.13333333333333333,0.7166666666666667,0.15,0.0,0.0,35.833333333333336,71.66666666666667,0.0,28.174603174603174,56.34920634920635
2023-03-02,2023-03-01,4.55,4.55,0.0,1,False,False,False,0.0,0.0,,0.0,0.0,,24.0,26.0,0.9615384615384616,74.0,92.0,0.5652173913043478,0.0,0.0,-0.014285714285713982,1.1269797165879412,0,10,0,0,0.0,1.0,0.0,0.0,1,18,1,0,0.05,0.9,0.05,0.0,8,44,8,0,0.13333333333333333,0.7333333333333333,0.13333333333333333,0.0,0.0,35.833333333333336,71.66666666666667,0.0,28.174603174603174,56.34920634920635
2023-03-03,2023-03-02,4.55,4.55,0.0,1,False,False,False,0.0,0.0,,0.0,0.0,,-1.0,1.0,1.0,74.0,92.0,0.5652173913043478,0.0,0.0,0.0,1.078466240622395,0,10,0,0,0.0,1.0,0.0,0.0,0,19,1,-1,0.0,0.95,0.05,0.0,8,44,8,0,0.13333333333333333,0.7333333333333333,0.13333333333333333,0.0,0.0,36.666666666666664,73.33333333333333,0.0,28.174603174603174,56.34920634920635
2023-03-06,2023-03-03,4.55,4.55,0.0,3,False,False,False,0.0,0.0,,0.0,0.0,,0.0,0.0,,75.0,91.0,0.5714285714285714,0.0,0.0,0.0,1.0241455959988885,0,10,0,0,0.0,1.0,0.0,0.0,0,20,0,0,0.0,1.0,0.0,0.0,8,45,7,1,0.13333333333333333,0.75,0.11666666666666667,0.0,0.0,36.666666666666664,73.33333333333333,0.0,28.174603174603174,56.34920634920635
2023-03-07,2023-03-06,4.55,4.55,0.0,1,False,False,False,0.0,0.0,,0.0,0.0,,0.0,0.0,,75.0,91.0,0.5714285714285714,0.0,0.0,0.0,0.9656571269797166,0,10,0,0,0.0,1.0,0.0,0.0,0,20,0,0,0.0,1.0,0.0,0.0,8,45,7,1,0.13333333333333333,0.75,0.11666666666666667,0.0,0.0,37.5,75.0,0.0,28.174603174603174,56.34920634920635
2023-03-08,2023-03-07,4.55,4.55,0.0,1,False,False,False,0.0,0.0,,0.0,0.0,,0.0,0.0,,75.0,91.0,0.5714285714285714,0.0,0.0,0.0,0.903000833564879,0,10,0,0,0.0,1.0,0.0,0.0,0,20,0,0,0.0,1.0,0.0,0.0,8,45,7,1,0.13333333333333333,0.75,0.11666666666666667,0.0,0.0,37.5,75.0,0.0,28.174603174603174,56.34920634920635
2023-03-09,2023-03-08,4.55,4.55,0.0,1,False,False,False,0.0,0.0,,0.0,0.0,,0.0,0.0,,75.0,91.0,0.5714285714285714,0.0,0.0,0.0,0.8361767157543762,0,10,0,0,0.0,1.0,0.0,0.0,0,20,0,0,0.0,1.0,0.0,0.0,8,45,7,1,0.13333333333333333,0.75,0.11666666666666667,0.0,0.0,37.5,75.0,0.0,28.174603174603174,56.34920634920635
2023-03-10,2023-03-09,4.55,4.55,0.0,1,False,False,False,0.0,0.0,,0.0,0.0,,0.0,0.0,,75.0,91.0,0.5714285714285714,0.0,0.0,0.0,0.7651847735482078,0,10,0,0,0.0,1.0,0.0,0.0,0,20,0,0,0.0,1.0,0.0,0.0,8,45,7,1,0.13333333333333333,0.75,0.11666666666666667,0.0,0.0,37.5,75.0,0.0,28.174603174603174,56.34920634920635
2023-03-13,2023-03-10,4.55,4.55,0.0,3,False,False,False,0.0,0.0,,0.0,0.0,,0.0,0.0,,75.0,91.0,0.5714285714285714,0.0,0.0,0.0,0.6900250069463739,0,10,0,0,0.0,1.0,0.0,0.0,0,20,0,0,0.0,1.0,0.0,0.0,8,45,7,1,0.13333333333333333,0.75,0.11666666666666667,0.0,0.0,37.5,75.0,0.0,28.174603174603174,56.34920634920635
2023-03-14,2023-03-13,4.55,4.55,0.0,1,False,False,False,0.0,0.0,,0.0,0.0,,0.0,0.0,,75.0,91.0,0.5714285714285714,0.0,0.0,0.0,0.6106974159488747,0,10,0,0,0.0,1.0,0.0,0.0,0,20,0,0,0.0,1.0,0.0,0.0,8,45,7,1,0.13333333333333333,0.75,0.11666666666666667,0.0,0.0,37.5,75.0,0.0,28.174603174603174,56.34920634920635
2023-03-15,2023-03-14,4.58,4.55,3.0,1,False,False,False,3.0,3.0,1.0,3.0,3.0,1.0,3.0,3.0,1.0,26.0,42.0,0.5952380952380952,0.600000000000005,0.163636363636365,0.04285714285714321,0.6202556265629342,1,9,0,1,0.1,0.9,0.0,0.0,1,19,0,1,0.05,0.95,0.0,0.0,8,45,7,1,0.13333333333333333,0.75,0.11666666666666667,0.0,96.66666666666667,96.66666666666667,96.66666666666667,95.63492063492063,95.63492063492063,95.63492063492063
2023-03-16,2023-03-15,4.57,4.58,-1.0,1,False,False,False,2.0,4.0,0.75,2.0,4.0,0.75,2.0,4.0,0.75,25.0,43.0,0.5813953488372093,0.7000000000000117,0.23636363636363994,0.0669172932330837,0.6267296471242013,1,8,1,0,0.1,0.8,0.1,0.0,1,18,1,0,0.05,0.9,0.05,0.0,8,44,8,0,0.13333333333333333,0.7333333333333333,0.13333333333333333,0.0,75.0,85.0,95.0,55.95238095238095,73.01587301587301,90.07936507936508
2023-03-17,2023-03-16,4.55,4.57,-2.0,1,False,False,False,0.0,6.0,0.5,0.0,6.0,0.5,0.0,6.0,0.5,25.0,43.0,0.5813953488372093,0.20000000000000462,0.17575757575757847,0.05939849624060238,0.6251458738538486,1,7,2,-1,0.1,0.7,0.2,0.0,1,17,2,-1,0.05,0.85,0.1,0.0,8,44,8,0,0.13333333333333333,0.7333333333333333,0.13333333333333333,0.0,95.0,95.83333333333333,96.66666666666667,90.07936507936508,92.65873015873017,95.23809523809524
2023-03-20,2023-03-17,4.55,4.55,0.0,3,False,False,False,0.0,6.0,0.5,0.0,6.0,0.5,0.0,6.0,0.5,25.0,43.0,0.5813953488372093,-0.3000000000000025,0.115151515151517,0.05187969924812107,0.6221728257849406,1,7,2,-1,0.1,0.7,0.2,0.0,1,17,2,-1,0.05,0.85,0.1,0.0,8,44,8,0,0.13333333333333333,0.7333333333333333,0.13333333333333333,0.0,0.0,36.666666666666664,73.33333333333333,0.0,27.57936507936508,55.15873015873016
2023-03-21,2023-03-20,4.55,4.55,0.0,1,False,False,False,0.0,6.0,0.5,0.0,6.0,0.5,0.0,6.0,0.5,25.0,43.0,0.5813953488372093,-0.8000000000000096,0.054545454545455535,0.04436090225563975,0.6178105029174774,1,7,2,-1,0.1,0.7,0.2,0.0,1,17,2,-1,0.05,0.85,0.1,0.0,8,44,8,0,0.13333333333333333,0.7333333333333333,0.13333333333333333,0.0,0.0,36.666666666666664,73.33333333333333,0.0,27.57936507936508,55.15873015873016
2023-03-22,2023-03-21,4.55,4.55,0.0,1,False,False,False,-3.0,3.0,0.6666666666666666,0.0,6.0,0.5,0.0,6.0,0.5,25.0,43.0,0.5813953488372093,-0.40000000000000924,-0.006060606060605931,0.036842105263158446,0.612058905251459,1,7,2,-1,0.1,0.7,0.2,0.0,1,17,2,-1,0.05,0.85,0.1,0.0,8,44,8,0,0.13333333333333333,0.7333333333333333,0.13333333333333333,0.0,0.0,36.666666666666664,73.33333333333333,0.0,27.57936507936508,55.15873015873016
2023-03-23,2023-03-22,4.8,4.55,25.0,1,False,False,False,23.0,27.0,0.9259259259259259,25.0,31.0,0.8064516129032258,25.0,31.0,0.8064516129032258,50.0,68.0,0.36764705882352944,5.0,1.2969696969696962,0.38646616541353424,0.6459016393442626,2,6,2,0,0.2,0.6,0.2,0.0,2,16,2,0,0.1,0.8,0.1,0.0,9,43,8,1,0.15,0.7166666666666667,0.13333333333333333,0.0,98.33333333333333,99.16666666666667,100.0,97.22222222222223,97.42063492063492,97.61904761904762
2023-03-24,2023-03-23,4.8,4.8,0.0,1,False,False,False,25.0,25.0,1.0,25.0,31.0,0.8064516129032258,25.0,31.0,0.8064516129032258,50.0,68.0,0.36764705882352944,7.5,2.296969696969695,0.6984962406015041,0.6769658238399558,2,6,2,0,0.2,0.6,0.2,0.0,2,16,2,0,0.1,0.8,0.1,0.0,9,43,8,1,0.15,0.7166666666666667,0.13333333333333333,0.0,0.0,35.833333333333336,71.66666666666667,0.0,27.57936507936508,55.15873015873016
2023-03-27,2023-03-24,4.81,4.8,1.0,3,False,False,False,26.0,26.0,0.9615384615384616,26.0,32.0,0.78125,26.0,32.0,0.78125,51.0,69.0,0.36231884057971014,7.699999999999996,3.0484848484848452,0.987218045112782,0.7068908030008338,3,5,2,1,0.3,0.5,0.2,0.0,3,15,2,1,0.15,0.75,0.1,0.0,10,42,8,2,0.16666666666666666,0.7,0.13333333333333333,0.0,71.66666666666667,82.5,93.33333333333333,55.55555555555556,72.61904761904762,89.68253968253968
2023-03-28,2023-03-27,4.84,4.81,3.0,1,False,False,False,29.0,29.0,0.8620689655172413,29.0,35.0,0.7142857142857143,29.0,35.0,0.7142857142857143,54.0,72.0,0.3472222222222222,5.899999999999999,3.6484848484848444,1.2796992481203007,0.7388996943595446,4,4,2,2,0.4,0.4,0.2,0.0,4,14,2,2,0.2,0.7,0.1,0.0,11,41,8,3,0.18333333333333332,0.6833333333333333,0.13333333333333333,0.0,95.0,95.83333333333333,96.66666666666667,95.23809523809524,95.43650793650794,95.63492063492063
2023-03-29,2023-03-28,4.83,4.84,-1.0,1,False,False,False,28.0,30.0,0.8333333333333334,25.0,33.0,0.7575757575757576,28.0,36.0,0.6944444444444444,53.0,73.0,0.3424657534246575,1.0000000000000053,4.042424242424241,1.5142857142857142,0.7662684078910813,3,4,3,0,0.3,0.4,0.3,0.0,4,13,3,1,0.2,0.65,0.15,0.0,11,40,9,2,0.18333333333333332,0.6666666666666666,0.15,0.0,68.33333333333333,80.0,91.66666666666667,55.55555555555556,72.42063492063492,89.28571428571429
2023-03-30,2023-03-29,4.82,4.83,-1.0,1,False,False,False,2.0,6.0,0.5,25.0,33.0,0.7575757575757576,27.0,37.0,0.6756756756756757,51.0,73.0,0.3424657534246575,0.6000000000000139,4.012121212121215,1.6924812030075196,0.790747429841623,3,4,3,0,0.3,0.4,0.3,0.0,4,12,4,0,0.2,0.6,0.2,0.0,10,40,10,0,0.16666666666666666,0.6666666666666666,0.16666666666666666,0.0,66.66666666666667,79.16666666666667,91.66666666666667,55.15873015873016,72.22222222222223,89.28571428571429
2023-03-31,2023-03-30,4.87,4.82,5.0,1,True,True,False,7.0,11.0,0.45454545454545453,32.0,36.0,0.6944444444444444,32.0,42.0,0.5952380952380952,57.0,77.0,0.3246753246753247,1.0000000000000142,3.8181818181818223,1.9015037593984974,0.8188941372603505,4,4,2,2,0.4,0.4,0.2,0.0,5,11,4,1,0.25,0.55,0.2,0.0,11,40,9,2,0.18333333333333332,0.6666666666666666,0.15,0.0,96.66666666666667,96.66666666666667,96.66666666666667,96.82539682539682,96.82539682539682,96.82539682539682
2023-04-03,2023-03-31,4.84,4.87,-3.0,3,False,False,False,3.0,13.0,0.38461538461538464,29.0,39.0,0.6410256410256411,29.0,45.0,0.5555555555555556,53.0,79.0,0.31645569620253167,0.40000000000000036,3.0727272727272763,2.0195488721804518,0.8406501806057243,4,3,3,1,0.4,0.3,0.3,0.0,5,10,5,0,0.25,0.5,0.25,0.0,10,40,10,0,0.16666666666666666,0.6666666666666666,0.16666666666666666,0.0,91.66666666666667,93.33333333333333,95.0,94.44444444444444,94.84126984126983,95.23809523809524
2023-04-04,2023-04-03,4.83,4.84,-1.0,1,False,False,False,-1.0,11.0,0.45454545454545453,28.0,40.0,0.625,28.0,46.0,0.5434782608695652,52.0,80.0,0.3125,0.19999999999999574,1.921212121212125,2.0796992481203014,0.8578216171158659,4,2,4,0,0.4,0.2,0.4,0.0,5,9,6,-1,0.25,0.45,0.3,0.0,10,39,11,-1,0.16666666666666666,0.65,0.18333333333333332,0.0,66.66666666666667,77.5,88.33333333333333,54.36507936507937,71.42857142857143,88.4920634920635
2023-04-05,2023-04-04,4.81,4.83,-2.0,1,False,False,False,-2.0,12.0,0.4166666666666667,26.0,42.0,0.5952380952380952,26.0,48.0,0.5208333333333334,50.0,82.0,0.3048780487804878,-0.6000000000000139,0.3212121212121224,2.069172932330827,0.8688246735204227,4,1,5,-1,0.4,0.1,0.5,-0.5,5,8,7,-2,0.25,0.4,0.35,0.0,10,38,12,-2,0.16666666666666666,0.6333333333333333,0.2,0.0,88.33333333333333,89.16666666666667,90.0,88.4920634920635,91.26984126984127,94.04761904761905
2023-04-06,2023-04-05,4.81,4.81,0.0,1,False,False,False,-1.0,11.0,0.45454545454545453,1.0,17.0,0.29411764705882354,26.0,48.0,0.5208333333333334,50.0,82.0,0.3048780487804878,-1.5000000000000124,0.07272727272727171,2.019548872180451,0.877049180327869,3,2,5,-2,0.3,0.2,0.5,-0.5,5,8,7,-2,0.25,0.4,0.35,0.0,10,38,12,-2,0.16666666666666666,0.6333333333333333,0.2,0.0,0.0,31.666666666666668,63.333333333333336,0.0,27.182539682539684,54.36507936507937
2023-04-10,2023-04-06,4.81,4.81,0.0,4,False,False,False,-6.0,6.0,0.5,1.0,17.0,0.29411764705882354,26.0,48.0,0.5208333333333334,51.0,81.0,0.30864197530864196,-0.8000000000000096,-0.18787878787879086,1.9308270676691723,0.880800222283968,3,2,5,-2,0.3,0.2,0.5,-0.5,5,8,7,-2,0.25,0.4,0.35,0.0,10,39,11,-1,0.16666666666666666,0.65,0.18333333333333332,0.0,0.0,31.666666666666668,63.333333333333336,0.0,27.38095238095238,54.76190476190476
2023-04-11,2023-04-10,4.8,4.81,-1.0,1,False,False,False,-4.0,4.0,0.5,-1.0,17.0,0.29411764705882354,25.0,49.0,0.5102040816326531,50.0,82.0,0.3048780487804878,-0.600000000000005,-0.4484848484848535,1.7887218045112772,0.8800777993887193,2,2,6,-4,0.2,0.2,0.6,-1.0,5,7,8,-3,0.25,0.35,0.4,0.0,10,38,12,-2,0.16666666666666666,0.6333333333333333,0.2,0.0,65.0,75.83333333333333,86.66666666666667,54.76190476190476,71.62698412698413,88.4920634920635
2023-04-12,2023-04-11,4.8,4.8,0.0,1,False,False,False,-3.0,3.0,0.6666666666666666,-4.0,14.0,0.35714285714285715,25.0,49.0,0.5102040816326531,50.0,82.0,0.3048780487804878,-0.2999999999999936,-0.4969696969697025,1.6090225563909764,0.8765768268963603,1,3,6,-5,0.1,0.3,0.6,-1.0,5,7,8,-3,0.25,0.35,0.4,0.0,10,38,12,-2,0.16666666666666666,0.6333333333333333,0.2,0.0,0.0,31.666666666666668,63.333333333333336,0.0,27.182539682539684,54.36507936507937
2023-04-13,2023-04-12,4.8,4.8,0.0,1,False,False,False,-1.0,1.0,1.0,-3.0,13.0,0.38461538461538464,22.0,46.0,0.5434782608695652,49.0,81.0,0.30864197530864196,-0.2999999999999936,-0.5636363636363683,1.4390977443609012,0.8719922200611284,1,4,5,-4,0.1,0.4,0.5,-0.5,4,8,8,-4,0.2,0.4,0.4,0.0,9,39,12,-3,0.15,0.65,0.2,0.0,0.0,31.666666666666668,63.333333333333336,0.0,27.182539682539684,54.36507936507937
2023-04-14,2023-04-13,4.8,4.8,0.0,1,False,False,False,-1.0,1.0,1.0,-2.0,12.0,0.4166666666666667,23.0,45.0,0.5555555555555556,50.0,80.0,0.3125,-0.19999999999999574,-0.6606060606060626,1.220300751879699,0.8629897193664909,1,5,4,-3,0.1,0.5,0.4,0.0,4,9,7,-3,0.2,0.45,0.35,0.0,9,40,11,-2,0.15,0.6666666666666666,0.18333333333333332,0.0,0.0,32.5,65.0,0.0,27.182539682539684,54.36507936507937
2023-04-17,2023-04-14,4.8,4.8,0.0,3,False,False,False,-1.0,1.0,1.0,-7.0,7.0,0.42857142857142855,25.0,43.0,0.5813953488372093,49.0,79.0,0.31645569620253167,0.0,-0.4000000000000001,0.9353383458646611,0.8529035843289806,0,6,4,-4,0.0,0.6,0.4,0.0,4,10,6,-2,0.2,0.5,0.3,0.0,8,41,11,-3,0.13333333333333333,0.6833333333333333,0.18333333333333332,0.0,0.0,33.333333333333336,66.66666666666667,0.0,27.182539682539684,54.36507936507937
2023-04-18,2023-04-17,4.8,4.8,0.0,1,False,False,False,0.0,0.0,,-4.0,4.0,0.5,25.0,43.0,0.5813953488372093,50.0,78.0,0.32051282051282054,0.0,-0.25454545454545396,0.6127819548872177,0.8383995554320647,0,7,3,-3,0.0,0.7,0.3,0.0,4,10,6,-2,0.2,0.5,0.3,0.0,8,42,10,-2,0.13333333333333333,0.7,0.16666666666666666,0.0,0.0,34.166666666666664,68.33333333333333,0.0,27.182539682539684,54.36507936507937
2023-04-19,2023-04-18,4.8,4.8,0.0,1,False,False,False,0.0,0.0,,-3.0,3.0,0.6666666666666666,25.0,43.0,0.5813953488372093,50.0,78.0,0.32051282051282054,0.0,-0.12727272727272457,0.25263157894736793,0.8211169769380384,0,8,2,-2,0.0,0.8,0.2,0.0,4,10,6,-2,0.2,0.5,0.3,0.0,8,42,10,-2,0.13333333333333333,0.7,0.16666666666666666,0.0,0.0,35.0,70.0,0.0,27.38095238095238,54.76190476190476
2023-04-20,2023-04-19,4.8,4.8,0.0,1,False,False,False,0.0,0.0,,-1.0,1.0,1.0,25.0,43.0,0.5813953488372093,50.0,78.0,0.32051282051282054,0.0,-0.0969696969696949,-0.1451127819548878,0.8010558488469022,0,9,1,-1,0.0,0.9,0.1,0.0,4,10,6,-2,0.2,0.5,0.3,0.0,8,42,10,-2,0.13333333333333333,0.7,0.16666666666666666,0.0,0.0,35.0,70.0,0.0,27.38095238095238,54.76190476190476
2023-04-21,2023-04-20,4.8,4.8,0.0,1,False,False,False,0.0,0.0,,-1.0,1.0,1.0,0.0,18.0,0.2777777777777778,49.0,77.0,0.3246753246753247,0.0,-0.054545454545453384,-0.18571428571428636,0.7799110864128926,0,9,1,-1,0.0,0.9,0.1,0.0,3,11,6,-3,0.15,0.55,0.3,0.0,7,43,10,-3,0.11666666666666667,0.7166666666666667,0.16666666666666666,0.0,0.0,35.0,70.0,0.0,27.38095238095238,54.76190476190476
2023-04-24,2023-04-21,4.8,4.8,0.0,3,False,False,False,0.0,0.0,,-1.0,1.0,1.0,0.0,18.0,0.2777777777777778,50.0,76.0,0.32894736842105265,0.0,0.0,-0.22631578947368494,0.7543484301194778,0,9,1,-1,0.0,0.9,0.1,0.0,3,11,6,-3,0.15,0.55,0.3,0.0,7,44,9,-2,0.11666666666666667,0.7333333333333333,0.15,0.0,0.0,35.833333333333336,71.66666666666667,0.0,27.38095238095238,54.76190476190476
2023-04-25,2023-04-24,4.8,4.8,0.0,1,False,False,False,0.0,0.0,,0.0,0.0,,-1.0,17.0,0.29411764705882354,50.0,76.0,0.32894736842105265,0.0,0.0,-0.2511278195488733,0.7260072242289526,0,10,0,0,0.0,1.0,0.0,0.0,2,12,6,-4,0.1,0.6,0.3,0.0,7,44,9,-2,0.11666666666666667,0.7333333333333333,0.15,0.0,0.0,36.666666666666664,73.33333333333333,0.0,27.57936507936508,55.15873015873016
2023-04-26,2023-04-25,4.8,4.8,0.0,1,False,False,False,0.0,0.0,,0.0,0.0,,-4.0,14.0,0.35714285714285715,50.0,76.0,0.32894736842105265,0.0,0.0,-0.22706766917293347,0.6948874687413171,0,10,0,0,0.0,1.0,0.0,0.0,1,13,6,-5,0.05,0.65,0.3,0.0,7,44,9,-2,0.11666666666666667,0.7333333333333333,0.15,0.0,0.0,36.666666666666664,73.33333333333333,0.0,27.77777777777778,55.55555555555556
2023-04-27,2023-04-26,4.81,4.8,1.0,1,False,False,False,1.0,1.0,1.0,1.0,1.0,1.0,-2.0,14.0,0.35714285714285715,50.0,76.0,0.32894736842105265,0.19999999999999574,0.054545454545453384,-0.19849624060150495,0.6643234231731038,1,9,0,1,0.1,0.9,0.0,0.0,2,13,5,-3,0.1,0.65,0.25,0.0,7,44,9,-2,0.11666666666666667,0.7333333333333333,0.15,0.0,73.33333333333333,80.0,86.66666666666667,55.95238095238095,72.22222222222223,88.4920634920635
2023-04-28,2023-04-27,4.81,4.81,0.0,1,True,False,False,1.0,1.0,1.0,1.0,1.0,1.0,-1.0,13.0,0.38461538461538464,50.0,76.0,0.32894736842105265,0.2999999999999936,0.0969696969696949,-0.182706766917294,0.63098082800778,1,9,0,1,0.1,0.9,0.0,0.0,2,14,4,-2,0.1,0.7,0.2,0.0,7,44,9,-2,0.11666666666666667,0.7333333333333333,0.15,0.0,0.0,36.666666666666664,73.33333333333333,0.0,27.976190476190474,55.95238095238095
2023-05-01,2023-04-28,4.81,4.81,0.0,3,False,False,False,1.0,1.0,1.0,1.0,1.0,1.0,-6.0,8.0,0.375,25.0,51.0,0.49019607843137253,0.2999999999999936,0.12727272727272457,-0.08646616541353438,0.6372325646012781,1,9,0,1,0.1,0.9,0.0,0.0,1,15,4,-3,0.05,0.75,0.2,0.0,6,45,9,-3,0.1,0.75,0.15,0.0,0.0,36.666666666666664,73.33333333333333,0.0,27.976190476190474,55.95238095238095
2023-05-02,2023-05-01,4.81,4.81,0.0,1,False,False,False,1.0,1.0,1.0,1.0,1.0,1.0,-3.0,5.0,0.4,26.0,50.0,0.5,0.19999999999999574,0.14545454545454237,-0.028571428571429233,0.6404001111419838,1,9,0,1,0.1,0.9,0.0,0.0,1,16,3,-2,0.05,0.8,0.15,0.0,6,46,8,-2,0.1,0.7666666666666667,0.13333333333333333,0.0,0.0,37.5,75.0,0.0,27.976190476190474,55.95238095238095
2023-05-03,2023-05-02,4.81,4.81,0.0,1,False,False,False,1.0,1.0,1.0,1.0,1.0,1.0,-2.0,4.0,0.5,26.0,50.0,0.5,0.0,0.15151515151514827,0.018045112781954503,0.6421228118921921,1,9,0,1,0.1,0.9,0.0,0.0,1,17,2,-1,0.05,0.85,0.1,0.0,6,46,8,-2,0.1,0.7666666666666667,0.13333333333333333,0.0,0.0,38.333333333333336,76.66666666666667,0.0,28.174603174603174,56.34920634920635
2023-05-04,2023-05-03,5.06,4.81,25.0,1,False,False,False,25.0,25.0,1.0,26.0,26.0,0.9615384615384616,25.0,27.0,0.9259259259259259,51.0,75.0,0.3333333333333333,5.0,1.509090909090906,0.39323308270676616,0.6833842734092802,2,8,0,2,0.2,0.8,0.0,0.0,2,17,1,1,0.1,0.85,0.05,0.0,7,45,8,-1,0.11666666666666667,0.75,0.13333333333333333,0.0,98.33333333333333,99.16666666666667,100.0,96.82539682539682,97.22222222222223,97.61904761904762
2023-05-05,2023-05-04,5.06,5.06,0.0,1,False,False,False,25.0,25.0,1.0,26.0,26.0,0.9615384615384616,25.0,27.0,0.9259259259259259,51.0,75.0,0.3333333333333333,7.5,2.5515151515151486,0.7308270676691717,0.7218116143373157,2,8,0,2,0.2,0.8,0.0,0.0,2,17,1,1,0.1,0.85,0.05,0.0,7,45,8,-1,0.11666666666666667,0.75,0.13333333333333333,0.0,0.0,37.5,75.0,0.0,27.976190476190474,55.95238095238095
2023-05-08,2023-05-05,5.06,5.06,0.0,3,False,False,False,25.0,25.0,1.0,26.0,26.0,0.9615384615384616,25.0,27.0,0.9259259259259259,51.0,75.0,0.3333333333333333,7.5,3.2787878787878766,1.0308270676691713,0.7574048346762988,2,8,0,2,0.2,0.8,0.0,0.0,2,17,1,1,0.1,0.85,0.05,0.0,7,45,8,-1,0.11666666666666667,0.75,0.13333333333333333,0.0,0.0,37.5,75.0,0.0,28.174603174603174,56.34920634920635
2023-05-09,2023-05-08,5.06,5.06,0.0,1,False,False,False,25.0,25.0,1.0,26.0,26.0,0.9615384615384616,26.0,26.0,0.9615384615384616,51.0,75.0,0.3333333333333333,5.0,3.6909090909090896,1.277443609022555,0.7901639344262292,2,8,0,2,0.2,0.8,0.0,0.0,2,18,0,2,0.1,0.9,0.0,0.0,7,45,8,-1,0.11666666666666667,0.75,0.13333333333333333,0.0,0.0,37.5,75.0,0.0,28.174603174603174,56.34920634920635
2023-05-10,2023-05-09,5.06,5.06,0.0,1,False,False,False,25.0,25.0,1.0,26.0,26.0,0.9615384615384616,26.0,26.0,0.9615384615384616,51.0,75.0,0.3333333333333333,0.0,3.787878787878788,1.4849624060150362,0.8200889135871071,2,8,0,2,0.2,0.8,0.0,0.0,2,18,0,2,0.1,0.9,0.0,0.0,7,45,8,-1,0.11666666666666667,0.75,0.13333333333333333,0.0,0.0,37.5,75.0,0.0,28.174603174603174,56.34920634920635
2023-05-11,2023-05-10,5.05,5.06,-1.0,1,False,False,False,-1.0,1.0,1.0,24.0,26.0,0.9615384615384616,25.0,27.0,0.9259259259259259,50.0,76.0,0.32894736842105265,-0.19999999999999574,3.5818181818181833,1.639097744360901,0.8455404278966376,1,8,1,0,0.1,0.8,0.1,0.0,2,17,1,1,0.1,0.85,0.05,0.0,7,44,9,-2,0.11666666666666667,0.7333333333333333,0.15,0.0,75.0,80.83333333333333,86.66666666666667,56.74603174603175,72.81746031746032,88.88888888888889
2023-05-12,2023-05-11,5.05,5.05,0.0,1,False,False,False,-1.0,1.0,1.0,24.0,26.0,0.9615384615384616,25.0,27.0,0.9259259259259259,50.0,76.0,0.32894736842105265,-0.2999999999999936,3.0848484848484867,1.7556390977443599,0.8682133926090577,1,8,1,0,0.1,0.8,0.1,0.0,2,17,1,1,0.1,0.85,0.05,0.0,7,44,9,-2,0.11666666666666667,0.7333333333333333,0.15,0.0,0.0,36.666666666666664,73.33333333333333,0.0,28.373015873015873,56.74603174603175
2023-05-15,2023-05-12,5.06,5.05,1.0,3,False,False,False,0.0,2.0,0.5,25.0,27.0,0.9259259259259259,26.0,28.0,0.8928571428571429,51.0,77.0,0.3246753246753247,-0.09999999999999787,2.351515151515153,1.8488721804511272,0.8897471519866625,2,7,1,1,0.2,0.7,0.1,0.0,3,16,1,2,0.15,0.8,0.05,0.0,8,43,9,-1,0.13333333333333333,0.7166666666666667,0.15,0.0,73.33333333333333,80.0,86.66666666666667,56.74603174603175,72.81746031746032,88.88888888888889
2023-05-16,2023-05-15,5.05,5.06,-1.0,1,False,False,False,-1.0,3.0,0.3333333333333333,24.0,28.0,0.8928571428571429,25.0,29.0,0.8620689655172413,50.0,78.0,0.32051282051282054,-0.09999999999999787,1.260606060606063,1.8887218045112775,0.90680744651292,2,6,2,0,0.2,0.6,0.2,0.0,3,15,2,1,0.15,0.75,0.1,0.0,8,42,10,-2,0.13333333333333333,0.7,0.16666666666666666,0.0,71.66666666666667,79.16666666666667,86.66666666666667,56.34920634920635,72.61904761904762,88.88888888888889
2023-05-17,2023-05-16,5.05,5.05,0.0,1,False,False,False,-1.0,3.0,0.3333333333333333,24.0,28.0,0.8928571428571429,25.0,29.0,0.8620689655172413,50.0,78.0,0.32051282051282054,0.0,-0.12121212121211863,1.8909774436090225,0.9210891914420668,2,6,2,0,0.2,0.6,0.2,0.0,3,15,2,1,0.15,0.75,0.1,0.0,8,42,10,-2,0.13333333333333333,0.7,0.16666666666666666,0.0,0.0,35.0,70.0,0.0,27.976190476190474,55.95238095238095
2023-05-18,2023-05-17,5.05,5.05,0.0,1,False,False,False,0.0,2.0,0.5,-1.0,3.0,0.3333333333333333,25.0,29.0,0.8620689655172413,50.0,78.0,0.32051282051282054,-0.09999999999999787,-0.12727272727272457,1.8556390977443609,0.9325923867741035,1,7,2,-1,0.1,0.7,0.2,0.0,3,15,2,1,0.15,0.75,0.1,0.0,8,42,10,-2,0.13333333333333333,0.7,0.16666666666666666,0.0,0.0,35.0,70.0,0.0,28.174603174603174,56.34920634920635
2023-05-19,2023-05-18,5.05,5.05,0.0,1,False,False,False,0.0,2.0,0.5,-1.0,3.0,0.3333333333333333,25.0,29.0,0.8620689655172413,50.0,78.0,0.32051282051282054,-0.19999999999999574,-0.12121212121211863,1.782706766917294,0.9413170325090299,1,7,2,-1,0.1,0.7,0.2,0.0,3,15,2,1,0.15,0.75,0.1,0.0,8,42,10,-2,0.13333333333333333,0.7,0.16666666666666666,0.0,0.0,35.0,70.0,0.0,28.174603174603174,56.34920634920635
2023-05-22,2023-05-19,5.05,5.05,0.0,3,False,False,False,-1.0,1.0,1.0,-1.0,3.0,0.3333333333333333,25.0,29.0,0.8620689655172413,50.0,78.0,0.32051282051282054,0.0,-0.10303030303030083,1.6721804511278202,0.9472631286468461,1,7,2,-1,0.1,0.7,0.2,0.0,3,15,2,1,0.15,0.75,0.1,0.0,8,42,10,-2,0.13333333333333333,0.7,0.16666666666666666,0.0,0.0,35.0,70.0,0.0,28.373015873015873,56.74603174603175
2023-05-23,2023-05-22,5.05,5.05,0.0,1,False,False,False,0.0,0.0,,-1.0,3.0,0.3333333333333333,25.0,29.0,0.8620689655172413,50.0,78.0,0.32051282051282054,0.0,-0.07272727272727118,1.5240601503759412,0.9504306751875516,1,7,2,-1,0.1,0.7,0.2,0.0,3,15,2,1,0.15,0.75,0.1,0.0,8,42,10,-2,0.13333333333333333,0.7,0.16666666666666666,0.0,0.0,35.0,70.0,0.0,28.373015873015873,56.74603174603175
2023-05-24,2023-05-23,5.05,5.05,0.0,1,False,False,False,0.0,0.0,,-1.0,3.0,0.3333333333333333,25.0,29.0,0.8620689655172413,50.0,78.0,0.32051282051282054,0.0,-0.03030303030302966,1.3383458646616555,0.9508196721311472,1,7,2,-1,0.1,0.7,0.2,0.0,3,15,2,1,0.15,0.75,0.1,0.0,8,42,10,-2,0.13333333333333333,0.7,0.16666666666666666,0.0,0.0,35.0,70.0,0.0,28.571428571428573,57.142857142857146
2023-05-25,2023-05-24,5.06,5.05,1.0,1,False,False,False,1.0,1.0,1.0,1.0,3.0,0.3333333333333333,25.0,29.0,0.8620689655172413,51.0,79.0,0.31645569620253167,0.19999999999999574,0.012121212121211863,1.1451127819548885,0.9500694637399275,2,7,1,1,0.2,0.7,0.1,0.0,3,15,2,1,0.15,0.75,0.1,0.0,9,41,10,-1,0.15,0.6833333333333333,0.16666666666666666,0.0,70.0,78.33333333333333,86.66666666666667,57.142857142857146,73.01587301587301,88.88888888888889
2023-05-26,2023-05-25,5.06,5.06,0.0,1,False,False,False,1.0,1.0,1.0,1.0,3.0,0.3333333333333333,25.0,29.0,0.8620689655172413,51.0,79.0,0.31645569620253167,0.2999999999999936,0.04242424242424152,0.9142857142857153,0.946485134759655,2,7,1,1,0.2,0.7,0.1,0.0,3,15,2,1,0.15,0.75,0.1,0.0,9,41,10,-1,0.15,0.6833333333333333,0.16666666666666666,0.0,0.0,34.166666666666664,68.33333333333333,0.0,28.571428571428573,57.142857142857146
2023-05-30,2023-05-26,5.06,5.06,0.0,4,False,False,False,1.0,1.0,1.0,0.0,2.0,0.5,25.0,29.0,0.8620689655172413,51.0,79.0,0.31645569620253167,0.2999999999999936,0.12727272727272457,0.645864661654136,0.9400666851903302,1,8,1,0,0.1,0.8,0.1,0.0,3,15,2,1,0.15,0.75,0.1,0.0,9,41,10,-1,0.15,0.6833333333333333,0.16666666666666666,0.0,0.0,34.166666666666664,68.33333333333333,0.0,28.571428571428573,57.142857142857146
2023-05-31,2023-05-30,5.08,5.06,2.0,1,True,False,False,3.0,3.0,0.6666666666666666,3.0,3.0,0.6666666666666666,27.0,31.0,0.8064516129032258,53.0,81.0,0.30864197530864196,0.600000000000005,0.25454545454545396,0.36842105263158,0.9340928035565432,2,8,0,2,0.2,0.8,0.0,0.0,4,14,2,2,0.2,0.7,0.1,0.0,10,40,10,0,0.16666666666666666,0.6666666666666666,0.16666666666666666,0.0,86.66666666666667,88.33333333333333,90.0,88.88888888888889,91.46825396825396,94.04761904761905
2023-06-01,2023-05-31,5.08,5.08,0.0,1,False,False,False,3.0,3.0,0.6666666666666666,3.0,3.0,0.6666666666666666,27.0,31.0,0.8064516129032258,53.0,81.0,0.30864197530864196,0.6000000000000139,0.3454545454545467,0.050375939849625385,0.9251736593498192,2,8,0,2,0.2,0.8,0.0,0.0,4,14,2,2,0.2,0.7,0.1,0.0,10,40,10,0,0.16666666666666666,0.6666666666666666,0.16666666666666666,0.0,0.0,33.333333333333336,66.66666666666667,0.0,28.373015873015873,56.74603174603175
2023-06-02,2023-06-01,5.07,5.08,-1.0,1,False,False,False,1.0,3.0,0.6666666666666666,2.0,4.0,0.5,1.0,7.0,0.2857142857142857,52.0,82.0,0.3048780487804878,0.4000000000000181,0.3454545454545494,0.07218045112782141,0.9116699083078631,2,7,1,1,0.2,0.7,0.1,0.0,3,14,3,0,0.15,0.7,0.15,0.0,10,39,11,-1,0.16666666666666666,0.65,0.18333333333333332,0.0,66.66666666666667,75.83333333333333,85.0,56.74603174603175,72.61904761904762,88.4920634920635
2023-06-05,2023-06-02,5.06,5.07,-1.0,3,False,False,False,0.0,4.0,0.5,1.0,5.0,0.4,0.0,8.0,0.25,51.0,83.0,0.30120481927710846,-0.09999999999999787,0.2666666666666691,0.07819548872180584,0.8936371214226171,2,6,2,0,0.2,0.6,0.2,0.0,3,13,4,-1,0.15,0.65,0.2,0.0,10,38,12,-2,0.16666666666666666,0.6333333333333333,0.2,0.0,65.0,75.0,85.0,56.34920634920635,72.42063492063492,88.4920634920635
2023-06-06,2023-06-05,5.05,5.06,-1.0,1,False,False,False,-1.0,5.0,0.4,0.0,6.0,0.3333333333333333,-1.0,9.0,0.2222222222222222,50.0,84.0,0.2976190476190476,-0.8000000000000096,0.12121212121212348,0.0699248120300763,0.8711308696860237,2,5,3,-1,0.2,0.5,0.3,0.0,3,12,5,-2,0.15,0.6,0.25,0.0,10,37,13,-3,0.16666666666666666,0.6166666666666667,0.21666666666666667,0.0,63.333333333333336,74.16666666666667,85.0,56.34920634920635,72.42063492063492,88.4920634920635
2023-06-07,2023-06-06,5.05,5.05,0.0,1,False,False,False,-3.0,3.0,0.3333333333333333,0.0,6.0,0.3333333333333333,-1.0,9.0,0.2222222222222222,50.0,84.0,0.2976190476190476,-0.8000000000000096,-0.024242424242422112,0.06315789473684295,0.8458460683523198,2,5,3,-1,0.2,0.5,0.3,0.0,3,12,5,-2,0.15,0.6,0.25,0.0,10,37,13,-3,0.16666666666666666,0.6166666666666667,0.21666666666666667,0.0,0.0,30.833333333333332,61.666666666666664,0.0,28.174603174603174,56.34920634920635
2023-06-08,2023-06-07,5.05,5.05,0.0,1,False,False,False,-3.0,3.0,0.3333333333333333,0.0,6.0,0.3333333333333333,-1.0,9.0,0.2222222222222222,50.0,84.0,0.2976190476190476,-0.5000000000000071,-0.16969696969696768,0.05789473684210583,0.8177827174215058,2,5,3,-1,0.2,0.5,0.3,0.0,3,12,5,-2,0.15,0.6,0.25,0.0,10,37,13,-3,0.16666666666666666,0.6166666666666667,0.21666666666666667,0.0,0.0,30.833333333333332,61.666666666666664,0.0,28.373015873015873,56.74603174603175
2023-06-09,2023-06-08,5.05,5.05,0.0,1,False,False,False,-2.0,2.0,0.5,-1.0,5.0,0.4,0.0,8.0,0.25,47.0,81.0,0.30864197530864196,-0.19999999999999574,-0.24848484848484806,0.038345864661654724,0.7920255626562933,1,6,3,-2,0.1,0.6,0.3,0.0,3,13,4,-1,0.15,0.65,0.2,0.0,9,38,13,-4,0.15,0.6333333333333333,0.21666666666666667,0.0,0.0,30.833333333333332,61.666666666666664,0.0,28.571428571428573,57.142857142857146
2023-06-12,2023-06-09,5.05,5.05,0.0,3,False,False,False,-1.0,1.0,1.0,-1.0,5.0,0.4,0.0,8.0,0.25,48.0,80.0,0.3125,0.0,-0.3151515151515165,0.01879699248120361,0.7619616560155598,1,6,3,-2,0.1,0.6,0.3,0.0,3,13,4,-1,0.15,0.65,0.2,0.0,9,39,12,-3,0.15,0.65,0.2,0.0,0.0,31.666666666666668,63.333333333333336,0.0,28.571428571428573,57.142857142857146
2023-06-13,2023-06-12,5.05,5.05,0.0,1,False,False,False,0.0,0.0,,-1.0,5.0,0.4,-1.0,7.0,0.2857142857142857,50.0,78.0,0.32051282051282054,0.0,-0.36969696969697313,0.015037593984962686,0.7258405112531258,1,6,3,-2,0.1,0.6,0.3,0.0,2,14,4,-2,0.1,0.7,0.2,0.0,9,40,11,-2,0.15,0.6666666666666666,0.18333333333333332,0.0,0.0,32.5,65.0,0.0,28.76984126984127,57.53968253968254
2023-06-14,2023-06-13,5.05,5.05,0.0,1,False,False,False,0.0,0.0,,-3.0,3.0,0.3333333333333333,0.0,6.0,0.3333333333333333,50.0,78.0,0.32051282051282054,0.0,-0.27878787878788147,-0.003007518796992217,0.6869408168935814,0,7,3,-3,0.0,0.7,0.3,0.0,2,15,3,-1,0.1,0.75,0.15,0.0,9,40,11,-2,0.15,0.6666666666666666,0.18333333333333332,0.0,0.0,33.333333333333336,66.66666666666667,0.0,28.96825396825397,57.93650793650794
2023-06-15,2023-06-14,5.06,5.05,1.0,1,False,False,False,1.0,1.0,1.0,-2.0,4.0,0.25,1.0,7.0,0.2857142857142857,51.0,79.0,0.31645569620253167,0.19999999999999574,-0.09696969696969975,-0.006766917293233139,0.6469019171992219,1,6,3,-2,0.1,0.6,0.3,0.0,3,14,3,0,0.15,0.7,0.15,0.0,10,39,11,-1,0.16666666666666666,0.65,0.18333333333333332,0.0,66.66666666666667,77.5,88.33333333333333,58.333333333333336,73.41269841269842,88.4920634920635
2023-06-16,2023-06-15,5.05,5.06,-1.0,1,False,False,False,0.0,2.0,0.5,-2.0,4.0,0.25,0.0,8.0,0.25,50.0,80.0,0.3125,0.09999999999999787,-0.012121212121211863,-0.026315789473684254,0.6023895526535149,1,6,3,-2,0.1,0.6,0.3,0.0,3,13,4,-1,0.15,0.65,0.2,0.0,10,38,12,-2,0.16666666666666666,0.6333333333333333,0.2,0.0,65.0,76.66666666666667,88.33333333333333,57.93650793650794,73.21428571428571,88.4920634920635
2023-06-20,2023-06-16,5.05,5.05,0.0,4,False,False,False,0.0,2.0,0.5,-1.0,3.0,0.3333333333333333,0.0,8.0,0.25,25.0,55.0,0.45454545454545453,0.0,0.03030303030302966,-0.04586466165413536,0.5974715198666295,1,7,2,-1,0.1,0.7,0.2,0.0,3,13,4,-1,0.15,0.65,0.2,0.0,9,39,12,-3,0.15,0.65,0.2,0.0,0.0,31.666666666666668,63.333333333333336,0.0,28.96825396825397,57.93650793650794
2023-06-21,2023-06-20,5.05,5.05,0.0,1,False,False,False,0.0,2.0,0.5,0.0,2.0,0.5,0.0,8.0,0.25,25.0,55.0,0.45454545454545453,-0.09999999999999787,0.018181818181817796,-0.06541353383458648,0.5911642122811892,1,8,1,0,0.1,0.8,0.1,0.0,3,13,4,-1,0.15,0.65,0.2,0.0,9,39,12,-3,0.15,0.65,0.2,0.0,0.0,32.5,65.0,0.0,29.166666666666668,58.333333333333336
2023-06-22,2023-06-21,5.05,5.05,0.0,1,False,False,False,0.0,2.0,0.5,0.0,2.0,0.5,0.0,8.0,0.25,24.0,54.0,0.46296296296296297,-0.19999999999999574,0.006060606060605931,-0.08496240601503759,0.5851625451514308,1,8,1,0,0.1,0.8,0.1,0.0,3,13,4,-1,0.15,0.65,0.2,0.0,8,40,12,-4,0.13333333333333333,0.6666666666666666,0.2,0.0,0.0,32.5,65.0,0.0,29.365079365079364,58.73015873015873
2023-06-23,2023-06-22,5.05,5.05,0.0,1,False,False,False,-1.0,1.0,1.0,0.0,2.0,0.5,0.0,8.0,0.25,21.0,51.0,0.49019607843137253,0.0,-0.006060606060605931,-0.1045112781954887,0.5829119199777715,1,8,1,0,0.1,0.8,0.1,0.0,3,13,4,-1,0.15,0.65,0.2,0.0,7,41,12,-5,0.11666666666666667,0.6833333333333333,0.2,0.0,0.0,33.333333333333336,66.66666666666667,0.0,29.563492063492063,59.12698412698413
2023-06-26,2023-06-23,5.05,5.05,0.0,3,False,False,False,0.0,0.0,,0.0,2.0,0.5,-1.0,7.0,0.2857142857142857,22.0,50.0,0.5,0.0,-0.018181818181817796,-0.10827067669172963,0.5777993887190886,1,8,1,0,0.1,0.8,0.1,0.0,2,14,4,-2,0.1,0.7,0.2,0.0,7,42,11,-4,0.11666666666666667,0.7,0.18333333333333332,0.0,0.0,34.166666666666664,68.33333333333333,0.0,29.563492063492063,59.12698412698413
2023-06-27,2023-06-26,5.05,5.05,0.0,1,False,False,False,0.0,0.0,,0.0,2.0,0.5,-1.0,7.0,0.2857142857142857,23.0,49.0,0.5102040816326531,0.0,-0.03030303030302966,-0.11052631578947432,0.5697693803834399,1,8,1,0,0.1,0.8,0.1,0.0,2,14,4,-2,0.1,0.7,0.2,0.0,7,43,10,-3,0.11666666666666667,0.7166666666666667,0.16666666666666666,0.0,0.0,35.0,70.0,0.0,29.563492063492063,59.12698412698413
2023-06-28,2023-06-27,5.06,5.05,1.0,1,False,False,False,1.0,1.0,1.0,1.0,3.0,0.3333333333333333,0.0,8.0,0.25,19.0,45.0,0.5555555555555556,0.19999999999999574,0.012121212121211863,-0.09699248120300887,0.5705751597666019,2,7,1,1,0.2,0.7,0.1,0.0,3,13,4,-1,0.15,0.65,0.2,0.0,7,43,10,-3,0.11666666666666667,0.7166666666666667,0.16666666666666666,0.0,71.66666666666667,81.66666666666667,91.66666666666667,59.12698412698413,74.4047619047619,89.68253968253968
2023-06-29,2023-06-28,5.06,5.06,0.0,1,False,False,False,1.0,1.0,1.0,1.0,3.0,0.3333333333333333,-2.0,6.0,0.16666666666666666,22.0,42.0,0.5952380952380952,0.2999999999999936,0.04242424242424152,-0.0518796992481216,0.5652403445401502,2,7,1,1,0.2,0.7,0.1,0.0,2,14,4,-2,0.1,0.7,0.2,0.0,7,44,9,-2,0.11666666666666667,0.7333333333333333,0.15,0.0,0.0,35.833333333333336,71.66666666666667,0.0,29.563492063492063,59.12698412698413
2023-06-30,2023-06-29,5.09,5.06,3.0,1,True,True,False,4.0,4.0,0.75,3.0,5.0,0.6,1.0,9.0,0.3333333333333333,26.0,44.0,0.5681818181818182,0.8999999999999986,0.2909090909090895,0.039097744360901424,0.5619060850236177,2,7,1,1,0.2,0.7,0.1,0.0,3,13,4,-1,0.15,0.65,0.2,0.0,8,44,8,0,0.13333333333333333,0.7333333333333333,0.13333333333333333,0.0,98.33333333333333,98.33333333333333,98.33333333333333,94.84126984126983,95.43650793650794,96.03174603174604
2023-07-03,2023-06-30,5.06,5.09,-3.0,3,False,False,False,1.0,7.0,0.42857142857142855,1.0,7.0,0.42857142857142855,-1.0,11.0,0.2727272727272727,25.0,45.0,0.5555555555555556,0.4999999999999982,0.27272727272727065,0.06992481203007483,0.5488191164212283,2,7,1,1,0.2,0.7,0.1,0.0,3,13,4,-1,0.15,0.65,0.2,0.0,8,44,8,0,0.13333333333333333,0.7333333333333333,0.13333333333333333,0.0,96.66666666666667,97.5,98.33333333333333,94.84126984126983,95.63492063492063,96.42857142857143
2023-07-05,2023-07-03,5.06,5.06,0.0,2,False,False,False,1.0,7.0,0.42857142857142855,1.0,7.0,0.42857142857142855,0.0,10.0,0.3,25.0,45.0,0.5555555555555556,0.0,0.24242424242423993,0.086466165413533,0.5343428730202835,2,7,1,1,0.2,0.7,0.1,0.0,3,14,3,0,0.15,0.7,0.15,0.0,8,44,8,0,0.13333333333333333,0.7333333333333333,0.13333333333333333,0.0,0.0,36.666666666666664,73.33333333333333,0.0,29.761904761904763,59.523809523809526
2023-07-06,2023-07-05,5.06,5.06,0.0,1,False,False,False,0.0,6.0,0.5,1.0,7.0,0.42857142857142855,1.0,9.0,0.3333333333333333,25.0,45.0,0.5555555555555556,-0.3000000000000025,0.19999999999999732,0.08721804511278096,0.5184773548207835,2,7,1,1,0.2,0.7,0.1,0.0,3,15,2,1,0.15,0.75,0.1,0.0,8,44,8,0,0.13333333333333333,0.7333333333333333,0.13333333333333333,0.0,0.0,36.666666666666664,73.33333333333333,0.0,29.96031746031746,59.92063492063492
2023-07-07,2023-07-06,5.06,5.06,0.0,1,False,False,False,0.0,6.0,0.5,1.0,7.0,0.42857142857142855,1.0,9.0,0.3333333333333333,26.0,44.0,0.5681818181818182,-0.600000000000005,0.1454545454545429,0.08646616541353272,0.49952764656849125,2,7,1,1,0.2,0.7,0.1,0.0,3,15,2,1,0.15,0.75,0.1,0.0,8,45,7,1,0.13333333333333333,0.75,0.11666666666666667,0.0,0.0,36.666666666666664,73.33333333333333,0.0,30.158730158730158,60.317460317460316
2023-07-10,2023-07-07,5.06,5.06,0.0,3,False,False,False,-3.0,3.0,1.0,1.0,7.0,0.42857142857142855,1.0,9.0,0.3333333333333333,26.0,44.0,0.5681818181818182,0.0,0.07878787878787658,0.08421052631578828,0.4791330925257016,2,7,1,1,0.2,0.7,0.1,0.0,3,15,2,1,0.15,0.75,0.1,0.0,8,45,7,1,0.13333333333333333,0.75,0.11666666666666667,0.0,0.0,37.5,75.0,0.0,30.357142857142858,60.714285714285715
2023-07-11,2023-07-10,5.06,5.06,0.0,1,False,False,False,0.0,0.0,,1.0,7.0,0.42857142857142855,1.0,9.0,0.3333333333333333,26.0,44.0,0.5681818181818182,0.0,-1.6148698540002276e-15,0.08045112781954762,0.45729369269241454,2,7,1,1,0.2,0.7,0.1,0.0,3,15,2,1,0.15,0.75,0.1,0.0,8,45,7,1,0.13333333333333333,0.75,0.11666666666666667,0.0,0.0,37.5,75.0,0.0,30.555555555555557,61.111111111111114
2023-07-12,2023-07-11,5.05,5.06,-1.0,1,False,False,False,-1.0,1.0,1.0,0.0,8.0,0.375,0.0,10.0,0.3,25.0,45.0,0.5555555555555556,-0.19999999999999574,-0.14545454545454506,0.060902255639096785,0.43237010280633503,2,6,2,0,0.2,0.6,0.2,0.0,3,14,3,0,0.15,0.7,0.15,0.0,8,44,8,0,0.13333333333333333,0.7333333333333333,0.13333333333333333,0.0,75.0,84.16666666666667,93.33333333333333,61.111111111111114,75.9920634920635,90.87301587301587
2023-07-13,2023-07-12,5.06,5.05,1.0,1,False,False,False,0.0,2.0,0.5,0.0,8.0,0.375,1.0,11.0,0.2727272727272727,26.0,46.0,0.5434782608695652,-0.09999999999999787,-0.16969696969696985,0.05563909774435992,0.4076965823839955,2,6,2,0,0.2,0.6,0.2,0.0,4,13,3,1,0.2,0.65,0.15,0.0,9,43,8,1,0.15,0.7166666666666667,0.13333333333333333,0.0,73.33333333333333,83.33333333333333,93.33333333333333,60.714285714285715,75.7936507936508,90.87301587301587
2023-07-14,2023-07-13,5.05,5.06,-1.0,1,False,False,False,-1.0,3.0,0.3333333333333333,-1.0,9.0,0.3333333333333333,0.0,12.0,0.25,25.0,47.0,0.5319148936170213,-0.19999999999999574,-0.24848484848484806,0.03458646616541286,0.37993887190886355,2,5,3,-1,0.2,0.5,0.3,0.0,4,12,4,0,0.2,0.6,0.2,0.0,9,42,9,0,0.15,0.7,0.15,0.0,71.66666666666667,82.5,93.33333333333333,60.714285714285715,75.7936507936508,90.87301587301587
2023-07-17,2023-07-14,5.06,5.05,1.0,3,False,False,False,0.0,4.0,0.25,-3.0,7.0,0.42857142857142855,0.0,12.0,0.25,26.0,48.0,0.5208333333333334,0.0,-0.06060606060605932,0.04360902255638999,0.35243123089747147,2,5,3,-1,0.2,0.5,0.3,0.0,4,12,4,0,0.2,0.6,0.2,0.0,10,41,9,1,0.16666666666666666,0.6833333333333333,0.15,0.0,70.0,81.66666666666667,93.33333333333333,60.317460317460316,75.5952380952381,90.87301587301587
2023-07-18,2023-07-17,5.06,5.06,0.0,1,False,False,False,0.0,4.0,0.25,0.0,4.0,0.25,1.0,11.0,0.2727272727272727,26.0,48.0,0.5208333333333334,0.19999999999999574,-0.03636363636363559,0.03684210526315691,0.3234787440955821,2,6,2,0,0.2,0.6,0.2,0.0,4,13,3,1,0.2,0.65,0.15,0.0,10,41,9,1,0.16666666666666666,0.6833333333333333,0.15,0.0,0.0,34.166666666666664,68.33333333333333,0.0,30.158730158730158,60.317460317460316
2023-07-19,2023-07-18,5.05,5.06,-1.0,1,False,False,False,0.0,4.0,0.25,-1.0,5.0,0.2,0.0,12.0,0.25,25.0,49.0,0.5102040816326531,-0.09999999999999787,-0.06666666666666525,0.014285714285713647,0.29144206724090027,2,5,3,-1,0.2,0.5,0.3,0.0,4,12,4,0,0.2,0.6,0.2,0.0,10,40,10,0,0.16666666666666666,0.6666666666666666,0.16666666666666666,0.0,68.33333333333333,80.83333333333333,93.33333333333333,60.714285714285715,75.7936507936508,90.87301587301587
2023-07-20,2023-07-19,5.06,5.05,1.0,1,False,False,False,0.0,4.0,0.25,0.0,6.0,0.16666666666666666,1.0,13.0,0.23076923076923078,26.0,50.0,0.5,0.09999999999999787,-0.03030303030302966,0.006015037593984367,0.25965545984995825,3,4,3,0,0.3,0.4,0.3,0.0,5,11,4,1,0.25,0.55,0.2,0.0,11,39,10,1,0.18333333333333332,0.65,0.16666666666666666,0.0,66.66666666666667,80.0,93.33333333333333,60.317460317460316,75.5952380952381,90.87301587301587
2023-07-21,2023-07-20,5.05,5.06,-1.0,1,False,False,False,0.0,4.0,0.25,-1.0,7.0,0.14285714285714285,0.0,14.0,0.21428571428571427,25.0,51.0,0.49019607843137253,-0.19999999999999574,-0.04848484848484745,-0.018045112781955103,0.22478466240622397,3,3,4,-1,0.3,0.3,0.4,0.0,5,10,5,0,0.25,0.5,0.25,0.0,11,38,11,0,0.18333333333333332,0.6333333333333333,0.18333333333333332,0.0,65.0,79.16666666666667,93.33333333333333,60.317460317460316,75.5952380952381,90.87301587301587
2023-07-24,2023-07-21,5.05,5.05,0.0,3,False,False,False,-1.0,3.0,0.3333333333333333,-1.0,7.0,0.14285714285714285,0.0,14.0,0.21428571428571427,25.0,51.0,0.49019607843137253,-0.19999999999999574,-0.054545454545453384,-0.042105263157894576,0.18852459016393444,3,3,4,-1,0.3,0.3,0.4,0.0,5,10,5,0,0.25,0.5,0.25,0.0,11,38,11,0,0.18333333333333332,0.6333333333333333,0.18333333333333332,0.0,0.0,31.666666666666668,63.333333333333336,0.0,29.96031746031746,59.92063492063492
2023-07-25,2023-07-24,5.06,5.05,1.0,1,False,False,False,0.0,4.0,0.25,0.0,8.0,0.125,1.0,15.0,0.2,25.0,51.0,0.49019607843137253,0.09999999999999787,0.006060606060605931,-0.05187969924812007,0.1542095026396221,4,2,4,0,0.4,0.2,0.4,0.0,6,9,5,1,0.3,0.45,0.25,0.0,11,38,11,0,0.18333333333333332,0.6333333333333333,0.18333333333333332,0.0,63.333333333333336,78.33333333333333,93.33333333333333,59.92063492063492,75.39682539682539,90.87301587301587
2023-07-26,2023-07-25,5.06,5.06,0.0,1,False,False,False,1.0,3.0,0.3333333333333333,1.0,7.0,0.14285714285714285,1.0,15.0,0.2,25.0,51.0,0.49019607843137253,0.09999999999999787,0.0,-0.06315789473684176,0.1185051403167546,4,3,3,1,0.4,0.3,0.3,0.0,6,9,5,1,0.3,0.45,0.25,0.0,11,38,11,0,0.18333333333333332,0.6333333333333333,0.18333333333333332,0.0,0.0,31.666666666666668,63.333333333333336,0.0,29.96031746031746,59.92063492063492
2023-07-27,2023-07-26,5.31,5.06,25.0,1,False,False,False,25.0,27.0,0.9259259259259259,25.0,31.0,0.8064516129032258,25.0,39.0,0.6410256410256411,50.0,76.0,0.32894736842105265,5.299999999999994,1.412121212121211,0.29699248120300764,0.12239510975270901,4,3,3,1,0.4,0.3,0.3,0.0,6,9,5,1,0.3,0.45,0.25,0.0,12,37,11,1,0.2,0.6166666666666667,0.18333333333333332,0.0,98.33333333333333,99.16666666666667,100.0,97.22222222222223,97.81746031746032,98.41269841269842
2023-07-28,2023-07-27,5.3,5.31,-1.0,1,False,False,False,25.0,27.0,0.9259259259259259,25.0,31.0,0.8064516129032258,24.0,40.0,0.625,49.0,77.0,0.3246753246753247,7.5,2.400000000000001,0.6052631578947372,0.12186718532925803,4,3,3,1,0.4,0.3,0.3,0.0,6,8,6,0,0.3,0.4,0.3,0.0,12,36,12,0,0.2,0.6,0.2,0.0,61.666666666666664,76.66666666666667,91.66666666666667,59.92063492063492,75.1984126984127,90.47619047619048
2023-07-31,2023-07-28,5.31,5.3,1.0,3,True,False,False,26.0,28.0,0.8928571428571429,25.0,31.0,0.8064516129032258,22.0,38.0,0.6578947368421053,50.0,78.0,0.32051282051282054,7.400000000000003,3.206060606060605,0.9390977443609025,0.12025562656293402,4,3,3,1,0.4,0.3,0.3,0.0,6,8,6,0,0.3,0.4,0.3,0.0,13,35,12,1,0.21666666666666667,0.5833333333333334,0.2,0.0,60.0,75.83333333333333,91.66666666666667,59.92063492063492,75.1984126984127,90.47619047619048
2023-08-01,2023-07-31,5.31,5.31,0.0,1,False,False,False,25.0,27.0,0.9259259259259259,25.0,31.0,0.8064516129032258,25.0,35.0,0.7142857142857143,25.0,53.0,0.4716981132075472,5.0,3.7090909090909077,1.192481203007519,0.15823839955543187,4,3,3,1,0.4,0.3,0.3,0.0,6,9,5,1,0.3,0.45,0.25,0.0,12,36,12,0,0.2,0.6,0.2,0.0,0.0,29.166666666666668,58.333333333333336,0.0,29.761904761904763,59.523809523809526
2023-08-02,2023-08-01,5.3,5.31,-1.0,1,False,False,False,24.0,28.0,0.8928571428571429,25.0,31.0,0.8064516129032258,24.0,36.0,0.6944444444444444,24.0,54.0,0.46296296296296297,-0.09999999999999787,3.787878787878788,1.3939849624060157,0.19319255348707953,4,3,3,1,0.4,0.3,0.3,0.0,6,8,6,0,0.3,0.4,0.3,0.0,12,35,13,-1,0.2,0.5833333333333334,0.21666666666666667,0.0,60.0,76.66666666666667,93.33333333333333,59.523809523809526,75.0,90.47619047619048
2023-08-03,2023-08-02,5.3,5.3,0.0,1,False,False,False,-1.0,3.0,0.3333333333333333,24.0,30.0,0.8333333333333334,24.0,36.0,0.6944444444444444,24.0,54.0,0.46296296296296297,-0.09999999999999787,3.6303030303030304,1.5593984962406018,0.22681300361211426,3,4,3,0,0.3,0.4,0.3,0.0,6,8,6,0,0.3,0.4,0.3,0.0,12,35,13,-1,0.2,0.5833333333333334,0.21666666666666667,0.0,0.0,29.166666666666668,58.333333333333336,0.0,29.761904761904763,59.523809523809526
2023-08-04,2023-08-03,5.3,5.3,0.0,1,False,False,False,0.0,2.0,0.5,25.0,29.0,0.8620689655172413,24.0,36.0,0.6944444444444444,24.0,54.0,0.46296296296296297,-0.2999999999999936,3.1151515151515166,1.6887218045112788,0.259099749930536,3,5,2,1,0.3,0.5,0.2,0.0,6,8,6,0,0.3,0.4,0.3,0.0,12,35,13,-1,0.2,0.5833333333333334,0.21666666666666667,0.0,0.0,29.166666666666668,58.333333333333336,0.0,29.96031746031746,59.92063492063492
2023-08-07,2023-08-04,5.3,5.3,0.0,3,False,False,False,-1.0,1.0,1.0,25.0,29.0,0.8620689655172413,24.0,36.0,0.6944444444444444,24.0,54.0,0.46296296296296297,-0.19999999999999574,2.2969696969696995,1.7819548872180455,0.29005279244234483,3,5,2,1,0.3,0.5,0.2,0.0,6,8,6,0,0.3,0.4,0.3,0.0,12,35,13,-1,0.2,0.5833333333333334,0.21666666666666667,0.0,0.0,29.166666666666668,58.333333333333336,0.0,30.158730158730158,60.317460317460316
2023-08-08,2023-08-07,5.3,5.3,0.0,1,False,False,False,-1.0,1.0,1.0,24.0,28.0,0.8928571428571429,24.0,36.0,0.6944444444444444,25.0,53.0,0.4716981132075472,0.0,1.242424242424245,1.839097744360903,0.31797721589330347,2,6,2,0,0.2,0.6,0.2,0.0,6,8,6,0,0.3,0.4,0.3,0.0,12,36,12,0,0.2,0.6,0.2,0.0,0.0,29.166666666666668,58.333333333333336,0.0,30.357142857142858,60.714285714285715
2023-08-09,2023-08-08,5.3,5.3,0.0,1,False,False,False,0.0,0.0,,24.0,28.0,0.8928571428571429,25.0,35.0,0.7142857142857143,25.0,53.0,0.4716981132075472,0.0,-0.10303030303030083,1.8443609022556398,0.34451236454570694,2,6,2,0,0.2,0.6,0.2,0.0,6,9,5,1,0.3,0.45,0.25,0.0,12,36,12,0,0.2,0.6,0.2,0.0,0.0,30.0,60.0,0.0,30.555555555555557,61.111111111111114
2023-08-10,2023-08-09,5.3,5.3,0.0,1,False,False,False,0.0,0.0,,-1.0,3.0,0.3333333333333333,24.0,34.0,0.7352941176470589,24.0,52.0,0.4807692307692308,0.0,-0.07272727272727118,1.8278195488721811,0.3713531536537925,1,7,2,-1,0.1,0.7,0.2,0.0,5,10,5,0,0.25,0.5,0.25,0.0,11,37,12,-1,0.18333333333333332,0.6166666666666667,0.2,0.0,0.0,30.0,60.0,0.0,30.555555555555557,61.111111111111114
2023-08-11,2023-08-10,5.3,5.3,0.0,1,False,False,False,0.0,0.0,,0.0,2.0,0.5,25.0,33.0,0.7575757575757576,25.0,51.0,0.49019607843137253,0.0,-0.0969696969696949,1.7593984962406026,0.3951653237010279,1,8,1,0,0.1,0.8,0.1,0.0,5,11,4,1,0.25,0.55,0.2,0.0,11,38,11,0,0.18333333333333332,0.6333333333333333,0.18333333333333332,0.0,0.0,30.833333333333332,61.666666666666664,0.0,30.753968253968253,61.507936507936506
2023-08-14,2023-08-11,5.3,5.3,0.0,3,False,False,False,0.0,0.0,,-1.0,1.0,1.0,24.0,32.0,0.78125,25.0,51.0,0.49019607843137253,0.0,-0.054545454545453384,1.6691729323308278,0.41758821894970805,0,9,1,-1,0.0,0.9,0.1,0.0,4,12,4,0,0.2,0.6,0.2,0.0,11,38,11,0,0.18333333333333332,0.6333333333333333,0.18333333333333332,0.0,0.0,31.666666666666668,63.333333333333336,0.0,30.753968253968253,61.507936507936506
2023-08-15,2023-08-14,5.3,5.3,0.0,1,False,False,False,0.0,0.0,,-1.0,1.0,1.0,24.0,32.0,0.78125,25.0,51.0,0.49019607843137253,0.0,0.0,1.5428571428571436,0.4386218393998332,0,9,1,-1,0.0,0.9,0.1,0.0,4,12,4,0,0.2,0.6,0.2,0.0,11,38,11,0,0.18333333333333332,0.6333333333333333,0.18333333333333332,0.0,0.0,31.666666666666668,63.333333333333336,0.0,30.952380952380953,61.904761904761905
2023-08-16,2023-08-15,5.3,5.3,0.0,1,False,False,False,0.0,0.0,,0.0,0.0,,25.0,31.0,0.8064516129032258,25.0,51.0,0.49019607843137253,0.0,0.0,1.3646616541353394,0.45826618505140304,0,10,0,0,0.0,1.0,0.0,0.0,4,13,3,1,0.2,0.65,0.15,0.0,11,38,11,0,0.18333333333333332,0.6333333333333333,0.18333333333333332,0.0,0.0,31.666666666666668,63.333333333333336,0.0,31.150793650793652,62.301587301587304
2023-08-17,2023-08-16,5.3,5.3,0.0,1,False,False,False,0.0,0.0,,0.0,0.0,,24.0,30.0,0.8333333333333334,25.0,51.0,0.49019607843137253,0.0,0.0,1.1646616541353392,0.4765212559044178,0,10,0,0,0.0,1.0,0.0,0.0,3,14,3,0,0.15,0.7,0.15,0.0,11,38,11,0,0.18333333333333332,0.6333333333333333,0.18333333333333332,0.0,0.0,31.666666666666668,63.333333333333336,0.0,31.150793650793652,62.301587301587304
2023-08-18,2023-08-17,5.3,5.3,0.0,1,False,False,False,0.0,0.0,,0.0,0.0,,25.0,29.0,0.8620689655172413,25.0,51.0,0.49019607843137253,0.0,0.0,0.912781954887219,0.4933870519588774,0,10,0,0,0.0,1.0,0.0,0.0,3,15,2,1,0.15,0.75,0.1,0.0,11,38,11,0,0.18333333333333332,0.6333333333333333,0.18333333333333332,0.0,0.0,31.666666666666668,63.333333333333336,0.0,31.150793650793652,62.301587301587304
2023-08-21,2023-08-18,5.3,5.3,0.0,3,False,False,False,0.0,0.0,,0.0,0.0,,25.0,29.0,0.8620689655172413,25.0,51.0,0.49019607843137253,0.0,0.0,0.6233082706766928,0.5088635732147819,0,10,0,0,0.0,1.0,0.0,0.0,3,15,2,1,0.15,0.75,0.1,0.0,11,38,11,0,0.18333333333333332,0.6333333333333333,0.18333333333333332,0.0,0.0,31.666666666666668,63.333333333333336,0.0,31.349206349206348,62.698412698412696
2023-08-22,2023-08-21,5.3,5.3,0.0,1,False,False,False,0.0,0.0,,0.0,0.0,,24.0,28.0,0.8928571428571429,24.0,50.0,0.5,0.0,0.0,0.3120300751879709,0.5246457349263683,0,10,0,0,0.0,1.0,0.0,0.0,2,16,2,0,0.1,0.8,0.1,0.0,10,39,11,-1,0.16666666666666666,0.65,0.18333333333333332,0.0,0.0,31.666666666666668,63.333333333333336,0.0,31.349206349206348,62.698412698412696
2023-08-23,2023-08-22,5.3,5.3,0.0,1,False,False,False,0.0,0.0,,0.0,0.0,,24.0,28.0,0.8928571428571429,24.0,50.0,0.5,0.0,0.0,-0.0353383458646609,0.5390941928313421,0,10,0,0,0.0,1.0,0.0,0.0,2,16,2,0,0.1,0.8,0.1,0.0,10,39,11,-1,0.16666666666666666,0.65,0.18333333333333332,0.0,0.0,32.5,65.0,0.0,31.349206349206348,62.698412698412696
2023-08-24,2023-08-23,5.3,5.3,0.0,1,False,False,False,0.0,0.0,,0.0,0.0,,-1.0,3.0,0.3333333333333333,24.0,50.0,0.5,0.0,0.0,-0.024060150375939338,0.5522089469297026,0,10,0,0,0.0,1.0,0.0,0.0,1,17,2,-1,0.05,0.85,0.1,0.0,10,39,11,-1,0.16666666666666666,0.65,0.18333333333333332,0.0,0.0,32.5,65.0,0.0,31.547619047619047,63.095238095238095
2023-08-25,2023-08-24,5.3,5.3,0.0,1,False,False,False,0.0,0.0,,0.0,0.0,,0.0,2.0,0.5,22.0,48.0,0.5208333333333334,0.0,0.0,-0.027067669172931755,0.567379827729925,0,10,0,0,0.0,1.0,0.0,0.0,1,18,1,0,0.05,0.9,0.05,0.0,9,40,11,-2,0.15,0.6666666666666666,0.18333333333333332,0.0,0.0,32.5,65.0,0.0,31.547619047619047,63.095238095238095
2023-08-28,2023-08-25,5.3,5.3,0.0,3,False,False,False,0.0,0.0,,0.0,0.0,,-1.0,1.0,1.0,22.0,48.0,0.5208333333333334,0.0,0.0,-0.014285714285713982,0.5813281467074187,0,10,0,0,0.0,1.0,0.0,0.0,0,19,1,-1,0.0,0.95,0.05,0.0,9,40,11,-2,0.15,0.6666666666666666,0.18333333333333332,0.0,0.0,33.333333333333336,66.66666666666667,0.0,31.547619047619047,63.095238095238095
2023-08-29,2023-08-28,5.3,5.3,0.0,1,False,False,False,0.0,0.0,,0.0,0.0,,-1.0,1.0,1.0,23.0,47.0,0.5319148936170213,0.0,0.0,0.0,0.5923589886079469,0,10,0,0,0.0,1.0,0.0,0.0,0,19,1,-1,0.0,0.95,0.05,0.0,9,41,10,-1,0.15,0.6833333333333333,0.16666666666666666,0.0,0.0,33.333333333333336,66.66666666666667,0.0,31.746031746031747,63.492063492063494
2023-08-30,2023-08-29,5.3,5.3,0.0,1,False,False,False,0.0,0.0,,0.0,0.0,,0.0,0.0,,24.0,46.0,0.5434782608695652,0.0,0.0,0.0,0.6004167824395666,0,10,0,0,0.0,1.0,0.0,0.0,0,20,0,0,0.0,1.0,0.0,0.0,9,42,9,0,0.15,0.7,0.15,0.0,0.0,34.166666666666664,68.33333333333333,0.0,31.746031746031747,63.492063492063494
2023-08-31,2023-08-30,5.31,5.3,1.0,1,True,False,False,1.0,1.0,1.0,1.0,1.0,1.0,1.0,1.0,1.0,26.0,46.0,0.5434782608695652,0.19999999999999574,0.054545454545453384,0.014285714285713982,0.6070853014726314,1,9,0,1,0.1,0.9,0.0,0.0,1,19,0,1,0.05,0.95,0.0,0.0,10,42,8,2,0.16666666666666666,0.7,0.13333333333333333,0.0,70.0,82.5,95.0,63.888888888888886,77.57936507936508,91.26984126984127
2023-09-01,2023-08-31,5.31,5.31,0.0,1,False,False,False,1.0,1.0,1.0,1.0,1.0,1.0,1.0,1.0,1.0,26.0,46.0,0.5434782608695652,0.2999999999999936,0.0969696969696949,0.027067669172931755,0.6123089747151987,1,9,0,1,0.1,0.9,0.0,0.0,1,19,0,1,0.05,0.95,0.0,0.0,10,42,8,2,0.16666666666666666,0.7,0.13333333333333333,0.0,0.0,35.0,70.0,0.0,31.746031746031747,63.492063492063494
2023-09-05,2023-09-01,5.31,5.31,0.0,4,False,False,False,1.0,1.0,1.0,1.0,1.0,1.0,1.0,1.0,1.0,26.0,46.0,0.5434782608695652,0.2999999999999936,0.12727272727272457,0.038345864661653316,0.6160878021672687,1,9,0,1,0.1,0.9,0.0,0.0,1,19,0,1,0.05,0.95,0.0,0.0,10,42,8,2,0.16666666666666666,0.7,0.13333333333333333,0.0,0.0,35.0,70.0,0.0,31.746031746031747,63.492063492063494
2023-09-06,2023-09-05,5.3,5.31,-1.0,1,False,False,False,0.0,2.0,0.5,0.0,2.0,0.5,0.0,2.0,0.5,25.0,47.0,0.5319148936170213,0.0,0.09090909090908897,0.03383458646616469,0.6167824395665462,1,8,1,0,0.1,0.8,0.1,0.0,1,18,1,0,0.05,0.9,0.05,0.0,10,41,9,1,0.16666666666666666,0.6833333333333333,0.15,0.0,70.0,82.5,95.0,63.888888888888886,77.57936507936508,91.26984126984127
2023-09-07,2023-09-06,5.31,5.3,1.0,1,False,False,False,1.0,3.0,0.3333333333333333,1.0,3.0,0.3333333333333333,1.0,3.0,0.3333333333333333,26.0,48.0,0.5208333333333334,-0.09999999999999787,0.10909090909090677,0.04360902255639005,0.6177271464295638,2,7,1,1,0.2,0.7,0.1,0.0,2,17,1,1,0.1,0.85,0.05,0.0,11,40,9,2,0.18333333333333332,0.6666666666666666,0.15,0.0,68.33333333333333,81.66666666666667,95.0,63.492063492063494,77.38095238095238,91.26984126984127
2023-09-08,2023-09-07,5.3,5.31,-1.0,1,False,False,False,-1.0,3.0,0.3333333333333333,0.0,4.0,0.25,0.0,4.0,0.25,25.0,49.0,0.5102040816326531,-0.19999999999999574,0.06060606060605932,0.037593984962405215,0.615587663239789,2,6,2,0,0.2,0.6,0.2,0.0,2,16,2,0,0.1,0.8,0.1,0.0,11,39,10,1,0.18333333333333332,0.65,0.16666666666666666,0.0,66.66666666666667,80.83333333333333,95.0,63.095238095238095,77.18253968253968,91.26984126984127
2023-09-11,2023-09-08,5.3,5.3,0.0,3,False,False,False,-1.0,3.0,0.3333333333333333,0.0,4.0,0.25,0.0,4.0,0.25,25.0,49.0,0.5102040816326531,-0.19999999999999574,0.012121212121211863,0.03157894736842038,0.6120589052514589,2,6,2,0,0.2,0.6,0.2,0.0,2,16,2,0,0.1,0.8,0.1,0.0,11,39,10,1,0.18333333333333332,0.65,0.16666666666666666,0.0,0.0,32.5,65.0,0.0,31.349206349206348,62.698412698412696
2023-09-12,2023-09-11,5.3,5.3,0.0,1,False,False,False,-1.0,3.0,0.3333333333333333,0.0,4.0,0.25,0.0,4.0,0.25,24.0,48.0,0.5208333333333334,-0.09999999999999787,-0.03636363636363559,0.025563909774435546,0.6088357877188109,2,6,2,0,0.2,0.6,0.2,0.0,2,16,2,0,0.1,0.8,0.1,0.0,10,40,10,0,0.16666666666666666,0.6666666666666666,0.16666666666666666,0.0,0.0,32.5,65.0,0.0,31.349206349206348,62.698412698412696
2023-09-13,2023-09-12,5.3,5.3,0.0,1,False,False,False,0.0,2.0,0.5,0.0,4.0,0.25,0.0,4.0,0.25,25.0,47.0,0.5319148936170213,-0.19999999999999574,-0.08484848484848304,0.019548872180450712,0.6025840511253128,2,6,2,0,0.2,0.6,0.2,0.0,2,16,2,0,0.1,0.8,0.1,0.0,10,41,9,1,0.16666666666666666,0.6833333333333333,0.15,0.0,0.0,33.333333333333336,66.66666666666667,0.0,31.547619047619047,63.095238095238095
2023-09-14,2023-09-13,5.3,5.3,0.0,1,False,False,False,-1.0,1.0,1.0,0.0,4.0,0.25,0.0,4.0,0.25,25.0,47.0,0.5319148936170213,0.0,-0.1333333333333305,0.013533834586465877,0.5949430397332595,2,6,2,0,0.2,0.6,0.2,0.0,2,16,2,0,0.1,0.8,0.1,0.0,10,41,9,1,0.16666666666666666,0.6833333333333333,0.15,0.0,0.0,34.166666666666664,68.33333333333333,0.0,31.547619047619047,63.095238095238095
2023-09-15,2023-09-14,5.31,5.3,1.0,1,False,False,False,1.0,1.0,1.0,0.0,4.0,0.25,1.0,5.0,0.2,26.0,48.0,0.5208333333333334,0.19999999999999574,-0.06060606060605932,0.021804511278195025,0.587552097804946,2,6,2,0,0.2,0.6,0.2,0.0,3,15,2,1,0.15,0.75,0.1,0.0,11,40,9,2,0.18333333333333332,0.6666666666666666,0.15,0.0,68.33333333333333,81.66666666666667,95.0,63.095238095238095,77.18253968253968,91.26984126984127
2023-09-18,2023-09-15,5.31,5.31,0.0,3,False,False,False,1.0,1.0,1.0,0.0,4.0,0.25,1.0,5.0,0.2,26.0,48.0,0.5208333333333334,0.2999999999999936,0.012121212121211863,0.028571428571427963,0.5787163100861352,2,6,2,0,0.2,0.6,0.2,0.0,3,15,2,1,0.15,0.75,0.1,0.0,11,40,9,2,0.18333333333333332,0.6666666666666666,0.15,0.0,0.0,33.333333333333336,66.66666666666667,0.0,31.349206349206348,62.698412698412696
2023-09-19,2023-09-18,5.31,5.31,0.0,1,False,False,False,1.0,1.0,1.0,0.0,4.0,0.25,1.0,5.0,0.2,26.0,48.0,0.5208333333333334,0.2999999999999936,0.08484848484848304,0.03383458646616469,0.568435676576827,2,6,2,0,0.2,0.6,0.2,0.0,3,15,2,1,0.15,0.75,0.1,0.0,11,40,9,2,0.18333333333333332,0.6666666666666666,0.15,0.0,0.0,33.333333333333336,66.66666666666667,0.0,31.349206349206348,62.698412698412696
2023-09-20,2023-09-19,5.3,5.31,-1.0,1,False,False,False,0.0,2.0,0.5,0.0,4.0,0.25,0.0,6.0,0.16666666666666666,25.0,49.0,0.5102040816326531,0.0,0.03636363636363559,0.023308270676691233,0.5550708530147265,2,6,2,0,0.2,0.6,0.2,0.0,3,14,3,0,0.15,0.7,0.15,0.0,11,39,10,1,0.18333333333333332,0.65,0.16666666666666666,0.0,66.66666666666667,80.83333333333333,95.0,63.095238095238095,77.18253968253968,91.26984126984127
2023-09-21,2023-09-20,5.3,5.3,0.0,1,False,False,False,0.0,2.0,0.5,-1.0,3.0,0.3333333333333333,0.0,6.0,0.16666666666666666,25.0,49.0,0.5102040816326531,-0.2999999999999936,0.054545454545453384,0.012781954887217773,0.5403167546540708,1,7,2,-1,0.1,0.7,0.2,0.0,3,14,3,0,0.15,0.7,0.15,0.0,11,39,10,1,0.18333333333333332,0.65,0.16666666666666666,0.0,0.0,32.5,65.0,0.0,31.547619047619047,63.095238095238095
2023-09-22,2023-09-21,5.3,5.3,0.0,1,False,False,False,-1.0,1.0,1.0,0.0,2.0,0.5,0.0,6.0,0.16666666666666666,24.0,48.0,0.5208333333333334,-0.2999999999999936,0.018181818181817796,0.002255639097744313,0.5258682967490972,1,8,1,0,0.1,0.8,0.1,0.0,3,14,3,0,0.15,0.7,0.15,0.0,10,40,10,0,0.16666666666666666,0.6666666666666666,0.16666666666666666,0.0,0.0,32.5,65.0,0.0,31.746031746031747,63.492063492063494
2023-09-25,2023-09-22,5.31,5.3,1.0,3,False,False,False,0.0,2.0,0.5,1.0,3.0,0.3333333333333333,1.0,7.0,0.14285714285714285,25.0,49.0,0.5102040816326531,0.0,0.03636363636363559,0.006015037593984834,0.5117254792998056,2,7,1,1,0.2,0.7,0.1,0.0,4,13,3,1,0.2,0.65,0.15,0.0,11,39,10,1,0.18333333333333332,0.65,0.16666666666666666,0.0,66.66666666666667,80.83333333333333,95.0,63.492063492063494,77.38095238095238,91.26984126984127
2023-09-26,2023-09-25,5.31,5.31,0.0,1,False,False,False,0.0,2.0,0.5,1.0,3.0,0.3333333333333333,1.0,7.0,0.14285714285714285,22.0,46.0,0.5434782608695652,0.2999999999999936,0.04242424242424152,0.008270676691729147,0.5012781328146708,2,7,1,1,0.2,0.7,0.1,0.0,4,13,3,1,0.2,0.65,0.15,0.0,10,40,10,0,0.16666666666666666,0.6666666666666666,0.16666666666666666,0.0,0.0,32.5,65.0,0.0,31.746031746031747,63.492063492063494
2023-09-27,2023-09-26,5.32,5.31,1.0,1,False,False,False,2.0,2.0,0.5,2.0,4.0,0.25,2.0,8.0,0.125,26.0,44.0,0.5681818181818182,0.5000000000000071,0.09090909090909381,0.0233082706766925,0.48616282300639085,3,6,1,2,0.3,0.6,0.1,0.0,5,12,3,2,0.25,0.6,0.15,0.0,11,40,9,2,0.18333333333333332,0.6666666666666666,0.15,0.0,66.66666666666667,81.66666666666667,96.66666666666667,63.888888888888886,77.57936507936508,91.26984126984127
2023-09-28,2023-09-27,5.31,5.32,-1.0,1,False,False,False,1.0,3.0,0.3333333333333333,1.0,5.0,0.2,1.0,9.0,0.1111111111111111,25.0,45.0,0.5555555555555556,0.3000000000000025,0.060606060606063085,0.021052631578948055,0.46796332314531824,3,5,2,1,0.3,0.5,0.2,0.0,5,11,4,1,0.25,0.55,0.2,0.0,11,39,10,1,0.18333333333333332,0.65,0.16666666666666666,0.0,66.66666666666667,82.5,98.33333333333333,63.888888888888886,77.77777777777777,91.66666666666667
2023-09-29,2023-09-28,5.31,5.31,0.0,1,True,True,False,1.0,3.0,0.3333333333333333,0.0,4.0,0.25,0.0,8.0,0.125,25.0,45.0,0.5555555555555556,0.0,0.08484848484848573,0.033082706766917595,0.4483745484856906,2,6,2,0,0.2,0.6,0.2,0.0,4,12,4,0,0.2,0.6,0.2,0.0,11,39,10,1,0.18333333333333332,0.65,0.16666666666666666,0.0,0.0,32.5,65.0,0.0,31.746031746031747,63.492063492063494
2023-10-02,2023-09-29,5.32,5.31,1.0,3,False,False,False,1.0,3.0,0.3333333333333333,1.0,5.0,0.2,1.0,9.0,0.1111111111111111,26.0,46.0,0.5434782608695652,0.10000000000000675,0.1636363636363666,0.05939849624060238,0.4290358432898029,3,5,2,1,0.3,0.5,0.2,0.0,5,11,4,1,0.25,0.55,0.2,0.0,12,38,10,2,0.2,0.6333333333333333,0.16666666666666666,0.0,65.0,81.66666666666667,98.33333333333333,63.492063492063494,77.57936507936508,91.66666666666667
2023-10-03,2023-10-02,5.33,5.32,1.0,1,False,False,False,2.0,4.0,0.25,2.0,6.0,0.16666666666666666,2.0,10.0,0.1,27.0,47.0,0.5319148936170213,0.3000000000000025,0.28484848484848796,0.0984962406015048,0.4098916365657129,4,4,2,2,0.4,0.4,0.2,0.0,6,10,4,2,0.3,0.5,0.2,0.0,13,37,10,3,0.21666666666666667,0.6166666666666667,0.16666666666666666,0.0,63.333333333333336,80.83333333333333,98.33333333333333,63.492063492063494,77.57936507936508,91.66666666666667
2023-10-04,2023-10-03,5.32,5.33,-1.0,1,False,False,False,0.0,4.0,0.25,2.0,6.0,0.16666666666666666,2.0,10.0,0.1,26.0,48.0,0.5208333333333334,0.4000000000000181,0.26060606060606584,0.1045112781954905,0.3876076687968883,4,4,2,2,0.4,0.4,0.2,0.0,6,10,4,2,0.3,0.5,0.2,0.0,13,36,11,2,0.21666666666666667,0.6,0.18333333333333332,0.0,61.666666666666664,80.0,98.33333333333333,63.095238095238095,77.38095238095238,91.66666666666667
2023-10-05,2023-10-04,5.32,5.32,0.0,1,False,False,False,1.0,3.0,0.3333333333333333,2.0,6.0,0.16666666666666666,1.0,9.0,0.1111111111111111,27.0,47.0,0.5319148936170213,0.2000000000000135,0.21212121212121893,0.12330827067669385,0.3621839399833291,4,4,2,2,0.4,0.4,0.2,0.0,5,11,4,1,0.25,0.55,0.2,0.0,13,37,10,3,0.21666666666666667,0.6166666666666667,0.16666666666666666,0.0,0.0,30.0,60.0,0.0,31.547619047619047,63.095238095238095
2023-10-06,2023-10-05,5.31,5.32,-1.0,1,False,False,False,0.0,4.0,0.25,1.0,7.0,0.14285714285714285,1.0,9.0,0.1111111111111111,25.0,47.0,0.5319148936170213,-0.30000000000001137,0.08484848484848896,0.11052631578947539,0.3353153653792723,4,3,3,1,0.4,0.3,0.3,0.0,5,11,4,1,0.25,0.55,0.2,0.0,12,37,11,1,0.2,0.6166666666666667,0.18333333333333332,0.0,61.666666666666664,80.0,98.33333333333333,63.492063492063494,77.97619047619048,92.46031746031746
2023-10-10,2023-10-06,5.31,5.31,0.0,4,False,False,False,-1.0,3.0,0.3333333333333333,0.0,6.0,0.16666666666666666,1.0,9.0,0.1111111111111111,26.0,46.0,0.5434782608695652,-0.500000000000016,0.0121212121212124,0.09624060150376075,0.30536260072242316,3,4,3,0,0.3,0.4,0.3,0.0,5,11,4,1,0.25,0.55,0.2,0.0,12,38,10,2,0.2,0.6333333333333333,0.16666666666666666,0.0,0.0,30.833333333333332,61.666666666666664,0.0,31.746031746031747,63.492063492063494
2023-10-11,2023-10-10,5.31,5.31,0.0,1,False,False,False,-2.0,2.0,0.5,0.0,6.0,0.16666666666666666,1.0,9.0,0.1111111111111111,25.0,45.0,0.5555555555555556,-0.30000000000002025,-0.06060606060606416,0.0804511278195499,0.2756599055293139,3,4,3,0,0.3,0.4,0.3,0.0,5,11,4,1,0.25,0.55,0.2,0.0,11,39,10,1,0.18333333333333332,0.65,0.16666666666666666,0.0,0.0,31.666666666666668,63.333333333333336,0.0,31.944444444444443,63.888888888888886
2023-10-12,2023-10-11,5.31,5.31,0.0,1,False,False,False,-1.0,1.0,1.0,-1.0,5.0,0.2,1.0,9.0,0.1111111111111111,25.0,45.0,0.5555555555555556,-0.2000000000000135,-0.06666666666666955,0.06315789473684283,0.2445679355376495,2,5,3,-1,0.2,0.5,0.3,0.0,5,11,4,1,0.25,0.55,0.2,0.0,11,39,10,1,0.18333333333333332,0.65,0.16666666666666666,0.0,0.0,32.5,65.0,0.0,31.944444444444443,63.888888888888886
2023-10-13,2023-10-12,5.31,5.31,0.0,1,False,False,False,-1.0,1.0,1.0,0.0,4.0,0.25,1.0,9.0,0.1111111111111111,26.0,44.0,0.5681818181818182,0.0,-0.12727272727273317,0.04436090225563956,0.21039177549319268,2,6,2,0,0.2,0.6,0.2,0.0,5,11,4,1,0.25,0.55,0.2,0.0,11,40,9,2,0.18333333333333332,0.6666666666666666,0.15,0.0,0.0,32.5,65.0,0.0,32.142857142857146,64.28571428571429
2023-10-16,2023-10-13,5.31,5.31,0.0,3,False,False,False,0.0,0.0,,0.0,4.0,0.25,0.0,8.0,0.125,25.0,43.0,0.5813953488372093,0.0,-0.1878787878787968,0.03984962406015026,0.17646568491247577,2,6,2,0,0.2,0.6,0.2,0.0,4,12,4,0,0.2,0.6,0.2,0.0,10,41,9,1,0.16666666666666666,0.6833333333333333,0.15,0.0,0.0,33.333333333333336,66.66666666666667,0.0,32.142857142857146,64.28571428571429
2023-10-17,2023-10-16,5.31,5.31,0.0,1,False,False,False,0.0,0.0,,-1.0,3.0,0.3333333333333333,0.0,8.0,0.125,26.0,42.0,0.5952380952380952,0.0,-0.18181818181818923,0.03533834586466097,0.13945540427896644,1,7,2,-1,0.1,0.7,0.2,0.0,4,12,4,0,0.2,0.6,0.2,0.0,10,42,8,2,0.16666666666666666,0.7,0.13333333333333333,0.0,0.0,34.166666666666664,68.33333333333333,0.0,32.142857142857146,64.28571428571429
2023-10-18,2023-10-17,5.3,5.31,-1.0,1,False,False,False,-1.0,1.0,1.0,-3.0,3.0,0.3333333333333333,-1.0,9.0,0.1111111111111111,25.0,43.0,0.5813953488372093,-0.19999999999999574,-0.1515151515151569,0.016541353383457694,0.09936093359266471,0,7,3,-3,0.0,0.7,0.3,0.0,4,11,5,-1,0.2,0.55,0.25,0.0,10,41,9,1,0.16666666666666666,0.6833333333333333,0.15,0.0,70.0,84.16666666666667,98.33333333333333,64.68253968253968,78.96825396825396,93.25396825396825
2023-10-19,2023-10-18,5.3,5.3,0.0,1,False,False,False,-1.0,1.0,1.0,-2.0,2.0,0.5,0.0,8.0,0.125,24.0,42.0,0.5952380952380952,-0.2999999999999936,-0.15151515151515313,-0.016541353383459564,0.05957210336204506,0,8,2,-2,0.0,0.8,0.2,0.0,4,12,4,0,0.2,0.6,0.2,0.0,9,42,9,0,0.15,0.7,0.15,0.0,0.0,34.166666666666664,68.33333333333333,0.0,32.142857142857146,64.28571428571429
2023-10-20,2023-10-19,5.3,5.3,0.0,1,False,False,False,-1.0,1.0,1.0,-2.0,2.0,0.5,0.0,8.0,0.125,24.0,42.0,0.5952380952380952,-0.2999999999999936,-0.12727272727272457,-0.04962406015037681,0.018449569324812478,0,8,2,-2,0.0,0.8,0.2,0.0,4,12,4,0,0.2,0.6,0.2,0.0,9,42,9,0,0.15,0.7,0.15,0.0,0.0,35.0,70.0,0.0,32.142857142857146,64.28571428571429
2023-10-23,2023-10-20,5.3,5.3,0.0,3,False,False,False,-1.0,1.0,1.0,-1.0,1.0,1.0,0.0,8.0,0.125,-1.0,17.0,0.058823529411764705,-0.19999999999999574,-0.14545454545454237,-0.08270676691729408,0.018366212836899144,0,9,1,-1,0.0,0.9,0.1,0.0,4,12,4,0,0.2,0.6,0.2,0.0,8,43,9,-1,0.13333333333333333,0.7166666666666667,0.15,0.0,0.0,35.0,70.0,0.0,32.34126984126984,64.68253968253968
2023-10-24,2023-10-23,5.3,5.3,0.0,1,False,False,False,-1.0,1.0,1.0,-1.0,1.0,1.0,-1.0,7.0,0.14285714285714285,0.0,16.0,0.0625,0.0,-0.15151515151514827,-0.10000000000000113,0.016643512086690765,0,9,1,-1,0.0,0.9,0.1,0.0,3,13,4,-1,0.15,0.65,0.2,0.0,8,44,8,0,0.13333333333333333,0.7333333333333333,0.13333333333333333,0.0,0.0,35.833333333333336,71.66666666666667,0.0,32.53968253968254,65.07936507936508
2023-10-25,2023-10-24,5.3,5.3,0.0,1,False,False,False,0.0,0.0,,-1.0,1.0,1.0,-1.0,7.0,0.14285714285714285,-1.0,15.0,0.06666666666666667,0.0,-0.14545454545454237,-0.115789473684212,0.016615726590719637,0,9,1,-1,0.0,0.9,0.1,0.0,3,13,4,-1,0.15,0.65,0.2,0.0,7,45,8,-1,0.11666666666666667,0.75,0.13333333333333333,0.0,0.0,36.666666666666664,73.33333333333333,0.0,32.53968253968254,65.07936507936508
2023-10-26,2023-10-25,5.31,5.3,1.0,1,False,False,False,1.0,1.0,1.0,0.0,2.0,0.5,-1.0,7.0,0.14285714285714285,0.0,16.0,0.0625,0.19999999999999574,-0.07272727272727118,-0.10000000000000107,0.018282856348985764,1,8,1,0,0.1,0.8,0.1,0.0,3,13,4,-1,0.15,0.65,0.2,0.0,8,44,8,0,0.13333333333333333,0.7333333333333333,0.13333333333333333,0.0,75.0,87.5,100.0,65.47619047619048,79.36507936507937,93.25396825396825
2023-10-27,2023-10-26,5.31,5.31,0.0,1,False,False,False,1.0,1.0,1.0,0.0,2.0,0.5,0.0,6.0,0.16666666666666666,1.0,15.0,0.06666666666666667,0.2999999999999936,0.0,-0.0984962406015054,0.018255070853014636,1,8,1,0,0.1,0.8,0.1,0.0,3,14,3,0,0.15,0.7,0.15,0.0,8,45,7,1,0.13333333333333333,0.75,0.11666666666666667,0.0,0.0,36.666666666666664,73.33333333333333,0.0,32.73809523809524,65.47619047619048
2023-10-30,2023-10-27,5.31,5.31,0.0,3,False,False,False,1.0,1.0,1.0,0.0,2.0,0.5,0.0,6.0,0.16666666666666666,1.0,15.0,0.06666666666666667,0.2999999999999936,0.07272727272727118,-0.09699248120300973,0.018171714365101302,1,8,1,0,0.1,0.8,0.1,0.0,3,14,3,0,0.15,0.7,0.15,0.0,8,45,7,1,0.13333333333333333,0.75,0.11666666666666667,0.0,0.0,37.5,75.0,0.0,32.93650793650794,65.87301587301587
2023-10-31,2023-10-30,5.35,5.31,4.0,1,True,False,False,5.0,5.0,0.8,4.0,6.0,0.6666666666666666,3.0,9.0,0.4444444444444444,5.0,19.0,0.21052631578947367,0.9999999999999964,0.3636363636363607,-0.022556390977445266,0.0245901639344261,2,7,1,1,0.2,0.7,0.1,0.0,3,14,3,0,0.15,0.7,0.15,0.0,9,44,7,2,0.15,0.7333333333333333,0.11666666666666667,0.0,100.0,100.0,100.0,97.22222222222223,97.22222222222223,97.22222222222223
2023-11-01,2023-10-31,5.32,5.35,-3.0,1,False,False,False,2.0,8.0,0.5,2.0,8.0,0.5,-1.0,11.0,0.36363636363636365,2.0,22.0,0.18181818181818182,0.6000000000000139,0.37575757575757635,0.020300751879698816,0.025812725757154723,2,7,1,1,0.2,0.7,0.1,0.0,2,14,4,-2,0.1,0.7,0.2,0.0,9,43,8,1,0.15,0.7166666666666667,0.13333333333333333,0.0,98.33333333333333,98.33333333333333,98.33333333333333,94.84126984126983,95.83333333333333,96.82539682539682
2023-11-02,2023-11-01,5.33,5.32,1.0,1,False,False,False,2.0,8.0,0.5,3.0,9.0,0.4444444444444444,1.0,11.0,0.36363636363636365,3.0,23.0,0.17391304347826086,0.500000000000016,0.4181818181818206,0.0631578947368429,0.028563489858293982,3,6,1,2,0.3,0.6,0.1,0.0,3,14,3,0,0.15,0.7,0.15,0.0,10,42,8,2,0.16666666666666666,0.7,0.13333333333333333,0.0,71.66666666666667,84.16666666666667,96.66666666666667,66.26984126984127,79.36507936507937,92.46031746031746
2023-11-03,2023-11-02,5.32,5.33,-1.0,1,False,False,False,1.0,9.0,0.4444444444444444,2.0,10.0,0.4,0.0,12.0,0.3333333333333333,2.0,24.0,0.16666666666666666,1.7763568394002505e-14,0.36969696969697474,0.09022556390977679,0.029508196721311577,3,5,2,1,0.3,0.5,0.2,0.0,3,13,4,-1,0.15,0.65,0.2,0.0,10,41,9,1,0.16666666666666666,0.6833333333333333,0.15,0.0,70.0,83.33333333333333,96.66666666666667,66.26984126984127,79.36507936507937,92.46031746031746
2023-11-06,2023-11-03,5.32,5.32,0.0,3,False,False,False,1.0,9.0,0.4444444444444444,2.0,10.0,0.4,1.0,11.0,0.36363636363636365,2.0,24.0,0.16666666666666666,-0.5999999999999872,0.2969696969697041,0.10150375939849908,0.03034176160044475,3,5,2,1,0.3,0.5,0.2,0.0,3,14,3,0,0.15,0.7,0.15,0.0,10,41,9,1,0.16666666666666666,0.6833333333333333,0.15,0.0,0.0,34.166666666666664,68.33333333333333,0.0,32.93650793650794,65.87301587301587
2023-11-07,2023-11-06,5.32,5.32,0.0,1,False,False,False,-3.0,5.0,0.6,2.0,10.0,0.4,1.0,11.0,0.36363636363636365,2.0,24.0,0.16666666666666666,-0.09999999999999787,0.20000000000000864,0.11127819548872506,0.031064184495693512,3,5,2,1,0.3,0.5,0.2,0.0,3,14,3,0,0.15,0.7,0.15,0.0,10,41,9,1,0.16666666666666666,0.6833333333333333,0.15,0.0,0.0,34.166666666666664,68.33333333333333,0.0,32.93650793650794,65.87301587301587
2023-11-08,2023-11-07,5.32,5.32,0.0,1,False,False,False,0.0,2.0,0.5,2.0,10.0,0.4,1.0,11.0,0.36363636363636365,2.0,24.0,0.16666666666666666,-0.19999999999999574,0.07878787878788841,0.11954887218045465,0.03167546540705786,3,5,2,1,0.3,0.5,0.2,0.0,3,14,3,0,0.15,0.7,0.15,0.0,10,41,9,1,0.16666666666666666,0.6833333333333333,0.15,0.0,0.0,34.166666666666664,68.33333333333333,0.0,32.93650793650794,65.87301587301587
2023-11-09,2023-11-08,5.32,5.32,0.0,1,False,False,False,-1.0,1.0,1.0,1.0,9.0,0.4444444444444444,1.0,11.0,0.36363636363636365,2.0,24.0,0.16666666666666666,0.0,8.612639221334548e-15,0.12631578947368793,0.03217560433453779,2,6,2,0,0.2,0.6,0.2,0.0,3,14,3,0,0.15,0.7,0.15,0.0,10,41,9,1,0.16666666666666666,0.6833333333333333,0.15,0.0,0.0,34.166666666666664,68.33333333333333,0.0,33.13492063492063,66.26984126984127
2023-11-10,2023-11-09,5.32,5.32,0.0,1,False,False,False,0.0,0.0,,1.0,9.0,0.4444444444444444,1.0,11.0,0.36363636363636365,2.0,24.0,0.16666666666666666,0.0,-0.09090909090908413,0.13157894736842485,0.03256460127813331,2,6,2,0,0.2,0.6,0.2,0.0,3,14,3,0,0.15,0.7,0.15,0.0,10,41,9,1,0.16666666666666666,0.6833333333333333,0.15,0.0,0.0,34.166666666666664,68.33333333333333,0.0,33.13492063492063,66.26984126984127
2023-11-13,2023-11-10,5.32,5.32,0.0,3,False,False,False,0.0,0.0,,1.0,9.0,0.4444444444444444,1.0,11.0,0.36363636363636365,2.0,24.0,0.16666666666666666,0.0,-0.1939393939393898,0.13533834586466545,0.03284245623784441,2,6,2,0,0.2,0.6,0.2,0.0,3,14,3,0,0.15,0.7,0.15,0.0,10,41,9,1,0.16666666666666666,0.6833333333333333,0.15,0.0,0.0,34.166666666666664,68.33333333333333,0.0,33.333333333333336,66.66666666666667
2023-11-14,2023-11-13,5.32,5.32,0.0,1,False,False,False,0.0,0.0,,-3.0,5.0,0.6,1.0,11.0,0.36363636363636365,2.0,24.0,0.16666666666666666,0.0,-0.04242424242424152,0.13759398496240968,0.03300916921367109,1,7,2,-1,0.1,0.7,0.2,0.0,3,14,3,0,0.15,0.7,0.15,0.0,10,41,9,1,0.16666666666666666,0.6833333333333333,0.15,0.0,0.0,34.166666666666664,68.33333333333333,0.0,33.333333333333336,66.66666666666667
2023-11-15,2023-11-14,5.32,5.32,0.0,1,False,False,False,0.0,0.0,,0.0,2.0,0.5,2.0,10.0,0.4,2.0,24.0,0.16666666666666666,0.0,-0.054545454545453384,0.12255639097744742,0.03306474020561336,1,8,1,0,0.1,0.8,0.1,0.0,3,15,2,1,0.15,0.75,0.1,0.0,10,41,9,1,0.16666666666666666,0.6833333333333333,0.15,0.0,0.0,34.166666666666664,68.33333333333333,0.0,33.333333333333336,66.66666666666667
2023-11-16,2023-11-15,5.32,5.32,0.0,1,False,False,False,0.0,0.0,,-1.0,1.0,1.0,2.0,10.0,0.4,2.0,24.0,0.16666666666666666,0.0,0.0,0.10451127819549257,0.033009169213671224,0,9,1,-1,0.0,0.9,0.1,0.0,3,15,2,1,0.15,0.75,0.1,0.0,10,41,9,1,0.16666666666666666,0.6833333333333333,0.15,0.0,0.0,34.166666666666664,68.33333333333333,0.0,33.333333333333336,66.66666666666667
2023-11-17,2023-11-16,5.32,5.32,0.0,1,False,False,False,0.0,0.0,,0.0,0.0,,2.0,10.0,0.4,2.0,24.0,0.16666666666666666,0.0,0.0,0.08345864661654517,0.03284245623784467,0,10,0,0,0.0,1.0,0.0,0.0,3,15,2,1,0.15,0.75,0.1,0.0,10,41,9,1,0.16666666666666666,0.6833333333333333,0.15,0.0,0.0,34.166666666666664,68.33333333333333,0.0,33.53174603174603,67.06349206349206
2023-11-20,2023-11-17,5.31,5.32,-1.0,3,False,False,False,-1.0,1.0,1.0,-1.0,1.0,1.0,1.0,11.0,0.36363636363636365,1.0,25.0,0.16,-0.2000000000000135,-0.05454545454545823,0.04511278195489,0.0309252570158385,0,9,1,-1,0.0,0.9,0.1,0.0,3,14,3,0,0.15,0.7,0.15,0.0,10,40,10,0,0.16666666666666666,0.6666666666666666,0.16666666666666666,0.0,68.33333333333333,82.5,96.66666666666667,67.46031746031746,80.35714285714286,93.25396825396825
2023-11-21,2023-11-20,5.31,5.31,0.0,1,False,False,False,-1.0,1.0,1.0,-1.0,1.0,1.0,1.0,11.0,0.36363636363636365,1.0,25.0,0.16,-0.30000000000002025,-0.09696969696970352,0.0052631578947386,0.028952486801890127,0,9,1,-1,0.0,0.9,0.1,0.0,3,14,3,0,0.15,0.7,0.15,0.0,10,40,10,0,0.16666666666666666,0.6666666666666666,0.16666666666666666,0.0,0.0,33.333333333333336,66.66666666666667,0.0,33.73015873015873,67.46031746031746
2023-11-22,2023-11-21,5.31,5.31,0.0,1,False,False,False,-1.0,1.0,1.0,-1.0,1.0,1.0,1.0,11.0,0.36363636363636365,1.0,25.0,0.16,-0.30000000000002025,-0.12727272727273586,-0.036090225563909006,0.026924145595999552,0,9,1,-1,0.0,0.9,0.1,0.0,3,14,3,0,0.15,0.7,0.15,0.0,10,40,10,0,0.16666666666666666,0.6666666666666666,0.16666666666666666,0.0,0.0,33.333333333333336,66.66666666666667,0.0,33.92857142857143,67.85714285714286
2023-11-24,2023-11-22,5.32,5.31,1.0,2,False,False,False,0.0,2.0,0.5,0.0,2.0,0.5,1.0,11.0,0.36363636363636365,2.0,26.0,0.15384615384615385,0.0,-0.09090909090909705,-0.04887218045112738,0.026479577660461964,1,8,1,0,0.1,0.8,0.1,0.0,3,14,3,0,0.15,0.7,0.15,0.0,11,39,10,1,0.18333333333333332,0.65,0.16666666666666666,0.0,66.66666666666667,81.66666666666667,96.66666666666667,67.85714285714286,80.55555555555556,93.25396825396825
2023-11-27,2023-11-24,5.32,5.32,0.0,3,False,False,False,0.0,2.0,0.5,0.0,2.0,0.5,1.0,11.0,0.36363636363636365,2.0,26.0,0.15384615384615385,0.30000000000002025,-0.05454545454545823,-0.0631578947368421,0.025923867741039962,1,8,1,0,0.1,0.8,0.1,0.0,3,14,3,0,0.15,0.7,0.15,0.0,11,39,10,1,0.18333333333333332,0.65,0.16666666666666666,0.0,0.0,32.5,65.0,0.0,33.73015873015873,67.46031746031746
2023-11-28,2023-11-27,5.32,5.32,0.0,1,False,False,False,1.0,1.0,1.0,0.0,2.0,0.5,1.0,11.0,0.36363636363636365,1.0,25.0,0.16,0.30000000000002025,-0.01818181818181941,-0.07894736842105315,0.026951931091970794,1,8,1,0,0.1,0.8,0.1,0.0,3,14,3,0,0.15,0.7,0.15,0.0,10,40,10,0,0.16666666666666666,0.6666666666666666,0.16666666666666666,0.0,0.0,32.5,65.0,0.0,33.73015873015873,67.46031746031746
2023-11-29,2023-11-28,5.31,5.32,-1.0,1,False,False,False,0.0,2.0,0.5,-1.0,3.0,0.3333333333333333,-4.0,8.0,0.375,0.0,26.0,0.15384615384615385,0.0,-0.03636363636363882,-0.04736842105263364,0.026285079188664226,1,7,2,-1,0.1,0.7,0.2,0.0,2,14,4,-2,0.1,0.7,0.2,0.0,10,39,11,-1,0.16666666666666666,0.65,0.18333333333333332,0.0,66.66666666666667,81.66666666666667,96.66666666666667,67.85714285714286,80.55555555555556,93.25396825396825
2023-11-30,2023-11-29,5.33,5.31,2.0,1,True,False,False,2.0,4.0,0.5,1.0,5.0,0.4,1.0,7.0,0.2857142857142857,2.0,28.0,0.14285714285714285,0.09999999999998899,0.06666666666666632,-0.0285714285714305,0.028896915809947896,2,6,2,0,0.2,0.6,0.2,0.0,3,14,3,0,0.15,0.7,0.15,0.0,11,38,11,0,0.18333333333333332,0.6333333333333333,0.18333333333333332,0.0,96.66666666666667,96.66666666666667,96.66666666666667,93.25396825396825,94.04761904761905,94.84126984126983
2023-12-01,2023-11-30,5.39,5.33,6.0,1,False,False,False,7.0,9.0,0.6666666666666666,7.0,11.0,0.5454545454545454,6.0,12.0,0.5,9.0,33.0,0.18181818181818182,1.4999999999999858,0.48484848484848475,0.09022556390977178,0.039538760766880336,3,5,2,1,0.3,0.5,0.2,0.0,3,14,3,0,0.15,0.7,0.15,0.0,12,38,10,2,0.2,0.6333333333333333,0.16666666666666666,0.0,100.0,100.0,100.0,98.01587301587301,98.01587301587301,98.01587301587301
2023-12-04,2023-12-01,5.37,5.39,-2.0,3,False,False,False,5.0,11.0,0.5454545454545454,5.0,13.0,0.46153846153846156,5.0,13.0,0.46153846153846156,6.0,34.0,0.17647058823529413,1.7999999999999972,0.7090909090909123,0.1556390977443585,0.04809669352598006,3,4,3,0,0.3,0.4,0.3,0.0,3,14,3,0,0.15,0.7,0.15,0.0,11,38,11,0,0.18333333333333332,0.6333333333333333,0.18333333333333332,0.0,93.33333333333333,94.16666666666667,95.0,92.46031746031746,93.45238095238095,94.44444444444444
2023-12-05,2023-12-04,5.33,5.37,-4.0,1,False,False,False,1.0,15.0,0.4,2.0,16.0,0.375,1.0,17.0,0.35294117647058826,3.0,37.0,0.16216216216216217,0.8000000000000096,0.5878787878787899,0.1563909774436069,0.04806890803000898,3,4,3,0,0.3,0.4,0.3,0.0,3,13,4,-1,0.15,0.65,0.2,0.0,11,38,11,0,0.18333333333333332,0.6333333333333333,0.18333333333333332,0.0,96.66666666666667,97.5,98.33333333333333,96.82539682539682,97.02380952380952,97.22222222222223
2023-12-06,2023-12-05,5.32,5.33,-1.0,1,False,False,False,1.0,15.0,0.4,1.0,17.0,0.35294117647058826,0.0,18.0,0.3333333333333333,2.0,38.0,0.15789473684210525,-0.7999999999999918,0.38787878787878927,0.14135338345864507,0.046235065295916214,3,3,4,-1,0.3,0.3,0.4,0.0,3,12,5,-2,0.15,0.6,0.25,0.0,11,37,12,-1,0.18333333333333332,0.6166666666666667,0.2,0.0,63.333333333333336,76.66666666666667,90.0,67.06349206349206,79.36507936507937,91.66666666666667
2023-12-07,2023-12-06,5.32,5.32,0.0,1,False,False,False,-1.0,13.0,0.46153846153846156,1.0,17.0,0.35294117647058826,0.0,18.0,0.3333333333333333,2.0,38.0,0.15789473684210525,-1.8999999999999861,0.17575757575757578,0.12631578947368324,0.04429008057793904,3,3,4,-1,0.3,0.3,0.4,0.0,3,12,5,-2,0.15,0.6,0.25,0.0,11,37,12,-1,0.18333333333333332,0.6166666666666667,0.2,0.0,0.0,30.833333333333332,61.666666666666664,0.0,33.53174603174603,67.06349206349206
2023-12-08,2023-12-07,5.32,5.32,0.0,1,False,False,False,-7.0,7.0,0.5714285714285714,0.0,16.0,0.375,0.0,18.0,0.3333333333333333,2.0,38.0,0.15789473684210525,-1.0999999999999943,0.018181818181820485,0.11127819548872143,0.04223395387607746,2,4,4,-2,0.2,0.4,0.4,0.0,3,12,5,-2,0.15,0.6,0.25,0.0,11,37,12,-1,0.18333333333333332,0.6166666666666667,0.2,0.0,0.0,30.833333333333332,61.666666666666664,0.0,33.53174603174603,67.06349206349206
2023-12-11,2023-12-08,5.32,5.32,0.0,3,False,False,False,-5.0,5.0,0.8,0.0,16.0,0.375,0.0,18.0,0.3333333333333333,2.0,38.0,0.15789473684210525,-0.19999999999999574,-0.1393939393939348,0.09624060150375961,0.04006668519033146,2,4,4,-2,0.2,0.4,0.4,0.0,3,12,5,-2,0.15,0.6,0.25,0.0,11,37,12,-1,0.18333333333333332,0.6166666666666667,0.2,0.0,0.0,30.833333333333332,61.666666666666664,0.0,33.73015873015873,67.46031746031746
2023-12-12,2023-12-11,5.31,5.32,-1.0,1,False,False,False,-2.0,2.0,0.5,-1.0,17.0,0.35294117647058826,-1.0,19.0,0.3157894736842105,0.0,38.0,0.15789473684210525,-0.2000000000000135,-0.35151515151514834,0.06691729323308254,0.0378438455126431,2,3,5,-3,0.2,0.3,0.5,-0.5,3,11,6,-3,0.15,0.55,0.3,0.0,10,37,13,-3,0.16666666666666666,0.6166666666666667,0.21666666666666667,0.0,61.666666666666664,75.83333333333333,90.0,67.46031746031746,79.56349206349206,91.66666666666667
2023-12-13,2023-12-12,5.31,5.31,0.0,1,False,False,False,-1.0,1.0,1.0,0.0,16.0,0.375,-1.0,19.0,0.3157894736842105,0.0,38.0,0.15789473684210525,-0.30000000000002025,-0.61818181818182,0.039097744360901826,0.03562100583495474,2,4,4,-2,0.2,0.4,0.4,0.0,3,11,6,-3,0.15,0.55,0.3,0.0,10,37,13,-3,0.16666666666666666,0.6166666666666667,0.21666666666666667,0.0,0.0,30.833333333333332,61.666666666666664,0.0,33.53174603174603,67.06349206349206
2023-12-14,2023-12-13,5.31,5.31,0.0,1,False,False,False,-1.0,1.0,1.0,-2.0,14.0,0.42857142857142855,-1.0,19.0,0.3157894736842105,0.0,38.0,0.15789473684210525,-0.30000000000002025,-0.7515151515151554,0.012781954887217438,0.03339816615726639,1,5,4,-3,0.1,0.5,0.4,0.0,3,11,6,-3,0.15,0.55,0.3,0.0,10,37,13,-3,0.16666666666666666,0.6166666666666667,0.21666666666666667,0.0,0.0,30.833333333333332,61.666666666666664,0.0,33.53174603174603,67.06349206349206
2023-12-15,2023-12-14,5.32,5.31,1.0,1,False,False,False,0.0,2.0,0.5,-7.0,9.0,0.4444444444444444,0.0,20.0,0.3,2.0,38.0,0.15789473684210525,0.0,-0.40606060606061034,0.002255639097744647,0.031119755487635965,1,5,4,-3,0.1,0.5,0.4,0.0,4,10,6,-2,0.2,0.5,0.3,0.0,11,37,12,-1,0.18333333333333332,0.6166666666666667,0.2,0.0,61.666666666666664,75.83333333333333,90.0,67.06349206349206,79.36507936507937,91.66666666666667
2023-12-18,2023-12-15,5.32,5.32,0.0,3,False,False,False,0.0,2.0,0.5,-5.0,7.0,0.5714285714285714,0.0,20.0,0.3,2.0,38.0,0.15789473684210525,0.30000000000002025,-0.10909090909091161,-0.008270676691728145,0.02873020283412114,1,6,3,-2,0.1,0.6,0.3,0.0,4,10,6,-2,0.2,0.5,0.3,0.0,11,37,12,-1,0.18333333333333332,0.6166666666666667,0.2,0.0,0.0,30.833333333333332,61.666666666666664,0.0,33.333333333333336,66.66666666666667
2023-12-19,2023-12-18,5.31,5.32,-1.0,1,False,False,False,0.0,2.0,0.5,-2.0,4.0,0.25,0.0,20.0,0.3,1.0,39.0,0.15384615384615385,0.10000000000000675,-0.07272727272727764,-0.048872180451127775,0.024590163934426697,1,6,3,-2,0.1,0.6,0.3,0.0,4,10,6,-2,0.2,0.5,0.3,0.0,11,36,13,-2,0.18333333333333332,0.6,0.21666666666666667,0.0,61.666666666666664,75.83333333333333,90.0,66.66666666666667,79.16666666666667,91.66666666666667
2023-12-20,2023-12-19,5.31,5.31,0.0,1,False,False,False,0.0,2.0,0.5,-1.0,3.0,0.3333333333333333,0.0,20.0,0.3,0.0,38.0,0.15789473684210525,-0.10000000000000675,-0.07878787878788411,-0.08947368421052741,0.022089469297027306,1,7,2,-1,0.1,0.7,0.2,0.0,4,10,6,-2,0.2,0.5,0.3,0.0,10,37,13,-3,0.16666666666666666,0.6166666666666667,0.21666666666666667,0.0,0.0,30.0,60.0,0.0,33.333333333333336,66.66666666666667
2023-12-21,2023-12-20,5.31,5.31,0.0,1,False,False,False,0.0,2.0,0.5,-1.0,3.0,0.3333333333333333,0.0,20.0,0.3,0.0,38.0,0.15789473684210525,-0.30000000000002025,-0.07272727272727764,-0.13007518796992706,0.019588774659627915,1,7,2,-1,0.1,0.7,0.2,0.0,4,10,6,-2,0.2,0.5,0.3,0.0,10,37,13,-3,0.16666666666666666,0.6166666666666667,0.21666666666666667,0.0,0.0,30.833333333333332,61.666666666666664,0.0,33.333333333333336,66.66666666666667
2023-12-22,2023-12-21,5.32,5.31,1.0,1,False,False,False,0.0,2.0,0.5,0.0,4.0,0.25,0.0,20.0,0.3,0.0,38.0,0.15789473684210525,0.0,0.0,-0.14060150375939984,0.020422339538761117,2,6,2,0,0.2,0.6,0.2,0.0,4,10,6,-2,0.2,0.5,0.3,0.0,10,37,13,-3,0.16666666666666666,0.6166666666666667,0.21666666666666667,0.0,61.666666666666664,75.83333333333333,90.0,67.06349206349206,79.76190476190476,92.46031746031746
2023-12-26,2023-12-22,5.35,5.32,3.0,4,False,False,False,3.0,5.0,0.6,3.0,7.0,0.42857142857142855,3.0,23.0,0.2608695652173913,4.0,40.0,0.15,0.9000000000000075,0.23636363636363777,-0.1082706766917307,0.024479021950542062,3,5,2,1,0.3,0.5,0.2,0.0,5,9,6,-1,0.25,0.45,0.3,0.0,11,37,12,-1,0.18333333333333332,0.6166666666666667,0.2,0.0,93.33333333333333,94.16666666666667,95.0,94.44444444444444,95.63492063492063,96.82539682539682
2023-12-27,2023-12-26,5.39,5.35,4.0,1,False,False,False,8.0,8.0,0.5,8.0,10.0,0.4,7.0,27.0,0.2222222222222222,8.0,44.0,0.13636363636363635,2.0000000000000018,0.5878787878787872,-0.023308270676692968,0.03487079744373451,4,5,1,3,0.4,0.5,0.1,0.0,6,8,6,0,0.3,0.4,0.3,0.0,12,36,12,0,0.2,0.6,0.2,0.0,95.0,96.66666666666667,98.33333333333333,96.82539682539682,97.22222222222223,97.61904761904762
2023-12-28,2023-12-27,5.4,5.39,1.0,1,False,False,False,9.0,9.0,0.4444444444444444,9.0,11.0,0.36363636363636365,9.0,27.0,0.2222222222222222,8.0,44.0,0.13636363636363635,2.500000000000009,0.8969696969696979,0.04962406015037482,0.04815226451792191,5,4,1,4,0.5,0.4,0.1,0.5,7,8,5,2,0.35,0.4,0.25,0.0,12,36,12,0,0.2,0.6,0.2,0.0,60.0,73.33333333333333,86.66666666666667,65.87301587301587,78.76984126984127,91.66666666666667
2023-12-29,2023-12-28,5.38,5.4,-2.0,1,True,True,True,7.0,11.0,0.36363636363636365,7.0,13.0,0.3076923076923077,5.0,27.0,0.2222222222222222,5.0,45.0,0.13333333333333333,1.6999999999999993,0.9878787878787867,0.11203007518796888,0.05940539038621866,5,3,2,3,0.5,0.3,0.2,0.5,6,8,6,0,0.3,0.4,0.3,0.0,11,36,13,-2,0.18333333333333332,0.6,0.21666666666666667,0.0,86.66666666666667,88.33333333333333,90.0,91.66666666666667,92.65873015873017,93.65079365079364
2024-01-02,2023-12-29,5.4,5.38,2.0,4,False,False,False,8.0,12.0,0.3333333333333333,8.0,14.0,0.2857142857142857,1.0,23.0,0.17391304347826086,8.0,46.0,0.13043478260869565,0.9000000000000163,1.1696969696969732,0.29022556390977355,0.07196443456515737,5,3,2,3,0.5,0.3,0.2,0.5,6,8,6,0,0.3,0.4,0.3,0.0,12,36,12,0,0.2,0.6,0.2,0.0,85.0,87.5,90.0,91.26984126984127,92.46031746031746,93.65079365079364
2024-01-03,2024-01-02,5.39,5.4,-1.0,1,False,False,False,4.0,10.0,0.4,7.0,15.0,0.26666666666666666,2.0,22.0,0.18181818181818182,7.0,47.0,0.1276595744680851,0.0,1.2000000000000044,0.4210526315789462,0.08243956654626325,5,2,3,2,0.5,0.2,0.3,0.5,6,8,6,0,0.3,0.4,0.3,0.0,12,35,13,-1,0.2,0.5833333333333334,0.21666666666666667,0.0,60.0,71.66666666666667,83.33333333333333,64.68253968253968,77.77777777777777,90.87301587301587
2024-01-04,2024-01-03,5.32,5.39,-7.0,1,False,False,False,-7.0,13.0,0.5384615384615384,1.0,21.0,0.3333333333333333,-1.0,25.0,0.28,1.0,53.0,0.1320754716981132,-1.5000000000000036,0.696969696969702,0.3857142857142852,0.07935537649347081,5,2,3,2,0.5,0.2,0.3,0.5,6,8,6,0,0.3,0.4,0.3,0.0,12,35,13,-1,0.2,0.5833333333333334,0.21666666666666667,0.0,100.0,100.0,100.0,98.41269841269842,98.41269841269842,98.41269841269842
2024-01-05,2024-01-04,5.31,5.32,-1.0,1,False,False,False,-9.0,13.0,0.5384615384615384,0.0,22.0,0.3181818181818182,-1.0,25.0,0.28,0.0,54.0,0.12962962962962962,-2.2000000000000064,0.12727272727272831,0.32180451127819487,0.07457627118644097,5,1,4,1,0.5,0.1,0.4,0.5,6,8,6,0,0.3,0.4,0.3,0.0,12,34,14,-2,0.2,0.5666666666666667,0.23333333333333334,0.0,58.333333333333336,70.0,81.66666666666667,63.888888888888886,77.18253968253968,90.47619047619048
2024-01-08,2024-01-05,5.31,5.31,0.0,3,False,False,False,-7.0,11.0,0.6363636363636364,0.0,22.0,0.3181818181818182,-1.0,25.0,0.28,0.0,54.0,0.12962962962962962,-2.6000000000000156,-0.44242424242424533,0.259398496240601,0.06979716587941112,5,1,4,1,0.5,0.1,0.4,0.5,6,8,6,0,0.3,0.4,0.3,0.0,12,34,14,-2,0.2,0.5666666666666667,0.23333333333333334,0.0,0.0,28.333333333333332,56.666666666666664,0.0,31.944444444444443,63.888888888888886
2024-01-09,2024-01-08,5.31,5.31,0.0,1,False,False,False,-9.0,9.0,0.7777777777777778,-1.0,21.0,0.3333333333333333,-1.0,25.0,0.28,0.0,54.0,0.12962962962962962,-1.7000000000000082,-0.9454545454545479,0.19849624060150342,0.06501806057238127,4,2,4,0,0.4,0.2,0.4,0.0,6,8,6,0,0.3,0.4,0.3,0.0,12,34,14,-2,0.2,0.5666666666666667,0.23333333333333334,0.0,0.0,28.333333333333332,56.666666666666664,0.0,32.142857142857146,64.28571428571429
2024-01-10,2024-01-09,5.31,5.31,0.0,1,False,False,False,-8.0,8.0,0.875,-4.0,18.0,0.3888888888888889,-1.0,25.0,0.28,0.0,54.0,0.12962962962962962,-0.2000000000000135,-1.2363636363636417,0.13909774436090216,0.060238955265351425,3,3,4,-1,0.3,0.3,0.4,0.0,6,8,6,0,0.3,0.4,0.3,0.0,12,34,14,-2,0.2,0.5666666666666667,0.23333333333333334,0.0,0.0,28.333333333333332,56.666666666666664,0.0,32.34126984126984,64.68253968253968
2024-01-11,2024-01-10,5.31,5.31,0.0,1,False,False,False,-1.0,1.0,1.0,-8.0,14.0,0.5,0.0,24.0,0.2916666666666667,0.0,54.0,0.12962962962962962,0.0,-1.2121212121212201,0.06541353383458567,0.05545984995832158,2,4,4,-2,0.2,0.4,0.4,0.0,6,9,5,1,0.3,0.45,0.25,0.0,12,34,14,-2,0.2,0.5666666666666667,0.23333333333333334,0.0,0.0,28.333333333333332,56.666666666666664,0.0,32.34126984126984,64.68253968253968
2024-01-12,2024-01-11,5.31,5.31,0.0,1,False,False,False,0.0,0.0,,-9.0,13.0,0.5384615384615384,0.0,24.0,0.2916666666666667,0.0,54.0,0.12962962962962962,0.0,-1.0242424242424304,-0.008270676691730816,0.050680744651291736,1,5,4,-3,0.1,0.5,0.4,0.0,6,9,5,1,0.3,0.45,0.25,0.0,12,34,14,-2,0.2,0.5666666666666667,0.23333333333333334,0.0,0.0,28.333333333333332,56.666666666666664,0.0,32.34126984126984,64.68253968253968
2024-01-16,2024-01-12,5.32,5.31,1.0,4,False,False,False,1.0,1.0,1.0,-6.0,12.0,0.5833333333333334,1.0,25.0,0.28,2.0,54.0,0.12962962962962962,0.2000000000000135,-0.8060606060606088,-0.06766917293233206,0.04584606835231983,2,5,3,-1,0.2,0.5,0.3,0.0,7,8,5,2,0.35,0.4,0.25,0.0,13,34,13,0,0.21666666666666667,0.5666666666666667,0.21666666666666667,0.0,56.666666666666664,69.16666666666667,81.66666666666667,64.68253968253968,77.57936507936508,90.47619047619048
2024-01-17,2024-01-16,5.32,5.32,0.0,1,False,False,False,1.0,1.0,1.0,-8.0,10.0,0.7,0.0,24.0,0.2916666666666667,2.0,54.0,0.12962962962962962,0.30000000000002025,-0.38181818181817856,-0.11278195488721804,0.04090025006946351,1,6,3,-2,0.1,0.6,0.3,0.0,6,9,5,1,0.3,0.45,0.25,0.0,13,34,13,0,0.21666666666666667,0.5666666666666667,0.21666666666666667,0.0,0.0,28.333333333333332,56.666666666666664,0.0,32.34126984126984,64.68253968253968
2024-01-18,2024-01-17,5.31,5.32,-1.0,1,False,False,False,0.0,2.0,0.5,-8.0,10.0,0.7,-1.0,25.0,0.28,1.0,55.0,0.12727272727272726,0.10000000000000675,0.01818181818181941,-0.1721804511278193,0.034203945540427584,1,6,3,-2,0.1,0.6,0.3,0.0,6,8,6,0,0.3,0.4,0.3,0.0,13,33,14,-1,0.21666666666666667,0.55,0.23333333333333334,0.0,56.666666666666664,69.16666666666667,81.66666666666667,64.68253968253968,77.57936507936508,90.47619047619048
2024-01-19,2024-01-18,5.31,5.31,0.0,1,False,False,False,0.0,2.0,0.5,-1.0,3.0,0.3333333333333333,0.0,24.0,0.2916666666666667,1.0,55.0,0.12727272727272726,-0.10000000000000675,0.04848484848485176,-0.24586466165413576,0.027452070019449448,1,7,2,-1,0.1,0.7,0.2,0.0,6,9,5,1,0.3,0.45,0.25,0.0,13,33,14,-1,0.21666666666666667,0.55,0.23333333333333334,0.0,0.0,27.5,55.0,0.0,32.142857142857146,64.28571428571429
2024-01-22,2024-01-19,5.31,5.31,0.0,3,False,False,False,0.0,2.0,0.5,0.0,2.0,0.5,0.0,24.0,0.2916666666666667,1.0,55.0,0.12727272727272726,-0.30000000000002025,0.02424242424242588,-0.3195488721804523,0.02064462350652911,1,8,1,0,0.1,0.8,0.1,0.0,6,9,5,1,0.3,0.45,0.25,0.0,13,33,14,-1,0.21666666666666667,0.55,0.23333333333333334,0.0,0.0,27.5,55.0,0.0,32.34126984126984,64.68253968253968
2024-01-23,2024-01-22,5.31,5.31,0.0,1,False,False,False,-1.0,1.0,1.0,0.0,2.0,0.5,0.0,24.0,0.2916666666666667,1.0,55.0,0.12727272727272726,-0.2000000000000135,0.0,-0.3932330827067687,0.01378160600166657,1,8,1,0,0.1,0.8,0.1,0.0,6,9,5,1,0.3,0.45,0.25,0.0,13,33,14,-1,0.21666666666666667,0.55,0.23333333333333334,0.0,0.0,27.5,55.0,0.0,32.53968253968254,65.07936507936508
2024-01-24,2024-01-23,5.31,5.31,0.0,1,False,False,False,-1.0,1.0,1.0,0.0,2.0,0.5,-1.0,23.0,0.30434782608695654,0.0,54.0,0.12962962962962962,0.0,-0.02424242424242588,-0.45112781954887365,0.008557932759099074,1,8,1,0,0.1,0.8,0.1,0.0,5,10,5,0,0.25,0.5,0.25,0.0,12,34,14,-2,0.2,0.5666666666666667,0.23333333333333334,0.0,0.0,27.5,55.0,0.0,32.73809523809524,65.47619047619048
2024-01-25,2024-01-24,5.32,5.31,1.0,1,False,False,False,1.0,1.0,1.0,1.0,3.0,0.3333333333333333,-3.0,21.0,0.3333333333333333,1.0,55.0,0.12727272727272726,0.2000000000000135,0.00606060606060647,-0.44586466165413635,0.004973603778826771,2,7,1,1,0.2,0.7,0.1,0.0,5,10,5,0,0.25,0.5,0.25,0.0,13,33,14,-1,0.21666666666666667,0.55,0.23333333333333334,0.0,56.666666666666664,69.16666666666667,81.66666666666667,65.87301587301587,78.17460317460318,90.47619047619048
2024-01-26,2024-01-25,5.32,5.32,0.0,1,False,False,False,1.0,1.0,1.0,1.0,3.0,0.3333333333333333,-7.0,17.0,0.4117647058823529,1.0,55.0,0.12727272727272726,0.30000000000002025,0.02424242424242588,-0.37293233082706834,0.0013337038066122582,2,7,1,1,0.2,0.7,0.1,0.0,4,11,5,-1,0.2,0.55,0.25,0.0,13,33,14,-1,0.21666666666666667,0.55,0.23333333333333334,0.0,0.0,27.5,55.0,0.0,32.73809523809524,65.47619047619048
2024-01-29,2024-01-26,5.31,5.32,-1.0,3,False,False,False,0.0,2.0,0.5,0.0,4.0,0.25,-9.0,17.0,0.4117647058823529,-4.0,52.0,0.1346153846153846,0.10000000000000675,-0.02424242424242588,-0.2879699248120303,0.0027785495971095015,2,6,2,0,0.2,0.6,0.2,0.0,3,11,6,-3,0.15,0.55,0.3,0.0,12,33,15,-3,0.2,0.55,0.25,0.0,55.0,68.33333333333333,81.66666666666667,65.47619047619048,77.97619047619048,90.47619047619048
2024-01-30,2024-01-29,5.31,5.31,0.0,1,False,False,False,0.0,2.0,0.5,-1.0,3.0,0.3333333333333333,-7.0,15.0,0.4666666666666667,-1.0,49.0,0.14285714285714285,-0.10000000000000675,-0.00606060606060647,-0.2210526315789479,-0.0006390664073361865,1,7,2,-1,0.1,0.7,0.2,0.0,3,12,5,-2,0.15,0.6,0.25,0.0,12,34,14,-2,0.2,0.5666666666666667,0.23333333333333334,0.0,0.0,27.5,55.0,0.0,32.73809523809524,65.47619047619048
2024-01-31,2024-01-30,5.32,5.31,1.0,1,True,False,False,1.0,3.0,0.3333333333333333,0.0,4.0,0.25,-8.0,14.0,0.5,-1.0,49.0,0.14285714285714285,-0.10000000000000675,0.07878787878788411,-0.0977443609022546,-0.0006668519033072199,2,6,2,0,0.2,0.6,0.2,0.0,3,12,5,-2,0.15,0.6,0.25,0.0,12,34,14,-2,0.2,0.5666666666666667,0.23333333333333334,0.0,56.666666666666664,70.83333333333333,85.0,65.87301587301587,78.17460317460318,90.47619047619048
2024-02-01,2024-01-31,5.32,5.32,0.0,1,False,False,False,0.0,2.0,0.5,1.0,3.0,0.3333333333333333,-7.0,13.0,0.5384615384615384,0.0,48.0,0.14583333333333334,0.10000000000000675,0.09696969696970352,0.02180451127819696,-0.0023339816615733,2,7,1,1,0.2,0.7,0.1,0.0,3,13,4,-1,0.15,0.65,0.2,0.0,12,35,13,-1,0.2,0.5833333333333334,0.21666666666666667,0.0,0.0,28.333333333333332,56.666666666666664,0.0,32.73809523809524,65.47619047619048
2024-02-02,2024-02-01,5.32,5.32,0.0,1,False,False,False,0.0,2.0,0.5,1.0,3.0,0.3333333333333333,0.0,6.0,0.16666666666666666,0.0,48.0,0.14583333333333334,0.30000000000002025,0.10303030303030998,0.041353383458649404,-0.004001111419839381,2,7,1,1,0.2,0.7,0.1,0.0,3,14,3,0,0.15,0.7,0.15,0.0,12,35,13,-1,0.2,0.5833333333333334,0.21666666666666667,0.0,0.0,29.166666666666668,58.333333333333336,0.0,32.73809523809524,65.47619047619048
2024-02-05,2024-02-02,5.31,5.32,-1.0,3,False,False,False,0.0,2.0,0.5,0.0,4.0,0.25,0.0,6.0,0.16666666666666666,-1.0,49.0,0.14285714285714285,0.0,0.042424242424245286,0.030827067669175017,-0.0073075854404006544,2,6,2,0,0.2,0.6,0.2,0.0,3,14,3,0,0.15,0.7,0.15,0.0,12,34,14,-2,0.2,0.5666666666666667,0.23333333333333334,0.0,58.333333333333336,71.66666666666667,85.0,65.87301587301587,78.17460317460318,90.47619047619048
2024-02-06,2024-02-05,5.31,5.31,0.0,1,False,False,False,0.0,2.0,0.5,0.0,4.0,0.25,0.0,6.0,0.16666666666666666,-1.0,49.0,0.14285714285714285,-0.30000000000002025,-0.01818181818181941,0.020300751879700617,-0.010558488469019717,2,6,2,0,0.2,0.6,0.2,0.0,3,14,3,0,0.15,0.7,0.15,0.0,12,34,14,-2,0.2,0.5666666666666667,0.23333333333333334,0.0,0.0,28.333333333333332,56.666666666666664,0.0,32.73809523809524,65.47619047619048
2024-02-07,2024-02-06,5.31,5.31,0.0,1,False,False,False,-1.0,1.0,1.0,0.0,4.0,0.25,0.0,6.0,0.16666666666666666,-1.0,49.0,0.14285714285714285,-0.30000000000002025,-0.07878787878788411,0.009774436090226223,-0.01375382050569657,2,6,2,0,0.2,0.6,0.2,0.0,3,14,3,0,0.15,0.7,0.15,0.0,12,34,14,-2,0.2,0.5666666666666667,0.23333333333333334,0.0,0.0,28.333333333333332,56.666666666666664,0.0,32.93650793650794,65.87301587301587
2024-02-08,2024-02-07,5.31,5.31,0.0,1,False,False,False,-1.0,1.0,1.0,-1.0,3.0,0.3333333333333333,0.0,6.0,0.16666666666666666,-1.0,49.0,0.14285714285714285,-0.2000000000000135,-0.07272727272727764,-0.0007518796992481711,-0.016893581550431212,1,7,2,-1,0.1,0.7,0.2,0.0,3,14,3,0,0.15,0.7,0.15,0.0,12,34,14,-2,0.2,0.5666666666666667,0.23333333333333334,0.0,0.0,28.333333333333332,56.666666666666664,0.0,33.13492063492063,66.26984126984127
2024-02-09,2024-02-08,5.31,5.31,0.0,1,False,False,False,-1.0,1.0,1.0,-1.0,3.0,0.3333333333333333,0.0,6.0,0.16666666666666666,-1.0,49.0,0.14285714285714285,0.0,-0.05454545454545823,-0.011278195488722565,-0.01997777160322365,1,7,2,-1,0.1,0.7,0.2,0.0,3,14,3,0,0.15,0.7,0.15,0.0,12,34,14,-2,0.2,0.5666666666666667,0.23333333333333334,0.0,0.0,28.333333333333332,56.666666666666664,0.0,33.13492063492063,66.26984126984127
2024-02-12,2024-02-09,5.31,5.31,0.0,3,False,False,False,0.0,0.0,,0.0,2.0,0.5,0.0,6.0,0.16666666666666666,-1.0,49.0,0.14285714285714285,0.0,-0.09090909090909705,-0.02180451127819696,-0.02300639066407387,1,8,1,0,0.1,0.8,0.1,0.0,3,14,3,0,0.15,0.7,0.15,0.0,12,34,14,-2,0.2,0.5666666666666667,0.23333333333333334,0.0,0.0,28.333333333333332,56.666666666666664,0.0,33.13492063492063,66.26984126984127
2024-02-13,2024-02-12,5.31,5.31,0.0,1,False,False,False,0.0,0.0,,0.0,2.0,0.5,-1.0,5.0,0.2,-1.0,49.0,0.14285714285714285,0.0,-0.12727272727273586,-0.016541353383459762,-0.025979438732981884,1,8,1,0,0.1,0.8,0.1,0.0,2,15,3,-1,0.1,0.75,0.15,0.0,12,34,14,-2,0.2,0.5666666666666667,0.23333333333333334,0.0,0.0,28.333333333333332,56.666666666666664,0.0,33.13492063492063,66.26984126984127
2024-02-14,2024-02-13,5.3,5.31,-1.0,1,False,False,False,-1.0,1.0,1.0,-2.0,2.0,0.5,-2.0,6.0,0.16666666666666666,-2.0,50.0,0.14,-0.19999999999999574,-0.1515151515151569,-0.0240601503759402,-0.03053626007224273,0,8,2,-2,0.0,0.8,0.2,0.0,2,14,4,-2,0.1,0.7,0.2,0.0,12,33,15,-3,0.2,0.55,0.25,0.0,56.666666666666664,70.83333333333333,85.0,66.26984126984127,78.57142857142857,90.87301587301587
2024-02-15,2024-02-14,5.31,5.3,1.0,1,False,False,False,0.0,2.0,0.5,-1.0,3.0,0.3333333333333333,0.0,6.0,0.16666666666666666,-1.0,51.0,0.13725490196078433,-0.09999999999999787,-0.09696969696969975,-0.03007518796992571,-0.033342595165324125,1,7,2,-1,0.1,0.7,0.2,0.0,3,14,3,0,0.15,0.7,0.15,0.0,13,32,15,-2,0.21666666666666667,0.5333333333333333,0.25,0.0,55.0,70.0,85.0,65.87301587301587,78.37301587301587,90.87301587301587
2024-02-16,2024-02-15,5.3,5.31,-1.0,1,False,False,False,-1.0,3.0,0.3333333333333333,-2.0,4.0,0.25,-1.0,7.0,0.14285714285714285,-1.0,51.0,0.13725490196078433,-0.19999999999999574,-0.08484848484848304,-0.05037593984962519,-0.039427618782995756,1,6,3,-2,0.1,0.6,0.3,0.0,3,13,4,-1,0.15,0.65,0.2,0.0,13,32,15,-2,0.21666666666666667,0.5333333333333333,0.25,0.0,53.333333333333336,69.16666666666667,85.0,65.47619047619048,78.17460317460318,90.87301587301587
2024-02-20,2024-02-16,5.3,5.3,0.0,4,False,False,False,-1.0,3.0,0.3333333333333333,-1.0,3.0,0.3333333333333333,-1.0,7.0,0.14285714285714285,-1.0,51.0,0.13725490196078433,-0.19999999999999574,-0.1151515151515127,-0.06917293233082847,-0.04545707140872517,1,7,2,-1,0.1,0.7,0.2,0.0,3,13,4,-1,0.15,0.65,0.2,0.0,13,32,15,-2,0.21666666666666667,0.5333333333333333,0.25,0.0,0.0,26.666666666666668,53.333333333333336,0.0,32.53968253968254,65.07936507936508
2024-02-21,2024-02-20,5.3,5.3,0.0,1,False,False,False,-1.0,3.0,0.3333333333333333,-1.0,3.0,0.3333333333333333,-1.0,7.0,0.14285714285714285,-1.0,51.0,0.13725490196078433,-0.09999999999999787,-0.1333333333333305,-0.08646616541353554,-0.0514309530425124,1,7,2,-1,0.1,0.7,0.2,0.0,3,13,4,-1,0.15,0.65,0.2,0.0,13,32,15,-2,0.21666666666666667,0.5333333333333333,0.25,0.0,0.0,26.666666666666668,53.333333333333336,0.0,32.53968253968254,65.07936507936508
2024-02-22,2024-02-21,5.3,5.3,0.0,1,False,False,False,0.0,2.0,0.5,-1.0,3.0,0.3333333333333333,-1.0,7.0,0.14285714285714285,-2.0,50.0,0.14,-0.19999999999999574,-0.13939393939393643,-0.10225563909774639,-0.05565434843012,1,7,2,-1,0.1,0.7,0.2,0.0,3,13,4,-1,0.15,0.65,0.2,0.0,12,33,15,-3,0.2,0.55,0.25,0.0,0.0,26.666666666666668,53.333333333333336,0.0,32.53968253968254,65.07936507936508
2024-02-23,2024-02-22,5.31,5.3,1.0,1,False,False,False,0.0,2.0,0.5,0.0,4.0,0.25,-1.0,7.0,0.14285714285714285,-1.0,51.0,0.13725490196078433,0.19999999999999574,-0.0787878787878771,-0.08646616541353545,-0.058127257571548144,2,6,2,0,0.2,0.6,0.2,0.0,3,13,4,-1,0.15,0.65,0.2,0.0,13,32,15,-2,0.21666666666666667,0.5333333333333333,0.25,0.0,55.0,70.0,85.0,65.07936507936508,77.97619047619048,90.87301587301587
2024-02-26,2024-02-23,5.31,5.31,0.0,3,False,False,False,1.0,1.0,1.0,0.0,4.0,0.25,-1.0,7.0,0.14285714285714285,-1.0,51.0,0.13725490196078433,0.2999999999999936,-0.018181818181817796,-0.0691729323308282,-0.060544595721034086,2,6,2,0,0.2,0.6,0.2,0.0,3,13,4,-1,0.15,0.65,0.2,0.0,13,32,15,-2,0.21666666666666667,0.5333333333333333,0.25,0.0,0.0,26.666666666666668,53.333333333333336,0.0,32.34126984126984,64.68253968253968
2024-02-27,2024-02-26,5.31,5.31,0.0,1,False,False,False,1.0,1.0,1.0,0.0,4.0,0.25,0.0,6.0,0.16666666666666666,0.0,50.0,0.14,0.2999999999999936,0.04242424242424152,-0.06616541353383618,-0.06460127813281523,2,6,2,0,0.2,0.6,0.2,0.0,3,14,3,0,0.15,0.7,0.15,0.0,13,33,14,-1,0.21666666666666667,0.55,0.23333333333333334,0.0,0.0,26.666666666666668,53.333333333333336,0.0,32.34126984126984,64.68253968253968
2024-02-28,2024-02-27,5.31,5.31,0.0,1,False,False,False,1.0,1.0,1.0,0.0,4.0,0.25,0.0,6.0,0.16666666666666666,-2.0,48.0,0.14583333333333334,0.19999999999999574,0.10303030303030083,-0.06315789473684416,-0.0652681300361217,2,6,2,0,0.2,0.6,0.2,0.0,3,14,3,0,0.15,0.7,0.15,0.0,12,34,14,-2,0.2,0.5666666666666667,0.23333333333333334,0.0,0.0,27.5,55.0,0.0,32.34126984126984,64.68253968253968
2024-02-29,2024-02-28,5.32,5.31,1.0,1,True,False,False,2.0,2.0,0.5,2.0,4.0,0.25,0.0,6.0,0.16666666666666666,-7.0,43.0,0.16279069767441862,0.2000000000000135,0.15151515151515313,-0.030075187969925303,-0.0540150041678249,3,6,1,2,0.3,0.6,0.1,0.0,3,14,3,0,0.15,0.7,0.15,0.0,12,34,14,-2,0.2,0.5666666666666667,0.23333333333333334,0.0,56.666666666666664,71.66666666666667,86.66666666666667,64.68253968253968,77.77777777777777,90.87301587301587
2024-03-01,2024-02-29,5.31,5.32,-1.0,1,False,False,False,0.0,2.0,0.5,0.0,4.0,0.25,-1.0,7.0,0.14285714285714285,-6.0,42.0,0.16666666666666666,0.10000000000000675,0.18787878787878765,-0.011278195488721698,-0.047402056126702376,2,6,2,0,0.2,0.6,0.2,0.0,3,13,4,-1,0.15,0.65,0.2,0.0,12,34,14,-2,0.2,0.5666666666666667,0.23333333333333334,0.0,56.666666666666664,72.5,88.33333333333333,64.28571428571429,77.57936507936508,90.87301587301587
2024-03-04,2024-03-01,5.31,5.31,0.0,3,False,False,False,0.0,2.0,0.5,1.0,3.0,0.3333333333333333,-1.0,7.0,0.14285714285714285,-2.0,38.0,0.18421052631578946,0.0,0.1575757575757569,0.009022556390978253,-0.047235343150875755,2,7,1,1,0.2,0.7,0.1,0.0,3,13,4,-1,0.15,0.65,0.2,0.0,12,35,13,-1,0.2,0.5833333333333334,0.21666666666666667,0.0,0.0,28.333333333333332,56.666666666666664,0.0,31.944444444444443,63.888888888888886
2024-03-05,2024-03-04,5.31,5.31,0.0,1,False,False,False,0.0,2.0,0.5,1.0,3.0,0.3333333333333333,0.0,6.0,0.16666666666666666,-1.0,37.0,0.1891891891891892,-0.10000000000000675,0.11515151515151431,0.015037593984962953,-0.04865240344540197,2,7,1,1,0.2,0.7,0.1,0.0,3,14,3,0,0.15,0.7,0.15,0.0,12,36,12,0,0.2,0.6,0.2,0.0,0.0,29.166666666666668,58.333333333333336,0.0,31.944444444444443,63.888888888888886
2024-03-06,2024-03-05,5.31,5.31,0.0,1,False,False,False,0.0,2.0,0.5,1.0,3.0,0.3333333333333333,0.0,6.0,0.16666666666666666,-1.0,37.0,0.1891891891891892,-0.2000000000000135,0.06060606060605985,0.021052631578947656,-0.05001389274798599,2,7,1,1,0.2,0.7,0.1,0.0,3,14,3,0,0.15,0.7,0.15,0.0,12,36,12,0,0.2,0.6,0.2,0.0,0.0,30.0,60.0,0.0,31.944444444444443,63.888888888888886
2024-03-07,2024-03-06,5.31,5.31,0.0,1,False,False,False,-1.0,1.0,1.0,1.0,3.0,0.3333333333333333,0.0,6.0,0.16666666666666666,-1.0,37.0,0.1891891891891892,0.0,-0.00606060606060647,0.02706766917293235,-0.05131981105862779,2,7,1,1,0.2,0.7,0.1,0.0,3,14,3,0,0.15,0.7,0.15,0.0,12,36,12,0,0.2,0.6,0.2,0.0,0.0,30.0,60.0,0.0,31.944444444444443,63.888888888888886
2024-03-08,2024-03-07,5.31,5.31,0.0,1,False,False,False,0.0,0.0,,0.0,2.0,0.5,0.0,6.0,0.16666666666666666,-1.0,37.0,0.1891891891891892,0.0,-0.01818181818181941,0.03308270676691706,-0.052570158377327376,1,8,1,0,0.1,0.8,0.1,0.0,3,14,3,0,0.15,0.7,0.15,0.0,12,36,12,0,0.2,0.6,0.2,0.0,0.0,30.0,60.0,0.0,31.944444444444443,63.888888888888886
2024-03-11,2024-03-08,5.31,5.31,0.0,3,False,False,False,0.0,0.0,,0.0,2.0,0.5,0.0,6.0,0.16666666666666666,0.0,36.0,0.19444444444444445,0.0,-0.030303030303032347,0.03909774436090176,-0.055459849958322156,1,8,1,0,0.1,0.8,0.1,0.0,3,14,3,0,0.15,0.7,0.15,0.0,12,37,11,1,0.2,0.6166666666666667,0.18333333333333332,0.0,0.0,30.0,60.0,0.0,31.944444444444443,63.888888888888886
2024-03-12,2024-03-11,5.31,5.31,0.0,1,False,False,False,0.0,0.0,,0.0,2.0,0.5,0.0,6.0,0.16666666666666666,0.0,36.0,0.19444444444444445,0.0,-0.042424242424245286,0.04511278195488646,-0.05834954153931694,1,8,1,0,0.1,0.8,0.1,0.0,3,14,3,0,0.15,0.7,0.15,0.0,12,37,11,1,0.2,0.6166666666666667,0.18333333333333332,0.0,0.0,30.833333333333332,61.666666666666664,0.0,31.944444444444443,63.888888888888886
2024-03-13,2024-03-12,5.31,5.31,0.0,1,False,False,False,0.0,0.0,,0.0,2.0,0.5,0.0,6.0,0.16666666666666666,0.0,36.0,0.19444444444444445,0.0,-0.05454545454545823,0.051127819548871155,-0.061239233120311716,1,8,1,0,0.1,0.8,0.1,0.0,3,14,3,0,0.15,0.7,0.15,0.0,12,37,11,1,0.2,0.6166666666666667,0.18333333333333332,0.0,0.0,30.833333333333332,61.666666666666664,0.0,31.944444444444443,63.888888888888886
2024-03-14,2024-03-13,5.31,5.31,0.0,1,False,False,False,0.0,0.0,,-1.0,1.0,1.0,1.0,5.0,0.2,-1.0,35.0,0.2,0.0,0.0,0.041353383458645664,-0.062434009447069096,0,9,1,-1,0.0,0.9,0.1,0.0,3,15,2,1,0.15,0.75,0.1,0.0,11,38,11,0,0.18333333333333332,0.6333333333333333,0.18333333333333332,0.0,0.0,30.833333333333332,61.666666666666664,0.0,31.944444444444443,63.888888888888886
2024-03-15,2024-03-14,5.31,5.31,0.0,1,False,False,False,0.0,0.0,,0.0,0.0,,0.0,4.0,0.25,-1.0,35.0,0.2,0.0,0.0,0.045864661654134165,-0.06357321478188427,0,10,0,0,0.0,1.0,0.0,0.0,2,16,2,0,0.1,0.8,0.1,0.0,11,38,11,0,0.18333333333333332,0.6333333333333333,0.18333333333333332,0.0,0.0,31.666666666666668,63.333333333333336,0.0,31.944444444444443,63.888888888888886
2024-03-18,2024-03-15,5.31,5.31,0.0,3,False,False,False,0.0,0.0,,0.0,0.0,,1.0,3.0,0.3333333333333333,0.0,34.0,0.20588235294117646,0.0,0.0,0.034586466165412465,-0.06635176437899463,0,10,0,0,0.0,1.0,0.0,0.0,2,17,1,1,0.1,0.85,0.05,0.0,11,39,10,1,0.18333333333333332,0.65,0.16666666666666666,0.0,0.0,31.666666666666668,63.333333333333336,0.0,31.944444444444443,63.888888888888886
2024-03-19,2024-03-18,5.31,5.31,0.0,1,False,False,False,0.0,0.0,,0.0,0.0,,1.0,3.0,0.3333333333333333,0.0,34.0,0.20588235294117646,0.0,0.0,0.021804511278194556,-0.06913031397610499,0,10,0,0,0.0,1.0,0.0,0.0,2,17,1,1,0.1,0.85,0.05,0.0,11,39,10,1,0.18333333333333332,0.65,0.16666666666666666,0.0,0.0,32.5,65.0,0.0,32.142857142857146,64.28571428571429
2024-03-20,2024-03-19,5.31,5.31,0.0,1,False,False,False,0.0,0.0,,0.0,0.0,,1.0,3.0,0.3333333333333333,0.0,34.0,0.20588235294117646,0.0,0.0,0.007518796992480442,-0.07190886357321537,0,10,0,0,0.0,1.0,0.0,0.0,2,17,1,1,0.1,0.85,0.05,0.0,11,39,10,1,0.18333333333333332,0.65,0.16666666666666666,0.0,0.0,32.5,65.0,0.0,32.34126984126984,64.68253968253968
2024-03-21,2024-03-20,5.31,5.31,0.0,1,False,False,False,0.0,0.0,,0.0,0.0,,1.0,3.0,0.3333333333333333,-1.0,33.0,0.21212121212121213,0.0,0.0,-0.008270676691729881,-0.07299249791608832,0,10,0,0,0.0,1.0,0.0,0.0,2,17,1,1,0.1,0.85,0.05,0.0,10,40,10,0,0.16666666666666666,0.6666666666666666,0.16666666666666666,0.0,0.0,32.5,65.0,0.0,32.53968253968254,65.07936507936508
2024-03-22,2024-03-21,5.31,5.31,0.0,1,False,False,False,0.0,0.0,,0.0,0.0,,0.0,2.0,0.5,-4.0,30.0,0.23333333333333334,0.0,0.0,-0.009774436090226223,-0.0689358155043073,0,10,0,0,0.0,1.0,0.0,0.0,1,18,1,0,0.05,0.9,0.05,0.0,9,41,10,-1,0.15,0.6833333333333333,0.16666666666666666,0.0,0.0,33.333333333333336,66.66666666666667,0.0,32.53968253968254,65.07936507936508
2024-03-25,2024-03-22,5.31,5.31,0.0,3,False,False,False,0.0,0.0,,0.0,0.0,,0.0,2.0,0.5,-8.0,26.0,0.2692307692307692,0.0,0.0,-0.011278195488722565,-0.05787718810780832,0,10,0,0,0.0,1.0,0.0,0.0,1,18,1,0,0.05,0.9,0.05,0.0,8,42,10,-2,0.13333333333333333,0.7,0.16666666666666666,0.0,0.0,34.166666666666664,68.33333333333333,0.0,32.53968253968254,65.07936507936508
2024-03-26,2024-03-25,5.32,5.31,1.0,1,False,False,False,1.0,1.0,1.0,1.0,1.0,1.0,1.0,3.0,0.3333333333333333,-8.0,26.0,0.2692307692307692,0.2000000000000135,0.05454545454545823,0.0015037593984963422,-0.043039733259239085,1,9,0,1,0.1,0.9,0.0,0.0,2,17,1,1,0.1,0.85,0.05,0.0,8,42,10,-2,0.13333333333333333,0.7,0.16666666666666666,0.0,70.0,82.5,95.0,65.07936507936508,78.37301587301587,91.66666666666667
2024-03-27,2024-03-26,5.33,5.32,1.0,1,False,False,False,2.0,2.0,0.5,2.0,2.0,0.5,2.0,4.0,0.25,-5.0,25.0,0.28,0.500000000000016,0.1515151515151569,0.027067669172932886,-0.029508196721311816,2,8,0,2,0.2,0.8,0.0,0.0,3,16,1,2,0.15,0.8,0.05,0.0,9,42,9,0,0.15,0.7,0.15,0.0,70.0,82.5,95.0,65.07936507936508,78.57142857142857,92.06349206349206
2024-03-28,2024-03-27,5.34,5.33,1.0,1,False,False,False,3.0,3.0,0.3333333333333333,3.0,3.0,0.3333333333333333,2.0,4.0,0.25,-6.0,24.0,0.2916666666666667,0.8000000000000096,0.27878787878788414,0.07969924812030246,-0.010669630452903806,3,7,0,3,0.3,0.7,0.0,0.0,3,16,1,2,0.15,0.8,0.05,0.0,9,42,9,0,0.15,0.7,0.15,0.0,70.0,83.33333333333333,96.66666666666667,64.68253968253968,78.37301587301587,92.06349206349206
2024-04-01,2024-03-28,5.35,5.34,1.0,4,False,False,False,4.0,4.0,0.25,4.0,4.0,0.25,4.0,4.0,0.25,-4.0,24.0,0.2916666666666667,0.9999999999999964,0.42424242424242814,0.127819548872182,0.008446790775215086,4,6,0,4,0.4,0.6,0.0,0.0,4,16,0,4,0.2,0.8,0.0,0.0,10,42,8,2,0.16666666666666666,0.7,0.13333333333333333,0.0,70.0,84.16666666666667,98.33333333333333,64.68253968253968,78.37301587301587,92.06349206349206
2024-04-02,2024-04-01,5.34,5.35,-1.0,1,False,False,False,3.0,5.0,0.2,3.0,5.0,0.2,3.0,5.0,0.2,2.0,18.0,0.05555555555555555,0.5999999999999872,0.46666666666667017,0.1556390977443626,0.01428174492914684,4,5,1,3,0.4,0.5,0.1,0.0,4,15,1,3,0.2,0.75,0.05,0.0,10,42,8,2,0.16666666666666666,0.7,0.13333333333333333,0.0,70.0,84.16666666666667,98.33333333333333,64.68253968253968,78.57142857142857,92.46031746031746
2024-04-03,2024-04-02,5.32,5.34,-2.0,1,False,False,False,0.0,6.0,0.3333333333333333,1.0,7.0,0.2857142857142857,1.0,7.0,0.2857142857142857,1.0,19.0,0.10526315789473684,-0.19999999999999574,0.3636363636363688,0.15037593984962647,0.015031953320366689,4,4,2,2,0.4,0.4,0.2,0.0,4,14,2,2,0.2,0.7,0.1,0.0,10,42,8,2,0.16666666666666666,0.7,0.13333333333333333,0.0,100.0,100.0,100.0,92.46031746031746,93.65079365079364,94.84126984126983
2024-04-04,2024-04-03,5.32,5.32,0.0,1,False,False,False,-1.0,5.0,0.4,1.0,7.0,0.2857142857142857,1.0,7.0,0.2857142857142857,1.0,19.0,0.10526315789473684,-0.6999999999999851,0.24848484848485453,0.143609022556394,0.01572659071964433,4,4,2,2,0.4,0.4,0.2,0.0,4,14,2,2,0.2,0.7,0.1,0.0,10,42,8,2,0.16666666666666666,0.7,0.13333333333333333,0.0,0.0,35.0,70.0,0.0,32.34126984126984,64.68253968253968
2024-04-05,2024-04-04,5.32,5.32,0.0,1,False,False,False,-2.0,4.0,0.5,1.0,7.0,0.2857142857142857,1.0,7.0,0.2857142857142857,1.0,19.0,0.10526315789473684,-0.799999999999983,0.12121212121212724,0.13533834586466517,0.01636565712697976,4,4,2,2,0.4,0.4,0.2,0.0,4,14,2,2,0.2,0.7,0.1,0.0,10,42,8,2,0.16666666666666666,0.7,0.13333333333333333,0.0,0.0,35.0,70.0,0.0,32.53968253968254,65.07936507936508
2024-04-08,2024-04-05,5.31,5.32,-1.0,3,False,False,False,-4.0,4.0,0.5,0.0,8.0,0.25,0.0,8.0,0.25,0.0,20.0,0.1,-0.600000000000005,-0.07272727272727118,0.11127819548872478,0.015309808280077783,4,3,3,1,0.4,0.3,0.3,0.0,4,13,3,1,0.2,0.65,0.15,0.0,10,41,9,1,0.16666666666666666,0.6833333333333333,0.15,0.0,70.0,84.16666666666667,98.33333333333333,65.47619047619048,79.16666666666667,92.85714285714286
2024-04-09,2024-04-08,5.31,5.31,0.0,1,False,False,False,-3.0,3.0,0.6666666666666666,0.0,8.0,0.25,0.0,8.0,0.25,0.0,20.0,0.1,-0.30000000000002025,-0.2666666666666696,0.08721804511278437,0.01425395943317581,4,3,3,1,0.4,0.3,0.3,0.0,4,13,3,1,0.2,0.65,0.15,0.0,10,41,9,1,0.16666666666666666,0.6833333333333333,0.15,0.0,0.0,34.166666666666664,68.33333333333333,0.0,32.73809523809524,65.47619047619048
2024-04-10,2024-04-09,5.31,5.31,0.0,1,False,False,False,-1.0,1.0,1.0,-1.0,7.0,0.2857142857142857,0.0,8.0,0.25,0.0,20.0,0.1,-0.30000000000002025,-0.39393939393939686,0.06315789473684397,0.013198110586273838,3,4,3,0,0.3,0.4,0.3,0.0,4,13,3,1,0.2,0.65,0.15,0.0,10,41,9,1,0.16666666666666666,0.6833333333333333,0.15,0.0,0.0,34.166666666666664,68.33333333333333,0.0,32.93650793650794,65.87301587301587
2024-04-11,2024-04-10,5.31,5.31,0.0,1,False,False,False,-1.0,1.0,1.0,-2.0,6.0,0.3333333333333333,0.0,8.0,0.25,-1.0,19.0,0.10526315789473684,-0.2000000000000135,-0.4424242424242459,0.03909774436090356,0.013837176993609266,2,5,3,-1,0.2,0.5,0.3,0.0,4,13,3,1,0.2,0.65,0.15,0.0,9,42,9,0,0.15,0.7,0.15,0.0,0.0,34.166666666666664,68.33333333333333,0.0,32.93650793650794,65.87301587301587
2024-04-12,2024-04-11,5.31,5.31,0.0,1,False,False,False,-1.0,1.0,1.0,-3.0,5.0,0.4,0.0,8.0,0.25,-1.0,19.0,0.10526315789473684,0.0,-0.4000000000000049,0.015037593984963155,0.014531814392886904,1,6,3,-2,0.1,0.6,0.3,0.0,4,13,3,1,0.2,0.65,0.15,0.0,9,42,9,0,0.15,0.7,0.15,0.0,0.0,35.0,70.0,0.0,32.93650793650794,65.87301587301587
2024-04-15,2024-04-12,5.32,5.31,1.0,3,False,False,False,1.0,1.0,1.0,-3.0,5.0,0.4,1.0,9.0,0.2222222222222222,1.0,19.0,0.10526315789473684,0.2000000000000135,-0.20000000000000379,0.005263157894737999,0.015226451792164544,1,6,3,-2,0.1,0.6,0.3,0.0,5,12,3,2,0.25,0.6,0.15,0.0,10,42,8,2,0.16666666666666666,0.7,0.13333333333333333,0.0,70.0,84.16666666666667,98.33333333333333,66.26984126984127,79.76190476190476,93.25396825396825
2024-04-16,2024-04-15,5.31,5.32,-1.0,1,False,False,False,0.0,2.0,0.5,-3.0,5.0,0.4,0.0,10.0,0.2,0.0,20.0,0.1,0.10000000000000675,-0.08484848484849057,-0.02030075187969875,0.014226173937204779,1,6,3,-2,0.1,0.6,0.3,0.0,5,11,4,1,0.25,0.55,0.2,0.0,10,41,9,1,0.16666666666666666,0.6833333333333333,0.15,0.0,70.0,84.16666666666667,98.33333333333333,65.87301587301587,79.56349206349206,93.25396825396825
2024-04-17,2024-04-16,5.31,5.31,0.0,1,False,False,False,0.0,2.0,0.5,-1.0,3.0,0.3333333333333333,0.0,10.0,0.2,0.0,20.0,0.1,0.0,-0.06666666666667116,-0.0458646616541355,0.013225896082245015,1,7,2,-1,0.1,0.7,0.2,0.0,5,11,4,1,0.25,0.55,0.2,0.0,10,41,9,1,0.16666666666666666,0.6833333333333333,0.15,0.0,0.0,34.166666666666664,68.33333333333333,0.0,32.73809523809524,65.47619047619048
2024-04-18,2024-04-17,5.3,5.31,-1.0,1,False,False,False,-1.0,3.0,0.3333333333333333,-2.0,4.0,0.25,-1.0,11.0,0.18181818181818182,-1.0,21.0,0.09523809523809523,-0.3000000000000025,-0.0909090909090922,-0.08571428571428623,0.010586273964990206,1,6,3,-2,0.1,0.6,0.3,0.0,5,10,5,0,0.25,0.5,0.25,0.0,10,40,10,0,0.16666666666666666,0.6666666666666666,0.16666666666666666,0.0,68.33333333333333,83.33333333333333,98.33333333333333,65.47619047619048,79.36507936507937,93.25396825396825
2024-04-19,2024-04-18,5.31,5.3,1.0,1,False,False,False,0.0,4.0,0.25,-1.0,5.0,0.2,0.0,12.0,0.16666666666666666,0.0,22.0,0.09090909090909091,-0.30000000000001137,-0.03636363636363505,-0.10977443609022676,0.009641567101972646,2,5,3,-1,0.2,0.5,0.3,0.0,6,9,5,1,0.3,0.45,0.25,0.0,11,39,10,1,0.18333333333333332,0.65,0.16666666666666666,0.0,66.66666666666667,82.5,98.33333333333333,65.07936507936508,79.16666666666667,93.25396825396825
2024-04-22,2024-04-19,5.31,5.31,0.0,3,False,False,False,-1.0,3.0,0.3333333333333333,0.0,4.0,0.25,0.0,12.0,0.16666666666666666,-1.0,21.0,0.09523809523809523,0.0,-0.036363636363636126,-0.1338345864661673,0.010391775493192491,2,6,2,0,0.2,0.6,0.2,0.0,6,9,5,1,0.3,0.45,0.25,0.0,10,40,10,0,0.16666666666666666,0.6666666666666666,0.16666666666666666,0.0,0.0,32.5,65.0,0.0,32.34126984126984,64.68253968253968
2024-04-23,2024-04-22,5.31,5.31,0.0,1,False,False,False,0.0,2.0,0.5,0.0,4.0,0.25,0.0,12.0,0.16666666666666666,-1.0,21.0,0.09523809523809523,0.09999999999999787,-0.0363636363636372,-0.15789473684210784,0.011197554876354543,2,6,2,0,0.2,0.6,0.2,0.0,6,9,5,1,0.3,0.45,0.25,0.0,10,40,10,0,0.16666666666666666,0.6666666666666666,0.16666666666666666,0.0,0.0,33.333333333333336,66.66666666666667,0.0,32.34126984126984,64.68253968253968
2024-04-24,2024-04-23,5.31,5.31,0.0,1,False,False,False,0.0,2.0,0.5,0.0,4.0,0.25,-1.0,11.0,0.18181818181818182,0.0,20.0,0.1,0.19999999999999574,-0.03636363636363828,-0.1661654135338368,0.010363989997221405,2,6,2,0,0.2,0.6,0.2,0.0,5,10,5,0,0.25,0.5,0.25,0.0,10,41,9,1,0.16666666666666666,0.6833333333333333,0.15,0.0,0.0,33.333333333333336,66.66666666666667,0.0,32.34126984126984,64.68253968253968
2024-04-25,2024-04-24,5.31,5.31,0.0,1,False,False,False,1.0,1.0,1.0,0.0,4.0,0.25,-2.0,10.0,0.2,0.0,20.0,0.1,0.0,-0.03636363636363936,-0.1571428571428592,0.009530425118088267,2,6,2,0,0.2,0.6,0.2,0.0,4,11,5,-1,0.2,0.55,0.25,0.0,10,41,9,1,0.16666666666666666,0.6833333333333333,0.15,0.0,0.0,34.166666666666664,68.33333333333333,0.0,32.34126984126984,64.68253968253968
2024-04-26,2024-04-25,5.32,5.31,1.0,1,False,False,False,1.0,1.0,1.0,1.0,5.0,0.2,-2.0,10.0,0.2,0.0,20.0,0.1,0.2000000000000135,0.018181818181817796,-0.11503759398496362,0.012031119755487723,3,5,2,1,0.3,0.5,0.2,0.0,4,11,5,-1,0.2,0.55,0.25,0.0,10,41,9,1,0.16666666666666666,0.6833333333333333,0.15,0.0,68.33333333333333,83.33333333333333,98.33333333333333,64.68253968253968,78.96825396825396,93.25396825396825
2024-04-29,2024-04-26,5.32,5.32,0.0,3,False,False,False,1.0,1.0,1.0,0.0,4.0,0.25,-3.0,9.0,0.2222222222222222,0.0,20.0,0.1,0.30000000000002025,0.12727272727273317,-0.05413533834586544,0.014531814392887178,2,6,2,0,0.2,0.6,0.2,0.0,3,12,5,-2,0.15,0.6,0.25,0.0,10,41,9,1,0.16666666666666666,0.6833333333333333,0.15,0.0,0.0,34.166666666666664,68.33333333333333,0.0,32.142857142857146,64.28571428571429
2024-04-30,2024-04-29,5.34,5.32,2.0,1,True,False,False,3.0,3.0,0.6666666666666666,3.0,5.0,0.4,0.0,10.0,0.2,2.0,22.0,0.09090909090909091,0.7000000000000117,0.27878787878788414,0.024060150375939136,0.020311197554876727,3,6,1,2,0.3,0.6,0.1,0.0,4,12,4,0,0.2,0.6,0.2,0.0,11,40,9,2,0.18333333333333332,0.6666666666666666,0.15,0.0,98.33333333333333,99.16666666666667,100.0,93.25396825396825,94.44444444444444,95.63492063492063
2024-05-01,2024-04-30,5.32,5.34,-2.0,1,False,False,False,1.0,5.0,0.4,1.0,7.0,0.2857142857142857,0.0,10.0,0.2,1.0,23.0,0.08695652173913043,0.40000000000000924,0.2848484848484917,0.04210526315789538,0.021005834954154375,3,5,2,1,0.3,0.5,0.2,0.0,4,12,4,0,0.2,0.6,0.2,0.0,11,40,9,2,0.18333333333333332,0.6666666666666666,0.15,0.0,96.66666666666667,98.33333333333333,100.0,92.85714285714286,94.24603174603175,95.63492063492063
2024-05-02,2024-05-01,5.31,5.32,-1.0,1,False,False,False,0.0,6.0,0.3333333333333333,1.0,7.0,0.2857142857142857,-1.0,11.0,0.18181818181818182,0.0,24.0,0.08333333333333333,-0.2000000000000135,0.15757575757576284,0.045864661654136364,0.02000555709919461,3,5,2,1,0.3,0.5,0.2,0.0,4,11,5,-1,0.2,0.55,0.25,0.0,11,39,10,1,0.18333333333333332,0.65,0.16666666666666666,0.0,66.66666666666667,80.83333333333333,95.0,63.888888888888886,78.17460317460318,92.46031746031746
2024-05-03,2024-05-02,5.31,5.31,0.0,1,False,False,False,-1.0,5.0,0.4,0.0,6.0,0.3333333333333333,-1.0,11.0,0.18181818181818182,0.0,24.0,0.08333333333333333,-0.500000000000016,0.08484848484848735,0.051127819548873694,0.019005279244234854,2,6,2,0,0.2,0.6,0.2,0.0,4,11,5,-1,0.2,0.55,0.25,0.0,11,39,10,1,0.18333333333333332,0.65,0.16666666666666666,0.0,0.0,32.5,65.0,0.0,31.746031746031747,63.492063492063494
2024-05-06,2024-05-03,5.31,5.31,0.0,3,False,False,False,-1.0,5.0,0.4,0.0,6.0,0.3333333333333333,0.0,10.0,0.2,0.0,24.0,0.08333333333333333,-0.7000000000000117,0.012121212121211863,0.04210526315789578,0.018005001389275094,2,6,2,0,0.2,0.6,0.2,0.0,4,12,4,0,0.2,0.6,0.2,0.0,11,39,10,1,0.18333333333333332,0.65,0.16666666666666666,0.0,0.0,32.5,65.0,0.0,31.746031746031747,63.492063492063494
2024-05-07,2024-05-06,5.31,5.31,0.0,1,False,False,False,-3.0,3.0,0.6666666666666666,0.0,6.0,0.3333333333333333,0.0,10.0,0.2,0.0,24.0,0.08333333333333333,-0.2000000000000135,-0.06060606060606362,0.03308270676691786,0.017004723534315338,2,6,2,0,0.2,0.6,0.2,0.0,4,12,4,0,0.2,0.6,0.2,0.0,11,39,10,1,0.18333333333333332,0.65,0.16666666666666666,0.0,0.0,32.5,65.0,0.0,31.746031746031747,63.492063492063494
2024-05-08,2024-05-07,5.31,5.31,0.0,1,False,False,False,-1.0,1.0,1.0,0.0,6.0,0.3333333333333333,0.0,10.0,0.2,0.0,24.0,0.08333333333333333,0.0,-0.1333333333333391,0.024060150375939934,0.016004445679355578,2,6,2,0,0.2,0.6,0.2,0.0,4,12,4,0,0.2,0.6,0.2,0.0,11,39,10,1,0.18333333333333332,0.65,0.16666666666666666,0.0,0.0,32.5,65.0,0.0,31.944444444444443,63.888888888888886
2024-05-09,2024-05-08,5.31,5.31,0.0,1,False,False,False,0.0,0.0,,0.0,6.0,0.3333333333333333,0.0,10.0,0.2,0.0,24.0,0.08333333333333333,0.0,-0.20606060606061458,0.015037593984962018,0.01500416782439582,2,6,2,0,0.2,0.6,0.2,0.0,4,12,4,0,0.2,0.6,0.2,0.0,11,39,10,1,0.18333333333333332,0.65,0.16666666666666666,0.0,0.0,32.5,65.0,0.0,31.944444444444443,63.888888888888886
2024-05-10,2024-05-09,5.31,5.31,0.0,1,False,False,False,0.0,0.0,,-1.0,5.0,0.4,0.0,10.0,0.2,1.0,23.0,0.08695652173913043,0.0,-0.21212121212121893,0.0060150375939841,0.012308974715198808,1,7,2,-1,0.1,0.7,0.2,0.0,4,12,4,0,0.2,0.6,0.2,0.0,11,40,9,2,0.18333333333333332,0.6666666666666666,0.15,0.0,0.0,32.5,65.0,0.0,31.944444444444443,63.888888888888886
2024-05-13,2024-05-10,5.31,5.31,0.0,3,False,False,False,0.0,0.0,,-1.0,5.0,0.4,-1.0,9.0,0.2222222222222222,0.0,22.0,0.09090909090909091,0.0,-0.20606060606061027,0.012781954887217773,0.011253125868296845,1,7,2,-1,0.1,0.7,0.2,0.0,3,13,4,-1,0.15,0.65,0.2,0.0,10,41,9,1,0.16666666666666666,0.6833333333333333,0.15,0.0,0.0,33.333333333333336,66.66666666666667,0.0,31.944444444444443,63.888888888888886
2024-05-14,2024-05-13,5.31,5.31,0.0,1,False,False,False,0.0,0.0,,-3.0,3.0,0.6666666666666666,0.0,8.0,0.25,1.0,21.0,0.09523809523809523,0.0,-0.05454545454545823,0.005263157894736196,0.008502361767157629,0,8,2,-2,0.0,0.8,0.2,0.0,3,14,3,0,0.15,0.7,0.15,0.0,10,42,8,2,0.16666666666666666,0.7,0.13333333333333333,0.0,0.0,34.166666666666664,68.33333333333333,0.0,31.944444444444443,63.888888888888886
2024-05-15,2024-05-14,5.31,5.31,0.0,1,False,False,False,0.0,0.0,,-1.0,1.0,1.0,0.0,8.0,0.25,1.0,21.0,0.09523809523809523,0.0,0.0,-0.0022556390977453815,0.005696026674076208,0,9,1,-1,0.0,0.9,0.1,0.0,3,14,3,0,0.15,0.7,0.15,0.0,10,42,8,2,0.16666666666666666,0.7,0.13333333333333333,0.0,0.0,35.0,70.0,0.0,32.142857142857146,64.28571428571429
2024-05-16,2024-05-15,5.31,5.31,0.0,1,False,False,False,0.0,0.0,,0.0,0.0,,1.0,7.0,0.2857142857142857,1.0,21.0,0.09523809523809523,0.0,0.0,-0.02556390977443715,0.0028341205890525826,0,10,0,0,0.0,1.0,0.0,0.0,3,15,2,1,0.15,0.75,0.1,0.0,10,42,8,2,0.16666666666666666,0.7,0.13333333333333333,0.0,0.0,35.0,70.0,0.0,32.142857142857146,64.28571428571429
2024-05-17,2024-05-16,5.31,5.31,0.0,1,False,False,False,0.0,0.0,,0.0,0.0,,0.0,6.0,0.3333333333333333,1.0,21.0,0.09523809523809523,0.0,0.0,-0.034586466165414935,-8.335648791324825e-05,0,10,0,0,0.0,1.0,0.0,0.0,2,16,2,0,0.1,0.8,0.1,0.0,10,42,8,2,0.16666666666666666,0.7,0.13333333333333333,0.0,0.0,35.0,70.0,0.0,32.34126984126984,64.68253968253968
2024-05-20,2024-05-17,5.31,5.31,0.0,3,False,False,False,0.0,0.0,,0.0,0.0,,0.0,6.0,0.3333333333333333,0.0,20.0,0.1,0.0,0.0,-0.04360902255639272,-0.001361489302584032,0,10,0,0,0.0,1.0,0.0,0.0,2,16,2,0,0.1,0.8,0.1,0.0,9,43,8,1,0.15,0.7166666666666667,0.13333333333333333,0.0,0.0,35.0,70.0,0.0,32.53968253968254,65.07936507936508
2024-05-21,2024-05-20,5.31,5.31,0.0,1,False,False,False,0.0,0.0,,0.0,0.0,,0.0,6.0,0.3333333333333333,0.0,20.0,0.1,0.0,0.0,-0.05263157894737051,-0.002639622117254816,0,10,0,0,0.0,1.0,0.0,0.0,2,16,2,0,0.1,0.8,0.1,0.0,9,43,8,1,0.15,0.7166666666666667,0.13333333333333333,0.0,0.0,35.833333333333336,71.66666666666667,0.0,32.53968253968254,65.07936507936508
2024-05-22,2024-05-21,5.31,5.31,0.0,1,False,False,False,0.0,0.0,,0.0,0.0,,0.0,6.0,0.3333333333333333,0.0,20.0,0.1,0.0,0.0,-0.06165413533834829,-0.0039177549319256,0,10,0,0,0.0,1.0,0.0,0.0,2,16,2,0,0.1,0.8,0.1,0.0,9,43,8,1,0.15,0.7166666666666667,0.13333333333333333,0.0,0.0,35.833333333333336,71.66666666666667,0.0,32.53968253968254,65.07936507936508
2024-05-23,2024-05-22,5.31,5.31,0.0,1,False,False,False,0.0,0.0,,0.0,0.0,,0.0,6.0,0.3333333333333333,0.0,20.0,0.1,0.0,0.0,-0.07067669172932607,-0.005195887746596383,0,10,0,0,0.0,1.0,0.0,0.0,2,16,2,0,0.1,0.8,0.1,0.0,9,43,8,1,0.15,0.7166666666666667,0.13333333333333333,0.0,0.0,35.833333333333336,71.66666666666667,0.0,32.53968253968254,65.07936507936508
2024-05-24,2024-05-23,5.32,5.31,1.0,1,False,False,False,1.0,1.0,1.0,1.0,1.0,1.0,0.0,6.0,0.3333333333333333,0.0,20.0,0.1,0.2000000000000135,0.05454545454545823,-0.04962406015037702,-0.003139761044734572,1,9,0,1,0.1,0.9,0.0,0.0,2,16,2,0,0.1,0.8,0.1,0.0,9,43,8,1,0.15,0.7166666666666667,0.13333333333333333,0.0,71.66666666666667,83.33333333333333,95.0,65.07936507936508,78.96825396825396,92.85714285714286
2024-05-28,2024-05-24,5.32,5.32,0.0,4,False,False,False,1.0,1.0,1.0,1.0,1.0,1.0,0.0,6.0,0.3333333333333333,1.0,19.0,0.10526315789473684,0.30000000000002025,0.09696969696970352,-0.028571428571427963,-0.002778549597110163,1,9,0,1,0.1,0.9,0.0,0.0,2,16,2,0,0.1,0.8,0.1,0.0,9,44,7,2,0.15,0.7333333333333333,0.11666666666666667,0.0,0.0,35.833333333333336,71.66666666666667,0.0,32.34126984126984,64.68253968253968
2024-05-29,2024-05-28,5.33,5.32,1.0,1,False,False,False,2.0,2.0,0.5,2.0,2.0,0.5,-1.0,5.0,0.4,2.0,20.0,0.1,0.500000000000016,0.18181818181818923,0.03834586466165545,-0.0008335648791329168,2,8,0,2,0.2,0.8,0.0,0.0,2,16,2,0,0.1,0.8,0.1,0.0,10,43,7,3,0.16666666666666666,0.7166666666666667,0.11666666666666667,0.0,73.33333333333333,84.16666666666667,95.0,64.68253968253968,78.76984126984127,92.85714285714286
2024-05-30,2024-05-29,5.33,5.33,0.0,1,False,False,False,2.0,2.0,0.5,2.0,2.0,0.5,1.0,3.0,0.3333333333333333,2.0,20.0,0.1,0.5000000000000071,0.24242424242425017,0.0751879699248147,0.0010002778549599144,2,8,0,2,0.2,0.8,0.0,0.0,2,17,1,1,0.1,0.85,0.05,0.0,10,43,7,3,0.16666666666666666,0.7166666666666667,0.11666666666666667,0.0,0.0,35.833333333333336,71.66666666666667,0.0,32.34126984126984,64.68253968253968
2024-05-31,2024-05-30,5.34,5.33,1.0,1,True,False,False,3.0,3.0,0.3333333333333333,3.0,3.0,0.3333333333333333,3.0,3.0,0.3333333333333333,3.0,21.0,0.09523809523809523,0.49999999999998934,0.3333333333333397,0.10902255639098013,0.004362322867463378,3,7,0,3,0.3,0.7,0.0,0.0,3,17,0,3,0.15,0.85,0.0,0.0,11,42,7,4,0.18333333333333332,0.7,0.11666666666666667,0.0,71.66666666666667,83.33333333333333,95.0,64.68253968253968,78.76984126984127,92.85714285714286
2024-06-03,2024-05-31,5.35,5.34,1.0,3,False,False,False,3.0,3.0,0.3333333333333333,4.0,4.0,0.25,4.0,4.0,0.25,4.0,22.0,0.09090909090909091,0.6999999999999851,0.4424242424242459,0.15263157894737078,0.009196999166435267,4,6,0,4,0.4,0.6,0.0,0.0,4,16,0,4,0.2,0.8,0.0,0.0,12,41,7,5,0.2,0.6833333333333333,0.11666666666666667,0.0,70.0,82.5,95.0,64.28571428571429,78.57142857142857,92.85714285714286
2024-06-04,2024-06-03,5.33,5.35,-2.0,1,False,False,False,1.0,5.0,0.4,2.0,6.0,0.3333333333333333,2.0,6.0,0.3333333333333333,2.0,24.0,0.08333333333333333,0.19999999999999574,0.39393939393939686,0.1616541353383485,0.010530702973048239,4,5,1,3,0.4,0.5,0.1,0.0,4,15,1,3,0.2,0.75,0.05,0.0,12,40,8,4,0.2,0.6666666666666666,0.13333333333333333,0.0,95.0,97.5,100.0,93.25396825396825,94.64285714285714,96.03174603174604
2024-06-05,2024-06-04,5.33,5.33,0.0,1,False,False,False,0.0,4.0,0.5,2.0,6.0,0.3333333333333333,2.0,6.0,0.3333333333333333,2.0,24.0,0.08333333333333333,-0.09999999999999787,0.321212121212123,0.16766917293233366,0.011753264795776796,4,5,1,3,0.4,0.5,0.1,0.0,4,15,1,3,0.2,0.75,0.05,0.0,12,40,8,4,0.2,0.6666666666666666,0.13333333333333333,0.0,0.0,33.333333333333336,66.66666666666667,0.0,31.944444444444443,63.888888888888886
2024-06-06,2024-06-05,5.33,5.33,0.0,1,False,False,False,0.0,4.0,0.5,2.0,6.0,0.3333333333333333,2.0,6.0,0.3333333333333333,2.0,24.0,0.08333333333333333,-0.3999999999999915,0.22424242424242433,0.17067669172932629,0.012864684634620939,4,5,1,3,0.4,0.5,0.1,0.0,4,15,1,3,0.2,0.75,0.05,0.0,12,40,8,4,0.2,0.6666666666666666,0.13333333333333333,0.0,0.0,33.333333333333336,66.66666666666667,0.0,32.142857142857146,64.28571428571429
2024-06-07,2024-06-06,5.33,5.33,0.0,1,False,False,False,-1.0,3.0,0.6666666666666666,2.0,6.0,0.3333333333333333,2.0,6.0,0.3333333333333333,2.0,24.0,0.08333333333333333,-0.3999999999999915,0.10303030303030083,0.17067669172932634,0.013864962489580666,4,5,1,3,0.4,0.5,0.1,0.0,4,15,1,3,0.2,0.75,0.05,0.0,12,40,8,4,0.2,0.6666666666666666,0.13333333333333333,0.0,0.0,33.333333333333336,66.66666666666667,0.0,32.34126984126984,64.68253968253968
2024-06-10,2024-06-07,5.32,5.33,-1.0,3,False,False,False,-3.0,3.0,0.6666666666666666,0.0,6.0,0.3333333333333333,1.0,7.0,0.2857142857142857,1.0,25.0,0.08,-0.19999999999999574,-0.03030303030302966,0.15338345864661987,0.01311475409836093,3,5,2,1,0.3,0.5,0.2,0.0,4,14,2,2,0.2,0.7,0.1,0.0,12,39,9,3,0.2,0.65,0.15,0.0,66.66666666666667,80.0,93.33333333333333,65.07936507936508,78.96825396825396,92.85714285714286
2024-06-11,2024-06-10,5.32,5.32,0.0,1,False,False,False,-1.0,1.0,1.0,0.0,6.0,0.3333333333333333,1.0,7.0,0.2857142857142857,1.0,25.0,0.08,-0.2999999999999936,-0.16363636363636014,0.13458646616541708,0.012308974715198984,3,5,2,1,0.3,0.5,0.2,0.0,4,14,2,2,0.2,0.7,0.1,0.0,12,39,9,3,0.2,0.65,0.15,0.0,0.0,32.5,65.0,0.0,32.34126984126984,64.68253968253968
2024-06-12,2024-06-11,5.31,5.32,-1.0,1,False,False,False,-2.0,2.0,0.5,-2.0,6.0,0.3333333333333333,0.0,8.0,0.25,0.0,26.0,0.07692307692307693,-0.5000000000000071,-0.28484848484848363,0.10000000000000267,0.009808280077799637,2,5,3,-1,0.2,0.5,0.3,0.0,4,13,3,1,0.2,0.65,0.15,0.0,12,38,10,2,0.2,0.6333333333333333,0.16666666666666666,0.0,65.0,79.16666666666667,93.33333333333333,64.68253968253968,78.76984126984127,92.85714285714286
2024-06-13,2024-06-12,5.31,5.31,0.0,1,False,False,False,-2.0,2.0,0.5,-2.0,6.0,0.3333333333333333,0.0,8.0,0.25,0.0,26.0,0.07692307692307693,-0.500000000000016,-0.3818181818181823,0.06541353383458828,0.007307585440400288,2,5,3,-1,0.2,0.5,0.3,0.0,4,13,3,1,0.2,0.65,0.15,0.0,12,38,10,2,0.2,0.6333333333333333,0.16666666666666666,0.0,0.0,31.666666666666668,63.333333333333336,0.0,32.142857142857146,64.28571428571429
2024-06-14,2024-06-13,5.31,5.31,0.0,1,False,False,False,-2.0,2.0,0.5,-3.0,5.0,0.4,0.0,8.0,0.25,0.0,26.0,0.07692307692307693,-0.30000000000002025,-0.3878787878787909,0.03082706766917388,0.004806890803000941,1,6,3,-2,0.1,0.6,0.3,0.0,4,13,3,1,0.2,0.65,0.15,0.0,12,38,10,2,0.2,0.6333333333333333,0.16666666666666666,0.0,0.0,31.666666666666668,63.333333333333336,0.0,32.142857142857146,64.28571428571429
2024-06-17,2024-06-14,5.33,5.31,2.0,3,False,False,False,1.0,3.0,0.6666666666666666,-2.0,6.0,0.3333333333333333,2.0,10.0,0.2,2.0,28.0,0.07142857142857142,0.19999999999999574,-0.18181818181818601,0.024812030075188708,0.0055848846901918325,1,6,3,-2,0.1,0.6,0.3,0.0,5,12,3,2,0.25,0.6,0.15,0.0,13,37,10,3,0.21666666666666667,0.6166666666666667,0.16666666666666666,0.0,93.33333333333333,96.66666666666667,100.0,92.85714285714286,94.44444444444444,96.03174603174604
2024-06-18,2024-06-17,5.33,5.33,0.0,1,False,False,False,1.0,3.0,0.6666666666666666,0.0,4.0,0.5,2.0,10.0,0.2,2.0,28.0,0.07142857142857142,0.6000000000000139,-0.08484848484848788,0.01578947368421099,0.00625173659349831,1,7,2,-1,0.1,0.7,0.2,0.0,5,12,3,2,0.25,0.6,0.15,0.0,13,37,10,3,0.21666666666666667,0.6166666666666667,0.16666666666666666,0.0,0.0,30.833333333333332,61.666666666666664,0.0,31.944444444444443,63.888888888888886
2024-06-20,2024-06-18,5.32,5.33,-1.0,2,False,False,False,1.0,3.0,0.6666666666666666,-1.0,5.0,0.4,1.0,11.0,0.18181818181818182,1.0,29.0,0.06896551724137931,0.4000000000000181,-0.042424242424243135,-0.010526315789473259,0.005168102250625325,1,6,3,-2,0.1,0.6,0.3,0.0,5,11,4,1,0.25,0.55,0.2,0.0,13,36,11,2,0.21666666666666667,0.6,0.18333333333333332,0.0,61.666666666666664,76.66666666666667,91.66666666666667,64.28571428571429,78.37301587301587,92.46031746031746
2024-06-21,2024-06-20,5.31,5.32,-1.0,1,False,False,False,0.0,4.0,0.5,-2.0,6.0,0.3333333333333333,0.0,12.0,0.16666666666666666,-1.0,29.0,0.06896551724137931,-0.09999999999999787,-0.04242424242424475,-0.052631578947369105,0.004084467907752341,1,5,4,-3,0.1,0.5,0.4,0.0,5,10,5,0,0.25,0.5,0.25,0.0,12,36,12,0,0.2,0.6,0.2,0.0,60.0,75.83333333333333,91.66666666666667,64.28571428571429,78.37301587301587,92.46031746031746
2024-06-24,2024-06-21,5.31,5.31,0.0,3,False,False,False,0.0,4.0,0.5,-2.0,6.0,0.3333333333333333,0.0,12.0,0.16666666666666666,-2.0,28.0,0.07142857142857142,-0.6000000000000139,-0.018181818181821564,-0.09473684210526494,0.004751319811058817,1,5,4,-3,0.1,0.5,0.4,0.0,5,10,5,0,0.25,0.5,0.25,0.0,11,37,12,-1,0.18333333333333332,0.6166666666666667,0.2,0.0,0.0,30.0,60.0,0.0,31.944444444444443,63.888888888888886
2024-06-25,2024-06-24,5.33,5.31,2.0,1,False,False,False,0.0,4.0,0.5,1.0,7.0,0.2857142857142857,1.0,13.0,0.15384615384615385,-1.0,29.0,0.06896551724137931,-0.10000000000000675,0.0727272727272728,-0.09248120300751995,0.010502917477077201,2,5,3,-1,0.2,0.5,0.3,0.0,5,10,5,0,0.25,0.5,0.25,0.0,11,37,12,-1,0.18333333333333332,0.6166666666666667,0.2,0.0,91.66666666666667,95.83333333333333,100.0,92.46031746031746,94.24603174603175,96.03174603174604
2024-06-26,2024-06-25,5.34,5.33,1.0,1,False,False,False,1.0,5.0,0.4,2.0,8.0,0.25,2.0,14.0,0.14285714285714285,-1.0,29.0,0.06896551724137931,0.5999999999999961,0.20606060606060864,-0.07744360902255722,0.01964434565157009,3,4,3,0,0.3,0.4,0.3,0.0,6,9,5,1,0.3,0.45,0.25,0.0,11,37,12,-1,0.18333333333333332,0.6166666666666667,0.2,0.0,61.666666666666664,75.83333333333333,90.0,63.492063492063494,77.77777777777777,92.06349206349206
2024-06-27,2024-06-26,5.34,5.34,0.0,1,False,False,False,2.0,4.0,0.5,3.0,7.0,0.2857142857142857,1.0,13.0,0.15384615384615385,0.0,28.0,0.07142857142857142,0.9000000000000075,0.24848484848484964,-0.04962406015037669,0.027146429563767928,3,5,2,1,0.3,0.5,0.2,0.0,5,10,5,0,0.25,0.5,0.25,0.0,11,38,11,0,0.18333333333333332,0.6333333333333333,0.18333333333333332,0.0,0.0,30.833333333333332,61.666666666666664,0.0,31.547619047619047,63.095238095238095
2024-06-28,2024-06-27,5.33,5.34,-1.0,1,True,True,False,2.0,4.0,0.5,2.0,8.0,0.25,0.0,14.0,0.14285714285714285,1.0,27.0,0.07407407407407407,0.5000000000000071,0.2000000000000006,-0.037593984962406346,0.029619338705196216,3,4,3,0,0.3,0.4,0.3,0.0,5,9,6,-1,0.25,0.45,0.3,0.0,11,38,11,0,0.18333333333333332,0.6333333333333333,0.18333333333333332,0.0,63.333333333333336,76.66666666666667,90.0,63.095238095238095,77.57936507936508,92.06349206349206
2024-07-01,2024-06-28,5.4,5.33,7.0,3,False,False,False,9.0,11.0,0.6363636363636364,9.0,15.0,0.4666666666666667,6.0,20.0,0.35,8.0,34.0,0.20588235294117646,1.3000000000000078,0.5090909090909101,0.09022556390977458,0.04351208669074792,4,3,3,1,0.4,0.3,0.3,0.0,5,9,6,-1,0.25,0.45,0.3,0.0,12,37,11,1,0.2,0.6166666666666667,0.18333333333333332,0.0,100.0,100.0,100.0,99.2063492063492,99.4047619047619,99.60317460317461
2024-07-02,2024-07-01,5.35,5.4,-5.0,1,False,False,False,2.0,14.0,0.5,2.0,18.0,0.3888888888888889,0.0,24.0,0.2916666666666667,3.0,39.0,0.1794871794871795,0.8000000000000007,0.5696969696969694,0.15338345864661576,0.04876354542928646,3,3,4,-1,0.3,0.3,0.4,0.0,4,9,7,-3,0.2,0.45,0.35,0.0,12,36,12,0,0.2,0.6,0.2,0.0,98.33333333333333,98.33333333333333,98.33333333333333,98.41269841269842,98.41269841269842,98.41269841269842
2024-07-03,2024-07-02,5.33,5.35,-2.0,1,False,False,False,-1.0,15.0,0.4666666666666667,0.0,20.0,0.35,0.0,24.0,0.2916666666666667,2.0,40.0,0.175,0.0,0.49696969696969817,0.15639097744360855,0.048874687413170866,3,2,5,-2,0.3,0.2,0.5,-0.5,4,9,7,-3,0.2,0.45,0.35,0.0,12,36,12,0,0.2,0.6,0.2,0.0,88.33333333333333,92.5,96.66666666666667,91.26984126984127,93.25396825396825,95.23809523809524
2024-07-05,2024-07-03,5.32,5.33,-1.0,2,False,False,False,-2.0,16.0,0.4375,0.0,20.0,0.35,-1.0,25.0,0.28,1.0,41.0,0.17073170731707318,-0.8999999999999986,0.3030303030303084,0.1451127819548874,0.047235343150875825,3,2,5,-2,0.3,0.2,0.5,-0.5,4,8,8,-4,0.2,0.4,0.4,0.0,12,35,13,-1,0.2,0.5833333333333334,0.21666666666666667,0.0,60.0,73.33333333333333,86.66666666666667,62.301587301587304,76.78571428571429,91.26984126984127
2024-07-08,2024-07-05,5.32,5.32,0.0,3,False,False,False,-1.0,15.0,0.4666666666666667,1.0,19.0,0.3684210526315789,-1.0,25.0,0.28,1.0,41.0,0.17073170731707318,-1.899999999999995,0.042424242424247444,0.13533834586466245,0.04554042789663857,3,3,4,-1,0.3,0.3,0.4,0.0,4,8,8,-4,0.2,0.4,0.4,0.0,12,35,13,-1,0.2,0.5833333333333334,0.21666666666666667,0.0,0.0,29.166666666666668,58.333333333333336,0.0,31.150793650793652,62.301587301587304
2024-07-09,2024-07-08,5.34,5.32,2.0,1,False,False,False,-6.0,10.0,0.5,3.0,21.0,0.3333333333333333,1.0,27.0,0.25925925925925924,3.0,43.0,0.16279069767441862,-0.2999999999999936,-0.1212121212121197,0.15563909774436166,0.0470686301750492,4,2,4,0,0.4,0.2,0.4,0.0,5,7,8,-3,0.25,0.35,0.4,0.0,13,34,13,0,0.21666666666666667,0.5666666666666667,0.21666666666666667,0.0,86.66666666666667,91.66666666666667,96.66666666666667,91.66666666666667,93.84920634920636,96.03174603174604
2024-07-10,2024-07-09,5.34,5.34,0.0,1,False,False,False,-1.0,5.0,0.4,1.0,19.0,0.3684210526315789,2.0,26.0,0.2692307692307692,3.0,43.0,0.16279069767441862,0.3999999999999915,-0.1878787878787871,0.15864661654135448,0.048430119477633204,3,3,4,-1,0.3,0.3,0.4,0.0,5,8,7,-2,0.25,0.4,0.35,0.0,13,34,13,0,0.21666666666666667,0.5666666666666667,0.21666666666666667,0.0,0.0,28.333333333333332,56.666666666666664,0.0,30.952380952380953,61.904761904761905
2024-07-11,2024-07-10,5.34,5.34,0.0,1,False,False,False,1.0,3.0,0.6666666666666666,0.0,18.0,0.3888888888888889,2.0,26.0,0.2692307692307692,2.0,42.0,0.16666666666666666,0.5999999999999872,-0.20000000000000112,0.15864661654135487,0.051319811058628005,2,4,4,-2,0.2,0.4,0.4,0.0,5,8,7,-2,0.25,0.4,0.35,0.0,12,35,13,-1,0.2,0.5833333333333334,0.21666666666666667,0.0,0.0,28.333333333333332,56.666666666666664,0.0,30.952380952380953,61.904761904761905
2024-07-12,2024-07-11,5.34,5.34,0.0,1,False,False,False,2.0,2.0,1.0,0.0,18.0,0.3888888888888889,3.0,25.0,0.28,3.0,41.0,0.17073170731707318,0.3999999999999915,-0.21212121212121512,0.13984962406015128,0.052403445401500985,2,4,4,-2,0.2,0.4,0.4,0.0,5,9,6,-1,0.25,0.45,0.3,0.0,12,36,12,0,0.2,0.6,0.2,0.0,0.0,29.166666666666668,58.333333333333336,0.0,30.952380952380953,61.904761904761905
2024-07-15,2024-07-12,5.34,5.34,0.0,3,False,False,False,2.0,2.0,1.0,1.0,17.0,0.4117647058823529,3.0,25.0,0.28,3.0,41.0,0.17073170731707318,0.0,-0.2909090909090944,0.1165413533834589,0.053320366768547345,2,5,3,-1,0.2,0.5,0.3,0.0,5,9,6,-1,0.25,0.45,0.3,0.0,12,36,12,0,0.2,0.6,0.2,0.0,0.0,30.0,60.0,0.0,30.952380952380953,61.904761904761905
2024-07-16,2024-07-15,5.35,5.34,1.0,1,False,False,False,1.0,1.0,1.0,-5.0,11.0,0.45454545454545453,4.0,26.0,0.2692307692307692,5.0,41.0,0.17073170731707318,0.19999999999999574,0.13939393939393643,0.10300751879699176,0.054015004167824884,2,5,3,-1,0.2,0.5,0.3,0.0,6,8,6,0,0.3,0.4,0.3,0.0,13,36,11,2,0.21666666666666667,0.6,0.18333333333333332,0.0,60.0,72.5,85.0,62.301587301587304,76.78571428571429,91.26984126984127
2024-07-17,2024-07-16,5.35,5.35,0.0,1,False,False,False,1.0,1.0,1.0,0.0,6.0,0.3333333333333333,2.0,24.0,0.2916666666666667,4.0,40.0,0.175,0.2999999999999936,0.29696969696969067,0.11503759398496143,0.05612670186162864,2,6,2,0,0.2,0.6,0.2,0.0,5,9,6,-1,0.25,0.45,0.3,0.0,12,37,11,1,0.2,0.6166666666666667,0.18333333333333332,0.0,0.0,30.0,60.0,0.0,31.150793650793652,62.301587301587304
2024-07-18,2024-07-17,5.34,5.35,-1.0,1,False,False,False,0.0,2.0,0.5,1.0,5.0,0.4,1.0,25.0,0.28,3.0,41.0,0.17073170731707318,0.09999999999999787,0.266666666666661,0.10977443609022469,0.056376771325368516,2,6,2,0,0.2,0.6,0.2,0.0,5,8,7,-2,0.25,0.4,0.35,0.0,12,36,12,0,0.2,0.6,0.2,0.0,61.666666666666664,73.33333333333333,85.0,62.698412698412696,76.98412698412699,91.26984126984127
2024-07-19,2024-07-18,5.34,5.34,0.0,1,False,False,False,0.0,2.0,0.5,2.0,4.0,0.5,2.0,24.0,0.2916666666666667,3.0,41.0,0.17073170731707318,-0.09999999999999787,0.1575757575757542,0.08721804511278157,0.05646012781328178,2,7,1,1,0.2,0.7,0.1,0.0,5,9,6,-1,0.25,0.45,0.3,0.0,12,36,12,0,0.2,0.6,0.2,0.0,0.0,30.0,60.0,0.0,31.349206349206348,62.698412698412696
2024-07-22,2024-07-19,5.33,5.34,-1.0,3,False,False,False,-1.0,3.0,0.3333333333333333,1.0,5.0,0.4,2.0,24.0,0.2916666666666667,2.0,42.0,0.16666666666666666,-0.49999999999998934,-0.03030303030302966,0.03157894736842044,0.05473742706307338,2,6,2,0,0.2,0.6,0.2,0.0,5,9,6,-1,0.25,0.45,0.3,0.0,12,35,13,-1,0.2,0.5833333333333334,0.21666666666666667,0.0,60.0,72.5,85.0,62.698412698412696,76.98412698412699,91.26984126984127
2024-07-23,2024-07-22,5.34,5.33,1.0,1,False,False,False,-1.0,3.0,0.3333333333333333,0.0,4.0,0.25,3.0,25.0,0.28,3.0,43.0,0.16279069767441862,-0.2999999999999936,-0.04242424242424152,-0.012781954887219242,0.054542928591275616,2,6,2,0,0.2,0.6,0.2,0.0,6,8,6,0,0.3,0.4,0.3,0.0,13,34,13,0,0.21666666666666667,0.5666666666666667,0.21666666666666667,0.0,58.333333333333336,71.66666666666667,85.0,62.698412698412696,76.98412698412699,91.26984126984127
2024-07-24,2024-07-23,5.34,5.34,0.0,1,False,False,False,-1.0,3.0,0.3333333333333333,0.0,4.0,0.25,1.0,23.0,0.30434782608695654,2.0,42.0,0.16666666666666666,0.0,-0.054545454545453384,-0.030075187969925907,0.05587663239788863,2,6,2,0,0.2,0.6,0.2,0.0,5,9,6,-1,0.25,0.45,0.3,0.0,12,35,13,-1,0.2,0.5833333333333334,0.21666666666666667,0.0,0.0,28.333333333333332,56.666666666666664,0.0,31.349206349206348,62.698412698412696
2024-07-25,2024-07-24,5.35,5.34,1.0,1,False,False,False,1.0,3.0,0.3333333333333333,1.0,5.0,0.2,1.0,23.0,0.30434782608695654,3.0,43.0,0.16279069767441862,0.2999999999999936,-0.012121212121211863,-0.01879699248120461,0.05873853848291227,3,5,2,1,0.3,0.5,0.2,0.0,5,9,6,-1,0.25,0.45,0.3,0.0,13,34,13,0,0.21666666666666667,0.5666666666666667,0.21666666666666667,0.0,58.333333333333336,71.66666666666667,85.0,63.095238095238095,77.18253968253968,91.26984126984127
2024-07-26,2024-07-25,5.35,5.35,0.0,1,False,False,False,1.0,3.0,0.3333333333333333,1.0,5.0,0.2,1.0,23.0,0.30434782608695654,1.0,41.0,0.17073170731707318,0.49999999999998934,0.018181818181817796,-0.009022556390979522,0.0648235621005838,3,5,2,1,0.3,0.5,0.2,0.0,5,9,6,-1,0.25,0.45,0.3,0.0,12,35,13,-1,0.2,0.5833333333333334,0.21666666666666667,0.0,0.0,28.333333333333332,56.666666666666664,0.0,31.349206349206348,62.698412698412696
2024-07-29,2024-07-26,5.33,5.35,-2.0,3,False,False,False,0.0,4.0,0.5,-1.0,7.0,0.2857142857142857,0.0,24.0,0.2916666666666667,1.0,41.0,0.17073170731707318,-0.09999999999999787,-0.07272727272727118,-0.04511278195488879,0.06418449569324855,3,4,3,0,0.3,0.4,0.3,0.0,5,9,6,-1,0.25,0.45,0.3,0.0,12,35,13,-1,0.2,0.5833333333333334,0.21666666666666667,0.0,86.66666666666667,91.66666666666667,96.66666666666667,91.26984126984127,93.65079365079364,96.03174603174604
2024-07-30,2024-07-29,5.33,5.33,0.0,1,False,False,False,-1.0,3.0,0.6666666666666666,-2.0,6.0,0.3333333333333333,-7.0,17.0,0.29411764705882354,2.0,40.0,0.175,-0.3999999999999915,-0.08484848484848304,0.029323308270676068,0.06179494303973368,2,5,3,-1,0.2,0.5,0.3,0.0,4,10,6,-2,0.2,0.5,0.3,0.0,12,36,12,0,0.2,0.6,0.2,0.0,0.0,29.166666666666668,58.333333333333336,0.0,31.349206349206348,62.698412698412696
2024-07-31,2024-07-30,5.38,5.33,5.0,1,True,False,False,4.0,8.0,0.625,3.0,11.0,0.45454545454545453,3.0,17.0,0.29411764705882354,7.0,45.0,0.15555555555555556,0.40000000000000924,0.2000000000000006,0.10676691729323208,0.06749096971380979,3,4,3,0,0.3,0.4,0.3,0.0,5,10,5,0,0.25,0.5,0.25,0.0,13,35,12,1,0.21666666666666667,0.5833333333333334,0.2,0.0,96.66666666666667,97.5,98.33333333333333,98.41269841269842,98.61111111111111,98.80952380952381
2024-08-01,2024-07-31,5.35,5.38,-3.0,1,False,False,False,0.0,10.0,0.5,1.0,13.0,0.38461538461538464,2.0,18.0,0.2777777777777778,4.0,48.0,0.14583333333333334,0.4999999999999982,0.2181818181818173,0.10526315789473573,0.06787996665740514,3,4,3,0,0.3,0.4,0.3,0.0,5,10,5,0,0.25,0.5,0.25,0.0,13,34,13,0,0.21666666666666667,0.5666666666666667,0.21666666666666667,0.0,95.0,95.0,95.0,96.03174603174604,96.42857142857143,96.82539682539682
2024-08-02,2024-08-01,5.35,5.35,0.0,1,False,False,False,0.0,10.0,0.5,1.0,13.0,0.38461538461538464,3.0,17.0,0.29411764705882354,4.0,48.0,0.14583333333333334,0.5999999999999872,0.2242424242424222,0.08496240601503678,0.06804667963323167,3,4,3,0,0.3,0.4,0.3,0.0,5,11,4,1,0.25,0.55,0.2,0.0,13,34,13,0,0.21666666666666667,0.5666666666666667,0.21666666666666667,0.0,0.0,28.333333333333332,56.666666666666664,0.0,31.547619047619047,63.095238095238095
2024-08-05,2024-08-02,5.32,5.35,-3.0,3,False,False,False,-1.0,11.0,0.45454545454545453,-1.0,15.0,0.3333333333333333,0.0,20.0,0.25,1.0,51.0,0.13725490196078433,-0.4999999999999982,-0.012121212121210248,0.017293233082707266,0.06307307585440425,3,4,3,0,0.3,0.4,0.3,0.0,5,10,5,0,0.25,0.5,0.25,0.0,13,33,14,-1,0.21666666666666667,0.55,0.23333333333333334,0.0,93.33333333333333,94.16666666666667,95.0,95.63492063492063,96.23015873015873,96.82539682539682
2024-08-06,2024-08-05,5.33,5.32,1.0,1,False,False,False,0.0,12.0,0.4166666666666667,-1.0,15.0,0.3333333333333333,-1.0,19.0,0.2631578947368421,2.0,52.0,0.1346153846153846,-1.29999999999999,-0.11515151515151216,-0.004511278195487891,0.05968324534592966,3,4,3,0,0.3,0.4,0.3,0.0,5,10,5,0,0.25,0.5,0.25,0.0,14,32,14,0,0.23333333333333334,0.5333333333333333,0.23333333333333334,0.0,55.0,68.33333333333333,81.66666666666667,63.095238095238095,76.58730158730158,90.07936507936508
2024-08-07,2024-08-06,5.33,5.33,0.0,1,False,False,False,-5.0,7.0,0.42857142857142855,-1.0,15.0,0.3333333333333333,-1.0,19.0,0.2631578947368421,2.0,52.0,0.1346153846153846,-0.5999999999999872,-0.2060606060606022,-0.024812030075186838,0.05618227285357066,3,4,3,0,0.3,0.4,0.3,0.0,5,10,5,0,0.25,0.5,0.25,0.0,14,32,14,0,0.23333333333333334,0.5333333333333333,0.23333333333333334,0.0,0.0,26.666666666666668,53.333333333333336,0.0,31.349206349206348,62.698412698412696
2024-08-08,2024-08-07,5.34,5.33,1.0,1,False,False,False,-1.0,5.0,0.6,-1.0,15.0,0.3333333333333333,0.0,20.0,0.25,3.0,53.0,0.1320754716981132,-0.09999999999999787,-0.16363636363636178,-0.029323308270675603,0.054209502639622285,3,4,3,0,0.3,0.4,0.3,0.0,6,9,5,1,0.3,0.45,0.25,0.0,15,31,14,1,0.25,0.5166666666666667,0.23333333333333334,0.0,53.333333333333336,67.5,81.66666666666667,62.698412698412696,76.38888888888889,90.07936507936508
2024-08-09,2024-08-08,5.34,5.34,0.0,1,False,False,False,-1.0,5.0,0.6,-1.0,15.0,0.3333333333333333,0.0,20.0,0.25,3.0,53.0,0.1320754716981132,0.49999999999998934,-0.10909090909090946,-0.03383458646616436,0.05207001944984729,3,4,3,0,0.3,0.4,0.3,0.0,6,9,5,1,0.3,0.45,0.25,0.0,15,31,14,1,0.25,0.5166666666666667,0.23333333333333334,0.0,0.0,25.833333333333332,51.666666666666664,0.0,31.150793650793652,62.301587301587304
2024-08-12,2024-08-09,5.34,5.34,0.0,3,False,False,False,2.0,2.0,0.5,1.0,13.0,0.38461538461538464,0.0,20.0,0.25,3.0,53.0,0.1320754716981132,0.2999999999999936,-0.17575757575757578,-0.03834586466165312,0.049763823284245674,3,5,2,1,0.3,0.5,0.2,0.0,6,9,5,1,0.3,0.45,0.25,0.0,15,31,14,1,0.25,0.5166666666666667,0.23333333333333334,0.0,0.0,25.833333333333332,51.666666666666664,0.0,31.150793650793652,62.301587301587304
2024-08-13,2024-08-12,5.34,5.34,0.0,1,False,False,False,1.0,1.0,1.0,1.0,13.0,0.38461538461538464,-1.0,19.0,0.2631578947368421,3.0,53.0,0.1320754716981132,0.19999999999999574,-0.25454545454545396,-0.02706766917293169,0.04729091414281745,3,5,2,1,0.3,0.5,0.2,0.0,5,10,5,0,0.25,0.5,0.25,0.0,15,31,14,1,0.25,0.5166666666666667,0.23333333333333334,0.0,0.0,25.833333333333332,51.666666666666664,0.0,31.150793650793652,62.301587301587304
2024-08-14,2024-08-13,5.33,5.34,-1.0,1,False,False,False,0.0,2.0,0.5,-5.0,9.0,0.3333333333333333,-2.0,20.0,0.25,2.0,54.0,0.12962962962962962,-0.19999999999999574,-0.06666666666666525,-0.028571428571428026,0.04301194776326755,2,5,3,-1,0.2,0.5,0.3,0.0,5,9,6,-1,0.25,0.45,0.3,0.0,15,30,15,0,0.25,0.5,0.25,0.0,51.666666666666664,66.66666666666667,81.66666666666667,62.301587301587304,76.19047619047619,90.07936507936508
2024-08-15,2024-08-14,5.35,5.33,2.0,1,False,False,False,1.0,3.0,0.6666666666666666,0.0,8.0,0.375,1.0,21.0,0.23809523809523808,4.0,56.0,0.125,0.09999999999999787,0.09090909090908897,-0.014285714285714181,0.04190052792442332,3,5,2,1,0.3,0.5,0.2,0.0,6,9,5,1,0.3,0.45,0.25,0.0,16,29,15,1,0.26666666666666666,0.48333333333333334,0.25,0.0,81.66666666666667,86.66666666666667,91.66666666666667,90.07936507936508,92.65873015873017,95.23809523809524
2024-08-16,2024-08-15,5.32,5.35,-3.0,1,False,False,False,-2.0,6.0,0.5,-3.0,11.0,0.2727272727272727,-2.0,24.0,0.20833333333333334,1.0,59.0,0.11864406779661017,-0.2999999999999936,0.08484848484848304,-0.04436090225563849,0.035648791330925134,3,4,3,0,0.3,0.4,0.3,0.0,6,8,6,0,0.3,0.4,0.3,0.0,16,28,16,0,0.26666666666666666,0.4666666666666667,0.26666666666666666,0.0,91.66666666666667,93.33333333333333,95.0,95.23809523809524,96.03174603174604,96.82539682539682
2024-08-19,2024-08-16,5.32,5.32,0.0,3,False,False,False,-2.0,6.0,0.5,0.0,8.0,0.375,-1.0,23.0,0.21739130434782608,1.0,59.0,0.11864406779661017,-0.49999999999998934,-0.08484848484848304,-0.08721804511278057,0.029341483745484745,3,5,2,1,0.3,0.5,0.2,0.0,6,9,5,1,0.3,0.45,0.25,0.0,16,28,16,0,0.26666666666666666,0.4666666666666667,0.26666666666666666,0.0,0.0,23.333333333333332,46.666666666666664,0.0,30.555555555555557,61.111111111111114
2024-08-20,2024-08-19,5.32,5.32,0.0,1,False,False,False,-2.0,6.0,0.5,-1.0,7.0,0.42857142857142855,-2.0,22.0,0.22727272727272727,1.0,59.0,0.11864406779661017,-0.49999999999998934,-0.18787878787878387,-0.11278195488721625,0.022978605168102136,2,6,2,0,0.2,0.6,0.2,0.0,5,10,5,0,0.25,0.5,0.25,0.0,16,28,16,0,0.26666666666666666,0.4666666666666667,0.26666666666666666,0.0,0.0,23.333333333333332,46.666666666666664,0.0,30.555555555555557,61.111111111111114
2024-08-21,2024-08-20,5.31,5.32,-1.0,1,False,False,False,-2.0,6.0,0.5,-2.0,8.0,0.375,-3.0,23.0,0.21739130434782608,-1.0,59.0,0.11864406779661017,-0.8000000000000007,-0.3333333333333311,-0.14962406015037474,0.01661572659071953,2,5,3,-1,0.2,0.5,0.3,0.0,5,9,6,-1,0.25,0.45,0.3,0.0,15,28,17,-2,0.25,0.4666666666666667,0.2833333333333333,0.0,46.666666666666664,62.5,78.33333333333333,61.111111111111114,75.1984126984127,89.28571428571429
2024-08-22,2024-08-21,5.31,5.31,0.0,1,False,False,False,-4.0,4.0,0.75,-3.0,7.0,0.42857142857142855,-4.0,22.0,0.22727272727272727,-1.0,59.0,0.11864406779661017,-0.30000000000002025,-0.3878787878787882,-0.16616541353383432,0.010308419005279134,1,6,3,-2,0.1,0.6,0.3,0.0,4,10,6,-2,0.2,0.5,0.3,0.0,15,28,17,-2,0.25,0.4666666666666667,0.2833333333333333,0.0,0.0,23.333333333333332,46.666666666666664,0.0,30.357142857142858,60.714285714285715
2024-08-23,2024-08-22,5.33,5.31,2.0,1,False,False,False,1.0,3.0,0.6666666666666666,-1.0,9.0,0.3333333333333333,-2.0,24.0,0.20833333333333334,0.0,60.0,0.11666666666666667,0.09999999999998899,-0.2969696969696971,-0.14812030075187968,0.009030286190608437,2,5,3,-1,0.2,0.5,0.3,0.0,5,9,6,-1,0.25,0.45,0.3,0.0,15,28,17,-2,0.25,0.4666666666666667,0.2833333333333333,0.0,78.33333333333333,84.16666666666667,90.0,89.28571428571429,92.06349206349206,94.84126984126983
2024-08-26,2024-08-23,5.34,5.33,1.0,3,False,False,False,2.0,4.0,0.5,0.0,10.0,0.3,1.0,23.0,0.21739130434782608,1.0,61.0,0.11475409836065574,0.5999999999999961,-0.13939393939394074,-0.14436090225563902,0.00939149763823279,3,4,3,0,0.3,0.4,0.3,0.0,6,9,5,1,0.3,0.45,0.25,0.0,16,27,17,-1,0.26666666666666666,0.45,0.2833333333333333,0.0,46.666666666666664,61.666666666666664,76.66666666666667,60.317460317460316,74.60317460317461,88.88888888888889
2024-08-27,2024-08-26,5.35,5.34,1.0,1,False,False,False,3.0,5.0,0.4,1.0,11.0,0.2727272727272727,2.0,24.0,0.20833333333333334,1.0,61.0,0.11475409836065574,1.1000000000000032,0.07272727272726902,-0.1278195488721806,0.013031397610447236,4,3,3,1,0.4,0.3,0.3,0.0,7,8,5,2,0.35,0.4,0.25,0.0,16,27,17,-1,0.26666666666666666,0.45,0.2833333333333333,0.0,45.0,60.833333333333336,76.66666666666667,59.92063492063492,74.4047619047619,88.88888888888889
2024-08-28,2024-08-27,5.35,5.35,0.0,1,False,False,False,4.0,4.0,0.5,2.0,10.0,0.3,-3.0,19.0,0.15789473684210525,0.0,60.0,0.11666666666666667,0.9999999999999964,0.20606060606060167,-0.03533834586466224,0.01831064184495673,4,4,2,2,0.4,0.4,0.2,0.0,6,9,5,1,0.3,0.45,0.25,0.0,15,28,17,-2,0.25,0.4666666666666667,0.2833333333333333,0.0,0.0,22.5,45.0,0.0,29.761904761904763,59.523809523809526
2024-08-29,2024-08-28,5.33,5.35,-2.0,1,False,False,False,2.0,6.0,0.3333333333333333,-2.0,10.0,0.3,-2.0,18.0,0.16666666666666666,0.0,60.0,0.11666666666666667,0.09999999999999787,0.3393939393939343,-0.01428571428571505,0.016921367046401622,3,4,3,0,0.3,0.4,0.3,0.0,6,9,5,1,0.3,0.45,0.25,0.0,15,28,17,-2,0.25,0.4666666666666667,0.2833333333333333,0.0,76.66666666666667,83.33333333333333,90.0,88.88888888888889,91.86507936507937,94.84126984126983
2024-08-30,2024-08-29,5.32,5.33,-1.0,1,True,False,False,-1.0,5.0,0.4,0.0,8.0,0.25,-3.0,19.0,0.15789473684210525,-1.0,61.0,0.11475409836065574,-0.5999999999999872,0.24242424242424157,-0.004511278195489427,0.013892747985551472,3,4,3,0,0.3,0.4,0.3,0.0,6,8,6,0,0.3,0.4,0.3,0.0,15,27,18,-3,0.25,0.45,0.3,0.0,46.666666666666664,61.666666666666664,76.66666666666667,59.12698412698413,73.80952380952381,88.4920634920635
2024-09-03,2024-08-30,5.34,5.32,2.0,4,False,False,False,0.0,6.0,0.3333333333333333,2.0,10.0,0.2,2.0,18.0,0.16666666666666666,1.0,63.0,0.1111111111111111,-0.49999999999998934,0.2545454545454556,-0.009022556390977786,0.01419838844123362,4,3,3,1,0.4,0.3,0.3,0.0,7,8,5,2,0.35,0.4,0.25,0.0,16,26,18,-2,0.26666666666666666,0.43333333333333335,0.3,0.0,76.66666666666667,83.33333333333333,90.0,88.4920634920635,91.66666666666667,94.84126984126983
2024-09-04,2024-09-03,5.35,5.34,1.0,1,False,False,False,0.0,6.0,0.3333333333333333,3.0,11.0,0.18181818181818182,2.0,18.0,0.16666666666666666,2.0,64.0,0.109375,0.09999999999999787,0.29696969696969927,0.01353383458646561,0.01608780216726861,5,2,3,2,0.5,0.2,0.3,0.5,7,8,5,2,0.35,0.4,0.25,0.0,17,25,18,-1,0.2833333333333333,0.4166666666666667,0.3,0.0,43.333333333333336,59.166666666666664,75.0,58.333333333333336,73.21428571428571,88.0952380952381
2024-09-05,2024-09-04,5.35,5.35,0.0,1,False,False,False,0.0,6.0,0.3333333333333333,4.0,10.0,0.2,2.0,18.0,0.16666666666666666,3.0,63.0,0.1111111111111111,0.6999999999999851,0.2363636363636362,0.03308270676691659,0.016171158655181938,5,3,2,3,0.5,0.3,0.2,0.5,7,8,5,2,0.35,0.4,0.25,0.0,17,26,17,0,0.2833333333333333,0.43333333333333335,0.2833333333333333,0.0,0.0,20.833333333333332,41.666666666666664,0.0,29.166666666666668,58.333333333333336
2024-09-06,2024-09-05,5.34,5.35,-1.0,1,False,False,False,1.0,5.0,0.4,3.0,11.0,0.18181818181818182,0.0,18.0,0.16666666666666666,2.0,64.0,0.109375,0.49999999999998934,0.07272727272727118,0.051127819548871356,0.014448457904973601,5,2,3,2,0.5,0.2,0.3,0.5,6,8,6,0,0.3,0.4,0.3,0.0,17,25,18,-1,0.2833333333333333,0.4166666666666667,0.3,0.0,43.333333333333336,59.166666666666664,75.0,58.333333333333336,73.21428571428571,88.0952380952381
2024-09-09,2024-09-06,5.34,5.34,0.0,3,False,False,False,2.0,4.0,0.5,1.0,9.0,0.2222222222222222,0.0,18.0,0.16666666666666666,3.0,63.0,0.1111111111111111,-0.09999999999999787,0.006060606060605931,0.06917293233082612,0.010919699916643455,4,3,3,1,0.4,0.3,0.3,0.0,6,8,6,0,0.3,0.4,0.3,0.0,17,26,17,0,0.2833333333333333,0.43333333333333335,0.2833333333333333,0.0,0.0,20.833333333333332,41.666666666666664,0.0,28.96825396825397,57.93650793650794
2024-09-10,2024-09-09,5.33,5.34,-1.0,1,False,False,False,-1.0,3.0,0.3333333333333333,-1.0,9.0,0.2222222222222222,-1.0,19.0,0.15789473684210525,2.0,64.0,0.109375,-0.49999999999998934,-0.06060606060605932,0.07293233082706692,0.00558488469019164,3,3,4,-1,0.3,0.3,0.4,0.0,6,7,7,-1,0.3,0.35,0.35,0.0,17,25,18,-1,0.2833333333333333,0.4166666666666667,0.3,0.0,43.333333333333336,59.166666666666664,75.0,58.333333333333336,73.21428571428571,88.0952380952381
2024-09-11,2024-09-10,5.32,5.33,-1.0,1,False,False,False,-3.0,3.0,0.3333333333333333,-3.0,9.0,0.2222222222222222,-2.0,20.0,0.15,1.0,65.0,0.1076923076923077,-0.6999999999999851,-0.10303030303030083,0.06390977443608993,-0.0015004167824396357,2,3,5,-3,0.2,0.3,0.5,-0.5,6,6,8,-2,0.3,0.3,0.4,0.0,17,24,19,-2,0.2833333333333333,0.4,0.31666666666666665,0.0,41.666666666666664,58.333333333333336,75.0,58.333333333333336,73.21428571428571,88.0952380952381
2024-09-12,2024-09-11,5.33,5.32,1.0,1,False,False,False,-2.0,4.0,0.25,-2.0,10.0,0.2,0.0,20.0,0.15,0.0,64.0,0.109375,-0.3999999999999915,-0.054545454545453384,0.05639097744360915,-0.0036121144762434197,3,2,5,-2,0.3,0.2,0.5,-0.5,7,6,7,0,0.35,0.3,0.35,0.0,17,24,19,-2,0.2833333333333333,0.4,0.31666666666666665,0.0,40.0,57.5,75.0,58.333333333333336,73.21428571428571,88.0952380952381
2024-09-13,2024-09-12,5.33,5.33,0.0,1,False,False,False,-1.0,3.0,0.3333333333333333,0.0,8.0,0.25,-2.0,18.0,0.16666666666666666,0.0,64.0,0.109375,-0.19999999999999574,-0.1151515151515127,0.08045112781954876,-0.005723812170047205,3,3,4,-1,0.3,0.3,0.4,0.0,6,7,7,-1,0.3,0.35,0.35,0.0,17,24,19,-2,0.2833333333333333,0.4,0.31666666666666665,0.0,0.0,20.0,40.0,0.0,28.96825396825397,57.93650793650794
2024-09-16,2024-09-13,5.38,5.33,5.0,3,False,False,False,4.0,8.0,0.625,6.0,12.0,0.4166666666666667,6.0,20.0,0.25,6.0,68.0,0.10294117647058823,1.0999999999999943,0.030303030303034502,0.1315789473684214,-0.0013337038066128604,4,3,3,1,0.4,0.3,0.3,0.0,7,7,6,1,0.35,0.35,0.3,0.0,18,24,18,0,0.3,0.4,0.3,0.0,95.0,96.66666666666667,98.33333333333333,98.01587301587301,98.41269841269842,98.80952380952381
2024-09-17,2024-09-16,5.38,5.38,0.0,1,False,False,False,5.0,7.0,0.7142857142857143,4.0,10.0,0.5,6.0,20.0,0.25,7.0,67.0,0.1044776119402985,1.6999999999999904,0.23636363636363994,0.17368421052631663,0.0010280633509308465,3,4,3,0,0.3,0.4,0.3,0.0,7,7,6,1,0.35,0.35,0.3,0.0,18,25,17,1,0.3,0.4166666666666667,0.2833333333333333,0.0,0.0,20.0,40.0,0.0,28.76984126984127,57.53968253968254
2024-09-18,2024-09-17,5.33,5.38,-5.0,1,False,False,False,1.0,11.0,0.45454545454545453,-2.0,14.0,0.35714285714285715,1.0,25.0,0.2,2.0,72.0,0.09722222222222222,0.4999999999999982,0.18787878787879034,0.1353383458646633,-0.005195887746596272,2,4,4,-2,0.2,0.4,0.4,0.0,7,6,7,0,0.35,0.3,0.35,0.0,18,24,18,0,0.3,0.4,0.3,0.0,93.33333333333333,95.83333333333333,98.33333333333333,97.61904761904762,98.21428571428571,98.80952380952381
2024-09-19,2024-09-18,4.82,5.33,-51.0,1,False,False,False,-51.0,61.0,0.8360655737704918,-53.0,65.0,0.7846153846153846,-49.0,75.0,0.68,-51.0,121.0,0.4214876033057851,-10.699999999999994,-2.618181818181816,-0.648872180451126,-0.09174770769658229,2,3,5,-3,0.2,0.3,0.5,-0.5,7,6,7,0,0.35,0.3,0.35,0.0,17,24,19,-2,0.2833333333333333,0.4,0.31666666666666665,0.0,100.0,100.0,100.0,100.0,100.0,100.0
2024-09-20,2024-09-19,4.83,4.82,1.0,1,False,False,False,-50.0,62.0,0.8225806451612904,-51.0,65.0,0.7846153846153846,-48.0,76.0,0.6710526315789473,-51.0,121.0,0.4214876033057851,-16.59999999999999,-4.793939393939393,-1.3451127819548856,-0.1721311475409835,3,3,4,-1,0.3,0.3,0.4,0.0,8,5,7,1,0.4,0.25,0.35,0.0,17,24,19,-2,0.2833333333333333,0.4,0.31666666666666665,0.0,40.0,56.666666666666664,73.33333333333333,57.142857142857146,72.02380952380952,86.9047619047619
2024-09-23,2024-09-20,4.83,4.83,0.0,3,False,False,False,-55.0,57.0,0.8947368421052632,-51.0,65.0,0.7846153846153846,-50.0,74.0,0.6891891891891891,-51.0,121.0,0.4214876033057851,-15.999999999999996,-6.351515151515152,-1.937593984962404,-0.2496804667963322,3,3,4,-1,0.3,0.3,0.4,0.0,7,6,7,0,0.35,0.3,0.35,0.0,17,24,19,-2,0.2833333333333333,0.4,0.31666666666666665,0.0,0.0,20.0,40.0,0.0,28.373015873015873,56.74603174603175
2024-09-24,2024-09-23,4.84,4.83,1.0,1,False,False,False,-54.0,58.0,0.8793103448275862,-49.0,65.0,0.7846153846153846,-50.0,74.0,0.6891891891891891,-49.0,121.0,0.4214876033057851,-9.700000000000006,-7.3030303030303045,-2.424812030075186,-0.3244512364545706,4,3,3,1,0.4,0.3,0.3,0.0,7,6,7,0,0.35,0.3,0.35,0.0,18,24,18,0,0.3,0.4,0.3,0.0,40.0,56.666666666666664,73.33333333333333,57.142857142857146,72.02380952380952,86.9047619047619
2024-09-25,2024-09-24,4.84,4.84,0.0,1,False,False,False,-49.0,53.0,0.9622641509433962,-48.0,64.0,0.796875,-51.0,73.0,0.6986301369863014,-56.0,114.0,0.4473684210526316,0.49999999999998934,-7.727272727272728,-2.821052631578947,-0.3846346207279798,4,4,2,2,0.4,0.4,0.2,0.0,6,7,7,-1,0.3,0.35,0.35,0.0,17,25,18,-1,0.2833333333333333,0.4166666666666667,0.3,0.0,0.0,20.0,40.0,0.0,28.373015873015873,56.74603174603175
2024-09-26,2024-09-25,4.83,4.84,-1.0,1,False,False,False,1.0,3.0,0.3333333333333333,-50.0,64.0,0.796875,-52.0,74.0,0.6891891891891891,-52.0,110.0,0.4636363636363636,0.09999999999999787,-7.557575757575758,-3.154887218045112,-0.45181994998610714,3,4,3,0,0.3,0.4,0.3,0.0,6,6,8,-2,0.3,0.3,0.4,0.0,17,25,18,-1,0.2833333333333333,0.4166666666666667,0.3,0.0,41.666666666666664,58.333333333333336,75.0,56.74603174603175,71.82539682539682,86.9047619047619
2024-09-27,2024-09-26,4.84,4.83,1.0,1,False,False,False,1.0,3.0,0.3333333333333333,-49.0,65.0,0.7846153846153846,-49.0,73.0,0.6986301369863014,-49.0,109.0,0.46788990825688076,0.09999999999999787,-6.727272727272728,-3.4278195488721805,-0.5178660739094191,4,3,3,1,0.4,0.3,0.3,0.0,7,6,7,0,0.35,0.3,0.35,0.0,18,25,17,1,0.3,0.4166666666666667,0.2833333333333333,0.0,41.666666666666664,59.166666666666664,76.66666666666667,56.74603174603175,71.82539682539682,86.9047619047619
2024-09-30,2024-09-27,4.96,4.84,12.0,3,True,True,False,13.0,15.0,0.8,-42.0,72.0,0.7083333333333334,-36.0,84.0,0.6071428571428571,-36.0,120.0,0.425,2.400000000000002,-4.315151515151516,-3.4714285714285706,-0.5632120033342594,4,3,3,1,0.4,0.3,0.3,0.0,8,6,6,2,0.4,0.3,0.3,0.0,19,25,16,3,0.31666666666666665,0.4166666666666667,0.26666666666666666,0.0,98.33333333333333,98.33333333333333,98.33333333333333,99.60317460317461,99.60317460317461,99.60317460317461
2024-10-01,2024-09-30,5.05,4.96,9.0,1,False,False,False,21.0,23.0,0.5217391304347826,-33.0,81.0,0.6296296296296297,-29.0,91.0,0.5604395604395604,-27.0,129.0,0.3953488372093023,5.499999999999998,-0.9030303030303065,-3.300751879699247,-0.5918032786885243,5,2,3,2,0.5,0.2,0.3,0.5,8,6,6,2,0.4,0.3,0.3,0.0,20,24,16,4,0.3333333333333333,0.4,0.26666666666666666,0.0,96.66666666666667,96.66666666666667,96.66666666666667,99.2063492063492,99.2063492063492,99.2063492063492
2024-10-02,2024-10-01,4.92,5.05,-13.0,1,False,False,False,8.0,36.0,0.3611111111111111,-41.0,89.0,0.5730337078651685,-43.0,103.0,0.49514563106796117,-42.0,140.0,0.36428571428571427,3.8999999999999972,1.8666666666666636,-3.256390977443609,-0.6368157821617114,5,2,3,2,0.5,0.2,0.3,0.5,7,6,7,0,0.35,0.3,0.35,0.0,19,24,17,2,0.31666666666666665,0.4,0.2833333333333333,0.0,98.33333333333333,98.33333333333333,98.33333333333333,99.60317460317461,99.60317460317461,99.60317460317461
2024-10-03,2024-10-02,4.85,4.92,-7.0,1,False,False,False,2.0,42.0,0.30952380952380953,3.0,45.0,0.28888888888888886,-50.0,110.0,0.4636363636363636,-49.0,147.0,0.3469387755102041,-0.20000000000000462,1.3515151515151487,-3.247368421052632,-0.6909697138093913,5,2,3,2,0.5,0.2,0.3,0.5,7,5,8,-1,0.35,0.25,0.4,0.0,19,23,18,1,0.31666666666666665,0.38333333333333336,0.3,0.0,93.33333333333333,93.33333333333333,93.33333333333333,97.61904761904762,98.01587301587301,98.41269841269842
2024-10-04,2024-10-03,4.83,4.85,-2.0,1,False,False,False,-1.0,43.0,0.3023255813953488,0.0,46.0,0.2826086956521739,-51.0,111.0,0.4594594594594595,-51.0,149.0,0.3422818791946309,-4.6,0.7575757575757566,-3.207518796992482,-0.7456793553764932,4,2,4,0,0.4,0.2,0.4,0.0,7,5,8,-1,0.35,0.25,0.4,0.0,19,22,19,0,0.31666666666666665,0.36666666666666664,0.31666666666666665,0.0,73.33333333333333,77.5,81.66666666666667,85.31746031746032,88.69047619047619,92.06349206349206
2024-10-07,2024-10-04,4.83,4.83,0.0,3,False,False,False,-13.0,31.0,0.41935483870967744,0.0,46.0,0.2826086956521739,-51.0,111.0,0.4594594594594595,-51.0,149.0,0.3422818791946309,-5.299999999999994,0.16363636363636447,-3.090977443609024,-0.7975548763545426,4,2,4,0,0.4,0.2,0.4,0.0,7,5,8,-1,0.35,0.25,0.4,0.0,19,22,19,0,0.31666666666666665,0.36666666666666664,0.31666666666666665,0.0,0.0,18.333333333333332,36.666666666666664,0.0,27.976190476190474,55.95238095238095
2024-10-08,2024-10-07,4.84,4.83,1.0,1,False,False,False,-21.0,23.0,0.5652173913043478,0.0,46.0,0.2826086956521739,-49.0,111.0,0.4594594594594595,-50.0,150.0,0.34,-1.7999999999999972,-0.30909090909090897,-2.8992481203007534,-0.8449569324812446,4,2,4,0,0.4,0.2,0.4,0.0,8,5,7,1,0.4,0.25,0.35,0.0,20,21,19,1,0.3333333333333333,0.35,0.31666666666666665,0.0,36.666666666666664,54.166666666666664,71.66666666666667,56.34920634920635,70.63492063492063,84.92063492063492
2024-10-09,2024-10-08,4.83,4.84,-1.0,1,False,False,False,-9.0,11.0,0.6363636363636364,-1.0,47.0,0.2765957446808511,-49.0,111.0,0.4594594594594595,-52.0,150.0,0.34,-0.2999999999999936,-0.8363636363636356,-2.663909774436091,-0.889524868018894,4,1,5,-1,0.4,0.1,0.5,-0.5,8,5,7,1,0.4,0.25,0.35,0.0,19,21,20,-1,0.31666666666666665,0.35,0.3333333333333333,0.0,35.0,53.333333333333336,71.66666666666667,55.95238095238095,70.43650793650794,84.92063492063492
2024-10-10,2024-10-09,4.82,4.83,-1.0,1,False,False,False,-3.0,5.0,0.4,-1.0,47.0,0.2765957446808511,-51.0,111.0,0.4594594594594595,-53.0,151.0,0.33774834437086093,-0.19999999999999574,-1.4727272727272693,-2.3533834586466167,-0.9328424562378437,4,1,5,-1,0.4,0.1,0.5,-0.5,7,5,8,-1,0.35,0.25,0.4,0.0,19,20,21,-2,0.31666666666666665,0.3333333333333333,0.35,0.0,35.0,53.333333333333336,71.66666666666667,55.95238095238095,70.43650793650794,84.92063492063492
2024-10-11,2024-10-10,4.81,4.82,-1.0,1,False,False,False,-2.0,4.0,0.25,-3.0,47.0,0.2765957446808511,-52.0,112.0,0.45535714285714285,-53.0,151.0,0.33774834437086093,-0.600000000000005,-2.084848484848484,-1.9804511278195496,-0.9765490414003888,3,1,6,-3,0.3,0.1,0.6,-1.0,7,4,9,-2,0.35,0.2,0.45,0.0,19,20,21,-2,0.31666666666666665,0.3333333333333333,0.35,0.0,33.333333333333336,52.5,71.66666666666667,55.55555555555556,70.23809523809524,84.92063492063492
2024-10-15,2024-10-11,4.86,4.81,5.0,4,False,False,False,3.0,9.0,0.5555555555555556,-10.0,40.0,0.325,-52.0,112.0,0.45535714285714285,-48.0,156.0,0.3269230769230769,0.20000000000000462,-1.5878787878787848,-1.378947368421053,-1.0091136426785217,3,1,6,-3,0.3,0.1,0.6,-1.0,7,4,9,-2,0.35,0.2,0.45,0.0,20,19,21,-1,0.3333333333333333,0.31666666666666665,0.35,0.0,86.66666666666667,89.16666666666667,91.66666666666667,95.23809523809524,96.03174603174604,96.82539682539682
2024-10-16,2024-10-15,4.86,4.86,0.0,1,False,False,False,2.0,8.0,0.625,-19.0,31.0,0.41935483870967744,-52.0,112.0,0.45535714285714285,-47.0,155.0,0.32903225806451614,1.0000000000000053,-0.3696969696969656,-0.6992481203007517,-1.0407057515976659,2,2,6,-4,0.2,0.2,0.6,-1.0,7,4,9,-2,0.35,0.2,0.45,0.0,20,20,20,0,0.3333333333333333,0.3333333333333333,0.3333333333333333,0.0,0.0,15.833333333333334,31.666666666666668,0.0,27.38095238095238,54.76190476190476
2024-10-17,2024-10-16,4.85,4.86,-1.0,1,False,False,False,2.0,8.0,0.625,-7.0,19.0,0.3684210526315789,-48.0,108.0,0.4722222222222222,-49.0,155.0,0.32903225806451614,1.0999999999999943,0.15757575757575906,-0.034586466165413665,-1.069630452903584,2,2,6,-4,0.2,0.2,0.6,-1.0,7,4,9,-2,0.35,0.2,0.45,0.0,19,20,21,-2,0.31666666666666665,0.3333333333333333,0.35,0.0,33.333333333333336,51.666666666666664,70.0,54.76190476190476,69.64285714285714,84.52380952380952
2024-10-18,2024-10-17,4.84,4.85,-1.0,1,False,False,False,2.0,8.0,0.625,-1.0,13.0,0.38461538461538464,2.0,58.0,0.22413793103448276,-50.0,156.0,0.3269230769230769,0.4999999999999982,0.24848484848484692,-0.1172932330827066,-1.0974715198666294,2,2,6,-4,0.2,0.2,0.6,-1.0,7,4,9,-2,0.35,0.2,0.45,0.0,19,19,22,-3,0.31666666666666665,0.31666666666666665,0.36666666666666664,0.0,33.333333333333336,51.666666666666664,70.0,54.36507936507937,69.44444444444444,84.52380952380952
2024-10-21,2024-10-18,4.82,4.84,-2.0,3,False,False,False,1.0,9.0,0.5555555555555556,-1.0,13.0,0.38461538461538464,-1.0,59.0,0.22033898305084745,-53.0,157.0,0.3248407643312102,-1.0000000000000053,0.10909090909090946,-0.21578947368420973,-1.1241178105029173,2,2,6,-4,0.2,0.2,0.6,-1.0,6,4,10,-4,0.3,0.2,0.5,-0.5,18,19,23,-5,0.3,0.31666666666666665,0.38333333333333336,0.0,70.0,75.0,80.0,84.52380952380952,88.0952380952381,91.66666666666667
2024-10-22,2024-10-21,4.83,4.82,1.0,1,False,False,False,-3.0,5.0,0.4,0.0,14.0,0.35714285714285715,0.0,60.0,0.21666666666666667,-52.0,158.0,0.3227848101265823,-0.8999999999999986,0.0363636363636372,-0.2984962406015027,-1.1461794943039731,3,1,6,-3,0.3,0.1,0.6,-1.0,7,3,10,-3,0.35,0.15,0.5,-0.5,19,18,23,-4,0.31666666666666665,0.3,0.38333333333333336,0.0,31.666666666666668,50.0,68.33333333333333,53.96825396825397,69.04761904761905,84.12698412698413
2024-10-23,2024-10-22,4.83,4.83,0.0,1,False,False,False,-3.0,5.0,0.4,-1.0,13.0,0.38461538461538464,-1.0,59.0,0.22033898305084745,-50.0,156.0,0.3269230769230769,-0.49999999999998934,0.030303030303030196,-0.3654135338345854,-1.1687413170325087,2,2,6,-4,0.2,0.2,0.6,-1.0,6,4,10,-4,0.3,0.2,0.5,-0.5,19,19,22,-3,0.31666666666666665,0.31666666666666665,0.36666666666666664,0.0,0.0,15.0,30.0,0.0,26.785714285714285,53.57142857142857
2024-10-24,2024-10-23,4.83,4.83,0.0,1,False,False,False,-2.0,4.0,0.5,0.0,12.0,0.4166666666666667,-1.0,59.0,0.22033898305084745,-50.0,156.0,0.3269230769230769,-0.09999999999999787,-0.030303030303030196,-0.430827067669172,-1.1885245901639343,2,3,5,-3,0.2,0.3,0.5,-0.5,6,4,10,-4,0.3,0.2,0.5,-0.5,19,19,22,-3,0.31666666666666665,0.31666666666666665,0.36666666666666664,0.0,0.0,15.833333333333334,31.666666666666668,0.0,26.785714285714285,53.57142857142857
2024-10-25,2024-10-24,4.83,4.83,0.0,1,False,False,False,-1.0,3.0,0.6666666666666666,1.0,11.0,0.45454545454545453,0.0,58.0,0.22413793103448276,-55.0,151.0,0.33774834437086093,0.19999999999999574,-0.15757575757575584,-0.5105263157894725,-1.1970547374270628,2,4,4,-2,0.2,0.4,0.4,0.0,6,5,9,-3,0.3,0.25,0.45,0.0,18,20,22,-4,0.3,0.3333333333333333,0.36666666666666664,0.0,0.0,15.833333333333334,31.666666666666668,0.0,26.785714285714285,53.57142857142857
2024-10-28,2024-10-25,4.82,4.83,-1.0,3,False,False,False,0.0,2.0,0.5,1.0,11.0,0.45454545454545453,-2.0,58.0,0.22413793103448276,-53.0,149.0,0.3422818791946309,-0.19999999999999574,-0.4181818181818178,-0.5887218045112769,-1.2092525701583772,2,4,4,-2,0.2,0.4,0.4,0.0,5,5,10,-5,0.25,0.25,0.5,-0.5,18,20,22,-4,0.3,0.3333333333333333,0.36666666666666664,0.0,33.333333333333336,52.5,71.66666666666667,53.57142857142857,68.84920634920636,84.12698412698413
2024-10-29,2024-10-28,4.82,4.82,0.0,1,False,False,False,-1.0,1.0,1.0,-4.0,6.0,0.3333333333333333,-14.0,46.0,0.2826086956521739,-53.0,149.0,0.3422818791946309,-0.2999999999999936,-0.3575757575757548,-0.4744360902255622,-1.2185051403167544,1,5,4,-3,0.1,0.5,0.4,0.0,4,6,10,-6,0.2,0.3,0.5,-0.5,18,20,22,-4,0.3,0.3333333333333333,0.36666666666666664,0.0,0.0,16.666666666666668,33.333333333333336,0.0,26.58730158730159,53.17460317460318
2024-10-30,2024-10-29,4.81,4.82,-1.0,1,False,False,False,-2.0,2.0,0.5,-5.0,7.0,0.2857142857142857,-24.0,38.0,0.34210526315789475,-51.0,147.0,0.3469387755102041,-0.5000000000000071,-0.3030303030303014,-0.21127819548872104,-1.2315365379272019,1,4,5,-4,0.1,0.4,0.5,-0.5,3,6,11,-8,0.15,0.3,0.55,-1.0,18,20,22,-4,0.3,0.3333333333333333,0.36666666666666664,0.0,33.333333333333336,53.333333333333336,73.33333333333333,53.57142857142857,68.84920634920636,84.12698412698413
2024-10-31,2024-10-30,4.9,4.81,9.0,1,True,False,False,7.0,11.0,0.8181818181818182,5.0,15.0,0.6,-2.0,34.0,0.2647058823529412,-43.0,155.0,0.32903225806451614,1.299999999999999,0.23636363636363722,0.0112781954887229,-1.2252848013337037,2,4,4,-2,0.2,0.4,0.4,0.0,4,6,10,-6,0.2,0.3,0.5,-0.5,18,20,22,-4,0.3,0.3333333333333333,0.36666666666666664,0.0,93.33333333333333,94.16666666666667,95.0,98.41269841269842,98.61111111111111,98.80952380952381
2024-11-01,2024-10-31,4.86,4.9,-4.0,1,False,False,False,3.0,15.0,0.6,2.0,18.0,0.5,1.0,31.0,0.2903225806451613,-47.0,159.0,0.32075471698113206,1.6000000000000014,0.4303030303030308,0.06917293233082793,-1.2232008891358708,2,4,4,-2,0.2,0.4,0.4,0.0,4,6,10,-6,0.2,0.3,0.5,-0.5,18,19,23,-5,0.3,0.31666666666666665,0.38333333333333336,0.0,85.0,85.0,85.0,93.25396825396825,93.84920634920636,94.44444444444444
2024-11-04,2024-11-01,4.82,4.86,-4.0,3,False,False,False,0.0,18.0,0.5,0.0,20.0,0.45,-1.0,33.0,0.2727272727272727,-52.0,162.0,0.3148148148148148,0.5000000000000071,0.24848484848485072,0.03684210526315905,-1.2233676021116973,2,4,4,-2,0.2,0.4,0.4,0.0,4,6,10,-6,0.2,0.3,0.5,-0.5,17,19,24,-7,0.2833333333333333,0.31666666666666665,0.4,0.0,83.33333333333333,84.16666666666667,85.0,93.25396825396825,93.84920634920636,94.44444444444444
2024-11-05,2024-11-04,4.82,4.82,0.0,1,False,False,False,0.0,18.0,0.5,-1.0,19.0,0.47368421052631576,-1.0,33.0,0.2727272727272727,-52.0,162.0,0.3148148148148148,-0.5999999999999872,0.13333333333333588,0.0060150375939863705,-1.2206446235065291,1,5,4,-3,0.1,0.5,0.4,0.0,4,6,10,-6,0.2,0.3,0.5,-0.5,17,19,24,-7,0.2833333333333333,0.31666666666666665,0.4,0.0,0.0,15.833333333333334,31.666666666666668,0.0,26.38888888888889,52.77777777777778
2024-11-06,2024-11-05,4.81,4.82,-1.0,1,False,False,False,0.0,18.0,0.5,-2.0,20.0,0.45,-3.0,33.0,0.2727272727272727,-53.0,163.0,0.3128834355828221,-2.2000000000000153,-0.024242424242425342,-0.021804511278195157,-1.2166712975826615,1,4,5,-4,0.1,0.4,0.5,-0.5,3,6,11,-8,0.15,0.3,0.55,-1.0,17,18,25,-8,0.2833333333333333,0.3,0.4166666666666667,0.0,31.666666666666668,50.833333333333336,70.0,53.17460317460318,68.45238095238095,83.73015873015873
2024-11-07,2024-11-06,4.82,4.81,1.0,1,False,False,False,-8.0,10.0,0.4,-1.0,21.0,0.42857142857142855,-1.0,33.0,0.2727272727272727,-52.0,164.0,0.31097560975609756,-0.9000000000000075,-0.10303030303030353,-0.04661654135338287,-1.2081133648235618,2,3,5,-3,0.2,0.3,0.5,-0.5,4,6,10,-6,0.2,0.3,0.5,-0.5,18,17,25,-7,0.3,0.2833333333333333,0.4166666666666667,0.0,30.0,50.0,70.0,53.17460317460318,68.45238095238095,83.73015873015873
2024-11-08,2024-11-07,4.6,4.82,-22.0,1,False,False,False,-26.0,28.0,0.7857142857142857,-23.0,43.0,0.5116279069767442,-22.0,54.0,0.4074074074074074,-73.0,185.0,0.2756756756756757,-4.400000000000013,-1.3696969696969734,-0.39999999999999974,-1.2344262295081962,2,2,6,-4,0.2,0.2,0.6,-1.0,4,6,10,-6,0.2,0.3,0.5,-0.5,18,17,25,-7,0.3,0.2833333333333333,0.4166666666666667,0.0,98.33333333333333,98.33333333333333,98.33333333333333,99.60317460317461,99.60317460317461,99.60317460317461
2024-11-12,2024-11-08,4.6,4.6,0.0,4,False,False,False,-22.0,24.0,0.9166666666666666,-22.0,42.0,0.5238095238095238,-21.0,53.0,0.41509433962264153,-75.0,183.0,0.2786885245901639,-6.500000000000012,-2.424242424242429,-0.7360902255639108,-1.2532925812725755,2,3,5,-3,0.2,0.3,0.5,-0.5,4,7,9,-5,0.2,0.35,0.45,0.0,17,18,25,-8,0.2833333333333333,0.3,0.4166666666666667,0.0,0.0,14.166666666666666,28.333333333333332,0.0,26.19047619047619,52.38095238095238
2024-11-13,2024-11-12,4.59,4.6,-1.0,1,False,False,False,-23.0,25.0,0.88,-23.0,43.0,0.5116279069767442,-27.0,49.0,0.4489795918367347,-73.0,181.0,0.281767955801105,-6.600000000000001,-3.2666666666666706,-0.9759398496240612,-1.274715198666296,2,2,6,-4,0.2,0.2,0.6,-1.0,3,7,10,-7,0.15,0.35,0.5,-0.5,17,18,25,-8,0.2833333333333333,0.3,0.4166666666666667,0.0,30.0,50.0,70.0,52.38095238095238,67.85714285714286,83.33333333333333
2024-11-14,2024-11-13,4.58,4.59,-1.0,1,False,False,False,-23.0,25.0,0.88,-23.0,43.0,0.5116279069767442,-28.0,50.0,0.44,-74.0,182.0,0.2802197802197802,-4.900000000000002,-3.951515151515158,-1.189473684210527,-1.2937204779105305,2,2,6,-4,0.2,0.2,0.6,-1.0,3,6,11,-8,0.15,0.3,0.55,-1.0,17,17,26,-9,0.2833333333333333,0.2833333333333333,0.43333333333333335,0.0,30.0,50.833333333333336,71.66666666666667,51.98412698412698,67.65873015873017,83.33333333333333
2024-11-15,2024-11-14,4.57,4.58,-1.0,1,False,False,False,-25.0,25.0,0.88,-33.0,35.0,0.6285714285714286,-28.0,50.0,0.44,-75.0,183.0,0.2786885245901639,-0.799999999999983,-3.8121212121212147,-1.3909774436090234,-1.3102528480133366,1,2,7,-6,0.1,0.2,0.7,-1.0,3,6,11,-8,0.15,0.3,0.55,-1.0,17,16,27,-10,0.2833333333333333,0.26666666666666666,0.45,0.0,28.333333333333332,50.0,71.66666666666667,51.58730158730159,67.46031746031746,83.33333333333333
2024-11-18,2024-11-15,4.57,4.57,0.0,3,False,False,False,-3.0,3.0,0.3333333333333333,-29.0,31.0,0.7096774193548387,-27.0,49.0,0.4489795918367347,-74.0,182.0,0.2802197802197802,-0.799999999999983,-3.5393939393939386,-1.5661654135338352,-1.3243123089747149,1,3,6,-5,0.1,0.3,0.6,-1.0,3,7,10,-7,0.15,0.35,0.5,-0.5,17,17,26,-9,0.2833333333333333,0.2833333333333333,0.43333333333333335,0.0,0.0,13.333333333333334,26.666666666666668,0.0,25.595238095238095,51.19047619047619
2024-11-19,2024-11-18,4.57,4.57,0.0,1,False,False,False,-3.0,3.0,0.3333333333333333,-25.0,27.0,0.8148148148148148,-25.0,47.0,0.46808510638297873,-74.0,182.0,0.2802197802197802,-0.49999999999998934,-3.1818181818181785,-1.7323308270676696,-1.3342595165323696,1,4,5,-4,0.1,0.4,0.5,-0.5,3,8,9,-6,0.15,0.4,0.45,0.0,17,17,26,-9,0.2833333333333333,0.2833333333333333,0.43333333333333335,0.0,0.0,14.166666666666666,28.333333333333332,0.0,25.595238095238095,51.19047619047619
2024-11-20,2024-11-19,4.56,4.57,-1.0,1,False,False,False,-3.0,3.0,0.3333333333333333,-26.0,28.0,0.7857142857142857,-27.0,47.0,0.46808510638297873,-77.0,181.0,0.281767955801105,-0.40000000000000924,-2.5757575757575726,-1.8593984962406023,-1.3383439844401221,1,3,6,-5,0.1,0.3,0.6,-1.0,2,8,10,-8,0.1,0.4,0.5,-0.5,16,17,27,-11,0.26666666666666666,0.2833333333333333,0.45,0.0,28.333333333333332,50.0,71.66666666666667,51.19047619047619,67.26190476190476,83.33333333333333
2024-11-21,2024-11-20,4.57,4.56,1.0,1,False,False,False,-1.0,3.0,0.3333333333333333,-24.0,28.0,0.7857142857142857,-26.0,48.0,0.4583333333333333,-77.0,181.0,0.281767955801105,-0.10000000000000675,-1.6666666666666639,-1.9315789473684213,-1.3348152264517918,2,3,5,-3,0.2,0.3,0.5,-0.5,3,7,10,-7,0.15,0.35,0.5,-0.5,16,17,27,-11,0.26666666666666666,0.2833333333333333,0.45,0.0,28.333333333333332,50.833333333333336,73.33333333333333,50.79365079365079,67.06349206349206,83.33333333333333
2024-11-22,2024-11-21,4.57,4.57,0.0,1,False,False,False,0.0,2.0,0.5,-25.0,27.0,0.8148148148148148,-26.0,48.0,0.4583333333333333,-78.0,180.0,0.2833333333333333,0.0,-0.39999999999999414,-1.9646616541353388,-1.3253125868296747,1,4,5,-4,0.1,0.4,0.5,-0.5,3,7,10,-7,0.15,0.35,0.5,-0.5,15,18,27,-12,0.25,0.3,0.45,0.0,0.0,14.166666666666666,28.333333333333332,0.0,25.1984126984127,50.3968253968254
2024-11-25,2024-11-22,4.58,4.57,1.0,3,False,False,False,1.0,3.0,0.3333333333333333,-2.0,6.0,0.16666666666666666,-25.0,49.0,0.4489795918367347,-77.0,181.0,0.281767955801105,0.3000000000000025,-0.2424242424242389,-1.9443609022556394,-1.3098360655737702,2,4,4,-2,0.2,0.4,0.4,0.0,4,6,10,-6,0.2,0.3,0.5,-0.5,16,17,27,-11,0.26666666666666666,0.2833333333333333,0.45,0.0,30.0,51.666666666666664,73.33333333333333,50.79365079365079,67.06349206349206,83.33333333333333
2024-11-26,2024-11-25,4.58,4.58,0.0,1,False,False,False,1.0,3.0,0.3333333333333333,-2.0,6.0,0.16666666666666666,-24.0,48.0,0.4583333333333333,-75.0,179.0,0.2849162011173184,0.5000000000000071,-0.06060606060605985,-1.902255639097744,-1.2934704084467905,2,4,4,-2,0.2,0.4,0.4,0.0,4,7,9,-5,0.2,0.35,0.45,0.0,16,18,26,-10,0.26666666666666666,0.3,0.43333333333333335,0.0,0.0,14.166666666666666,28.333333333333332,0.0,25.1984126984127,50.3968253968254
2024-11-27,2024-11-26,4.57,4.58,-1.0,1,False,False,False,1.0,3.0,0.3333333333333333,-2.0,6.0,0.16666666666666666,-25.0,49.0,0.4489795918367347,-75.0,179.0,0.2849162011173184,0.09999999999999787,0.024242424242424263,-1.8383458646616535,-1.2762711864406775,2,4,4,-2,0.2,0.4,0.4,0.0,4,6,10,-6,0.2,0.3,0.5,-0.5,16,18,26,-10,0.26666666666666666,0.3,0.43333333333333335,0.0,30.0,52.5,75.0,50.3968253968254,66.86507936507937,83.33333333333333
2024-11-29,2024-11-27,4.59,4.57,2.0,2,True,False,False,2.0,4.0,0.5,1.0,7.0,0.2857142857142857,-22.0,50.0,0.44,-75.0,179.0,0.2849162011173184,0.2999999999999936,0.17575757575757361,-1.7240601503759403,-1.2482356210058347,3,4,3,0,0.3,0.4,0.3,0.0,5,6,9,-4,0.25,0.3,0.45,0.0,16,18,26,-10,0.26666666666666666,0.3,0.43333333333333335,0.0,75.0,77.5,80.0,83.33333333333333,87.10317460317461,90.87301587301587
2024-12-02,2024-11-29,4.64,4.59,5.0,3,False,False,False,7.0,9.0,0.5555555555555556,7.0,11.0,0.45454545454545453,-26.0,46.0,0.4782608695652174,-71.0,183.0,0.2786885245901639,1.29999999999999,0.5212121212121176,-1.3631578947368426,-1.2061405946096135,4,4,2,2,0.4,0.4,0.2,0.0,5,6,9,-4,0.25,0.3,0.45,0.0,16,18,26,-10,0.26666666666666666,0.3,0.43333333333333335,0.0,83.33333333333333,85.83333333333333,88.33333333333333,94.04761904761905,95.03968253968254,96.03174603174604
2024-12-03,2024-12-02,4.64,4.64,0.0,1,False,False,False,6.0,8.0,0.625,7.0,11.0,0.45454545454545453,-22.0,42.0,0.5238095238095238,-71.0,183.0,0.2786885245901639,1.8999999999999861,0.7818181818181775,-1.0263157894736847,-1.160100027785496,4,4,2,2,0.4,0.4,0.2,0.0,5,7,8,-3,0.25,0.35,0.4,0.0,16,18,26,-10,0.26666666666666666,0.3,0.43333333333333335,0.0,0.0,15.0,30.0,0.0,24.8015873015873,49.6031746031746
2024-12-04,2024-12-03,4.59,4.64,-5.0,1,False,False,False,1.0,13.0,0.38461538461538464,2.0,16.0,0.3125,-23.0,43.0,0.5116279069767442,-75.0,187.0,0.2727272727272727,0.8999999999999897,0.6848484848484816,-0.7909774436090229,-1.1200055570991942,4,3,3,1,0.4,0.3,0.3,0.0,5,7,8,-3,0.25,0.35,0.4,0.0,16,18,26,-10,0.26666666666666666,0.3,0.43333333333333335,0.0,81.66666666666667,85.0,88.33333333333333,93.65079365079364,94.84126984126983,96.03174603174604
2024-12-05,2024-12-04,4.59,4.59,0.0,1,False,False,False,2.0,12.0,0.4166666666666667,3.0,15.0,0.3333333333333333,-23.0,43.0,0.5116279069767442,-75.0,187.0,0.2727272727272727,-0.4999999999999982,0.4969696969696907,-0.5210526315789474,-1.075743262017227,4,4,2,2,0.4,0.4,0.2,0.0,5,7,8,-3,0.25,0.35,0.4,0.0,16,18,26,-10,0.26666666666666666,0.3,0.43333333333333335,0.0,0.0,15.0,30.0,0.0,25.0,50.0
2024-12-06,2024-12-05,4.6,4.59,1.0,1,False,False,False,1.0,11.0,0.45454545454545453,3.0,15.0,0.3333333333333333,-21.0,43.0,0.5116279069767442,-73.0,187.0,0.2727272727272727,-1.299999999999999,0.39393939393938776,-0.21804511278195604,-1.0273687135315368,4,4,2,2,0.4,0.4,0.2,0.0,6,7,7,-1,0.3,0.35,0.35,0.0,17,18,25,-8,0.2833333333333333,0.3,0.4166666666666667,0.0,30.0,50.833333333333336,71.66666666666667,50.3968253968254,66.66666666666667,82.93650793650794
2024-12-09,2024-12-06,4.63,4.6,3.0,3,False,False,False,-1.0,9.0,0.5555555555555556,6.0,18.0,0.2777777777777778,-19.0,45.0,0.4888888888888889,-69.0,189.0,0.2698412698412698,-0.09999999999999787,0.41818181818181416,0.17518796992481123,-0.9717143651014171,5,3,2,3,0.5,0.3,0.2,0.5,6,7,7,-1,0.3,0.35,0.35,0.0,18,18,24,-6,0.3,0.3,0.4,0.0,76.66666666666667,76.66666666666667,76.66666666666667,90.47619047619048,91.26984126984127,92.06349206349206
2024-12-10,2024-12-09,4.64,4.63,1.0,1,False,False,False,0.0,10.0,0.5,6.0,18.0,0.2777777777777778,4.0,24.0,0.20833333333333334,-69.0,189.0,0.2698412698412698,1.3999999999999968,0.49090909090908696,0.26390977443608854,-0.908891358710753,5,3,2,3,0.5,0.3,0.2,0.5,7,7,6,1,0.35,0.35,0.3,0.0,18,18,24,-6,0.3,0.3,0.4,0.0,30.0,50.0,70.0,50.3968253968254,66.86507936507937,83.33333333333333
2024-12-11,2024-12-10,4.62,4.64,-2.0,1,False,False,False,3.0,7.0,0.42857142857142855,4.0,20.0,0.25,2.0,26.0,0.19230769230769232,-71.0,191.0,0.2670157068062827,1.0000000000000053,0.3818181818181807,0.3180451127819529,-0.8455126424006668,5,2,3,2,0.5,0.2,0.3,0.5,7,6,7,0,0.35,0.3,0.35,0.0,18,17,25,-7,0.3,0.2833333333333333,0.4166666666666667,0.0,70.0,72.5,75.0,83.33333333333333,86.9047619047619,90.47619047619048
2024-12-12,2024-12-11,4.62,4.62,0.0,1,False,False,False,3.0,7.0,0.42857142857142855,5.0,19.0,0.2631578947368421,3.0,25.0,0.2,-76.0,186.0,0.27419354838709675,0.30000000000001137,0.15757575757576067,0.3533834586466145,-0.7697138093914977,5,3,2,3,0.5,0.3,0.2,0.5,7,7,6,1,0.35,0.35,0.3,0.0,17,18,25,-8,0.2833333333333333,0.3,0.4166666666666667,0.0,0.0,14.166666666666666,28.333333333333332,0.0,25.0,50.0
2024-12-13,2024-12-12,4.6,4.62,-2.0,1,False,False,False,0.0,8.0,0.375,1.0,19.0,0.2631578947368421,2.0,26.0,0.19230769230769232,-78.0,188.0,0.2712765957446808,-0.8000000000000007,-0.10303030303030083,0.339849624060148,-0.6929702695193112,4,3,3,1,0.4,0.3,0.3,0.0,7,7,6,1,0.35,0.35,0.3,0.0,17,17,26,-9,0.2833333333333333,0.2833333333333333,0.43333333333333335,0.0,70.0,73.33333333333333,76.66666666666667,82.93650793650794,86.7063492063492,90.47619047619048
2024-12-16,2024-12-13,4.65,4.6,5.0,3,False,False,False,2.0,10.0,0.5,1.0,19.0,0.2631578947368421,8.0,30.0,0.16666666666666666,-68.0,188.0,0.2712765957446808,8.881784197001252e-15,0.23030303030303453,0.3789473684210513,-0.6121700472353433,4,3,3,1,0.4,0.3,0.3,0.0,8,7,5,3,0.4,0.35,0.25,0.0,18,17,25,-7,0.3,0.2833333333333333,0.4166666666666667,0.0,81.66666666666667,85.0,88.33333333333333,93.65079365079364,95.03968253968254,96.42857142857143
2024-12-17,2024-12-16,4.62,4.65,-3.0,1,False,False,False,-2.0,12.0,0.4166666666666667,-2.0,22.0,0.22727272727272727,5.0,33.0,0.15151515151515152,-20.0,140.0,0.15714285714285714,0.3000000000000025,0.387878787878792,0.3631578947368414,-0.6189497082522925,4,2,4,0,0.4,0.2,0.4,0.0,8,6,6,2,0.4,0.3,0.3,0.0,18,17,25,-7,0.3,0.2833333333333333,0.4166666666666667,0.0,76.66666666666667,77.5,78.33333333333333,90.07936507936508,91.07142857142857,92.06349206349206
2024-12-18,2024-12-17,4.57,4.62,-5.0,1,False,False,False,-5.0,15.0,0.3333333333333333,-2.0,22.0,0.22727272727272727,0.0,38.0,0.13157894736842105,-26.0,144.0,0.1527777777777778,-0.7999999999999918,-0.03636363636363074,0.2684210526315792,-0.6311197554876354,4,2,4,0,0.4,0.2,0.4,0.0,8,5,7,1,0.4,0.25,0.35,0.0,17,17,26,-9,0.2833333333333333,0.2833333333333333,0.43333333333333335,0.0,83.33333333333333,86.66666666666667,90.0,93.25396825396825,94.84126984126983,96.42857142857143
2024-12-19,2024-12-18,4.3,4.57,-27.0,1,False,False,False,-32.0,42.0,0.6428571428571429,-29.0,49.0,0.5510204081632653,-26.0,64.0,0.421875,-53.0,171.0,0.15789473684210525,-6.799999999999997,-1.909090909090905,-0.22781954887218092,-0.6861072520144484,4,1,5,-1,0.4,0.1,0.5,-1.0,8,5,7,1,0.4,0.25,0.35,0.0,17,16,27,-10,0.2833333333333333,0.26666666666666666,0.45,0.0,100.0,100.0,100.0,99.60317460317461,99.60317460317461,99.60317460317461
2024-12-20,2024-12-19,4.3,4.3,0.0,1,False,False,False,-30.0,40.0,0.675,-30.0,48.0,0.5625,-27.0,63.0,0.42857142857142855,-54.0,170.0,0.1588235294117647,-10.200000000000014,-3.3636363636363624,-0.6691729323308272,-0.7364545707140873,3,2,5,-2,0.3,0.2,0.5,-1.0,7,6,7,0,0.35,0.3,0.35,0.0,16,17,27,-11,0.26666666666666666,0.2833333333333333,0.45,0.0,0.0,13.333333333333334,26.666666666666668,0.0,24.404761904761905,48.80952380952381
2024-12-23,2024-12-20,4.31,4.3,1.0,3,False,False,False,-34.0,36.0,0.75,-32.0,46.0,0.5869565217391305,-26.0,64.0,0.421875,-53.0,171.0,0.15789473684210525,-8.900000000000015,-4.200000000000001,-1.055639097744361,-0.782161711586552,3,2,5,-2,0.3,0.2,0.5,-1.0,8,5,7,1,0.4,0.25,0.35,0.0,17,16,27,-10,0.2833333333333333,0.26666666666666666,0.45,0.0,28.333333333333332,46.666666666666664,65.0,48.80952380952381,64.88095238095238,80.95238095238095
2024-12-24,2024-12-23,4.4,4.31,9.0,1,False,False,False,-22.0,42.0,0.6428571428571429,-24.0,54.0,0.5,-18.0,72.0,0.375,-43.0,179.0,0.15083798882681565,-3.3000000000000007,-4.090909090909093,-1.2586466165413528,-0.811864406779661,3,2,5,-2,0.3,0.2,0.5,-1.0,8,5,7,1,0.4,0.25,0.35,0.0,18,16,26,-8,0.3,0.26666666666666666,0.43333333333333335,0.0,90.0,91.66666666666667,93.33333333333333,97.22222222222223,97.61904761904762,98.01587301587301
2024-12-26,2024-12-24,4.53,4.4,13.0,2,False,False,False,-4.0,50.0,0.54,-9.0,65.0,0.4153846153846154,-5.0,85.0,0.3176470588235294,-31.0,191.0,0.14136125654450263,5.600000000000014,-3.1151515151515143,-1.2488721804511265,-0.816171158655182,4,2,4,0,0.4,0.2,0.4,0.0,9,4,7,2,0.45,0.2,0.35,0.0,18,16,26,-8,0.3,0.26666666666666666,0.43333333333333335,0.0,95.0,95.83333333333333,96.66666666666667,98.41269841269842,98.61111111111111,98.80952380952381
2024-12-27,2024-12-26,4.46,4.53,-7.0,1,False,False,False,16.0,30.0,0.43333333333333335,-16.0,72.0,0.375,-11.0,91.0,0.2967032967032967,-50.0,186.0,0.14516129032258066,5.400000000000009,-2.4121212121212112,-1.3473684210526296,-0.8098916365657127,4,1,5,-1,0.4,0.1,0.5,-1.0,9,4,7,2,0.45,0.2,0.35,0.0,17,16,27,-10,0.2833333333333333,0.26666666666666666,0.45,0.0,85.0,85.83333333333333,86.66666666666667,95.23809523809524,95.83333333333333,96.42857142857143
2024-12-30,2024-12-27,4.37,4.46,-9.0,3,False,False,False,7.0,39.0,0.3333333333333333,-23.0,79.0,0.34177215189873417,-22.0,98.0,0.2755102040816326,-68.0,186.0,0.14516129032258066,1.800000000000006,-2.139393939393941,-1.526315789473682,-0.8003334259516534,4,1,5,-1,0.4,0.1,0.5,-1.5,8,4,8,0,0.4,0.2,0.4,0.0,16,16,28,-12,0.26666666666666666,0.26666666666666666,0.4666666666666667,0.0,88.33333333333333,90.83333333333333,93.33333333333333,96.42857142857143,97.02380952380952,97.61904761904762
2024-12-31,2024-12-30,4.49,4.37,12.0,1,True,True,True,18.0,50.0,0.26,-16.0,86.0,0.313953488372093,-15.0,105.0,0.2571428571428571,-43.0,185.0,0.14594594594594595,0.19999999999999574,-0.5999999999999985,-1.4218045112781936,-0.7893581550430676,4,1,5,-1,0.4,0.1,0.5,-1.5,8,4,8,0,0.4,0.2,0.4,0.0,17,16,27,-10,0.2833333333333333,0.26666666666666666,0.45,0.0,93.33333333333333,93.33333333333333,93.33333333333333,97.61904761904762,97.81746031746032,98.01587301587301
2025-01-02,2024-12-31,4.4,4.49,-9.0,2,False,False,False,0.0,50.0,0.26,-22.0,92.0,0.29347826086956524,-24.0,114.0,0.23684210526315788,-45.0,187.0,0.1443850267379679,-2.2999999999999954,0.4424242424242459,-1.4233082706766895,-0.8026118366212837,4,1,5,-1,0.4,0.1,0.5,-2.5,8,3,9,-1,0.4,0.15,0.45,0.0,17,16,27,-10,0.2833333333333333,0.26666666666666666,0.45,0.0,88.33333333333333,90.83333333333333,93.33333333333333,95.63492063492063,96.42857142857143,97.22222222222223
2025-01-03,2025-01-02,4.31,4.4,-9.0,1,False,False,False,-22.0,46.0,0.2608695652173913,-26.0,96.0,0.28125,-28.0,118.0,0.2288135593220339,-52.0,194.0,0.13917525773195877,-2.7000000000000046,0.9272727272727295,-1.596240601503758,-0.831508752431231,4,1,5,-1,0.4,0.1,0.5,-3.5,8,3,9,-1,0.4,0.15,0.45,0.0,17,16,27,-10,0.2833333333333333,0.26666666666666666,0.45,0.0,86.66666666666667,90.0,93.33333333333333,95.23809523809524,96.23015873015873,97.22222222222223
2025-01-06,2025-01-03,4.27,4.31,-4.0,3,False,False,False,-19.0,43.0,0.27906976744186046,-3.0,73.0,0.1780821917808219,-32.0,122.0,0.22131147540983606,-56.0,198.0,0.13636363636363635,-3.800000000000017,-0.2909090909090922,-1.784210526315789,-0.8640733537093639,4,1,5,-1,0.4,0.1,0.5,-2.0,8,2,10,-2,0.4,0.1,0.5,-1.0,17,15,28,-11,0.2833333333333333,0.25,0.4666666666666667,0.0,71.66666666666667,73.33333333333333,75.0,88.88888888888889,89.28571428571429,89.68253968253968
2025-01-07,2025-01-06,4.27,4.27,0.0,1,False,False,False,-10.0,34.0,0.35294117647058826,-3.0,73.0,0.1780821917808219,-33.0,121.0,0.2231404958677686,-57.0,197.0,0.13705583756345177,-5.700000000000021,-1.4727272727272773,-1.9082706766917301,-0.8918310641844959,4,1,5,-1,0.4,0.1,0.5,-2.0,7,3,10,-3,0.35,0.15,0.5,-1.0,16,16,28,-12,0.26666666666666666,0.26666666666666666,0.4666666666666667,0.0,0.0,12.5,25.0,0.0,24.00793650793651,48.01587301587302
2025-01-08,2025-01-07,4.29,4.27,2.0,1,False,False,False,-20.0,24.0,0.375,-2.0,74.0,0.17567567567567569,-34.0,120.0,0.225,-54.0,198.0,0.13636363636363635,-2.6000000000000068,-2.442424242424249,-1.9067669172932333,-0.9148374548485695,4,1,5,-1,0.4,0.1,0.5,-2.0,7,3,10,-3,0.35,0.15,0.5,-1.0,17,16,27,-10,0.2833333333333333,0.26666666666666666,0.45,0.0,60.0,63.333333333333336,66.66666666666667,79.36507936507937,82.93650793650794,86.5079365079365
2025-01-09,2025-01-08,4.3,4.29,1.0,1,False,False,False,-10.0,16.0,0.5625,-10.0,66.0,0.19696969696969696,-34.0,120.0,0.225,-52.0,198.0,0.13636363636363635,8.881784197001252e-15,-2.7333333333333387,-1.8240601503759413,-0.9348985829397056,4,1,5,-1,0.4,0.1,0.5,-2.0,7,3,10,-3,0.35,0.15,0.5,-1.0,18,16,26,-8,0.3,0.26666666666666666,0.43333333333333335,0.0,26.666666666666668,42.5,58.333333333333336,48.41269841269841,63.888888888888886,79.36507936507937
2025-01-10,2025-01-09,4.3,4.3,0.0,1,False,False,False,-1.0,7.0,0.5714285714285714,-23.0,53.0,0.22641509433962265,-32.0,118.0,0.2288135593220339,-51.0,197.0,0.13705583756345177,0.9000000000000075,-2.0363636363636406,-1.7218045112781968,-0.9537649347040846,3,2,5,-2,0.3,0.2,0.5,-2.0,7,4,9,-2,0.35,0.2,0.45,0.0,18,17,25,-7,0.3,0.2833333333333333,0.4166666666666667,0.0,0.0,13.333333333333334,26.666666666666668,0.0,24.206349206349206,48.41269841269841
2025-01-13,2025-01-10,4.29,4.3,-1.0,3,False,False,False,2.0,4.0,0.5,-17.0,47.0,0.2553191489361702,-33.0,119.0,0.226890756302521,-57.0,193.0,0.13989637305699482,0.5000000000000071,-1.5818181818181847,-1.5857142857142867,-0.9629619338705198,3,2,5,-2,0.3,0.2,0.5,-0.5,7,3,10,-3,0.35,0.15,0.5,-0.5,17,17,26,-9,0.2833333333333333,0.2833333333333333,0.43333333333333335,0.0,28.333333333333332,43.333333333333336,58.333333333333336,48.41269841269841,63.888888888888886,79.36507936507937
2025-01-14,2025-01-13,4.28,4.29,-1.0,1,False,False,False,1.0,5.0,0.4,-9.0,39.0,0.3076923076923077,-32.0,118.0,0.2288135593220339,-58.0,194.0,0.13917525773195877,-0.2999999999999936,-1.5757575757575755,-1.4458646616541364,-0.9706307307585442,3,2,5,-2,0.3,0.2,0.5,-0.5,7,3,10,-3,0.35,0.15,0.5,-0.5,17,16,27,-10,0.2833333333333333,0.26666666666666666,0.45,0.0,28.333333333333332,44.166666666666664,60.0,48.01587301587302,63.69047619047619,79.36507936507937
2025-01-15,2025-01-14,4.28,4.28,0.0,1,False,False,False,-1.0,3.0,0.3333333333333333,-21.0,27.0,0.3333333333333333,-37.0,113.0,0.23893805309734514,-57.0,193.0,0.13989637305699482,-0.5999999999999872,-0.6606060606060568,-1.1789473684210527,-0.976771325368158,2,3,5,-3,0.2,0.3,0.5,-0.5,6,4,10,-4,0.3,0.2,0.5,-0.5,17,17,26,-9,0.2833333333333333,0.2833333333333333,0.43333333333333335,0.0,0.0,13.333333333333334,26.666666666666668,0.0,23.80952380952381,47.61904761904762
2025-01-16,2025-01-15,4.29,4.28,1.0,1,False,False,False,-1.0,3.0,0.3333333333333333,-11.0,19.0,0.47368421052631576,-33.0,111.0,0.24324324324324326,-55.0,193.0,0.13989637305699482,-0.2999999999999936,-0.03636363636362913,-0.8894736842105263,-0.9797999444290084,3,3,4,-1,0.3,0.3,0.4,0.0,7,4,9,-2,0.35,0.2,0.45,0.0,18,17,25,-7,0.3,0.2833333333333333,0.4166666666666667,0.0,28.333333333333332,44.166666666666664,60.0,47.61904761904762,63.492063492063494,79.36507936507937
2025-01-17,2025-01-16,4.29,4.29,0.0,1,False,False,False,-1.0,3.0,0.3333333333333333,-2.0,10.0,0.4,-28.0,106.0,0.25471698113207547,-53.0,191.0,0.14136125654450263,0.09999999999999787,0.12121212121212724,-0.6293233082706763,-0.9831619894415118,3,4,3,0,0.3,0.4,0.3,0.0,7,5,8,-1,0.35,0.25,0.4,0.0,18,18,24,-6,0.3,0.3,0.4,0.0,0.0,14.166666666666666,28.333333333333332,0.0,23.61111111111111,47.22222222222222
2025-01-21,2025-01-17,4.29,4.29,0.0,4,False,False,False,0.0,2.0,0.5,2.0,6.0,0.3333333333333333,-1.0,79.0,0.16455696202531644,-54.0,190.0,0.14210526315789473,0.2999999999999936,0.036363636363640435,-0.7533834586466162,-0.981883856626841,3,5,2,1,0.3,0.5,0.2,0.0,7,6,7,0,0.35,0.3,0.35,0.0,17,19,24,-7,0.2833333333333333,0.31666666666666665,0.4,0.0,0.0,15.0,30.0,0.0,23.80952380952381,47.61904761904762
2025-01-22,2025-01-21,4.3,4.29,1.0,1,False,False,False,2.0,2.0,0.5,3.0,7.0,0.2857142857142857,0.0,80.0,0.1625,-53.0,191.0,0.14136125654450263,0.3999999999999915,-0.018181818181817796,-0.8616541353383459,-0.9759655459849961,4,4,2,2,0.4,0.4,0.2,0.0,8,5,7,1,0.4,0.25,0.35,0.0,18,18,24,-6,0.3,0.3,0.4,0.0,31.666666666666668,46.666666666666664,61.666666666666664,47.61904761904762,63.492063492063494,79.36507936507937
2025-01-23,2025-01-22,4.35,4.3,5.0,1,False,False,False,7.0,7.0,0.7142857142857143,6.0,10.0,0.5,4.0,84.0,0.15476190476190477,-48.0,196.0,0.1377551020408163,1.29999999999999,0.2969696969696955,-0.8827067669172944,-0.958905251458739,4,4,2,2,0.4,0.4,0.2,0.0,8,5,7,1,0.4,0.25,0.35,0.0,19,17,24,-5,0.31666666666666665,0.2833333333333333,0.4,0.0,76.66666666666667,80.0,83.33333333333333,90.07936507936508,91.86507936507937,93.65079365079364
2025-01-24,2025-01-23,4.34,4.35,-1.0,1,False,False,False,5.0,7.0,0.7142857142857143,4.0,10.0,0.5,-6.0,76.0,0.17105263157894737,-49.0,197.0,0.13705583756345177,1.5999999999999925,0.5515151515151484,-0.781954887218046,-0.9408168935815506,3,4,3,0,0.3,0.4,0.3,0.0,7,5,8,-1,0.35,0.25,0.4,0.0,19,16,25,-6,0.31666666666666665,0.26666666666666666,0.4166666666666667,0.0,28.333333333333332,44.166666666666664,60.0,47.22222222222222,63.095238095238095,78.96825396825396
2025-01-27,2025-01-24,4.34,4.34,0.0,3,False,False,False,5.0,7.0,0.7142857142857143,4.0,10.0,0.5,-19.0,63.0,0.19047619047619047,-48.0,196.0,0.1377551020408163,1.3999999999999968,0.7575757575757528,-0.46691729323308323,-0.9217004723534317,3,4,3,0,0.3,0.4,0.3,0.0,6,6,8,-2,0.3,0.3,0.4,0.0,19,17,24,-5,0.31666666666666665,0.2833333333333333,0.4,0.0,0.0,13.333333333333334,26.666666666666668,0.0,23.41269841269841,46.82539682539682
2025-01-28,2025-01-27,4.35,4.34,1.0,1,False,False,False,6.0,8.0,0.625,6.0,10.0,0.5,-11.0,57.0,0.21052631578947367,-47.0,197.0,0.13705583756345177,0.8999999999999986,0.9030303030302966,-0.21954887218045208,-0.8982772992497918,4,4,2,2,0.4,0.4,0.2,0.0,7,6,7,0,0.35,0.3,0.35,0.0,20,16,24,-4,0.3333333333333333,0.26666666666666666,0.4,0.0,28.333333333333332,44.166666666666664,60.0,46.82539682539682,62.8968253968254,78.96825396825396
2025-01-29,2025-01-28,4.35,4.35,0.0,1,False,False,False,5.0,7.0,0.7142857142857143,7.0,9.0,0.5555555555555556,-2.0,48.0,0.25,-46.0,196.0,0.1377551020408163,0.09999999999999787,0.9090909090909033,-0.09774436090225669,-0.8739372047791057,4,5,1,3,0.4,0.5,0.1,0.0,7,7,6,1,0.35,0.35,0.3,0.0,20,17,23,-3,0.3333333333333333,0.2833333333333333,0.38333333333333336,0.0,0.0,13.333333333333334,26.666666666666668,0.0,23.214285714285715,46.42857142857143
2025-01-30,2025-01-29,4.36,4.35,1.0,1,False,False,False,1.0,3.0,0.3333333333333333,8.0,10.0,0.5,-13.0,37.0,0.24324324324324326,-54.0,188.0,0.14361702127659576,0.5000000000000071,0.8848484848484838,0.23082706766917294,-0.8301472631286472,5,4,1,4,0.5,0.4,0.1,0.5,7,7,6,1,0.35,0.35,0.3,0.0,20,17,23,-3,0.3333333333333333,0.2833333333333333,0.38333333333333336,0.0,28.333333333333332,44.166666666666664,60.0,46.82539682539682,62.8968253968254,78.96825396825396
2025-01-31,2025-01-30,4.38,4.36,2.0,1,True,False,False,4.0,4.0,0.5,9.0,11.0,0.45454545454545453,-2.0,30.0,0.3,-48.0,186.0,0.14516129032258066,0.9000000000000075,0.9393939393939392,0.46541353383458717,-0.7868574604056684,5,4,1,4,0.5,0.4,0.1,0.5,8,7,5,3,0.4,0.35,0.25,0.0,21,17,22,-1,0.35,0.2833333333333333,0.36666666666666664,0.0,61.666666666666664,65.0,68.33333333333333,78.96825396825396,82.73809523809524,86.5079365079365
2025-02-03,2025-01-31,4.35,4.38,-3.0,3,False,False,False,1.0,7.0,0.42857142857142855,6.0,14.0,0.35714285714285715,4.0,24.0,0.20833333333333334,-47.0,185.0,0.14594594594594595,0.3000000000000025,0.7212121212121209,0.5180451127819548,-0.7525979438732984,5,3,2,3,0.5,0.3,0.2,0.5,8,7,5,3,0.4,0.35,0.25,0.0,21,17,22,-1,0.35,0.2833333333333333,0.36666666666666664,0.0,70.0,71.66666666666667,73.33333333333333,86.5079365079365,87.5,88.4920634920635
2025-02-04,2025-02-03,4.33,4.35,-2.0,1,False,False,False,-2.0,8.0,0.375,4.0,16.0,0.3125,6.0,22.0,0.22727272727272727,-49.0,187.0,0.1443850267379679,-0.4999999999999982,0.32121212121212356,0.4729323308270673,-0.7190052792442346,5,2,3,2,0.5,0.2,0.3,0.5,8,7,5,3,0.4,0.35,0.25,0.0,21,16,23,-2,0.35,0.26666666666666666,0.38333333333333336,0.0,61.666666666666664,65.83333333333333,70.0,78.17460317460318,82.14285714285714,86.11111111111111
2025-02-05,2025-02-04,4.33,4.33,0.0,1,False,False,False,-2.0,8.0,0.375,3.0,15.0,0.3333333333333333,6.0,22.0,0.22727272727272727,-48.0,186.0,0.14516129032258066,-1.1000000000000032,-0.06060606060605716,0.41879699248120233,-0.6843845512642402,4,3,3,1,0.4,0.3,0.3,0.0,8,7,5,3,0.4,0.35,0.25,0.0,21,17,22,-1,0.35,0.2833333333333333,0.36666666666666664,0.0,0.0,13.333333333333334,26.666666666666668,0.0,23.015873015873016,46.03174603174603
2025-02-06,2025-02-05,4.36,4.33,3.0,1,False,False,False,0.0,10.0,0.3,1.0,13.0,0.23076923076923078,7.0,23.0,0.21739130434782608,-46.0,188.0,0.14361702127659576,-0.5999999999999872,0.01818181818182264,0.4300751879699249,-0.6404834676298973,4,3,3,1,0.4,0.3,0.3,0.0,8,7,5,3,0.4,0.35,0.25,0.0,21,17,22,-1,0.35,0.2833333333333333,0.36666666666666664,0.0,70.0,72.5,75.0,86.11111111111111,87.3015873015873,88.4920634920635
2025-02-07,2025-02-06,4.35,4.36,-1.0,1,False,False,False,-3.0,9.0,0.3333333333333333,1.0,13.0,0.23076923076923078,5.0,23.0,0.21739130434782608,-25.0,167.0,0.16167664670658682,0.3000000000000025,-0.036363636363633975,0.43233082706766857,-0.6329535982217285,4,3,3,1,0.4,0.3,0.3,0.0,7,7,6,1,0.35,0.35,0.3,0.0,21,17,22,-1,0.35,0.2833333333333333,0.36666666666666664,0.0,28.333333333333332,43.333333333333336,58.333333333333336,45.63492063492063,61.507936507936506,77.38095238095238
2025-02-10,2025-02-07,4.35,4.35,0.0,3,False,False,False,0.0,6.0,0.5,1.0,13.0,0.23076923076923078,5.0,23.0,0.21739130434782608,-25.0,167.0,0.16167664670658682,0.5999999999999872,-0.10303030303030244,0.42706766917293115,-0.6240344540150043,4,3,3,1,0.4,0.3,0.3,0.0,7,7,6,1,0.35,0.35,0.3,0.0,21,17,22,-1,0.35,0.2833333333333333,0.36666666666666664,0.0,0.0,14.166666666666666,28.333333333333332,0.0,22.817460317460316,45.63492063492063
2025-02-11,2025-02-10,4.34,4.35,-1.0,1,False,False,False,1.0,5.0,0.6,-1.0,13.0,0.23076923076923078,5.0,23.0,0.21739130434782608,-25.0,167.0,0.16167664670658682,0.09999999999998899,-0.16969696969697093,0.3842105263157883,-0.6170602945262575,3,3,4,-1,0.3,0.3,0.4,0.0,7,7,6,1,0.35,0.35,0.3,0.0,21,17,22,-1,0.35,0.2833333333333333,0.36666666666666664,0.0,28.333333333333332,44.166666666666664,60.0,45.63492063492063,61.507936507936506,77.38095238095238
2025-02-12,2025-02-11,4.32,4.34,-2.0,1,False,False,False,-1.0,7.0,0.42857142857142855,-3.0,15.0,0.2,4.0,24.0,0.20833333333333334,-26.0,168.0,0.16071428571428573,-0.8999999999999986,-0.33333333333333426,0.28947368421052616,-0.6136704640177829,3,2,5,-2,0.3,0.2,0.5,-0.5,7,7,6,1,0.35,0.35,0.3,0.0,21,17,22,-1,0.35,0.2833333333333333,0.36666666666666664,0.0,60.0,65.0,70.0,77.38095238095238,81.54761904761905,85.71428571428571
2025-02-13,2025-02-12,4.33,4.32,1.0,1,False,False,False,-3.0,5.0,0.4,-3.0,15.0,0.2,5.0,25.0,0.2,-24.0,168.0,0.16071428571428573,-0.6999999999999851,-0.3393939393939375,0.20300751879699303,-0.6088913587107532,3,2,5,-2,0.3,0.2,0.5,-0.5,8,6,6,2,0.4,0.3,0.3,0.0,22,17,21,1,0.36666666666666664,0.2833333333333333,0.35,0.0,28.333333333333332,43.333333333333336,58.333333333333336,44.84126984126984,60.91269841269841,76.98412698412699
2025-02-14,2025-02-13,4.33,4.33,0.0,1,False,False,False,-2.0,4.0,0.5,-5.0,13.0,0.23076923076923078,4.0,24.0,0.20833333333333334,-24.0,168.0,0.16071428571428573,-0.49999999999998934,-0.17575757575757361,0.12481203007518892,-0.6027785495971104,2,3,5,-3,0.2,0.3,0.5,-0.5,7,7,6,1,0.35,0.35,0.3,0.0,22,17,21,1,0.36666666666666664,0.2833333333333333,0.35,0.0,0.0,14.166666666666666,28.333333333333332,0.0,22.22222222222222,44.44444444444444
2025-02-18,2025-02-14,4.37,4.33,4.0,4,False,False,False,2.0,8.0,0.5,2.0,14.0,0.2857142857142857,8.0,28.0,0.17857142857142858,-20.0,172.0,0.1569767441860465,0.7000000000000028,0.0666666666666674,0.09774436090225702,-0.5887746596276744,3,3,4,-1,0.3,0.3,0.4,0.0,8,6,6,2,0.4,0.3,0.3,0.0,23,16,21,2,0.38333333333333336,0.26666666666666666,0.35,0.0,76.66666666666667,77.5,78.33333333333333,88.4920634920635,89.08730158730158,89.68253968253968
2025-02-19,2025-02-18,4.35,4.37,-2.0,1,False,False,False,1.0,9.0,0.4444444444444444,2.0,14.0,0.2857142857142857,6.0,30.0,0.16666666666666666,-21.0,173.0,0.15606936416184972,0.9999999999999876,0.04242424242424152,0.030075187969925976,-0.578632953598222,3,3,4,-1,0.3,0.3,0.4,0.0,8,5,7,1,0.4,0.25,0.35,0.0,23,16,21,2,0.38333333333333336,0.26666666666666666,0.35,0.0,56.666666666666664,62.5,68.33333333333333,76.58730158730158,80.95238095238095,85.31746031746032
2025-02-20,2025-02-19,4.33,4.35,-2.0,1,False,False,False,1.0,9.0,0.4444444444444444,0.0,16.0,0.25,3.0,31.0,0.16129032258064516,-24.0,174.0,0.15517241379310345,0.19999999999999574,-0.11515151515151485,-0.05939849624060024,-0.5689080300083358,3,2,5,-2,0.3,0.2,0.5,-0.5,7,5,8,-1,0.35,0.25,0.4,0.0,22,16,22,0,0.36666666666666664,0.26666666666666666,0.36666666666666664,0.0,55.0,61.666666666666664,68.33333333333333,76.19047619047619,80.75396825396825,85.31746031746032
2025-02-21,2025-02-20,4.34,4.33,1.0,1,False,False,False,1.0,9.0,0.4444444444444444,-2.0,14.0,0.2857142857142857,-1.0,27.0,0.14814814814814814,-23.0,175.0,0.15428571428571428,-0.20000000000000462,-0.01818181818181618,-0.06015037593984888,-0.5562100583495415,3,2,5,-2,0.3,0.2,0.5,-0.5,7,5,8,-1,0.35,0.25,0.4,0.0,23,15,22,1,0.38333333333333336,0.25,0.36666666666666664,0.0,26.666666666666668,40.0,53.333333333333336,44.04761904761905,59.92063492063492,75.7936507936508
2025-02-24,2025-02-21,4.34,4.34,0.0,3,False,False,False,1.0,9.0,0.4444444444444444,-1.0,13.0,0.3076923076923077,0.0,26.0,0.15384615384615385,-24.0,174.0,0.15517241379310345,-0.7000000000000028,0.036363636363636126,-0.0751879699248115,-0.5405390386218394,3,3,4,-1,0.3,0.3,0.4,0.0,7,6,7,0,0.35,0.3,0.35,0.0,22,16,22,0,0.36666666666666664,0.26666666666666666,0.36666666666666664,0.0,0.0,12.5,25.0,0.0,22.023809523809526,44.04761904761905
2025-02-25,2025-02-24,4.33,4.34,-1.0,1,False,False,False,-4.0,6.0,0.3333333333333333,-2.0,14.0,0.2857142857142857,-1.0,27.0,0.14814814814814814,-25.0,175.0,0.15428571428571428,-0.2999999999999936,0.04848484848484691,-0.1045112781954881,-0.5251736593498194,3,2,5,-2,0.3,0.2,0.5,-0.5,7,5,8,-1,0.35,0.25,0.4,0.0,22,15,23,-1,0.36666666666666664,0.25,0.38333333333333336,0.0,26.666666666666668,40.0,53.333333333333336,44.04761904761905,59.92063492063492,75.7936507936508
2025-02-26,2025-02-25,4.33,4.33,0.0,1,False,False,False,-2.0,4.0,0.5,-1.0,13.0,0.3076923076923077,-2.0,26.0,0.15384615384615385,-24.0,174.0,0.15517241379310345,-0.09999999999999787,0.01818181818181618,-0.11654135338345831,-0.5101139205334814,3,3,4,-1,0.3,0.3,0.4,0.0,6,6,8,-2,0.3,0.3,0.4,0.0,22,16,22,0,0.36666666666666664,0.26666666666666666,0.36666666666666664,0.0,0.0,12.5,25.0,0.0,21.825396825396826,43.65079365079365
2025-02-27,2025-02-26,4.36,4.33,3.0,1,False,False,False,3.0,5.0,0.6,4.0,14.0,0.2857142857142857,1.0,29.0,0.13793103448275862,-23.0,175.0,0.15428571428571428,0.30000000000001137,0.03030303030303181,-0.08270676691729287,-0.48541261461517066,4,3,3,1,0.4,0.3,0.3,0.0,7,5,8,-1,0.35,0.25,0.4,0.0,22,16,22,0,0.36666666666666664,0.26666666666666666,0.36666666666666664,0.0,68.33333333333333,71.66666666666667,75.0,85.31746031746032,86.7063492063492,88.0952380952381
2025-02-28,2025-02-27,4.39,4.36,3.0,1,True,False,False,5.0,7.0,0.42857142857142855,6.0,16.0,0.25,3.0,31.0,0.12903225806451613,-25.0,173.0,0.15606936416184972,1.299999999999999,0.22424242424242433,0.008270676691729748,-0.4460405668241177,4,3,3,1,0.4,0.3,0.3,0.0,7,5,8,-1,0.35,0.25,0.4,0.0,22,16,22,0,0.36666666666666664,0.26666666666666666,0.36666666666666664,0.0,66.66666666666667,70.83333333333333,75.0,84.92063492063492,86.5079365079365,88.0952380952381
2025-03-03,2025-02-28,4.33,4.39,-6.0,3,False,False,False,-1.0,13.0,0.46153846153846156,0.0,22.0,0.2727272727272727,-5.0,35.0,0.17142857142857143,-31.0,179.0,0.15083798882681565,0.5999999999999961,0.01818181818181941,0.040601503759398964,-0.41511530980828004,4,2,4,0,0.4,0.2,0.4,0.0,6,5,9,-3,0.3,0.25,0.45,0.0,22,15,23,-1,0.36666666666666664,0.25,0.38333333333333336,0.0,86.66666666666667,86.66666666666667,86.66666666666667,93.65079365079364,93.65079365079364,93.65079365079364
2025-03-04,2025-03-03,4.33,4.33,0.0,1,False,False,False,0.0,12.0,0.5,-4.0,18.0,0.3333333333333333,-2.0,32.0,0.1875,-26.0,174.0,0.15517241379310345,-0.3000000000000025,0.07878787878788142,0.03308270676691739,-0.39094192831342034,3,3,4,-1,0.3,0.3,0.4,0.0,6,6,8,-2,0.3,0.3,0.4,0.0,22,16,22,0,0.36666666666666664,0.26666666666666666,0.36666666666666664,0.0,0.0,12.5,25.0,0.0,21.428571428571427,42.857142857142854
2025-03-05,2025-03-04,4.34,4.33,1.0,1,False,False,False,1.0,13.0,0.46153846153846156,-1.0,17.0,0.35294117647058826,1.0,31.0,0.1935483870967742,-25.0,175.0,0.15428571428571428,-1.0000000000000053,0.10909090909090892,0.011278195488721832,-0.3636843567657682,4,3,3,1,0.4,0.3,0.3,0.0,7,6,7,0,0.35,0.3,0.35,0.0,23,15,22,1,0.38333333333333336,0.25,0.36666666666666664,0.0,26.666666666666668,40.0,53.333333333333336,42.857142857142854,58.73015873015873,74.60317460317461
2025-03-06,2025-03-05,4.35,4.34,1.0,1,False,False,False,-1.0,11.0,0.5454545454545454,2.0,16.0,0.375,2.0,32.0,0.1875,-25.0,175.0,0.15428571428571428,-0.7000000000000028,0.07272727272727118,0.0022556390977440458,-0.33170325090302866,5,3,2,3,0.5,0.3,0.2,0.5,8,5,7,1,0.4,0.25,0.35,0.0,23,15,22,1,0.38333333333333336,0.25,0.36666666666666664,0.0,25.0,39.166666666666664,53.333333333333336,42.857142857142854,58.73015873015873,74.60317460317461
2025-03-07,2025-03-06,4.34,4.35,-1.0,1,False,False,False,-5.0,9.0,0.6666666666666666,0.0,16.0,0.375,-2.0,30.0,0.2,-29.0,173.0,0.15606936416184972,0.3999999999999915,0.02424242424242157,0.023308270676691834,-0.29488746874131716,4,3,3,1,0.4,0.3,0.3,0.0,7,5,8,-1,0.35,0.25,0.4,0.0,22,15,23,-1,0.36666666666666664,0.25,0.38333333333333336,0.0,25.0,39.166666666666664,53.333333333333336,42.857142857142854,58.73015873015873,74.60317460317461
2025-03-10,2025-03-07,4.33,4.34,-1.0,3,False,False,False,0.0,4.0,0.25,-1.0,17.0,0.35294117647058826,-2.0,30.0,0.2,-31.0,173.0,0.15606936416184972,0.0,-0.07878787878788142,0.0172932330827066,-0.25640455682133934,4,2,4,0,0.4,0.2,0.4,0.0,7,5,8,-1,0.35,0.25,0.4,0.0,21,15,24,-3,0.35,0.25,0.4,0.0,25.0,40.0,55.0,42.46031746031746,58.53174603174603,74.60317460317461
2025-03-11,2025-03-10,4.32,4.33,-1.0,1,False,False,False,-1.0,5.0,0.2,-1.0,17.0,0.35294117647058826,-3.0,31.0,0.1935483870967742,-30.0,172.0,0.1569767441860465,-0.5999999999999872,-0.2909090909090912,-2.0034099692484027e-16,-0.22122811892192282,4,2,4,0,0.4,0.2,0.4,0.0,7,4,9,-2,0.35,0.2,0.45,0.0,21,15,24,-3,0.35,0.25,0.4,0.0,25.0,40.0,55.0,42.06349206349206,58.333333333333336,74.60317460317461
2025-03-12,2025-03-11,4.31,4.32,-1.0,1,False,False,False,-3.0,5.0,0.2,-2.0,18.0,0.3333333333333333,-3.0,31.0,0.1935483870967742,-31.0,173.0,0.15606936416184972,-0.9999999999999964,-0.5454545454545473,-0.042857142857143815,-0.18602389552653523,4,1,5,-1,0.4,0.1,0.5,-0.5,7,4,9,-2,0.35,0.2,0.45,0.0,21,14,25,-4,0.35,0.23333333333333334,0.4166666666666667,0.0,25.0,40.833333333333336,56.666666666666664,41.666666666666664,58.13492063492063,74.60317460317461
2025-03-13,2025-03-12,4.3,4.31,-1.0,1,False,False,False,-5.0,5.0,0.2,-6.0,16.0,0.375,-2.0,30.0,0.2,-30.0,172.0,0.1569767441860465,-1.0000000000000053,-0.6303030303030303,-0.12706766917293302,-0.15412614615170897,3,1,6,-3,0.3,0.1,0.6,-1.0,7,4,9,-2,0.35,0.2,0.45,0.0,21,14,25,-4,0.35,0.23333333333333334,0.4166666666666667,0.0,23.333333333333332,40.0,56.666666666666664,41.26984126984127,57.93650793650794,74.60317460317461
2025-03-14,2025-03-13,4.3,4.3,0.0,1,False,False,False,-4.0,4.0,0.25,-9.0,13.0,0.46153846153846156,-3.0,29.0,0.20689655172413793,-35.0,167.0,0.16167664670658682,-0.8000000000000096,-0.44242424242424433,-0.19248120300751947,-0.11208669074742997,2,2,6,-4,0.2,0.2,0.6,-1.0,6,5,9,-3,0.3,0.25,0.45,0.0,20,15,25,-5,0.3333333333333333,0.25,0.4166666666666667,0.0,0.0,11.666666666666666,23.333333333333332,0.0,20.436507936507937,40.87301587301587
2025-03-17,2025-03-14,4.32,4.3,2.0,3,False,False,False,-1.0,5.0,0.4,-1.0,9.0,0.2222222222222222,-1.0,31.0,0.1935483870967742,-30.0,166.0,0.16265060240963855,-0.09999999999999787,-0.4363636363636352,-0.22481203007518796,-0.06990830786329541,3,2,5,-2,0.3,0.2,0.5,-0.5,7,4,9,-2,0.35,0.2,0.45,0.0,21,15,24,-3,0.35,0.25,0.4,0.0,60.0,65.0,70.0,74.60317460317461,79.36507936507937,84.12698412698413
2025-03-18,2025-03-17,4.31,4.32,-1.0,1,False,False,False,-1.0,5.0,0.4,-2.0,10.0,0.2,-6.0,28.0,0.21428571428571427,-26.0,162.0,0.16666666666666666,0.20000000000000462,-0.4727272727272724,-0.20676691729323335,-0.03617671575437627,3,1,6,-3,0.3,0.1,0.6,-1.0,6,4,10,-4,0.3,0.2,0.5,-0.5,21,15,24,-3,0.35,0.25,0.4,0.0,25.0,42.5,60.0,40.476190476190474,57.34126984126984,74.2063492063492
2025-03-19,2025-03-18,4.29,4.31,-2.0,1,False,False,False,-2.0,6.0,0.3333333333333333,-5.0,11.0,0.18181818181818182,-6.0,28.0,0.21428571428571427,-1.0,137.0,0.0948905109489051,-0.09999999999999787,-0.5272727272727262,-0.23984962406015092,-0.05004167824395671,2,1,7,-5,0.2,0.1,0.7,-1.0,6,4,10,-4,0.3,0.2,0.5,-0.5,21,15,24,-3,0.35,0.25,0.4,0.0,61.666666666666664,67.5,73.33333333333333,74.2063492063492,79.16666666666667,84.12698412698413
2025-03-20,2025-03-19,4.29,4.29,0.0,1,False,False,False,-1.0,5.0,0.4,-6.0,10.0,0.2,-4.0,26.0,0.23076923076923078,-1.0,137.0,0.0948905109489051,-0.4999999999999982,-0.45454545454545453,-0.2954887218045115,-0.06385106974159495,1,2,7,-6,0.1,0.2,0.7,-1.0,6,5,9,-3,0.3,0.25,0.45,0.0,21,15,24,-3,0.35,0.25,0.4,0.0,0.0,12.5,25.0,0.0,19.841269841269842,39.682539682539684
2025-03-21,2025-03-20,4.3,4.29,1.0,1,False,False,False,0.0,6.0,0.3333333333333333,-4.0,10.0,0.2,-4.0,26.0,0.23076923076923078,-1.0,137.0,0.0948905109489051,-0.600000000000005,-0.3212121212121224,-0.31503759398496295,-0.07427063073075868,2,2,6,-4,0.2,0.2,0.6,-1.0,6,5,9,-3,0.3,0.25,0.45,0.0,21,15,24,-3,0.35,0.25,0.4,0.0,25.0,43.333333333333336,61.666666666666664,39.682539682539684,56.74603174603175,73.80952380952381
2025-03-24,2025-03-21,4.31,4.3,1.0,3,False,False,False,-1.0,5.0,0.4,-2.0,10.0,0.2,-3.0,27.0,0.2222222222222222,-9.0,129.0,0.10077519379844961,0.09999999999999787,-0.15151515151515366,-0.3142857142857155,-0.06774103917754945,3,2,5,-2,0.3,0.2,0.5,-0.5,7,4,9,-2,0.35,0.2,0.45,0.0,21,15,24,-3,0.35,0.25,0.4,0.0,25.0,43.333333333333336,61.666666666666664,39.285714285714285,56.54761904761905,73.80952380952381
2025-03-25,2025-03-24,4.33,4.31,2.0,1,False,False,False,2.0,6.0,0.3333333333333333,1.0,11.0,0.18181818181818182,0.0,28.0,0.21428571428571427,-20.0,118.0,0.1016949152542373,0.9999999999999964,0.08484848484848627,-0.2962406015037602,-0.03539872186718539,4,2,4,0,0.4,0.2,0.4,0.0,8,4,8,0,0.4,0.2,0.4,0.0,21,15,24,-3,0.35,0.25,0.4,0.0,63.333333333333336,70.0,76.66666666666667,73.80952380952381,78.96825396825396,84.12698412698413
2025-03-26,2025-03-25,4.35,4.33,2.0,1,False,False,False,6.0,6.0,0.3333333333333333,4.0,12.0,0.16666666666666666,2.0,30.0,0.2,-11.0,113.0,0.10619469026548672,1.4999999999999947,0.35151515151514995,-0.2496240601503769,-0.010530702973048162,5,2,3,2,0.5,0.2,0.3,0.5,9,3,8,1,0.45,0.15,0.4,0.0,22,15,23,-1,0.36666666666666664,0.25,0.38333333333333336,0.0,63.333333333333336,70.83333333333333,78.33333333333333,73.41269841269842,78.76984126984127,84.12698412698413
2025-03-27,2025-03-26,4.36,4.35,1.0,1,False,False,False,7.0,7.0,0.2857142857142857,6.0,12.0,0.16666666666666666,0.0,28.0,0.21428571428571427,-1.0,105.0,0.11428571428571428,1.6000000000000103,0.5575757575757581,-0.14436090225563883,0.001333703806612947,6,2,2,4,0.6,0.2,0.2,1.0,9,3,8,1,0.45,0.15,0.4,0.0,23,15,22,1,0.38333333333333336,0.25,0.36666666666666664,0.0,25.0,44.166666666666664,63.333333333333336,38.095238095238095,55.55555555555556,73.01587301587301
2025-03-28,2025-03-27,4.34,4.36,-2.0,1,False,False,False,4.0,8.0,0.25,4.0,14.0,0.14285714285714285,-5.0,27.0,0.2222222222222222,-15.0,95.0,0.09473684210526316,0.9000000000000075,0.5818181818181813,-0.020300751879699416,0.030313976104473495,6,1,3,3,0.6,0.1,0.3,1.0,8,3,9,-1,0.4,0.15,0.45,0.0,22,15,23,-1,0.36666666666666664,0.25,0.38333333333333336,0.0,65.0,73.33333333333333,81.66666666666667,73.01587301587301,78.57142857142857,84.12698412698413
2025-03-31,2025-03-28,4.41,4.34,7.0,3,True,True,False,10.0,14.0,0.5,9.0,19.0,0.3684210526315789,8.0,28.0,0.25,1.0,93.0,0.0967741935483871,1.5000000000000036,1.0727272727272756,0.11654135338345903,0.056348985829397194,6,1,3,3,0.6,0.1,0.3,1.0,9,3,8,1,0.45,0.15,0.4,0.0,23,15,22,1,0.38333333333333336,0.25,0.36666666666666664,0.0,96.66666666666667,96.66666666666667,96.66666666666667,93.65079365079364,94.24603174603175,94.84126984126983
2025-04-01,2025-03-31,4.39,4.41,-2.0,1,False,False,False,6.0,14.0,0.5,8.0,20.0,0.35,6.0,30.0,0.23333333333333334,8.0,86.0,0.08139534883720931,1.299999999999999,1.2787878787878784,0.2127819548872183,0.06379549874965272,6,1,3,3,0.6,0.1,0.3,1.0,9,2,9,0,0.45,0.1,0.45,0.0,23,15,22,1,0.38333333333333336,0.25,0.36666666666666664,0.0,65.0,74.16666666666667,83.33333333333333,72.22222222222223,77.97619047619048,83.73015873015873
2025-04-02,2025-04-01,4.37,4.39,-2.0,1,False,False,False,2.0,14.0,0.5,8.0,20.0,0.35,3.0,31.0,0.22580645161290322,10.0,84.0,0.08333333333333333,0.699999999999994,1.1454545454545468,0.2872180451127824,0.060739094192831355,6,1,3,3,0.6,0.1,0.3,1.0,8,2,10,-2,0.4,0.1,0.5,-0.5,23,15,22,1,0.38333333333333336,0.25,0.36666666666666664,0.0,65.0,75.0,85.0,71.82539682539682,77.77777777777777,83.73015873015873
2025-04-03,2025-04-02,4.39,4.37,2.0,1,False,False,False,3.0,15.0,0.4666666666666667,10.0,22.0,0.3181818181818182,4.0,32.0,0.21875,12.0,86.0,0.08139534883720931,0.5999999999999961,1.0242424242424248,0.401503759398496,0.06040566824117802,7,0,3,4,0.7,0.0,0.3,1.0,8,2,10,-2,0.4,0.1,0.5,-0.5,24,14,22,2,0.4,0.23333333333333334,0.36666666666666664,0.0,65.0,75.83333333333333,86.66666666666667,71.42857142857143,77.57936507936508,83.73015873015873
2025-04-04,2025-04-03,4.35,4.39,-4.0,1,False,False,False,1.0,17.0,0.4117647058823529,5.0,25.0,0.28,1.0,35.0,0.2,6.0,88.0,0.07954545454545454,-1.20000000000001,0.6303030303030293,0.43684210526315714,0.056237843845512524,6,0,4,2,0.6,0.0,0.4,1.0,8,2,10,-2,0.4,0.1,0.5,-0.5,23,14,23,0,0.38333333333333336,0.23333333333333334,0.38333333333333336,0.0,93.33333333333333,94.16666666666667,95.0,87.3015873015873,88.0952380952381,88.88888888888889
2025-04-07,2025-04-04,4.33,4.35,-2.0,3,False,False,False,-8.0,12.0,0.3333333333333333,2.0,26.0,0.2692307692307692,0.0,36.0,0.19444444444444445,3.0,89.0,0.07865168539325842,-1.3999999999999968,0.13333333333333156,0.426315789473684,0.05015282022784094,5,0,5,0,0.5,0.0,0.5,-0.5,8,2,10,-2,0.4,0.1,0.5,-0.5,22,14,24,-2,0.36666666666666664,0.23333333333333334,0.4,0.0,63.333333333333336,74.16666666666667,85.0,70.63492063492063,76.98412698412699,83.33333333333333
2025-04-08,2025-04-07,4.4,4.33,7.0,1,False,False,False,1.0,17.0,0.4117647058823529,7.0,31.0,0.22580645161290322,8.0,42.0,0.16666666666666666,10.0,96.0,0.07291666666666667,8.881784197001252e-15,0.12727272727272887,0.5000000000000009,0.05537649347040838,5,0,5,0,0.5,0.0,0.5,-0.5,9,2,9,0,0.45,0.1,0.45,0.0,23,13,24,-1,0.38333333333333336,0.21666666666666667,0.4,0.0,98.33333333333333,99.16666666666667,100.0,93.25396825396825,94.04761904761905,94.84126984126983
2025-04-09,2025-04-08,4.42,4.4,2.0,1,False,False,False,5.0,17.0,0.4117647058823529,7.0,31.0,0.22580645161290322,11.0,43.0,0.16279069767441862,13.0,97.0,0.07216494845360824,1.100000000000012,0.27878787878787825,0.5744360902255644,0.06162823006390658,5,0,5,0,0.5,0.0,0.5,-0.5,10,2,8,2,0.5,0.1,0.4,0.5,24,13,23,1,0.4,0.21666666666666667,0.38333333333333336,0.0,60.0,71.66666666666667,83.33333333333333,70.23809523809524,76.58730158730158,82.93650793650794
2025-04-10,2025-04-09,4.37,4.42,-5.0,1,False,False,False,-2.0,20.0,0.35,1.0,35.0,0.2,7.0,47.0,0.14893617021276595,9.0,101.0,0.06930693069306931,1.3000000000000078,0.13939393939394182,0.5451127819548878,0.05726590719644347,4,0,6,-2,0.4,0.0,0.6,-2.0,10,2,8,2,0.5,0.1,0.4,0.5,24,13,23,1,0.4,0.21666666666666667,0.38333333333333336,0.0,93.33333333333333,94.16666666666667,95.0,88.4920634920635,90.47619047619048,92.46031746031746
2025-04-11,2025-04-10,4.33,4.37,-4.0,1,False,False,False,-2.0,20.0,0.35,-1.0,37.0,0.1891891891891892,3.0,51.0,0.13725490196078433,5.0,105.0,0.06666666666666667,-0.3000000000000025,-0.36363636363636126,0.4481203007518803,0.04584606835232018,4,0,6,-2,0.4,0.0,0.6,-2.0,10,1,9,1,0.5,0.05,0.45,0.5,24,12,24,0,0.4,0.2,0.4,0.0,88.33333333333333,90.0,91.66666666666667,86.11111111111111,87.10317460317461,88.0952380952381
2025-04-14,2025-04-11,4.33,4.33,0.0,3,False,False,False,0.0,18.0,0.3888888888888889,-8.0,30.0,0.23333333333333334,1.0,49.0,0.14285714285714285,4.0,104.0,0.0673076923076923,-2.3000000000000043,-0.38787878787878394,0.3781954887218058,0.035843289802723104,3,1,6,-3,0.3,0.1,0.6,-2.0,9,2,9,0,0.45,0.1,0.45,0.0,23,13,24,-1,0.38333333333333336,0.21666666666666667,0.4,0.0,0.0,10.0,20.0,0.0,18.055555555555557,36.111111111111114
2025-04-15,2025-04-14,4.36,4.33,3.0,1,False,False,False,-4.0,14.0,0.35714285714285715,-3.0,31.0,0.22580645161290322,5.0,51.0,0.13725490196078433,7.0,107.0,0.06542056074766354,-1.5999999999999925,-0.2848484848484809,0.3338345864661667,0.0305362600722425,4,1,5,-1,0.4,0.1,0.5,-1.0,10,2,8,2,0.5,0.1,0.4,0.5,24,12,24,0,0.4,0.2,0.4,0.0,80.0,83.33333333333333,86.66666666666667,82.14285714285714,83.92857142857143,85.71428571428571
2025-04-16,2025-04-15,4.31,4.36,-5.0,1,False,False,False,-11.0,17.0,0.29411764705882354,-6.0,34.0,0.20588235294117646,2.0,54.0,0.12962962962962962,2.0,112.0,0.0625,-0.9000000000000075,-0.5515151515151494,0.1789473684210535,0.016643512086690914,4,1,5,-1,0.4,0.1,0.5,-1.0,10,2,8,2,0.5,0.1,0.4,0.5,24,11,25,-1,0.4,0.18333333333333332,0.4166666666666667,0.0,91.66666666666667,93.33333333333333,95.0,88.0952380952381,90.27777777777777,92.46031746031746
2025-04-17,2025-04-16,4.32,4.31,1.0,1,False,False,False,-5.0,13.0,0.38461538461538464,-7.0,33.0,0.21212121212121213,3.0,55.0,0.12727272727272726,2.0,112.0,0.0625,-0.40000000000000036,-0.557575757575756,0.035338345864663105,0.005973881633787369,4,1,5,-1,0.4,0.1,0.5,-1.0,11,1,8,3,0.55,0.05,0.4,1.0,24,11,25,-1,0.4,0.18333333333333332,0.4166666666666667,0.0,18.333333333333332,35.0,51.666666666666664,35.317460317460316,51.785714285714285,68.25396825396825
2025-04-21,2025-04-17,4.32,4.32,0.0,4,False,False,False,-1.0,9.0,0.5555555555555556,-3.0,29.0,0.2413793103448276,2.0,54.0,0.12962962962962962,-3.0,107.0,0.06542056074766354,-0.5999999999999961,-0.7454545454545451,-0.09699248120300585,0.0036676854681858178,4,2,4,0,0.4,0.2,0.4,0.0,10,2,8,2,0.5,0.1,0.4,0.5,23,12,25,-2,0.38333333333333336,0.2,0.4166666666666667,0.0,0.0,9.166666666666666,18.333333333333332,0.0,17.658730158730158,35.317460317460316
2025-04-22,2025-04-21,4.3,4.32,-2.0,1,False,False,False,-3.0,11.0,0.45454545454545453,-3.0,29.0,0.2413793103448276,-1.0,55.0,0.12727272727272726,-4.0,108.0,0.06481481481481481,-1.1000000000000032,-1.139393939393941,-0.2451127819548864,-0.0034454015004166103,4,2,4,0,0.4,0.2,0.4,0.0,9,2,9,0,0.45,0.1,0.45,0.0,23,12,25,-2,0.38333333333333336,0.2,0.4166666666666667,0.0,53.333333333333336,65.83333333333333,78.33333333333333,68.25396825396825,74.8015873015873,81.34920634920636
2025-04-23,2025-04-22,4.28,4.3,-2.0,1,False,False,False,-8.0,10.0,0.5,-12.0,24.0,0.20833333333333334,-5.0,55.0,0.12727272727272726,-6.0,110.0,0.06363636363636363,-0.7999999999999918,-1.1393939393939383,-0.3887218045112769,-0.013614893025840307,3,2,5,-2,0.3,0.2,0.5,-1.0,8,2,10,-2,0.4,0.1,0.5,-1.0,23,11,26,-3,0.38333333333333336,0.18333333333333332,0.43333333333333335,0.0,51.666666666666664,65.0,78.33333333333333,67.85714285714286,74.60317460317461,81.34920634920636
2025-04-24,2025-04-23,4.29,4.28,1.0,1,False,False,False,-2.0,6.0,0.3333333333333333,-13.0,23.0,0.21739130434782608,-6.0,54.0,0.12962962962962962,-6.0,110.0,0.06363636363636363,-1.0000000000000053,-0.806060606060606,-0.47894736842105196,-0.020116699083078473,3,2,5,-2,0.3,0.2,0.5,-1.0,8,2,10,-2,0.4,0.1,0.5,-1.0,23,11,26,-3,0.38333333333333336,0.18333333333333332,0.43333333333333335,0.0,18.333333333333332,34.166666666666664,50.0,35.317460317460316,51.388888888888886,67.46031746031746
2025-04-25,2025-04-24,4.33,4.29,4.0,1,False,False,False,1.0,9.0,0.4444444444444444,-4.0,22.0,0.22727272727272727,-3.0,57.0,0.12280701754385964,-2.0,114.0,0.06140350877192982,0.09999999999999787,-0.4303030303030303,-0.4872180451127808,-0.019727702139483067,4,2,4,0,0.4,0.2,0.4,0.0,8,2,10,-2,0.4,0.1,0.5,-1.0,24,10,26,-2,0.4,0.16666666666666666,0.43333333333333335,0.0,86.66666666666667,89.16666666666667,91.66666666666667,85.31746031746032,86.5079365079365,87.6984126984127
2025-04-28,2025-04-25,4.36,4.33,3.0,3,False,False,False,4.0,12.0,0.3333333333333333,3.0,21.0,0.23809523809523808,2.0,58.0,0.1206896551724138,0.0,116.0,0.0603448275862069,1.7000000000000082,-0.10909090909090784,-0.4796992481202994,-0.01261461517088056,5,2,3,2,0.5,0.2,0.3,0.5,9,2,9,0,0.45,0.1,0.45,0.0,24,10,26,-2,0.4,0.16666666666666666,0.43333333333333335,0.0,76.66666666666667,80.83333333333333,85.0,80.95238095238095,82.93650793650794,84.92063492063492
2025-04-29,2025-04-28,4.36,4.36,0.0,1,False,False,False,6.0,10.0,0.4,3.0,21.0,0.23809523809523808,-5.0,51.0,0.13725490196078433,-2.0,114.0,0.06140350877192982,2.3000000000000043,0.17575757575757794,-0.36466165413533635,-0.0021116976938035524,5,2,3,2,0.5,0.2,0.3,0.5,8,3,9,-1,0.4,0.15,0.45,0.0,23,11,26,-3,0.38333333333333336,0.18333333333333332,0.43333333333333335,0.0,0.0,8.333333333333334,16.666666666666668,0.0,17.261904761904763,34.523809523809526
2025-04-30,2025-04-29,4.41,4.36,5.0,1,True,False,False,13.0,13.0,0.38461538461538464,5.0,23.0,0.21739130434782608,2.0,54.0,0.12962962962962962,6.0,116.0,0.0603448275862069,2.7000000000000046,0.8969696969697004,-0.20225563909774286,0.01161433731592134,5,2,3,2,0.5,0.2,0.3,0.5,9,3,8,1,0.45,0.15,0.4,0.0,24,11,25,-1,0.4,0.18333333333333332,0.4166666666666667,0.0,91.66666666666667,93.33333333333333,95.0,87.6984126984127,90.07936507936508,92.46031746031746
2025-05-01,2025-04-30,4.39,4.41,-2.0,1,False,False,False,10.0,14.0,0.35714285714285715,8.0,20.0,0.25,2.0,54.0,0.12962962962962962,6.0,116.0,0.0603448275862069,1.6999999999999904,1.115151515151513,-0.10300751879699149,0.018338427340928252,5,2,3,2,0.5,0.2,0.3,0.5,9,3,8,1,0.45,0.15,0.4,0.0,24,11,25,-1,0.4,0.18333333333333332,0.4166666666666667,0.0,48.333333333333336,61.666666666666664,75.0,66.26984126984127,73.21428571428571,80.15873015873017
2025-05-02,2025-05-01,4.36,4.39,-3.0,1,False,False,False,3.0,13.0,0.38461538461538464,4.0,22.0,0.22727272727272727,-3.0,55.0,0.12727272727272726,3.0,119.0,0.058823529411764705,0.2999999999999936,1.1393939393939394,-0.0180451127819541,0.019811058627396783,4,2,4,0,0.4,0.2,0.4,0.0,8,3,9,-1,0.4,0.15,0.45,0.0,24,10,26,-2,0.4,0.16666666666666666,0.43333333333333335,0.0,75.0,79.16666666666667,83.33333333333333,80.15873015873017,82.34126984126983,84.52380952380952
2025-05-05,2025-05-02,4.33,4.36,-3.0,3,False,False,False,-3.0,13.0,0.38461538461538464,1.0,25.0,0.2,-2.0,54.0,0.12962962962962962,-3.0,119.0,0.058823529411764705,-1.1000000000000032,0.9515151515151522,-0.034586466165413464,0.021283689913865315,4,1,5,-1,0.4,0.1,0.5,-1.0,8,3,9,-1,0.4,0.15,0.45,0.0,23,10,27,-4,0.38333333333333336,0.16666666666666666,0.45,0.0,73.33333333333333,78.33333333333333,83.33333333333333,79.76190476190476,82.14285714285714,84.52380952380952
2025-05-06,2025-05-05,4.32,4.33,-1.0,1,False,False,False,-4.0,14.0,0.35714285714285715,2.0,24.0,0.20833333333333334,-1.0,53.0,0.1320754716981132,-3.0,119.0,0.058823529411764705,-2.3999999999999932,0.5636363636363635,-0.09398496240601477,0.01958877465962802,4,1,5,-1,0.4,0.1,0.5,-0.5,8,3,9,-1,0.4,0.15,0.45,0.0,23,10,27,-4,0.38333333333333336,0.16666666666666666,0.45,0.0,16.666666666666668,31.666666666666668,46.666666666666664,33.73015873015873,49.6031746031746,65.47619047619048
2025-05-07,2025-05-06,4.3,4.32,-2.0,1,False,False,False,-11.0,11.0,0.2727272727272727,2.0,24.0,0.20833333333333334,-10.0,48.0,0.10416666666666667,-5.0,121.0,0.05785123966942149,-2.1999999999999975,-0.0909090909090922,-0.06992481203007496,0.0147818838566271,4,1,5,-1,0.4,0.1,0.5,-0.5,7,3,10,-3,0.35,0.15,0.5,-0.5,23,9,28,-5,0.38333333333333336,0.15,0.4666666666666667,0.0,46.666666666666664,60.0,73.33333333333333,65.87301587301587,72.61904761904762,79.36507936507937
2025-05-08,2025-05-07,4.29,4.3,-1.0,1,False,False,False,-10.0,10.0,0.3,0.0,24.0,0.20833333333333334,-13.0,47.0,0.10638297872340426,-5.0,121.0,0.05785123966942149,-1.7000000000000082,-0.7575757575757597,-0.013533834586466278,0.006918588496804908,3,1,6,-3,0.3,0.1,0.6,-1.0,6,3,11,-5,0.3,0.15,0.55,-1.0,23,9,28,-5,0.38333333333333336,0.15,0.4666666666666667,0.0,15.0,30.0,45.0,33.73015873015873,49.6031746031746,65.47619047619048
2025-05-09,2025-05-08,4.28,4.29,-1.0,1,False,False,False,-8.0,8.0,0.375,-5.0,21.0,0.23809523809523808,-9.0,43.0,0.11627906976744186,-4.0,120.0,0.058333333333333334,-1.299999999999999,-1.2121212121212137,-0.03082706766917281,-0.005696026674075804,2,1,7,-5,0.2,0.1,0.7,-1.0,6,3,11,-5,0.3,0.15,0.55,-1.0,23,9,28,-5,0.38333333333333336,0.15,0.4666666666666667,0.0,15.0,30.0,45.0,33.333333333333336,49.404761904761905,65.47619047619048
2025-05-12,2025-05-09,4.28,4.28,0.0,3,False,False,False,-5.0,5.0,0.4,-8.0,18.0,0.2777777777777778,-5.0,39.0,0.1282051282051282,-5.0,119.0,0.058823529411764705,-0.9999999999999964,-1.4060606060606058,-0.09774436090225536,-0.01639344262295044,1,2,7,-6,0.1,0.2,0.7,-1.0,6,4,10,-4,0.3,0.2,0.5,-0.5,22,10,28,-6,0.36666666666666664,0.16666666666666666,0.4666666666666667,0.0,0.0,7.5,15.0,0.0,16.46825396825397,32.93650793650794
2025-05-13,2025-05-12,4.3,4.28,2.0,1,False,False,False,-2.0,6.0,0.3333333333333333,-6.0,20.0,0.25,-3.0,41.0,0.12195121951219512,-3.0,121.0,0.05785123966942149,-0.09999999999999787,-1.3939393939393938,-0.12857142857142875,-0.02353431508752395,2,1,7,-5,0.2,0.1,0.7,-1.0,7,3,10,-3,0.35,0.15,0.5,-0.5,23,9,28,-5,0.38333333333333336,0.15,0.4666666666666667,0.0,46.666666666666664,60.0,73.33333333333333,65.47619047619048,72.42063492063492,79.36507936507937
2025-05-14,2025-05-13,4.29,4.3,-1.0,1,False,False,False,-1.0,5.0,0.4,-12.0,16.0,0.1875,-7.0,39.0,0.1282051282051282,-8.0,118.0,0.059322033898305086,0.19999999999999574,-1.03030303030303,-0.12180451127819543,-0.02536815782161673,1,1,8,-7,0.1,0.1,0.8,-1.0,6,3,11,-5,0.3,0.15,0.55,-1.0,22,9,29,-7,0.36666666666666664,0.15,0.48333333333333334,0.0,15.0,30.0,45.0,32.53968253968254,48.80952380952381,65.07936507936508
2025-05-15,2025-05-14,4.31,4.29,2.0,1,False,False,False,2.0,6.0,0.3333333333333333,-8.0,16.0,0.1875,0.0,36.0,0.1388888888888889,-4.0,118.0,0.059322033898305086,0.6999999999999851,-0.54545454545455,-0.15488721804511416,-0.02686857460405642,2,1,7,-5,0.2,0.1,0.7,-1.0,7,3,10,-3,0.35,0.15,0.5,-0.5,23,9,28,-5,0.38333333333333336,0.15,0.4666666666666667,0.0,46.666666666666664,60.833333333333336,75.0,65.07936507936508,72.22222222222223,79.36507936507937
2025-05-16,2025-05-15,4.3,4.31,-1.0,1,False,False,False,2.0,6.0,0.3333333333333333,-6.0,14.0,0.21428571428571427,-2.0,36.0,0.1388888888888889,-3.0,117.0,0.05982905982905983,0.49999999999998934,-0.21818181818182214,-0.18646616541353528,-0.03317588218949684,2,1,7,-5,0.2,0.1,0.7,-1.0,6,3,11,-5,0.3,0.15,0.55,-1.0,23,9,28,-5,0.38333333333333336,0.15,0.4666666666666667,0.0,15.0,30.833333333333332,46.666666666666664,31.746031746031747,48.214285714285715,64.68253968253968
2025-05-19,2025-05-16,4.29,4.3,-1.0,3,False,False,False,1.0,7.0,0.2857142857142857,-4.0,12.0,0.16666666666666666,-3.0,37.0,0.13513513513513514,-5.0,117.0,0.05982905982905983,-0.09999999999999787,-0.07272727272727603,-0.2293233082706778,-0.03926090580716843,2,1,7,-5,0.2,0.1,0.7,-1.0,6,2,12,-6,0.3,0.1,0.6,-1.0,22,9,29,-7,0.36666666666666664,0.15,0.48333333333333334,0.0,15.0,31.666666666666668,48.333333333333336,31.349206349206348,48.01587301587302,64.68253968253968
2025-05-20,2025-05-19,4.27,4.29,-2.0,1,False,False,False,-3.0,7.0,0.2857142857142857,-5.0,13.0,0.15384615384615385,-3.0,37.0,0.13513513513513514,-7.0,119.0,0.058823529411764705,-0.600000000000005,-0.05454545454545823,-0.3278195488721826,-0.048346762989719225,2,1,7,-5,0.2,0.1,0.7,-1.0,6,2,12,-6,0.3,0.1,0.6,-1.0,22,8,30,-8,0.36666666666666664,0.13333333333333333,0.5,-0.5,48.333333333333336,61.666666666666664,75.0,64.68253968253968,72.02380952380952,79.36507936507937
2025-05-21,2025-05-20,4.26,4.27,-1.0,1,False,False,False,-3.0,7.0,0.2857142857142857,-4.0,12.0,0.16666666666666666,-2.0,36.0,0.1388888888888889,-7.0,119.0,0.058823529411764705,-1.299999999999999,-0.16363636363636877,-0.46766917293233307,-0.06037788274520689,2,1,7,-5,0.2,0.1,0.7,-1.0,6,2,12,-6,0.3,0.1,0.6,-1.0,22,8,30,-8,0.36666666666666664,0.13333333333333333,0.5,-0.5,13.333333333333334,30.0,46.666666666666664,30.555555555555557,47.42063492063492,64.28571428571429
2025-05-22,2025-05-21,4.26,4.26,0.0,1,False,False,False,-5.0,5.0,0.4,-3.0,11.0,0.18181818181818182,-3.0,35.0,0.14285714285714285,-7.0,119.0,0.058823529411764705,-1.1000000000000032,-0.290909090909096,-0.5887218045112806,-0.07202000555709909,2,2,6,-4,0.2,0.2,0.6,-1.0,5,3,12,-7,0.25,0.15,0.6,-1.0,22,8,30,-8,0.36666666666666664,0.13333333333333333,0.5,-0.5,0.0,6.666666666666667,13.333333333333334,0.0,15.079365079365079,30.158730158730158
2025-05-23,2025-05-22,4.26,4.26,0.0,1,False,False,False,-4.0,4.0,0.5,-2.0,10.0,0.2,-7.0,31.0,0.16129032258064516,-10.0,116.0,0.0603448275862069,-0.7000000000000028,-0.4484848484848518,-0.6421052631578973,-0.07818838566268395,2,3,5,-3,0.2,0.3,0.5,-0.5,4,4,12,-8,0.2,0.2,0.6,-1.0,21,9,30,-9,0.35,0.15,0.5,-0.5,0.0,6.666666666666667,13.333333333333334,0.0,15.079365079365079,30.158730158730158
2025-05-27,2025-05-23,4.31,4.26,5.0,4,False,False,False,2.0,8.0,0.625,3.0,15.0,0.3333333333333333,-5.0,33.0,0.15151515151515152,-8.0,118.0,0.059322033898305086,0.8000000000000007,-0.30909090909091114,-0.5661654135338372,-0.07051958877465961,3,2,5,-2,0.3,0.2,0.5,-0.5,4,4,12,-8,0.2,0.2,0.6,-1.0,21,9,30,-9,0.35,0.15,0.5,-0.5,90.0,92.5,95.0,87.3015873015873,89.88095238095238,92.46031746031746
2025-05-28,2025-05-27,4.33,4.31,2.0,1,False,False,False,6.0,8.0,0.625,3.0,15.0,0.3333333333333333,-3.0,35.0,0.14285714285714285,0.0,114.0,0.06140350877192982,1.900000000000004,0.036363636363636126,-0.4541353383458666,-0.06929702695193105,3,2,5,-2,0.3,0.2,0.5,-0.5,5,3,12,-7,0.25,0.15,0.6,-1.0,22,9,29,-7,0.36666666666666664,0.15,0.48333333333333334,0.0,48.333333333333336,62.5,76.66666666666667,63.888888888888886,71.42857142857143,78.96825396825396
2025-05-29,2025-05-28,4.33,4.33,0.0,1,False,False,False,7.0,7.0,0.7142857142857143,4.0,14.0,0.35714285714285715,-8.0,30.0,0.16666666666666666,0.0,114.0,0.06140350877192982,2.1000000000000085,0.27878787878788147,-0.25864661654135485,-0.06807446512920248,3,3,4,-1,0.3,0.3,0.4,0.0,4,4,12,-8,0.2,0.2,0.6,-1.0,22,9,29,-7,0.36666666666666664,0.15,0.48333333333333334,0.0,0.0,7.5,15.0,0.0,14.682539682539682,29.365079365079364
2025-05-30,2025-05-29,4.35,4.33,2.0,1,True,False,False,9.0,9.0,0.5555555555555556,4.0,14.0,0.35714285714285715,-4.0,30.0,0.16666666666666666,1.0,115.0,0.06086956521739131,2.0000000000000018,0.7151515151515155,-0.05413533834586692,-0.061878299527646556,3,3,4,-1,0.3,0.3,0.4,0.0,5,4,11,-6,0.25,0.2,0.55,-1.0,22,9,29,-7,0.36666666666666664,0.15,0.48333333333333334,0.0,48.333333333333336,63.333333333333336,78.33333333333333,63.492063492063494,71.23015873015873,78.96825396825396
2025-06-02,2025-05-30,4.35,4.35,0.0,3,False,False,False,9.0,9.0,0.5555555555555556,5.0,13.0,0.38461538461538464,-1.0,27.0,0.18518518518518517,0.0,114.0,0.06140350877192982,0.9999999999999964,1.036363636363636,0.1090225563909754,-0.054042789663795596,3,4,3,0,0.3,0.4,0.3,0.0,5,5,10,-5,0.25,0.25,0.5,-0.5,21,10,29,-8,0.35,0.16666666666666666,0.48333333333333334,0.0,0.0,7.5,15.0,0.0,14.682539682539682,29.365079365079364
2025-06-03,2025-06-02,4.32,4.35,-3.0,1,False,False,False,1.0,7.0,0.42857142857142855,3.0,15.0,0.3333333333333333,-1.0,27.0,0.18518518518518517,-2.0,116.0,0.0603448275862069,0.0,1.0666666666666702,0.18345864661654013,-0.052820227841067026,3,4,3,0,0.3,0.4,0.3,0.0,5,5,10,-5,0.25,0.25,0.5,-0.5,21,10,29,-8,0.35,0.16666666666666666,0.48333333333333334,0.0,78.33333333333333,81.66666666666667,85.0,78.96825396825396,81.54761904761905,84.12698412698413
2025-06-04,2025-06-03,4.28,4.32,-4.0,1,False,False,False,-5.0,9.0,0.4444444444444444,1.0,17.0,0.29411764705882354,-4.0,30.0,0.16666666666666666,-5.0,119.0,0.058823529411764705,-1.29999999999999,0.7090909090909134,0.18646616541353367,-0.059738816337871634,3,4,3,0,0.3,0.4,0.3,0.0,5,5,10,-5,0.25,0.25,0.5,-0.5,21,10,29,-8,0.35,0.16666666666666666,0.48333333333333334,0.0,85.0,87.5,90.0,84.12698412698413,85.51587301587301,86.9047619047619
2025-06-05,2025-06-04,4.29,4.28,1.0,1,False,False,False,-4.0,10.0,0.4,3.0,17.0,0.29411764705882354,-1.0,29.0,0.1724137931034483,-3.0,119.0,0.058823529411764705,-1.8999999999999861,0.3272727272727316,0.17819548872180438,-0.06643512086690741,4,4,2,2,0.4,0.4,0.2,0.0,6,5,9,-3,0.3,0.25,0.45,0.0,22,10,28,-6,0.36666666666666664,0.16666666666666666,0.4666666666666667,0.0,16.666666666666668,30.0,43.333333333333336,28.96825396825397,45.63492063492063,62.301587301587304
2025-06-06,2025-06-05,4.29,4.29,0.0,1,False,False,False,-6.0,8.0,0.5,3.0,17.0,0.29411764705882354,0.0,28.0,0.17857142857142858,-2.0,118.0,0.059322033898305086,-1.4999999999999947,-0.09090909090908682,0.1556390977443611,-0.07465962767435397,4,4,2,2,0.4,0.4,0.2,0.0,6,6,8,-2,0.3,0.3,0.4,0.0,22,11,27,-5,0.36666666666666664,0.18333333333333332,0.45,0.0,0.0,8.333333333333334,16.666666666666668,0.0,14.484126984126984,28.96825396825397
2025-06-09,2025-06-06,4.29,4.29,0.0,3,False,False,False,-6.0,8.0,0.5,3.0,17.0,0.29411764705882354,1.0,27.0,0.18518518518518517,-1.0,117.0,0.05982905982905983,-0.5000000000000071,-0.545454545454542,0.11729323308270767,-0.08446790775215339,4,4,2,2,0.4,0.4,0.2,0.0,6,7,7,-1,0.3,0.35,0.35,0.0,22,12,26,-4,0.36666666666666664,0.2,0.43333333333333335,0.0,0.0,9.166666666666666,18.333333333333332,0.0,14.682539682539682,29.365079365079364
2025-06-10,2025-06-09,4.28,4.29,-1.0,1,False,False,False,-4.0,6.0,0.6666666666666666,-3.0,13.0,0.3076923076923077,0.0,28.0,0.17857142857142858,-2.0,118.0,0.059322033898305086,0.0,-0.7575757575757549,0.06315789473684402,-0.09585996110030565,3,4,3,0,0.3,0.4,0.3,0.0,6,6,8,-2,0.3,0.3,0.4,0.0,22,11,27,-5,0.36666666666666664,0.18333333333333332,0.45,0.0,20.0,31.666666666666668,43.333333333333336,29.761904761904763,46.23015873015873,62.698412698412696
2025-06-11,2025-06-10,4.28,4.28,0.0,1,False,False,False,0.0,2.0,0.5,-5.0,11.0,0.36363636363636365,-2.0,26.0,0.19230769230769232,-4.0,116.0,0.0603448275862069,-0.2999999999999936,-0.7999999999999958,0.040601503759400775,-0.10375104195609883,2,5,3,-1,0.2,0.5,0.3,0.0,5,7,8,-3,0.25,0.35,0.4,0.0,21,12,27,-6,0.35,0.2,0.45,0.0,0.0,9.166666666666666,18.333333333333332,0.0,14.682539682539682,29.365079365079364
2025-06-12,2025-06-11,4.28,4.28,0.0,1,False,False,False,-1.0,1.0,1.0,-5.0,11.0,0.36363636363636365,-1.0,25.0,0.2,-3.0,115.0,0.06086956521739131,-0.2999999999999936,-0.7818181818181765,0.005263157894739735,-0.11311475409836058,2,5,3,-1,0.2,0.5,0.3,0.0,5,8,7,-2,0.25,0.4,0.35,0.0,21,13,26,-5,0.35,0.21666666666666667,0.43333333333333335,0.0,0.0,10.0,20.0,0.0,14.682539682539682,29.365079365079364
2025-06-13,2025-06-12,4.28,4.28,0.0,1,False,False,False,-1.0,1.0,1.0,-7.0,9.0,0.4444444444444444,-3.0,23.0,0.21739130434782608,-1.0,113.0,0.061946902654867256,-0.19999999999999574,-0.5696969696969661,0.0030075187969952886,-0.12570158377327026,1,6,3,-2,0.1,0.6,0.3,0.0,4,9,7,-3,0.2,0.45,0.35,0.0,21,14,25,-4,0.35,0.23333333333333334,0.4166666666666667,0.0,0.0,10.833333333333334,21.666666666666668,0.0,14.682539682539682,29.365079365079364
2025-06-16,2025-06-13,4.32,4.28,4.0,3,False,False,False,3.0,5.0,0.8,-3.0,13.0,0.3076923076923077,2.0,26.0,0.19230769230769232,3.0,117.0,0.05982905982905983,0.8000000000000007,-0.054545454545453384,0.04661654135338647,-0.13167546540705735,2,5,3,-1,0.2,0.5,0.3,0.0,5,9,6,-1,0.25,0.45,0.3,0.0,22,13,25,-3,0.36666666666666664,0.21666666666666667,0.4166666666666667,0.0,83.33333333333333,86.66666666666667,90.0,83.73015873015873,85.31746031746032,86.9047619047619
2025-06-17,2025-06-16,4.31,4.32,-1.0,1,False,False,False,3.0,5.0,0.8,-1.0,11.0,0.36363636363636365,2.0,26.0,0.19230769230769232,1.0,117.0,0.05982905982905983,0.9999999999999876,0.24242424242424104,0.05714285714285967,-0.137760489024729,2,5,3,-1,0.2,0.5,0.3,0.0,5,9,6,-1,0.25,0.45,0.3,0.0,21,13,26,-5,0.35,0.21666666666666667,0.43333333333333335,0.0,21.666666666666668,33.333333333333336,45.0,29.365079365079364,45.833333333333336,62.301587301587304
2025-06-18,2025-06-17,4.28,4.31,-3.0,1,False,False,False,0.0,8.0,0.5,0.0,10.0,0.4,1.0,27.0,0.18518518518518517,-3.0,119.0,0.058823529411764705,0.2999999999999936,0.12121212121212133,-0.009774436090223285,-0.1471242011669908,2,5,3,-1,0.2,0.5,0.3,0.0,5,9,6,-1,0.25,0.45,0.3,0.0,20,13,27,-7,0.3333333333333333,0.21666666666666667,0.45,0.0,73.33333333333333,77.5,81.66666666666667,77.77777777777777,80.55555555555556,83.33333333333333
2025-06-20,2025-06-18,4.29,4.28,1.0,2,False,False,False,1.0,9.0,0.4444444444444444,0.0,10.0,0.4,3.0,27.0,0.18518518518518517,-4.0,118.0,0.059322033898305086,-0.20000000000000462,0.12121212121212024,-0.07969924812029879,-0.15129202556265625,2,5,3,-1,0.2,0.5,0.3,0.0,6,9,5,1,0.3,0.45,0.25,0.0,20,13,27,-7,0.3333333333333333,0.21666666666666667,0.45,0.0,21.666666666666668,32.5,43.333333333333336,28.96825396825397,45.43650793650794,61.904761904761905
2025-06-23,2025-06-20,4.29,4.29,0.0,3,False,False,False,1.0,9.0,0.4444444444444444,0.0,10.0,0.4,3.0,27.0,0.18518518518518517,-6.0,116.0,0.0603448275862069,-0.8000000000000007,0.12121212121211916,-0.15413533834586304,-0.15184773548207836,2,5,3,-1,0.2,0.5,0.3,0.0,6,9,5,1,0.3,0.45,0.25,0.0,19,14,27,-8,0.31666666666666665,0.23333333333333334,0.45,0.0,0.0,10.833333333333334,21.666666666666668,0.0,14.285714285714286,28.571428571428573
2025-06-24,2025-06-23,4.3,4.29,1.0,1,False,False,False,-2.0,6.0,0.5,1.0,11.0,0.36363636363636365,4.0,28.0,0.17857142857142858,-6.0,116.0,0.0603448275862069,-0.09999999999999787,0.17575757575757148,-0.21879699248120207,-0.14873575993331478,3,4,3,0,0.3,0.4,0.3,0.0,7,8,5,2,0.35,0.4,0.25,0.0,19,14,27,-8,0.31666666666666665,0.23333333333333334,0.45,0.0,23.333333333333332,35.0,46.666666666666664,28.96825396825397,45.63492063492063,62.301587301587304
2025-06-25,2025-06-24,4.36,4.3,6.0,1,False,False,False,5.0,11.0,0.5454545454545454,8.0,16.0,0.375,5.0,29.0,0.20689655172413793,2.0,120.0,0.058333333333333334,1.6999999999999993,0.47878787878787665,-0.1248120300751873,-0.13884412336760207,4,4,2,2,0.4,0.4,0.2,0.0,7,8,5,2,0.35,0.4,0.25,0.0,20,14,26,-6,0.3333333333333333,0.23333333333333334,0.43333333333333335,0.0,96.66666666666667,96.66666666666667,96.66666666666667,92.46031746031746,92.65873015873017,92.85714285714286
2025-06-26,2025-06-25,4.4,4.36,4.0,1,False,False,False,12.0,12.0,0.5,12.0,20.0,0.3,7.0,31.0,0.1935483870967742,-1.0,117.0,0.05982905982905983,2.9000000000000092,0.9030303030303032,0.05037593984962513,-0.11064184495693237,5,3,2,3,0.5,0.3,0.2,0.5,7,8,5,2,0.35,0.4,0.25,0.0,20,14,26,-6,0.3333333333333333,0.23333333333333334,0.43333333333333335,0.0,80.0,84.16666666666667,88.33333333333333,82.93650793650794,84.72222222222223,86.5079365079365
2025-06-27,2025-06-26,4.39,4.4,-1.0,1,False,False,False,10.0,12.0,0.5,11.0,21.0,0.2857142857142857,6.0,32.0,0.1875,0.0,116.0,0.0603448275862069,2.9999999999999982,1.1272727272727259,0.2007518796992486,-0.0874131703250903,5,2,3,2,0.5,0.2,0.3,0.5,7,7,6,1,0.35,0.35,0.3,0.0,20,14,26,-6,0.3333333333333333,0.23333333333333334,0.43333333333333335,0.0,23.333333333333332,35.0,46.666666666666664,28.571428571428573,45.03968253968254,61.507936507936506
2025-06-30,2025-06-27,4.45,4.39,6.0,3,True,True,False,16.0,18.0,0.3333333333333333,17.0,27.0,0.2222222222222222,10.0,36.0,0.16666666666666666,8.0,120.0,0.058333333333333334,3.3000000000000007,1.5454545454545459,0.45939849624060153,-0.05773826062795217,6,1,3,3,0.6,0.1,0.3,1.0,7,7,6,1,0.35,0.35,0.3,0.0,21,14,25,-4,0.35,0.23333333333333334,0.4166666666666667,0.0,96.66666666666667,97.5,98.33333333333333,92.06349206349206,92.46031746031746,92.85714285714286
2025-07-01,2025-06-30,4.44,4.45,-1.0,1,False,False,False,14.0,18.0,0.3333333333333333,12.0,24.0,0.25,9.0,37.0,0.16216216216216217,5.0,119.0,0.058823529411764705,2.0999999999999996,1.9696969696969735,0.688721804511278,-0.02675743262017223,5,1,4,1,0.5,0.1,0.4,0.5,7,6,7,0,0.35,0.3,0.35,0.0,20,14,26,-6,0.3333333333333333,0.23333333333333334,0.43333333333333335,0.0,23.333333333333332,35.833333333333336,48.333333333333336,28.174603174603174,44.84126984126984,61.507936507936506
2025-07-02,2025-07-01,4.4,4.44,-4.0,1,False,False,False,4.0,16.0,0.375,9.0,27.0,0.2222222222222222,8.0,38.0,0.15789473684210525,5.0,119.0,0.058823529411764705,0.5000000000000071,1.963636363636366,0.8000000000000004,-0.009391497638232818,5,1,4,1,0.5,0.1,0.4,0.5,7,6,7,0,0.35,0.3,0.35,0.0,20,14,26,-6,0.3333333333333333,0.23333333333333334,0.43333333333333335,0.0,78.33333333333333,83.33333333333333,88.33333333333333,82.14285714285714,84.12698412698413,86.11111111111111
2025-07-03,2025-07-02,4.35,4.4,-5.0,1,False,False,False,-5.0,17.0,0.35294117647058826,7.0,29.0,0.20689655172413793,7.0,39.0,0.15384615384615385,2.0,122.0,0.05737704918032787,-1.299999999999999,1.3757575757575762,0.764661654135338,-0.0038899694359544696,5,1,4,1,0.5,0.1,0.4,0.5,7,6,7,0,0.35,0.3,0.35,0.0,20,14,26,-6,0.3333333333333333,0.23333333333333334,0.43333333333333335,0.0,88.33333333333333,91.66666666666667,95.0,86.11111111111111,88.88888888888889,91.66666666666667
2025-07-07,2025-07-03,4.33,4.35,-2.0,4,False,False,False,-6.0,18.0,0.3333333333333333,4.0,30.0,0.2,4.0,40.0,0.15,-7.0,117.0,0.05128205128205128,-3.30000000000001,0.6606060606060605,0.7060150375939844,0.010086135037510439,4,1,5,-1,0.4,0.1,0.5,-0.5,6,6,8,-2,0.3,0.3,0.4,0.0,19,14,27,-8,0.31666666666666665,0.23333333333333334,0.45,0.0,50.0,58.333333333333336,66.66666666666667,60.714285714285715,68.05555555555556,75.39682539682539
2025-07-08,2025-07-07,4.34,4.33,1.0,1,False,False,False,-11.0,13.0,0.38461538461538464,5.0,31.0,0.1935483870967742,5.0,41.0,0.14634146341463414,-8.0,116.0,0.05172413793103448,-2.7000000000000135,-0.04848484848485014,0.65563909774436,0.02948041122534034,5,0,5,0,0.5,0.0,0.5,0.0,7,5,8,-1,0.35,0.25,0.4,0.0,19,14,27,-8,0.31666666666666665,0.23333333333333334,0.45,0.0,23.333333333333332,36.666666666666664,50.0,27.77777777777778,44.24603174603175,60.714285714285715
2025-07-09,2025-07-08,4.32,4.34,-2.0,1,False,False,False,-12.0,14.0,0.35714285714285715,2.0,32.0,0.1875,3.0,43.0,0.13953488372093023,-5.0,113.0,0.05309734513274336,-1.6999999999999993,-0.8606060606060627,0.5691729323308263,0.037565990552931396,4,0,6,-2,0.4,0.0,0.6,-1.0,7,4,9,-2,0.35,0.2,0.45,0.0,19,14,27,-8,0.31666666666666665,0.23333333333333334,0.45,0.0,51.666666666666664,60.0,68.33333333333333,61.111111111111114,68.65079365079364,76.19047619047619
2025-07-10,2025-07-09,4.31,4.32,-1.0,1,False,False,False,-9.0,11.0,0.45454545454545453,-5.0,27.0,0.2222222222222222,3.0,43.0,0.13953488372093023,-2.0,110.0,0.05454545454545454,-0.8999999999999986,-1.3515151515151549,0.4481203007518785,0.037510419560989126,3,0,7,-4,0.3,0.0,0.7,-1.0,7,4,9,-2,0.35,0.2,0.45,0.0,19,14,27,-8,0.31666666666666665,0.23333333333333334,0.45,0.0,23.333333333333332,37.5,51.666666666666664,27.77777777777778,44.44444444444444,61.111111111111114
2025-07-11,2025-07-10,4.31,4.31,0.0,1,False,False,False,-4.0,6.0,0.3333333333333333,-9.0,23.0,0.2608695652173913,3.0,43.0,0.13953488372093023,-2.0,110.0,0.05454545454545454,-0.7000000000000117,-1.515151515151519,0.32255639097744204,0.037565990552931264,2,1,7,-5,0.2,0.1,0.7,-1.0,7,4,9,-2,0.35,0.2,0.45,0.0,19,14,27,-8,0.31666666666666665,0.23333333333333334,0.45,0.0,0.0,11.666666666666666,23.333333333333332,0.0,13.88888888888889,27.77777777777778
2025-07-14,2025-07-11,4.33,4.31,2.0,3,False,False,False,0.0,6.0,0.3333333333333333,-6.0,24.0,0.25,5.0,45.0,0.13333333333333333,-3.0,109.0,0.05504587155963303,-0.3000000000000025,-1.5272727272727324,0.22105263157894614,0.046096137816059965,3,1,6,-3,0.3,0.1,0.6,-1.0,8,3,9,-1,0.4,0.15,0.45,0.0,19,14,27,-8,0.31666666666666665,0.23333333333333334,0.45,0.0,53.333333333333336,62.5,71.66666666666667,61.111111111111114,68.65079365079364,76.19047619047619
2025-07-15,2025-07-14,4.37,4.33,4.0,1,False,False,False,3.0,9.0,0.4444444444444444,-8.0,22.0,0.22727272727272727,9.0,49.0,0.12244897959183673,6.0,108.0,0.05555555555555555,1.200000000000001,-0.848484848484852,0.16917293233082625,0.05287579883300906,3,1,6,-3,0.3,0.1,0.6,-1.0,9,2,9,0,0.45,0.1,0.45,0.0,20,14,26,-6,0.3333333333333333,0.23333333333333334,0.43333333333333335,0.0,81.66666666666667,85.83333333333333,90.0,82.14285714285714,84.32539682539682,86.5079365079365
2025-07-16,2025-07-15,4.34,4.37,-3.0,1,False,False,False,2.0,10.0,0.4,-10.0,24.0,0.20833333333333334,2.0,48.0,0.125,2.0,110.0,0.05454545454545454,1.20000000000001,-0.30303030303030465,0.1240601503759392,0.05609891636565704,3,1,6,-3,0.3,0.1,0.6,-1.5,8,2,10,-2,0.4,0.1,0.5,-0.5,19,14,27,-8,0.31666666666666665,0.23333333333333334,0.45,0.0,73.33333333333333,77.5,81.66666666666667,75.7936507936508,78.76984126984127,81.74603174603175
2025-07-17,2025-07-16,4.34,4.34,0.0,1,False,False,False,3.0,9.0,0.4444444444444444,-6.0,20.0,0.25,3.0,47.0,0.1276595744680851,2.0,110.0,0.05454545454545454,0.7000000000000028,0.0969696969696976,0.060150375939848136,0.059210891914420596,3,2,5,-2,0.3,0.2,0.5,-0.5,8,3,9,-1,0.4,0.15,0.45,0.0,19,14,27,-8,0.31666666666666665,0.23333333333333334,0.45,0.0,0.0,11.666666666666666,23.333333333333332,0.0,13.492063492063492,26.984126984126984
2025-07-18,2025-07-17,4.3,4.34,-4.0,1,False,False,False,-1.0,13.0,0.3076923076923077,-5.0,19.0,0.21052631578947367,2.0,48.0,0.125,0.0,112.0,0.05357142857142857,-0.9000000000000075,0.018181818181816717,-0.11278195488721945,0.05226451792164477,3,2,5,-2,0.3,0.2,0.5,-0.5,8,3,9,-1,0.4,0.15,0.45,0.0,19,14,27,-8,0.31666666666666665,0.23333333333333334,0.45,0.0,81.66666666666667,86.66666666666667,91.66666666666667,81.74603174603175,84.12698412698413,86.5079365079365
2025-07-21,2025-07-18,4.28,4.3,-2.0,3,False,False,False,-5.0,13.0,0.3076923076923077,-5.0,19.0,0.21052631578947367,-1.0,49.0,0.12244897959183673,0.0,112.0,0.05357142857142857,-2.1999999999999975,-0.24242424242424104,-0.3015037593984972,0.038649624895804334,3,2,5,-2,0.3,0.2,0.5,-0.5,7,3,10,-3,0.35,0.15,0.5,-0.5,19,14,27,-8,0.31666666666666665,0.23333333333333334,0.45,0.0,51.666666666666664,60.833333333333336,70.0,59.92063492063492,67.46031746031746,75.0
2025-07-22,2025-07-21,4.28,4.28,0.0,1,False,False,False,-9.0,9.0,0.4444444444444444,-6.0,18.0,0.2222222222222222,-1.0,49.0,0.12244897959183673,-1.0,111.0,0.05405405405405406,-1.7999999999999883,-0.3757575757575731,-0.4887218045112788,0.02672964712420115,2,3,5,-3,0.2,0.3,0.5,-0.5,7,3,10,-3,0.35,0.15,0.5,-0.5,18,15,27,-9,0.3,0.25,0.45,0.0,0.0,11.666666666666666,23.333333333333332,0.0,13.293650793650794,26.58730158730159
2025-07-23,2025-07-22,4.28,4.28,0.0,1,False,False,False,-6.0,6.0,0.6666666666666666,-4.0,16.0,0.25,-2.0,48.0,0.125,-5.0,107.0,0.056074766355140186,-1.399999999999988,-0.5696969696969635,-0.658646616541354,0.021644901361489333,2,4,4,-2,0.2,0.4,0.4,0.0,6,4,10,-4,0.3,0.2,0.5,-0.5,17,16,27,-10,0.2833333333333333,0.26666666666666666,0.45,0.0,0.0,12.5,25.0,0.0,13.293650793650794,26.58730158730159
2025-07-24,2025-07-23,4.3,4.28,2.0,1,False,False,False,-4.0,8.0,0.5,-1.0,17.0,0.23529411764705882,-6.0,44.0,0.13636363636363635,-6.0,106.0,0.05660377358490566,0.0,-0.6727272727272697,-0.7022556390977449,0.02520144484579055,3,4,3,0,0.3,0.4,0.3,0.0,6,4,10,-4,0.3,0.2,0.5,-0.5,17,16,27,-10,0.2833333333333333,0.26666666666666666,0.45,0.0,53.333333333333336,62.5,71.66666666666667,59.523809523809526,67.26190476190476,75.0
2025-07-25,2025-07-24,4.36,4.3,6.0,1,False,False,False,6.0,10.0,0.6,5.0,23.0,0.2608695652173913,-4.0,46.0,0.13043478260869565,0.0,112.0,0.05357142857142857,1.7999999999999972,-0.436363636363634,-0.5879699248120296,0.038927479855515576,4,3,3,1,0.4,0.3,0.3,0.0,6,4,10,-4,0.3,0.2,0.5,-0.5,18,15,27,-9,0.3,0.25,0.45,0.0,96.66666666666667,98.33333333333333,100.0,92.06349206349206,92.65873015873017,93.25396825396825
2025-07-28,2025-07-25,4.36,4.36,0.0,3,False,False,False,8.0,8.0,0.75,3.0,21.0,0.2857142857142857,-3.0,45.0,0.13333333333333333,-5.0,107.0,0.056074766355140186,2.400000000000002,-0.12727272727272348,-0.4834586466165409,0.06112809113642701,3,4,3,0,0.3,0.4,0.3,0.0,6,5,9,-3,0.3,0.25,0.45,0.0,17,16,27,-10,0.2833333333333333,0.26666666666666666,0.45,0.0,0.0,12.5,25.0,0.0,13.293650793650794,26.58730158730159
2025-07-29,2025-07-28,4.36,4.36,0.0,1,False,False,False,8.0,8.0,0.75,-1.0,17.0,0.35294117647058826,-9.0,39.0,0.15384615384615385,-3.0,105.0,0.05714285714285714,2.2000000000000064,0.4121212121212173,-0.2796992481202997,0.08021672686857483,2,5,3,-1,0.2,0.5,0.3,0.0,5,6,9,-4,0.25,0.3,0.45,0.0,17,17,26,-9,0.2833333333333333,0.2833333333333333,0.43333333333333335,0.0,0.0,13.333333333333334,26.666666666666668,0.0,13.492063492063492,26.984126984126984
2025-07-30,2025-07-29,4.32,4.36,-4.0,1,False,False,False,4.0,12.0,0.5,-2.0,18.0,0.3333333333333333,-12.0,42.0,0.14285714285714285,-4.0,106.0,0.05660377358490566,0.40000000000000924,0.54545454545455,-0.1353383458646598,0.08782995276465716,2,5,3,-1,0.2,0.5,0.3,0.0,5,6,9,-4,0.25,0.3,0.45,0.0,17,17,26,-9,0.2833333333333333,0.2833333333333333,0.43333333333333335,0.0,81.66666666666667,86.66666666666667,91.66666666666667,80.95238095238095,83.53174603174604,86.11111111111111
2025-07-31,2025-07-30,4.39,4.32,7.0,1,True,False,False,9.0,17.0,0.4117647058823529,5.0,25.0,0.28,-1.0,45.0,0.15555555555555556,6.0,110.0,0.06363636363636363,0.19999999999998685,1.084848484848485,0.06390977443609207,0.1020561267018619,3,4,3,0,0.3,0.4,0.3,0.0,6,6,8,-2,0.3,0.3,0.4,0.0,18,17,25,-7,0.3,0.2833333333333333,0.4166666666666667,0.0,100.0,100.0,100.0,93.25396825396825,94.04761904761905,94.84126984126983
2025-08-01,2025-07-31,4.34,4.39,-5.0,1,False,False,False,-2.0,16.0,0.4375,4.0,26.0,0.2692307692307692,-1.0,45.0,0.15555555555555556,2.0,114.0,0.06140350877192982,-0.10000000000001563,1.0242424242424208,0.11428571428571531,0.10605723812170074,3,4,3,0,0.3,0.4,0.3,0.0,6,6,8,-2,0.3,0.3,0.4,0.0,18,17,25,-7,0.3,0.2833333333333333,0.4166666666666667,0.0,90.0,91.66666666666667,93.33333333333333,85.71428571428571,88.4920634920635,91.26984126984127
2025-08-04,2025-08-01,4.33,4.34,-1.0,3,False,False,False,-3.0,17.0,0.4117647058823529,5.0,25.0,0.28,0.0,44.0,0.1590909090909091,3.0,113.0,0.061946902654867256,-0.40000000000000924,0.7272727272727242,0.12030075187970042,0.1049180327868855,3,4,3,0,0.3,0.4,0.3,0.0,6,6,8,-2,0.3,0.3,0.4,0.0,18,17,25,-7,0.3,0.2833333333333333,0.4166666666666667,0.0,28.333333333333332,40.833333333333336,53.333333333333336,26.58730158730159,42.26190476190476,57.93650793650794
2025-08-05,2025-08-04,4.34,4.33,1.0,1,False,False,False,-2.0,18.0,0.3888888888888889,6.0,26.0,0.2692307692307692,0.0,44.0,0.1590909090909091,5.0,113.0,0.061946902654867256,-0.20000000000000462,0.42424242424242065,0.15639097744360972,0.10355654348430142,4,3,3,1,0.4,0.3,0.3,0.0,6,6,8,-2,0.3,0.3,0.4,0.0,19,17,24,-5,0.31666666666666665,0.2833333333333333,0.4,0.0,28.333333333333332,41.666666666666664,55.0,26.19047619047619,42.06349206349206,57.93650793650794
2025-08-06,2025-08-05,4.34,4.34,0.0,1,False,False,False,2.0,14.0,0.5,6.0,26.0,0.2692307692307692,2.0,42.0,0.16666666666666666,6.0,112.0,0.0625,-0.9999999999999964,0.04848484848484476,0.1609022556390986,0.10022228396776908,4,3,3,1,0.4,0.3,0.3,0.0,6,7,7,-1,0.3,0.35,0.35,0.0,19,18,23,-4,0.31666666666666665,0.3,0.38333333333333336,0.0,0.0,14.166666666666666,28.333333333333332,0.0,13.095238095238095,26.19047619047619
2025-08-07,2025-08-06,4.35,4.34,1.0,1,False,False,False,-4.0,8.0,0.625,5.0,25.0,0.28,4.0,42.0,0.16666666666666666,7.0,113.0,0.061946902654867256,0.2999999999999936,-0.21212121212121945,0.16090225563909744,0.09819394276187852,4,3,3,1,0.4,0.3,0.3,0.0,7,7,6,1,0.35,0.35,0.3,0.0,20,17,23,-3,0.3333333333333333,0.2833333333333333,0.38333333333333336,0.0,30.0,42.5,55.0,26.58730158730159,42.65873015873016,58.73015873015873
2025-08-08,2025-08-07,4.35,4.35,0.0,1,False,False,False,1.0,3.0,0.3333333333333333,-1.0,19.0,0.3684210526315789,4.0,42.0,0.16666666666666666,5.0,111.0,0.06306306306306306,0.49999999999998934,-0.13333333333334071,0.15488721804511135,0.09916643512086706,3,4,3,0,0.3,0.4,0.3,0.0,7,7,6,1,0.35,0.35,0.3,0.0,19,18,23,-4,0.31666666666666665,0.3,0.38333333333333336,0.0,0.0,14.166666666666666,28.333333333333332,0.0,13.095238095238095,26.19047619047619
2025-08-11,2025-08-08,4.34,4.35,-1.0,3,False,False,False,1.0,3.0,0.3333333333333333,-2.0,20.0,0.35,1.0,41.0,0.17073170731707318,5.0,111.0,0.06306306306306306,0.09999999999999787,-0.09696969696970244,0.16015037593984807,0.09652681300361224,3,3,4,-1,0.3,0.3,0.4,0.0,6,7,7,-1,0.3,0.35,0.35,0.0,19,18,23,-4,0.31666666666666665,0.3,0.38333333333333336,0.0,30.0,43.333333333333336,56.666666666666664,26.58730158730159,42.857142857142854,59.12698412698413
2025-08-12,2025-08-11,4.36,4.34,2.0,1,False,False,False,2.0,4.0,0.5,0.0,22.0,0.3181818181818182,-1.0,39.0,0.1794871794871795,5.0,111.0,0.06306306306306306,0.30000000000001137,0.07272727272727225,0.25563909774436,0.10027785495971114,4,2,4,0,0.4,0.2,0.4,0.0,6,7,7,-1,0.3,0.35,0.35,0.0,19,18,23,-4,0.31666666666666665,0.3,0.38333333333333336,0.0,56.666666666666664,64.16666666666667,71.66666666666667,59.12698412698413,66.86507936507937,74.60317460317461
2025-08-13,2025-08-12,4.33,4.36,-3.0,1,False,False,False,-1.0,7.0,0.42857142857142855,1.0,21.0,0.3333333333333333,-1.0,39.0,0.1794871794871795,3.0,113.0,0.061946902654867256,-0.2999999999999847,-0.18787878787878495,0.2624060150375929,0.09713809391497648,4,2,4,0,0.4,0.2,0.4,0.0,6,7,7,-1,0.3,0.35,0.35,0.0,19,18,23,-4,0.31666666666666665,0.3,0.38333333333333336,0.0,71.66666666666667,74.16666666666667,76.66666666666667,74.60317460317461,77.38095238095238,80.15873015873017
2025-08-14,2025-08-13,4.34,4.33,1.0,1,False,False,False,-1.0,7.0,0.42857142857142855,-5.0,15.0,0.3333333333333333,0.0,40.0,0.175,5.0,113.0,0.061946902654867256,-0.2999999999999936,0.060606060606062,0.28496240601503603,0.09377604890247299,4,2,4,0,0.4,0.2,0.4,0.0,7,6,7,0,0.35,0.3,0.35,0.0,20,18,22,-2,0.3333333333333333,0.3,0.36666666666666664,0.0,30.0,42.5,55.0,26.19047619047619,42.26190476190476,58.333333333333336
2025-08-15,2025-08-14,4.36,4.34,2.0,1,False,False,False,1.0,9.0,0.3333333333333333,2.0,12.0,0.25,6.0,38.0,0.18421052631578946,9.0,113.0,0.061946902654867256,0.20000000000000462,0.1454545454545488,0.27293233082706625,0.09002500694637404,5,2,3,2,0.5,0.2,0.3,0.5,8,6,6,2,0.4,0.3,0.3,0.0,21,18,21,0,0.35,0.3,0.35,0.0,55.0,62.5,70.0,58.333333333333336,66.26984126984127,74.2063492063492
2025-08-18,2025-08-15,4.34,4.36,-2.0,3,False,False,False,0.0,10.0,0.3,1.0,13.0,0.23076923076923078,6.0,38.0,0.18421052631578946,8.0,114.0,0.06140350877192982,-0.10000000000000675,0.030303030303033964,0.19172932330826933,0.08080022228396777,5,2,3,2,0.5,0.2,0.3,0.5,8,6,6,2,0.4,0.3,0.3,0.0,21,18,21,0,0.35,0.3,0.35,0.0,55.0,62.5,70.0,57.93650793650794,66.07142857142857,74.2063492063492
2025-08-19,2025-08-18,4.33,4.34,-1.0,1,False,False,False,-3.0,9.0,0.3333333333333333,-1.0,13.0,0.23076923076923078,5.0,39.0,0.1794871794871795,7.0,115.0,0.06086956521739131,0.0,-0.08484848484848088,0.08721804511278104,0.06949152542372876,4,2,4,0,0.4,0.2,0.4,0.0,8,5,7,1,0.4,0.25,0.35,0.0,21,17,22,-1,0.35,0.2833333333333333,0.36666666666666664,0.0,30.0,41.666666666666664,53.333333333333336,25.0,41.26984126984127,57.53968253968254
2025-08-20,2025-08-19,4.31,4.33,-2.0,1,False,False,False,-2.0,8.0,0.25,-3.0,15.0,0.2,3.0,41.0,0.17073170731707318,5.0,117.0,0.05982905982905983,-0.9000000000000075,-0.2969696969696955,-0.05338345864661767,0.05451514309530411,4,1,5,-1,0.4,0.1,0.5,-0.5,8,4,8,0,0.4,0.2,0.4,0.0,21,16,23,-2,0.35,0.26666666666666666,0.38333333333333336,0.0,53.333333333333336,61.666666666666664,70.0,57.53968253968254,65.87301587301587,74.2063492063492
2025-08-21,2025-08-20,4.32,4.31,1.0,1,False,False,False,-2.0,8.0,0.25,-3.0,15.0,0.2,2.0,40.0,0.175,1.0,113.0,0.061946902654867256,-1.1000000000000032,-0.35151515151514995,-0.1526315789473694,0.04937482634065001,4,1,5,-1,0.4,0.1,0.5,-0.5,8,4,8,0,0.4,0.2,0.4,0.0,21,16,23,-2,0.35,0.26666666666666666,0.38333333333333336,0.0,26.666666666666668,39.166666666666664,51.666666666666664,25.0,41.26984126984127,57.53968253968254
2025-08-22,2025-08-21,4.36,4.32,4.0,1,False,False,False,0.0,10.0,0.4,1.0,19.0,0.21052631578947367,0.0,38.0,0.18421052631578946,3.0,115.0,0.06086956521739131,0.30000000000001137,-0.15151515151515044,-0.10300751879699248,0.05412614615170869,5,0,5,0,0.5,0.0,0.5,0.0,8,4,8,0,0.4,0.2,0.4,0.0,21,16,23,-2,0.35,0.26666666666666666,0.38333333333333336,0.0,78.33333333333333,84.16666666666667,90.0,80.15873015873017,82.93650793650794,85.71428571428571
2025-08-25,2025-08-22,4.37,4.36,1.0,3,False,False,False,3.0,9.0,0.4444444444444444,3.0,19.0,0.21052631578947367,1.0,39.0,0.1794871794871795,4.0,116.0,0.0603448275862069,1.3000000000000078,0.024242424242424263,-0.039097744360901625,0.0603500972492358,6,0,4,2,0.6,0.0,0.4,1.0,9,3,8,1,0.45,0.15,0.4,0.0,22,15,23,-1,0.36666666666666664,0.25,0.38333333333333336,0.0,26.666666666666668,40.0,53.333333333333336,24.603174603174605,41.07142857142857,57.53968253968254
2025-08-26,2025-08-25,4.38,4.37,1.0,1,False,False,False,5.0,9.0,0.4444444444444444,2.0,18.0,0.2222222222222222,2.0,40.0,0.175,3.0,115.0,0.06086956521739131,1.900000000000004,0.3515151515151521,0.03759398496240702,0.07138093914976364,6,0,4,2,0.6,0.0,0.4,1.0,10,2,8,2,0.5,0.1,0.4,0.5,22,15,23,-1,0.36666666666666664,0.25,0.38333333333333336,0.0,25.0,39.166666666666664,53.333333333333336,24.206349206349206,40.87301587301587,57.53968253968254
2025-08-27,2025-08-26,4.36,4.38,-2.0,1,False,False,False,5.0,9.0,0.4444444444444444,3.0,17.0,0.23529411764705882,4.0,38.0,0.18421052631578946,1.0,117.0,0.05982905982905983,0.9999999999999964,0.3454545454545478,0.019548872180453116,0.07896637954987475,6,0,4,2,0.6,0.0,0.4,1.0,10,2,8,2,0.5,0.1,0.4,0.5,22,14,24,-2,0.36666666666666664,0.23333333333333334,0.4,0.0,55.0,62.5,70.0,57.53968253968254,65.87301587301587,74.2063492063492
2025-08-28,2025-08-27,4.34,4.36,-2.0,1,False,False,False,2.0,10.0,0.4,0.0,18.0,0.2222222222222222,-5.0,33.0,0.15151515151515152,2.0,116.0,0.0603448275862069,-0.5000000000000071,0.26060606060606045,0.07744360902255774,0.07813281467074167,5,0,5,0,0.5,0.0,0.5,0.0,9,2,9,0,0.45,0.1,0.45,0.0,22,14,24,-2,0.36666666666666664,0.23333333333333334,0.4,0.0,53.333333333333336,61.666666666666664,70.0,57.142857142857146,65.67460317460318,74.2063492063492
2025-08-29,2025-08-28,4.34,4.34,0.0,1,True,False,False,-2.0,6.0,0.3333333333333333,-2.0,16.0,0.25,0.0,28.0,0.14285714285714285,6.0,112.0,0.0625,-1.0000000000000053,0.3090909090909095,0.0639097744360912,0.07040844679077501,4,1,5,-1,0.4,0.1,0.5,-0.5,9,3,8,1,0.45,0.15,0.4,0.0,22,15,23,-1,0.36666666666666664,0.25,0.38333333333333336,0.0,0.0,11.666666666666666,23.333333333333332,0.0,11.904761904761905,23.80952380952381
2025-09-02,2025-08-29,4.39,4.34,5.0,4,False,False,False,2.0,10.0,0.5,5.0,19.0,0.2631578947368421,6.0,32.0,0.15625,10.0,116.0,0.0603448275862069,-8.881784197001252e-15,0.5212121212121187,0.10601503759398564,0.07224228952486776,5,1,4,1,0.5,0.1,0.4,0.5,10,3,7,3,0.5,0.15,0.35,0.5,22,15,23,-1,0.36666666666666664,0.25,0.38333333333333336,0.0,90.0,91.66666666666667,93.33333333333333,85.71428571428571,88.4920634920635,91.26984126984127
2025-09-03,2025-09-02,4.39,4.39,0.0,1,False,False,False,1.0,9.0,0.5555555555555556,6.0,18.0,0.2777777777777778,5.0,31.0,0.16129032258064516,10.0,116.0,0.0603448275862069,1.0999999999999854,0.6060606060606023,0.15488721804511288,0.07352042233953844,5,2,3,2,0.5,0.2,0.3,0.5,9,4,7,2,0.45,0.2,0.35,0.0,22,15,23,-1,0.36666666666666664,0.25,0.38333333333333336,0.0,0.0,12.5,25.0,0.0,12.103174603174603,24.206349206349206
2025-09-04,2025-09-03,4.41,4.39,2.0,1,False,False,False,5.0,9.0,0.5555555555555556,10.0,18.0,0.2777777777777778,7.0,33.0,0.15151515151515152,12.0,118.0,0.059322033898305086,1.900000000000004,0.5939393939393888,0.22481203007518819,0.0775215337593773,6,2,2,4,0.6,0.2,0.2,1.0,10,3,7,3,0.5,0.15,0.35,0.5,23,14,23,0,0.38333333333333336,0.23333333333333334,0.38333333333333336,0.0,53.333333333333336,62.5,71.66666666666667,56.74603174603175,65.27777777777777,73.80952380952381
2025-09-05,2025-09-04,4.42,4.41,1.0,1,False,False,False,8.0,8.0,0.625,10.0,18.0,0.2777777777777778,7.0,33.0,0.15151515151515152,14.0,118.0,0.059322033898305086,1.800000000000006,0.581818181818178,0.31428571428571395,0.08080022228396751,6,2,2,4,0.6,0.2,0.2,1.0,10,3,7,3,0.5,0.15,0.35,0.5,24,14,22,2,0.4,0.23333333333333334,0.36666666666666664,0.0,23.333333333333332,37.5,51.666666666666664,24.206349206349206,40.476190476190474,56.74603174603175
2025-09-08,2025-09-05,4.4,4.42,-2.0,3,False,False,False,6.0,10.0,0.5,4.0,16.0,0.3125,5.0,35.0,0.14285714285714285,12.0,120.0,0.058333333333333334,0.500000000000016,0.6060606060606066,0.364661654135338,0.0800222283967767,5,2,3,2,0.5,0.2,0.3,0.5,10,2,8,2,0.5,0.1,0.4,0.5,24,13,23,1,0.4,0.21666666666666667,0.38333333333333336,0.0,51.666666666666664,61.666666666666664,71.66666666666667,56.74603174603175,65.27777777777777,73.80952380952381
2025-09-09,2025-09-08,4.4,4.4,0.0,1,False,False,False,1.0,5.0,0.4,3.0,15.0,0.3333333333333333,6.0,34.0,0.14705882352941177,12.0,120.0,0.058333333333333334,0.10000000000001563,0.6484848484848519,0.3917293233082705,0.07857738260627943,4,3,3,1,0.4,0.3,0.3,0.0,10,3,7,3,0.5,0.15,0.35,0.5,24,13,23,1,0.4,0.21666666666666667,0.38333333333333336,0.0,0.0,10.833333333333334,21.666666666666668,0.0,12.103174603174603,24.206349206349206
2025-09-10,2025-09-09,4.39,4.4,-1.0,1,False,False,False,0.0,6.0,0.3333333333333333,1.0,15.0,0.3333333333333333,3.0,33.0,0.15151515151515152,11.0,121.0,0.05785123966942149,-0.600000000000005,0.6666666666666675,0.4270676691729321,0.0748263406501805,3,3,4,-1,0.3,0.3,0.4,0.0,9,3,8,1,0.45,0.15,0.4,0.0,24,12,24,0,0.4,0.2,0.4,0.0,21.666666666666668,35.833333333333336,50.0,24.603174603174605,40.67460317460318,56.74603174603175
2025-09-11,2025-09-10,4.41,4.39,2.0,1,False,False,False,0.0,6.0,0.3333333333333333,5.0,15.0,0.3333333333333333,8.0,32.0,0.15625,9.0,119.0,0.058823529411764705,-0.3000000000000025,0.6484848484848524,0.4390977443609023,0.0805223673242567,4,3,3,1,0.4,0.3,0.3,0.0,10,3,7,3,0.5,0.15,0.35,0.5,24,12,24,0,0.4,0.2,0.4,0.0,50.0,60.833333333333336,71.66666666666667,56.74603174603175,65.27777777777777,73.80952380952381
2025-09-12,2025-09-11,4.42,4.41,1.0,1,False,False,False,0.0,6.0,0.3333333333333333,8.0,14.0,0.35714285714285715,8.0,32.0,0.15625,11.0,119.0,0.058823529411764705,0.49999999999998934,0.4909090909090939,0.46917293233082674,0.08566268407891069,5,3,2,3,0.5,0.3,0.2,0.5,10,3,7,3,0.5,0.15,0.35,0.5,25,12,23,2,0.4166666666666667,0.2,0.38333333333333336,0.0,20.0,35.0,50.0,24.206349206349206,40.27777777777778,56.34920634920635
2025-09-15,2025-09-12,4.51,4.42,9.0,3,False,False,False,11.0,13.0,0.6923076923076923,17.0,23.0,0.391304347826087,15.0,39.0,0.23076923076923078,23.0,125.0,0.072,2.499999999999991,0.7272727272727285,0.6473684210526314,0.09986107252014435,6,2,2,4,0.6,0.2,0.2,1.0,10,3,7,3,0.5,0.15,0.35,0.5,26,12,22,4,0.43333333333333335,0.2,0.36666666666666664,0.0,100.0,100.0,100.0,94.84126984126983,96.03174603174604,97.22222222222223
2025-09-16,2025-09-15,4.39,4.51,-12.0,1,False,False,False,-1.0,25.0,0.48,0.0,30.0,0.4,5.0,49.0,0.24489795918367346,10.0,136.0,0.08823529411764706,0.9999999999999964,0.436363636363634,0.5999999999999992,0.09480411225340356,5,2,3,2,0.5,0.2,0.3,0.5,10,3,7,3,0.5,0.15,0.35,0.5,25,12,23,2,0.4166666666666667,0.2,0.38333333333333336,0.0,100.0,100.0,100.0,97.22222222222223,97.61904761904762,98.01587301587301
2025-09-17,2025-09-16,4.38,4.39,-1.0,1,False,False,False,-1.0,25.0,0.48,-1.0,31.0,0.3870967741935484,5.0,49.0,0.24489795918367346,9.0,137.0,0.08759124087591241,-0.9000000000000075,0.09090909090908628,0.5150375939849615,0.08755209780494565,5,1,4,1,0.5,0.1,0.4,0.5,10,3,7,3,0.5,0.15,0.35,0.5,25,11,24,1,0.4166666666666667,0.18333333333333332,0.4,0.0,20.0,34.166666666666664,48.333333333333336,23.80952380952381,39.682539682539684,55.55555555555556
2025-09-18,2025-09-17,4.14,4.38,-24.0,1,False,False,False,-27.0,47.0,0.5106382978723404,-27.0,53.0,0.4528301886792453,-17.0,71.0,0.3380281690140845,-16.0,160.0,0.15,-6.900000000000004,-1.4181818181818235,0.04812030075187787,0.04215059738816311,4,1,5,-1,0.4,0.1,0.5,-0.5,10,3,7,3,0.5,0.15,0.35,0.5,24,11,25,-1,0.4,0.18333333333333332,0.4166666666666667,0.0,100.0,100.0,100.0,99.2063492063492,99.2063492063492,99.2063492063492
2025-09-19,2025-09-18,4.14,4.14,0.0,1,False,False,False,-28.0,46.0,0.5217391304347826,-28.0,52.0,0.46153846153846156,-18.0,70.0,0.34285714285714286,-22.0,154.0,0.15584415584415584,-9.900000000000002,-2.5333333333333403,-0.37744360902255814,0.007807724367879697,3,2,5,-2,0.3,0.2,0.5,-0.5,9,4,7,2,0.45,0.2,0.35,0.0,23,12,25,-2,0.38333333333333336,0.2,0.4166666666666667,0.0,0.0,9.166666666666666,18.333333333333332,0.0,11.706349206349206,23.41269841269841
2025-09-22,2025-09-19,4.14,4.14,0.0,3,False,False,False,-37.0,37.0,0.6486486486486487,-26.0,50.0,0.48,-22.0,66.0,0.36363636363636365,-26.0,150.0,0.16,-7.400000000000003,-3.4424242424242477,-0.7127819548872196,-0.018532925812726014,3,3,4,-1,0.3,0.3,0.4,0.0,8,5,7,1,0.4,0.25,0.35,0.0,22,13,25,-3,0.36666666666666664,0.21666666666666667,0.4166666666666667,0.0,0.0,10.0,20.0,0.0,11.904761904761905,23.80952380952381
2025-09-23,2025-09-22,4.12,4.14,-2.0,1,False,False,False,-27.0,27.0,0.8888888888888888,-28.0,52.0,0.46153846153846156,-25.0,67.0,0.3582089552238806,-27.0,151.0,0.15894039735099338,-5.199999999999996,-4.145454545454546,-1.0278195488721813,-0.04840233398166185,3,2,5,-2,0.3,0.2,0.5,-0.5,7,5,8,-1,0.35,0.25,0.4,0.0,22,13,25,-3,0.36666666666666664,0.21666666666666667,0.4166666666666667,0.0,50.0,61.666666666666664,73.33333333333333,55.55555555555556,64.28571428571429,73.01587301587301
2025-09-24,2025-09-23,4.13,4.12,1.0,1,False,False,False,-25.0,27.0,0.8888888888888888,-26.0,52.0,0.46153846153846156,-25.0,67.0,0.3582089552238806,-32.0,146.0,0.1643835616438356,-0.3999999999999915,-4.521212121212122,-1.2751879699248132,-0.06496248958043928,4,2,4,0,0.4,0.2,0.4,0.0,7,5,8,-1,0.35,0.25,0.4,0.0,22,13,25,-3,0.36666666666666664,0.21666666666666667,0.4166666666666667,0.0,21.666666666666668,35.0,48.333333333333336,23.80952380952381,39.682539682539684,55.55555555555556
2025-09-25,2025-09-24,4.18,4.13,5.0,1,False,False,False,4.0,8.0,0.625,-23.0,55.0,0.43636363636363634,-18.0,70.0,0.34285714285714286,-26.0,150.0,0.16,0.7000000000000028,-4.175757575757576,-1.445112781954888,-0.07324256737982797,4,2,4,0,0.4,0.2,0.4,0.0,8,5,7,1,0.4,0.25,0.35,0.0,23,13,24,-1,0.38333333333333336,0.21666666666666667,0.4,0.0,86.66666666666667,89.16666666666667,91.66666666666667,85.31746031746032,87.89682539682539,90.47619047619048
2025-09-26,2025-09-25,4.16,4.18,-2.0,1,False,False,False,2.0,10.0,0.5,-26.0,56.0,0.42857142857142855,-18.0,70.0,0.34285714285714286,-24.0,148.0,0.16216216216216217,1.0000000000000053,-3.593939393939391,-1.64812030075188,-0.09013614893025855,3,2,5,-2,0.3,0.2,0.5,-0.5,8,5,7,1,0.4,0.25,0.35,0.0,23,13,24,-1,0.38333333333333336,0.21666666666666667,0.4,0.0,48.333333333333336,60.833333333333336,73.33333333333333,55.55555555555556,64.48412698412699,73.41269841269842
2025-09-29,2025-09-26,4.13,4.16,-3.0,3,False,False,False,-1.0,13.0,0.38461538461538464,-38.0,50.0,0.48,-21.0,73.0,0.3287671232876712,-22.0,146.0,0.1643835616438356,0.4999999999999982,-2.2606060606060576,-1.866917293233083,-0.11908863573214805,2,2,6,-4,0.2,0.2,0.6,-1.5,8,4,8,0,0.4,0.2,0.4,0.0,23,13,24,-1,0.38333333333333336,0.21666666666666667,0.4,0.0,75.0,76.66666666666667,78.33333333333333,73.41269841269842,76.19047619047619,78.96825396825396
2025-09-30,2025-09-29,4.24,4.13,11.0,1,True,True,False,12.0,22.0,0.5,-15.0,49.0,0.4897959183673469,-15.0,79.0,0.3037974683544304,-9.0,155.0,0.15483870967741936,1.7000000000000082,-0.6666666666666627,-1.8180451127819555,-0.1321756043345375,3,2,5,-2,0.3,0.2,0.5,-0.5,8,4,8,0,0.4,0.2,0.4,0.0,24,13,23,1,0.4,0.21666666666666667,0.38333333333333336,0.0,96.66666666666667,96.66666666666667,96.66666666666667,96.82539682539682,96.82539682539682,96.82539682539682
2025-10-01,2025-09-30,4.2,4.24,-4.0,1,False,False,False,7.0,25.0,0.44,-18.0,52.0,0.46153846153846156,-19.0,83.0,0.2891566265060241,-14.0,158.0,0.1518987341772152,1.20000000000001,0.8242424242424298,-1.803759398496241,-0.14962489580439026,3,2,5,-2,0.3,0.2,0.5,-1.0,8,3,9,-1,0.4,0.15,0.45,0.0,23,13,24,-1,0.38333333333333336,0.21666666666666667,0.4,0.0,78.33333333333333,81.66666666666667,85.0,78.57142857142857,81.54761904761905,84.52380952380952
2025-10-02,2025-10-01,4.2,4.2,0.0,1,False,False,False,2.0,20.0,0.55,6.0,28.0,0.39285714285714285,-21.0,81.0,0.2962962962962963,-12.0,156.0,0.15384615384615385,1.5000000000000036,0.9333333333333387,-1.7293233082706763,-0.1696860238955266,3,3,4,-1,0.3,0.3,0.4,0.0,7,4,9,-2,0.35,0.2,0.45,0.0,23,14,23,0,0.38333333333333336,0.23333333333333334,0.38333333333333336,0.0,0.0,10.833333333333334,21.666666666666668,0.0,11.507936507936508,23.015873015873016
2025-10-03,2025-10-02,4.18,4.2,-2.0,1,False,False,False,2.0,20.0,0.55,4.0,30.0,0.36666666666666664,-24.0,82.0,0.2926829268292683,-13.0,157.0,0.15286624203821655,0.5999999999999961,0.8606060606060627,-1.6360902255639098,-0.19405390386218413,3,2,5,-2,0.3,0.2,0.5,-1.0,6,4,10,-4,0.3,0.2,0.5,-0.5,23,14,23,0,0.38333333333333336,0.23333333333333334,0.38333333333333336,0.0,48.333333333333336,60.0,71.66666666666667,53.96825396825397,63.095238095238095,72.22222222222223
2025-10-06,2025-10-03,4.15,4.18,-3.0,3,False,False,False,2.0,20.0,0.55,1.0,33.0,0.3333333333333333,-25.0,83.0,0.2891566265060241,-16.0,160.0,0.15,-2.0000000000000018,0.575757575757578,-1.581203007518796,-0.2226173937204781,3,1,6,-3,0.3,0.1,0.6,-2.0,6,4,10,-4,0.3,0.2,0.5,-0.5,23,13,24,-1,0.38333333333333336,0.21666666666666667,0.4,0.0,71.66666666666667,74.16666666666667,76.66666666666667,72.61904761904762,75.5952380952381,78.57142857142857
2025-10-07,2025-10-06,4.14,4.15,-1.0,1,False,False,False,-10.0,10.0,0.4,2.0,32.0,0.34375,-26.0,84.0,0.2857142857142857,-19.0,159.0,0.1509433962264151,-1.7000000000000082,0.09090909090909166,-1.5030075187969911,-0.24854126146151728,3,1,6,-3,0.3,0.1,0.6,-1.5,6,3,11,-5,0.3,0.15,0.55,-1.0,22,13,25,-3,0.36666666666666664,0.21666666666666667,0.4166666666666667,0.0,21.666666666666668,33.333333333333336,45.0,23.41269841269841,38.69047619047619,53.96825396825397
2025-10-08,2025-10-07,4.12,4.14,-2.0,1,False,False,False,-8.0,8.0,0.375,-1.0,33.0,0.3333333333333333,-27.0,85.0,0.2823529411764706,-25.0,157.0,0.15286624203821655,-2.0000000000000018,-0.4606060606060599,-1.4300751879699234,-0.2699083078632955,2,1,7,-5,0.2,0.1,0.7,-2.0,6,3,11,-5,0.3,0.15,0.55,-1.0,21,13,26,-5,0.35,0.21666666666666667,0.43333333333333335,0.0,46.666666666666664,58.333333333333336,70.0,54.36507936507937,63.69047619047619,73.01587301587301
2025-10-09,2025-10-08,4.13,4.12,1.0,1,False,False,False,-7.0,9.0,0.3333333333333333,-5.0,29.0,0.3793103448275862,-28.0,84.0,0.2857142857142857,-21.0,155.0,0.15483870967741936,-1.299999999999999,-0.6121212121212142,-1.270676691729322,-0.29333148096693545,2,1,7,-5,0.2,0.1,0.7,-2.0,6,3,11,-5,0.3,0.15,0.55,-1.0,22,13,25,-3,0.36666666666666664,0.21666666666666667,0.4166666666666667,0.0,21.666666666666668,34.166666666666664,46.666666666666664,23.41269841269841,38.888888888888886,54.36507936507937
2025-10-10,2025-10-09,4.15,4.13,2.0,1,False,False,False,-3.0,9.0,0.3333333333333333,-1.0,29.0,0.3793103448275862,-27.0,85.0,0.2823529411764706,-19.0,157.0,0.15286624203821655,-0.09999999999999787,-0.7272727272727268,-1.0248120300751857,-0.3123089747151988,3,1,6,-3,0.3,0.1,0.6,-1.5,6,3,11,-5,0.3,0.15,0.55,-1.0,23,12,25,-2,0.38333333333333336,0.2,0.4166666666666667,0.0,48.333333333333336,60.833333333333336,73.33333333333333,54.76190476190476,64.08730158730158,73.41269841269842
2025-10-14,2025-10-10,4.19,4.15,4.0,4,False,False,False,4.0,10.0,0.4,6.0,30.0,0.36666666666666664,-32.0,80.0,0.3,-11.0,157.0,0.15286624203821655,1.3000000000000167,-0.8121212121212109,-0.5390977443608997,-0.3304529035843291,4,1,5,-1,0.4,0.1,0.5,-0.5,6,3,11,-5,0.3,0.15,0.55,-1.0,24,12,24,0,0.4,0.2,0.4,0.0,78.33333333333333,81.66666666666667,85.0,79.76190476190476,82.93650793650794,86.11111111111111
2025-10-15,2025-10-14,4.29,4.19,10.0,1,False,False,False,15.0,19.0,0.5263157894736842,5.0,29.0,0.3448275862068966,-10.0,78.0,0.3076923076923077,1.0,165.0,0.14545454545454545,4.0000000000000036,0.3090909090909106,-0.05187969924811812,-0.3349819394276189,4,1,5,-1,0.4,0.1,0.5,-0.5,7,3,10,-3,0.35,0.15,0.5,-0.5,25,12,23,2,0.4166666666666667,0.2,0.38333333333333336,0.0,95.0,95.0,95.0,97.22222222222223,97.22222222222223,97.22222222222223
2025-10-16,2025-10-15,4.3,4.29,1.0,1,False,False,False,18.0,18.0,0.5555555555555556,10.0,26.0,0.38461538461538464,-8.0,78.0,0.3076923076923077,2.0,166.0,0.14457831325301204,4.799999999999995,1.1575757575757584,0.4488721804511296,-0.33792720200055576,5,1,4,1,0.5,0.1,0.4,0.5,8,3,9,-1,0.4,0.15,0.45,0.0,26,11,23,3,0.43333333333333335,0.18333333333333332,0.38333333333333336,0.0,20.0,33.333333333333336,46.666666666666664,23.015873015873016,38.29365079365079,53.57142857142857
2025-10-17,2025-10-16,4.18,4.3,-12.0,1,False,False,False,5.0,29.0,0.41379310344827586,-2.0,38.0,0.3157894736842105,4.0,66.0,0.18181818181818182,-10.0,178.0,0.1348314606741573,1.6999999999999815,1.23030303030303,0.41127819548872274,-0.3606557377049181,5,0,5,0,0.5,0.0,0.5,0.0,8,3,9,-1,0.4,0.15,0.45,0.0,26,10,24,2,0.43333333333333335,0.16666666666666666,0.4,0.0,96.66666666666667,97.5,98.33333333333333,97.61904761904762,98.01587301587301,98.41269841269842
2025-10-20,2025-10-17,4.16,4.18,-2.0,3,False,False,False,1.0,29.0,0.41379310344827586,-2.0,38.0,0.3157894736842105,2.0,68.0,0.17647058823529413,-14.0,178.0,0.1348314606741573,-1.7000000000000082,1.0848484848484834,0.3390977443609029,-0.3827174215059739,5,0,5,0,0.5,0.0,0.5,0.0,8,2,10,-2,0.4,0.1,0.5,-0.5,25,10,25,0,0.4166666666666667,0.16666666666666666,0.4166666666666667,0.0,45.0,57.5,70.0,53.17460317460318,62.698412698412696,72.22222222222223
2025-10-21,2025-10-20,4.23,4.16,7.0,1,False,False,False,4.0,32.0,0.375,8.0,42.0,0.2857142857142857,9.0,75.0,0.16,-13.0,179.0,0.1340782122905028,-2.599999999999989,1.145454545454548,0.36390977443609096,-0.38235621005834947,6,0,4,2,0.6,0.0,0.4,1.0,9,1,10,-1,0.45,0.05,0.5,-0.5,25,10,25,0,0.4166666666666667,0.16666666666666666,0.4166666666666667,0.0,88.33333333333333,89.16666666666667,90.0,92.46031746031746,93.25396825396825,94.04761904761905
2025-10-22,2025-10-21,4.21,4.23,-2.0,1,False,False,False,-8.0,24.0,0.5,7.0,43.0,0.27906976744186046,9.0,75.0,0.16,-15.0,181.0,0.13259668508287292,-1.29999999999999,0.9333333333333328,0.3150375939849631,-0.3845512642400665,6,0,4,2,0.6,0.0,0.4,1.0,9,1,10,-1,0.45,0.05,0.5,-0.5,25,9,26,-1,0.4166666666666667,0.15,0.43333333333333335,0.0,45.0,57.5,70.0,52.77777777777778,62.5,72.22222222222223
2025-10-23,2025-10-22,4.24,4.21,3.0,1,False,False,False,-6.0,26.0,0.46153846153846156,12.0,44.0,0.2727272727272727,11.0,77.0,0.15584415584415584,-12.0,184.0,0.13043478260869565,1.7000000000000082,0.666666666666667,0.31127819548872254,-0.3809947207557653,7,0,3,4,0.7,0.0,0.3,1.5,9,1,10,-1,0.45,0.05,0.5,-0.5,26,8,26,0,0.43333333333333335,0.13333333333333333,0.43333333333333335,0.0,70.0,72.5,75.0,72.22222222222223,75.39682539682539,78.57142857142857
2025-10-24,2025-10-23,4.24,4.24,0.0,1,False,False,False,6.0,14.0,0.5,11.0,43.0,0.27906976744186046,6.0,72.0,0.16666666666666666,-8.0,180.0,0.13333333333333333,1.6999999999999993,0.32121212121212084,0.36992481203007554,-0.3835509863851067,6,1,3,3,0.6,0.1,0.3,1.5,8,2,10,-2,0.4,0.1,0.5,-0.5,26,9,25,1,0.43333333333333335,0.15,0.4166666666666667,0.0,0.0,6.666666666666667,13.333333333333334,0.0,11.30952380952381,22.61904761904762
2025-10-27,2025-10-24,4.27,4.24,3.0,3,False,False,False,11.0,15.0,0.4666666666666667,12.0,44.0,0.2727272727272727,11.0,73.0,0.1643835616438356,-12.0,176.0,0.13636363636363635,1.0999999999999854,0.1393939393939375,0.43082706766917267,-0.36888024451236434,6,1,3,3,0.6,0.1,0.3,2.0,9,2,9,0,0.45,0.1,0.45,0.0,26,9,25,1,0.43333333333333335,0.15,0.4166666666666667,0.0,70.0,73.33333333333333,76.66666666666667,71.82539682539682,75.1984126984127,78.57142857142857
2025-10-28,2025-10-27,4.31,4.27,4.0,1,False,False,False,8.0,12.0,0.3333333333333333,12.0,44.0,0.2727272727272727,18.0,74.0,0.16216216216216217,-3.0,175.0,0.13714285714285715,2.2999999999999865,0.29696969696969494,0.4849624060150365,-0.35545984995832164,6,1,3,3,0.6,0.1,0.3,2.0,10,2,8,2,0.5,0.1,0.4,0.5,27,9,24,3,0.45,0.15,0.4,0.0,78.33333333333333,80.83333333333333,83.33333333333333,78.57142857142857,81.94444444444444,85.31746031746032
2025-10-29,2025-10-28,4.27,4.31,-4.0,1,False,False,False,6.0,14.0,0.2857142857142857,-2.0,38.0,0.3157894736842105,3.0,67.0,0.1791044776119403,-6.0,178.0,0.1348314606741573,1.2999999999999812,0.7575757575757538,0.628571428571427,-0.3501250347318699,5,1,4,1,0.5,0.1,0.4,0.5,9,2,9,0,0.45,0.1,0.45,0.0,27,9,24,3,0.45,0.15,0.4,0.0,78.33333333333333,81.66666666666667,85.0,78.17460317460318,81.74603174603175,85.31746031746032
2025-10-30,2025-10-29,4.04,4.27,-23.0,1,False,False,False,-20.0,34.0,0.6764705882352942,-26.0,60.0,0.38333333333333336,-16.0,86.0,0.26744186046511625,-30.0,200.0,0.12,-4.0000000000000036,0.05454545454545069,0.37593984962405896,-0.3804667963323145,4,1,5,-1,0.4,0.1,0.5,-1.0,9,2,9,0,0.45,0.1,0.45,0.0,26,9,25,1,0.43333333333333335,0.15,0.4166666666666667,0.0,98.33333333333333,98.33333333333333,98.33333333333333,99.2063492063492,99.2063492063492,99.2063492063492
2025-10-31,2025-10-30,4.22,4.04,18.0,1,True,False,False,-2.0,52.0,0.4423076923076923,4.0,66.0,0.3484848484848485,2.0,104.0,0.22115384615384615,-12.0,218.0,0.11009174311926606,-3.699999999999992,-0.151515151515158,0.40451127819548743,-0.37963323145318145,5,1,4,1,0.5,0.1,0.4,1.5,10,1,9,1,0.5,0.05,0.45,0.5,27,8,25,2,0.45,0.13333333333333333,0.4166666666666667,0.0,96.66666666666667,96.66666666666667,96.66666666666667,98.41269841269842,98.41269841269842,98.41269841269842
2025-11-03,2025-10-31,4.13,4.22,-9.0,3,False,False,False,-14.0,58.0,0.39655172413793105,-3.0,73.0,0.3150684931506849,-5.0,111.0,0.2072072072072072,-22.0,226.0,0.10619469026548672,-4.0999999999999925,-1.0303030303030358,0.2699248120300734,-0.39119199777716035,5,1,4,1,0.5,0.1,0.4,1.5,10,1,9,1,0.5,0.05,0.45,0.5,26,8,26,0,0.43333333333333335,0.13333333333333333,0.43333333333333335,0.0,86.66666666666667,87.5,88.33333333333333,93.25396825396825,94.44444444444444,95.63492063492063
2025-11-04,2025-11-03,4.0,4.13,-13.0,1,False,False,False,-31.0,67.0,0.34328358208955223,-23.0,79.0,0.2911392405063291,-15.0,121.0,0.19008264462809918,-35.0,239.0,0.100418410041841,-4.499999999999993,-2.115151515151517,-0.09022556390977565,-0.4228396776882468,4,1,5,-1,0.4,0.1,0.5,-1.0,10,1,9,1,0.5,0.05,0.45,0.5,26,7,27,-1,0.43333333333333335,0.11666666666666667,0.45,0.0,95.0,95.0,95.0,97.61904761904762,97.81746031746032,98.01587301587301
2025-11-05,2025-11-04,3.91,4.0,-9.0,1,False,False,False,-36.0,72.0,0.3194444444444444,-30.0,86.0,0.26744186046511625,-23.0,129.0,0.17829457364341086,-43.0,247.0,0.09716599190283401,-4.799999999999995,-3.5454545454545454,-0.572180451127821,-0.46899138649624905,4,1,5,-1,0.4,0.1,0.5,-2.0,10,1,9,1,0.5,0.05,0.45,0.5,26,7,27,-1,0.43333333333333335,0.11666666666666667,0.45,0.0,83.33333333333333,85.0,86.66666666666667,92.46031746031746,93.84920634920636,95.23809523809524
2025-11-06,2025-11-05,3.92,3.91,1.0,1,False,False,False,-12.0,50.0,0.36,-32.0,84.0,0.27380952380952384,-20.0,128.0,0.1796875,-44.0,246.0,0.0975609756097561,-8.199999999999994,-4.357575757575755,-1.0368421052631591,-0.5077243678799667,4,1,5,-1,0.4,0.1,0.5,-2.0,11,1,8,3,0.55,0.05,0.4,1.0,26,7,27,-1,0.43333333333333335,0.11666666666666667,0.45,0.0,11.666666666666666,22.5,33.333333333333336,21.428571428571427,35.51587301587302,49.6031746031746
2025-11-07,2025-11-06,3.93,3.92,1.0,1,False,False,False,-29.0,33.0,0.3939393939393939,-31.0,85.0,0.27058823529411763,-20.0,128.0,0.1796875,-40.0,244.0,0.09836065573770492,-4.799999999999995,-4.727272727272721,-1.4413533834586478,-0.5474576271186441,5,0,5,0,0.5,0.0,0.5,-1.5,11,1,8,3,0.55,0.05,0.4,1.0,27,7,26,1,0.45,0.11666666666666667,0.43333333333333335,0.0,11.666666666666666,23.333333333333332,35.0,21.428571428571427,35.714285714285715,50.0
2025-11-10,2025-11-07,3.95,3.93,2.0,3,False,False,False,-18.0,26.0,0.5,-32.0,84.0,0.27380952380952384,-20.0,128.0,0.1796875,-39.0,245.0,0.09795918367346938,-0.7999999999999963,-4.412121212121207,-1.7556390977443612,-0.5799944429008058,5,0,5,0,0.5,0.0,0.5,-1.5,11,1,8,3,0.55,0.05,0.4,1.0,27,7,26,1,0.45,0.11666666666666667,0.43333333333333335,0.0,36.666666666666664,49.166666666666664,61.666666666666664,50.3968253968254,60.11904761904762,69.84126984126983
2025-11-12,2025-11-10,3.98,3.95,3.0,2,False,False,False,-2.0,16.0,0.5625,-33.0,83.0,0.27710843373493976,-21.0,127.0,0.18110236220472442,-38.0,246.0,0.0975609756097561,1.6999999999999993,-3.278787878787875,-1.9338345864661655,-0.6020561267018615,5,0,5,0,0.5,0.0,0.5,-1.5,11,1,8,3,0.55,0.05,0.4,1.0,27,7,26,1,0.45,0.11666666666666667,0.43333333333333335,0.0,61.666666666666664,65.0,68.33333333333333,69.84126984126983,73.41269841269842,76.98412698412699
2025-11-13,2025-11-12,4.0,3.98,2.0,1,False,False,False,9.0,9.0,0.3333333333333333,-27.0,81.0,0.2839506172839506,-29.0,119.0,0.19327731092436976,-34.0,246.0,0.0975609756097561,2.0999999999999996,-1.9030303030303013,-1.8939849624060148,-0.622117254792998,6,0,4,2,0.6,0.0,0.4,1.0,11,1,8,3,0.55,0.05,0.4,1.0,28,7,25,3,0.4666666666666667,0.11666666666666667,0.4166666666666667,0.0,35.0,47.5,60.0,49.6031746031746,59.523809523809526,69.44444444444444
2025-11-14,2025-11-13,3.95,4.0,-5.0,1,False,False,False,3.0,13.0,0.38461538461538464,-9.0,63.0,0.2857142857142857,-35.0,123.0,0.18699186991869918,-38.0,250.0,0.096,0.8999999999999986,-2.006060606060603,-1.866165413533834,-0.6501806057238121,6,0,4,2,0.6,0.0,0.4,1.0,10,1,9,1,0.5,0.05,0.45,0.5,28,7,25,3,0.4666666666666667,0.11666666666666667,0.4166666666666667,0.0,76.66666666666667,78.33333333333333,80.0,83.73015873015873,86.30952380952381,88.88888888888889
2025-11-17,2025-11-14,4.0,3.95,5.0,3,False,False,False,7.0,17.0,0.29411764705882354,-22.0,50.0,0.26,-18.0,116.0,0.19827586206896552,-31.0,253.0,0.09486166007905138,0.6999999999999984,-0.5272727272727262,-1.9037593984962407,-0.6713253681578216,6,0,4,2,0.6,0.0,0.4,1.0,11,1,8,3,0.55,0.05,0.4,1.0,29,7,24,5,0.48333333333333334,0.11666666666666667,0.4,0.0,75.0,77.5,80.0,83.73015873015873,86.5079365079365,89.28571428571429
2025-11-18,2025-11-17,3.94,4.0,-6.0,1,False,False,False,-1.0,21.0,0.2857142857142857,-19.0,47.0,0.2765957446808511,-22.0,120.0,0.19166666666666668,-38.0,258.0,0.09302325581395349,-0.8000000000000007,0.29090909090909034,-2.0315789473684207,-0.6988885801611557,6,0,4,2,0.6,0.0,0.4,1.0,11,1,8,3,0.55,0.05,0.4,1.0,28,7,25,3,0.4666666666666667,0.11666666666666667,0.4166666666666667,0.0,80.0,80.0,80.0,89.28571428571429,90.07936507936508,90.87301587301587
2025-11-19,2025-11-18,3.91,3.94,-3.0,1,False,False,False,-7.0,21.0,0.2857142857142857,-9.0,37.0,0.24324324324324326,-32.0,116.0,0.19827586206896552,-45.0,257.0,0.0933852140077821,-1.8999999999999992,0.3090909090909087,-2.058646616541352,-0.7224784662406222,6,0,4,2,0.6,0.0,0.4,1.0,10,1,9,1,0.5,0.05,0.45,0.5,27,7,26,1,0.45,0.11666666666666667,0.43333333333333335,0.0,55.0,59.166666666666664,63.333333333333336,68.65079365079364,72.42063492063492,76.19047619047619
2025-11-20,2025-11-19,3.91,3.91,0.0,1,False,False,False,-9.0,19.0,0.3157894736842105,0.0,28.0,0.21428571428571427,-30.0,114.0,0.20175438596491227,-46.0,256.0,0.09375,-1.6999999999999993,-0.1636363636363631,-2.069172932330826,-0.7418727424284521,6,1,3,3,0.6,0.1,0.3,1.0,10,2,8,2,0.5,0.1,0.4,0.5,26,8,26,0,0.43333333333333335,0.13333333333333333,0.43333333333333335,0.0,0.0,5.833333333333333,11.666666666666666,0.0,10.317460317460318,20.634920634920636
2025-11-21,2025-11-20,3.93,3.91,2.0,1,False,False,False,-2.0,16.0,0.375,1.0,29.0,0.20689655172413793,-31.0,113.0,0.20353982300884957,-45.0,257.0,0.0933852140077821,-1.699999999999995,-0.4606060606060604,-1.9586466165413516,-0.7537371492081132,6,1,3,3,0.6,0.1,0.3,1.5,10,2,8,2,0.5,0.1,0.4,0.5,26,8,26,0,0.43333333333333335,0.13333333333333333,0.43333333333333335,0.0,31.666666666666668,43.333333333333336,55.0,48.01587301587302,58.13492063492063,68.25396825396825
2025-11-24,2025-11-21,3.96,3.93,3.0,3,False,False,False,-4.0,14.0,0.42857142857142855,3.0,31.0,0.1935483870967742,-28.0,116.0,0.19827586206896552,-40.0,258.0,0.09302325581395349,0.6000000000000005,-0.5393939393939394,-1.758646616541351,-0.7615726590719643,6,1,3,3,0.6,0.1,0.3,2.0,11,1,8,3,0.55,0.05,0.4,1.0,27,8,25,2,0.45,0.13333333333333333,0.4166666666666667,0.0,55.0,60.0,65.0,68.25396825396825,72.22222222222223,76.19047619047619
2025-11-25,2025-11-24,4.01,3.96,5.0,1,False,False,False,7.0,13.0,0.38461538461538464,6.0,34.0,0.17647058823529413,-26.0,118.0,0.19491525423728814,-33.0,261.0,0.09195402298850575,2.499999999999991,-0.2484848484848494,-1.3977443609022542,-0.7623784384551262,6,1,3,3,0.6,0.1,0.3,2.0,11,1,8,3,0.55,0.05,0.4,1.0,28,8,24,4,0.4666666666666667,0.13333333333333333,0.4,0.0,71.66666666666667,75.0,78.33333333333333,82.93650793650794,85.91269841269842,88.88888888888889
2025-11-26,2025-11-25,4.05,4.01,4.0,1,False,False,False,14.0,14.0,0.35714285714285715,7.0,35.0,0.17142857142857143,-26.0,118.0,0.19491525423728814,-29.0,265.0,0.09056603773584905,3.59999999999999,0.38787878787878555,-0.8774436090225557,-0.7547929980550151,6,1,3,3,0.6,0.1,0.3,2.0,11,1,8,3,0.55,0.05,0.4,1.0,29,7,24,5,0.48333333333333334,0.11666666666666667,0.4,0.0,63.333333333333336,66.66666666666667,70.0,75.7936507936508,79.16666666666667,82.53968253968254
2025-11-28,2025-11-26,4.12,4.05,7.0,2,True,False,False,21.0,21.0,0.3333333333333333,12.0,40.0,0.175,-15.0,121.0,0.19008264462809918,-27.0,267.0,0.0898876404494382,4.6999999999999975,1.4545454545454526,-0.28120300751879684,-0.725646012781328,6,1,3,3,0.6,0.1,0.3,2.5,12,1,7,5,0.6,0.05,0.35,1.5,29,7,24,5,0.48333333333333334,0.11666666666666667,0.4,0.0,80.0,80.83333333333333,81.66666666666667,90.87301587301587,91.86507936507937,92.85714285714286
2025-12-01,2025-11-28,4.12,4.12,0.0,3,False,False,False,19.0,19.0,0.3684210526315789,17.0,35.0,0.2,8.0,98.0,0.1836734693877551,-27.0,267.0,0.0898876404494382,4.300000000000006,2.042424242424242,-0.025563909774435813,-0.6949986107252013,6,2,2,4,0.6,0.2,0.2,2.5,12,2,6,6,0.6,0.1,0.3,1.5,29,7,24,5,0.48333333333333334,0.11666666666666667,0.4,0.0,0.0,5.833333333333333,11.666666666666666,0.0,9.920634920634921,19.841269841269842
2025-12-02,2025-12-01,4.01,4.12,-11.0,1,False,False,False,5.0,27.0,0.4074074074074074,1.0,41.0,0.2682926829268293,-21.0,91.0,0.14285714285714285,-40.0,276.0,0.08695652173913043,0.7000000000000028,2.157575757575756,0.34511278195488676,-0.6774937482634064,5,2,3,2,0.5,0.2,0.3,1.0,11,2,7,4,0.55,0.1,0.35,1.0,28,7,25,3,0.4666666666666667,0.11666666666666667,0.4166666666666667,0.0,88.33333333333333,89.16666666666667,90.0,96.03174603174604,96.23015873015873,96.42857142857143
2025-12-03,2025-12-02,3.95,4.01,-6.0,1,False,False,False,-6.0,28.0,0.39285714285714285,1.0,41.0,0.2682926829268293,-18.0,88.0,0.14772727272727273,-47.0,281.0,0.08540925266903915,-3.099999999999996,1.533333333333332,0.5195488721804506,-0.6659071964434564,5,2,3,2,0.5,0.2,0.3,1.0,11,2,7,4,0.55,0.1,0.35,1.0,27,7,26,1,0.45,0.11666666666666667,0.43333333333333335,0.0,75.0,75.83333333333333,76.66666666666667,88.0952380952381,89.08730158730158,90.07936507936508
2025-12-04,2025-12-03,3.92,3.95,-3.0,1,False,False,False,-13.0,27.0,0.4074074074074074,1.0,41.0,0.2682926829268293,-8.0,78.0,0.14102564102564102,-48.0,282.0,0.0851063829787234,-5.700000000000003,0.5333333333333324,0.472932330827067,-0.6600166712975825,5,2,3,2,0.5,0.2,0.3,1.0,11,2,7,4,0.55,0.1,0.35,1.0,27,7,26,1,0.45,0.11666666666666667,0.43333333333333335,0.0,46.666666666666664,52.5,58.333333333333336,65.87301587301587,70.03968253968254,74.2063492063492
2025-12-05,2025-12-04,3.93,3.92,1.0,1,False,False,False,-19.0,21.0,0.5238095238095238,2.0,42.0,0.2619047619047619,2.0,70.0,0.15714285714285714,-47.0,283.0,0.08480565371024736,-4.6999999999999975,-0.4242424242424233,0.3105263157894733,-0.6498193942761876,6,1,3,3,0.6,0.1,0.3,1.5,12,2,6,6,0.6,0.1,0.3,1.0,28,6,26,2,0.4666666666666667,0.1,0.43333333333333335,0.0,11.666666666666666,19.166666666666668,26.666666666666668,19.841269841269842,32.53968253968254,45.23809523809524
2025-12-08,2025-12-05,3.95,3.93,2.0,3,False,False,False,-17.0,23.0,0.4782608695652174,2.0,42.0,0.2619047619047619,3.0,71.0,0.15492957746478872,-44.0,284.0,0.08450704225352113,-1.3999999999999924,-1.1636363636363607,0.18947368421052607,-0.6354265073631562,6,1,3,3,0.6,0.1,0.3,1.5,12,2,6,6,0.6,0.1,0.3,1.5,29,6,25,4,0.48333333333333334,0.1,0.4166666666666667,0.0,26.666666666666668,35.833333333333336,45.0,45.63492063492063,55.75396825396825,65.87301587301587
2025-12-09,2025-12-08,3.93,3.95,-2.0,1,False,False,False,-8.0,14.0,0.42857142857142855,-3.0,41.0,0.2682926829268293,0.0,72.0,0.1527777777777778,-48.0,284.0,0.08450704225352113,-0.09999999999999787,-1.8363636363636329,0.05112781954887226,-0.6184773548207833,5,1,4,1,0.5,0.1,0.4,0.5,11,2,7,4,0.55,0.1,0.35,1.5,28,6,26,2,0.4666666666666667,0.1,0.43333333333333335,0.0,25.0,35.0,45.0,45.23809523809524,55.55555555555556,65.87301587301587
2025-12-10,2025-12-09,3.9,3.93,-3.0,1,False,False,False,-5.0,11.0,0.2727272727272727,-11.0,39.0,0.28205128205128205,-5.0,73.0,0.1506849315068493,-52.0,286.0,0.08391608391608392,-0.40000000000000036,-2.303030303030302,-0.09849624060150368,-0.6020839121978325,4,1,5,-1,0.4,0.1,0.5,-1.0,10,2,8,2,0.5,0.1,0.4,0.5,27,6,27,0,0.45,0.1,0.45,0.0,45.0,51.666666666666664,58.333333333333336,66.26984126984127,70.63492063492063,75.0
2025-12-11,2025-12-10,3.66,3.9,-24.0,1,False,False,False,-26.0,32.0,0.75,-39.0,59.0,0.4067796610169492,-32.0,94.0,0.2553191489361702,-85.0,301.0,0.07973421926910298,-5.900000000000003,-3.6787878787878783,-0.5360902255639096,-0.6068908030008333,3,1,6,-3,0.3,0.1,0.6,-2.5,9,2,9,0,0.45,0.1,0.45,0.0,26,6,28,-2,0.43333333333333335,0.1,0.4666666666666667,0.0,98.33333333333333,99.16666666666667,100.0,99.2063492063492,99.4047619047619,99.60317460317461
2025-12-12,2025-12-11,3.67,3.66,1.0,1,False,False,False,-26.0,32.0,0.75,-45.0,53.0,0.4528301886792453,-33.0,93.0,0.25806451612903225,-72.0,290.0,0.08275862068965517,-8.300000000000006,-4.06060606060606,-0.8796992481203008,-0.6256737982772991,3,1,6,-3,0.3,0.1,0.6,-2.5,9,2,9,0,0.45,0.1,0.45,0.0,27,6,27,0,0.45,0.1,0.45,0.0,10.0,16.666666666666668,23.333333333333332,19.047619047619047,31.746031746031747,44.44444444444444
2025-12-15,2025-12-12,3.75,3.67,8.0,3,False,False,False,-20.0,38.0,0.631578947368421,-37.0,61.0,0.39344262295081966,-20.0,96.0,0.25,-63.0,297.0,0.08080808080808081,-5.900000000000003,-3.46060606060606,-1.138345864661654,-0.6290358432898026,4,0,6,-2,0.4,0.0,0.6,-2.5,10,2,8,2,0.5,0.1,0.4,0.5,28,6,26,2,0.4666666666666667,0.1,0.43333333333333335,0.0,81.66666666666667,81.66666666666667,81.66666666666667,92.06349206349206,92.06349206349206,92.06349206349206
2025-12-16,2025-12-15,3.69,3.75,-6.0,1,False,False,False,-24.0,42.0,0.5714285714285714,-32.0,56.0,0.42857142857142855,-31.0,97.0,0.24742268041237114,-45.0,279.0,0.08602150537634409,-3.3000000000000007,-3.472727272727275,-1.3736842105263158,-0.6794109474854125,4,0,6,-2,0.4,0.0,0.6,-2.5,9,2,9,0,0.45,0.1,0.45,0.0,28,6,26,2,0.4666666666666667,0.1,0.43333333333333335,0.0,73.33333333333333,75.0,76.66666666666667,86.9047619047619,88.0952380952381,89.28571428571429
2025-12-17,2025-12-16,3.69,3.69,0.0,1,False,False,False,-21.0,39.0,0.6153846153846154,-26.0,50.0,0.48,-25.0,91.0,0.26373626373626374,-45.0,279.0,0.08602150537634409,0.7999999999999963,-3.496969696969699,-1.6571428571428575,-0.7272853570436232,4,1,5,-1,0.4,0.1,0.5,-1.0,9,3,8,1,0.45,0.15,0.4,0.0,28,6,26,2,0.4666666666666667,0.1,0.43333333333333335,0.0,0.0,5.0,10.0,0.0,9.523809523809524,19.047619047619047
2025-12-18,2025-12-17,3.66,3.69,-3.0,1,False,False,False,0.0,18.0,0.4444444444444444,-26.0,50.0,0.48,-25.0,91.0,0.26373626373626374,-48.0,282.0,0.0851063829787234,-0.7999999999999963,-3.569696969696971,-1.993233082706767,-0.7775771047513199,4,1,5,-1,0.4,0.1,0.5,-1.0,9,3,8,1,0.45,0.15,0.4,0.0,28,5,27,1,0.4666666666666667,0.08333333333333333,0.45,0.0,43.333333333333336,50.833333333333336,58.333333333333336,65.07936507936508,69.44444444444444,73.80952380952381
2025-12-19,2025-12-18,3.66,3.66,0.0,1,False,False,False,-1.0,17.0,0.47058823529411764,-27.0,49.0,0.4897959183673469,-25.0,91.0,0.26373626373626374,-46.0,280.0,0.08571428571428572,-2.099999999999995,-3.260606060606061,-2.2917293233082705,-0.828591275354265,3,2,5,-2,0.3,0.2,0.5,-1.0,9,3,8,1,0.45,0.15,0.4,0.0,28,6,26,2,0.4666666666666667,0.1,0.43333333333333335,0.0,0.0,4.166666666666667,8.333333333333334,0.0,9.523809523809524,19.047619047619047
2025-12-22,2025-12-19,3.68,3.66,2.0,3,False,False,False,-7.0,11.0,0.5454545454545454,-27.0,49.0,0.4897959183673469,-25.0,91.0,0.26373626373626374,-45.0,281.0,0.08540925266903915,-0.4999999999999938,-2.381818181818181,-2.492481203007518,-0.8720755765490413,3,2,5,-2,0.3,0.2,0.5,-1.0,9,3,8,1,0.45,0.15,0.4,0.0,28,6,26,2,0.4666666666666667,0.1,0.43333333333333335,0.0,23.333333333333332,32.5,41.666666666666664,44.84126984126984,54.96031746031746,65.07936507936508
2025-12-23,2025-12-22,3.66,3.68,-2.0,1,False,False,False,-3.0,7.0,0.42857142857142855,-27.0,49.0,0.4897959183673469,-30.0,90.0,0.26666666666666666,-52.0,278.0,0.08633093525179857,-0.3999999999999959,-1.418181818181816,-2.636842105263157,-0.9078632953598221,3,2,5,-2,0.3,0.2,0.5,-1.0,8,3,9,-1,0.4,0.15,0.45,0.0,27,6,27,0,0.45,0.1,0.45,0.0,21.666666666666668,31.666666666666668,41.666666666666664,44.84126984126984,55.15873015873016,65.47619047619048
2025-12-24,2025-12-23,3.66,3.66,0.0,1,False,False,False,-3.0,7.0,0.42857142857142855,-24.0,46.0,0.5217391304347826,-35.0,85.0,0.2823529411764706,-50.0,276.0,0.08695652173913043,0.0,-0.32727272727272544,-2.6571428571428566,-0.9441511530980826,3,3,4,-1,0.3,0.3,0.4,0.0,7,4,9,-2,0.35,0.2,0.45,0.0,27,7,26,1,0.45,0.11666666666666667,0.43333333333333335,0.0,0.0,5.0,10.0,0.0,9.722222222222221,19.444444444444443
2025-12-26,2025-12-24,3.76,3.66,10.0,2,False,False,False,10.0,14.0,0.7142857142857143,10.0,32.0,0.3125,-29.0,91.0,0.26373626373626374,-37.0,283.0,0.08480565371024736,1.799999999999993,8.074349270001138e-16,-2.418796992481203,-0.9663517643789942,4,3,3,1,0.4,0.3,0.3,0.0,7,4,9,-2,0.35,0.2,0.45,0.0,28,7,25,3,0.4666666666666667,0.11666666666666667,0.4166666666666667,0.0,86.66666666666667,87.5,88.33333333333333,95.23809523809524,95.43650793650794,95.63492063492063
2025-12-29,2025-12-26,3.77,3.76,1.0,3,False,False,False,11.0,15.0,0.6666666666666666,10.0,32.0,0.3125,-35.0,85.0,0.2823529411764706,-47.0,273.0,0.08791208791208792,2.7999999999999936,0.32727272727272727,-2.01203007518797,-0.9662128368991386,4,3,3,1,0.4,0.3,0.3,0.0,7,4,9,-2,0.35,0.2,0.45,0.0,28,7,25,3,0.4666666666666667,0.11666666666666667,0.4166666666666667,0.0,11.666666666666666,17.5,23.333333333333332,19.444444444444443,32.142857142857146,44.84126984126984
2025-12-30,2025-12-29,3.71,3.77,-6.0,1,False,False,False,3.0,19.0,0.5263157894736842,-4.0,30.0,0.3333333333333333,-41.0,91.0,0.26373626373626374,-49.0,275.0,0.08727272727272728,2.099999999999995,0.7393939393939387,-1.6383458646616542,-0.9800777993887189,3,3,4,-1,0.3,0.3,0.4,0.0,7,3,10,-3,0.35,0.15,0.5,-1.0,28,7,25,3,0.4666666666666667,0.11666666666666667,0.4166666666666667,0.0,73.33333333333333,75.83333333333333,78.33333333333333,86.5079365079365,87.89682539682539,89.28571428571429
2025-12-31,2025-12-30,3.87,3.71,16.0,1,True,True,True,21.0,33.0,0.48484848484848486,18.0,40.0,0.4,-14.0,96.0,0.25,-33.0,291.0,0.08247422680412371,3.7000000000000015,1.6727272727272717,-1.14812030075188,-0.9649902750764099,4,3,3,1,0.4,0.3,0.3,0.0,8,3,9,-1,0.4,0.15,0.45,0.0,29,6,25,4,0.48333333333333334,0.1,0.4166666666666667,0.0,95.0,95.0,95.0,98.41269841269842,98.41269841269842,98.41269841269842
2026-01-02,2025-12-31,3.75,3.87,-12.0,2,False,False,False,9.0,45.0,0.35555555555555557,6.0,52.0,0.3076923076923077,-20.0,102.0,0.23529411764705882,-43.0,301.0,0.07973421926910298,0.8000000000000052,1.7333333333333312,-0.9030075187969927,-0.9711308696860239,4,2,4,0,0.4,0.2,0.4,0.0,8,3,9,-1,0.4,0.15,0.45,0.0,29,6,25,4,0.48333333333333334,0.1,0.4166666666666667,0.0,90.0,90.83333333333333,91.66666666666667,96.42857142857143,97.02380952380952,97.61904761904762
2026-01-05,2026-01-02,3.7,3.75,-5.0,3,False,False,False,-6.0,40.0,0.4,4.0,54.0,0.2962962962962963,-22.0,104.0,0.23076923076923078,-45.0,303.0,0.07920792079207921,-0.9999999999999964,1.2484848484848479,-0.7466165413533837,-0.9881633787163101,4,2,4,0,0.4,0.2,0.4,0.0,8,3,9,-1,0.4,0.15,0.45,0.0,29,6,25,4,0.48333333333333334,0.1,0.4166666666666667,0.0,63.333333333333336,65.83333333333333,68.33333333333333,81.74603174603175,84.12698412698413,86.5079365079365
2026-01-06,2026-01-05,3.66,3.7,-4.0,1,False,False,False,-11.0,43.0,0.37209302325581395,0.0,58.0,0.27586206896551724,-27.0,107.0,0.22429906542056074,-48.0,306.0,0.0784313725490196,-2.6999999999999957,0.4969696969696971,-0.5984962406015036,-1.0109474854126146,4,1,5,-1,0.4,0.1,0.5,-1.0,7,3,10,-3,0.35,0.15,0.5,-1.0,29,6,25,4,0.48333333333333334,0.1,0.4166666666666667,0.0,55.0,58.333333333333336,61.666666666666664,74.60317460317461,78.17460317460318,81.74603174603175
2026-01-07,2026-01-06,3.65,3.66,-1.0,1,False,False,False,-6.0,38.0,0.42105263157894735,-3.0,57.0,0.2807017543859649,-30.0,106.0,0.22641509433962265,-47.0,305.0,0.07868852459016394,-5.3000000000000025,-0.17575757575757578,-0.3924812030075187,-1.036093359266463,3,1,6,-3,0.3,0.1,0.6,-1.5,6,3,11,-5,0.3,0.15,0.55,-1.5,29,6,25,4,0.48333333333333334,0.1,0.4166666666666667,0.0,10.0,15.833333333333334,21.666666666666668,19.444444444444443,32.142857142857146,44.84126984126984
2026-01-08,2026-01-07,3.64,3.65,-1.0,1,False,False,False,-23.0,23.0,0.5217391304347826,-2.0,56.0,0.2857142857142857,-29.0,105.0,0.22857142857142856,-49.0,305.0,0.07868852459016394,-2.7,-0.9999999999999988,-0.18721804511278162,-1.058571825507085,3,1,6,-3,0.3,0.1,0.6,-1.0,6,3,11,-5,0.3,0.15,0.55,-1.0,28,6,26,2,0.4666666666666667,0.1,0.43333333333333335,0.0,10.0,16.666666666666668,23.333333333333332,19.444444444444443,32.34126984126984,45.23809523809524
2026-01-09,2026-01-08,3.64,3.64,0.0,1,False,False,False,-11.0,11.0,0.45454545454545453,-2.0,56.0,0.2857142857142857,-26.0,102.0,0.23529411764705882,-51.0,303.0,0.07920792079207921,-1.4000000000000012,-1.7999999999999976,0.014285714285714547,-1.0749374826340647,3,1,6,-3,0.3,0.1,0.6,-1.0,6,4,10,-4,0.3,0.2,0.5,-0.5,27,7,26,1,0.45,0.11666666666666667,0.43333333333333335,0.0,0.0,5.0,10.0,0.0,9.722222222222221,19.444444444444443
2026-01-12,2026-01-09,3.64,3.64,0.0,3,False,False,False,-6.0,6.0,0.6666666666666666,-12.0,46.0,0.34782608695652173,-2.0,78.0,0.20512820512820512,-55.0,299.0,0.0802675585284281,-0.4999999999999982,-1.909090909090908,-0.12406015037593934,-1.0816893581550429,2,2,6,-4,0.2,0.2,0.6,-1.0,6,5,9,-3,0.3,0.25,0.45,0.0,26,8,26,0,0.43333333333333335,0.13333333333333333,0.43333333333333335,0.0,0.0,5.833333333333333,11.666666666666666,0.0,9.920634920634921,19.841269841269842
2026-01-13,2026-01-12,3.65,3.64,1.0,1,False,False,False,-1.0,3.0,0.3333333333333333,-12.0,46.0,0.34782608695652173,-2.0,78.0,0.20512820512820512,-64.0,290.0,0.08275862068965517,0.0,-1.7515151515151515,-0.22932330827067657,-1.0667963323145315,2,2,6,-4,0.2,0.2,0.6,-1.0,6,5,9,-3,0.3,0.25,0.45,0.0,26,8,26,0,0.43333333333333335,0.13333333333333333,0.43333333333333335,0.0,13.333333333333334,20.0,26.666666666666668,19.841269841269842,32.93650793650794,46.03174603174603
2026-01-14,2026-01-13,3.64,3.65,-1.0,1,False,False,False,-1.0,3.0,0.3333333333333333,-7.0,41.0,0.3902439024390244,-11.0,71.0,0.22535211267605634,-66.0,290.0,0.08275862068965517,0.09999999999999787,-1.9030303030303033,-0.219548872180451,-1.0482911919977769,2,2,6,-4,0.2,0.2,0.6,-1.0,5,5,10,-5,0.25,0.25,0.5,-0.5,25,8,27,-2,0.4166666666666667,0.13333333333333333,0.45,0.0,13.333333333333334,20.833333333333332,28.333333333333332,19.841269841269842,33.13492063492063,46.42857142857143
2026-01-15,2026-01-14,3.66,3.64,2.0,1,False,False,False,2.0,4.0,0.5,-21.0,27.0,0.4444444444444444,-3.0,67.0,0.23880597014925373,-52.0,280.0,0.08571428571428572,0.40000000000000036,-0.7939393939393937,-0.2593984962406014,-1.043178660739094,2,2,6,-4,0.2,0.2,0.6,-1.0,6,5,9,-3,0.3,0.25,0.45,0.0,26,8,26,0,0.43333333333333335,0.13333333333333333,0.43333333333333335,0.0,28.333333333333332,35.833333333333336,43.333333333333336,46.42857142857143,56.74603174603175,67.06349206349206
2026-01-16,2026-01-15,3.65,3.66,-1.0,1,False,False,False,1.0,5.0,0.4,-10.0,16.0,0.3125,-4.0,68.0,0.23529411764705882,-51.0,279.0,0.08602150537634409,0.29999999999999805,-0.28484848484848607,-0.3090225563909778,-1.040205612670186,2,2,6,-4,0.2,0.2,0.6,-1.0,6,4,10,-4,0.3,0.2,0.5,-0.5,26,8,26,0,0.43333333333333335,0.13333333333333333,0.43333333333333335,0.0,13.333333333333334,20.833333333333332,28.333333333333332,19.444444444444443,32.73809523809524,46.03174603174603
2026-01-20,2026-01-16,3.64,3.65,-1.0,4,False,False,False,0.0,6.0,0.3333333333333333,-6.0,12.0,0.3333333333333333,-2.0,66.0,0.24242424242424243,-59.0,273.0,0.08791208791208792,-0.09999999999999787,-0.04242424242424259,-0.41428571428571437,-1.0241733814948595,2,2,6,-4,0.2,0.2,0.6,-1.0,6,4,10,-4,0.3,0.2,0.5,-0.5,25,8,27,-2,0.4166666666666667,0.13333333333333333,0.45,0.0,13.333333333333334,21.666666666666668,30.0,19.444444444444443,32.73809523809524,46.03174603174603
2026-01-21,2026-01-20,3.63,3.64,-1.0,1,False,False,False,-2.0,6.0,0.3333333333333333,-3.0,9.0,0.2222222222222222,-3.0,67.0,0.23880597014925373,-58.0,272.0,0.08823529411764706,-0.4000000000000048,-0.04848484848484907,-0.5308270676691732,-1.0098916365657125,2,2,6,-4,0.2,0.2,0.6,-1.0,6,3,11,-5,0.3,0.15,0.55,-1.0,25,8,27,-2,0.4166666666666667,0.13333333333333333,0.45,0.0,13.333333333333334,22.5,31.666666666666668,19.444444444444443,32.73809523809524,46.03174603174603
2026-01-22,2026-01-21,3.64,3.63,1.0,1,False,False,False,0.0,6.0,0.3333333333333333,-1.0,9.0,0.2222222222222222,-4.0,66.0,0.24242424242424243,-60.0,270.0,0.08888888888888889,-0.6000000000000005,-0.030303030303031272,-0.5969924812030075,-0.9856626840789106,3,2,5,-2,0.3,0.2,0.5,-0.5,6,3,11,-5,0.3,0.15,0.55,-1.0,25,8,27,-2,0.4166666666666667,0.13333333333333333,0.45,0.0,13.333333333333334,23.333333333333332,33.333333333333336,19.047619047619047,32.53968253968254,46.03174603174603
2026-01-23,2026-01-22,3.65,3.64,1.0,1,False,False,False,-1.0,5.0,0.2,1.0,9.0,0.2222222222222222,-1.0,65.0,0.24615384615384617,-59.0,271.0,0.08856088560885608,0.0,-0.012121212121213478,-0.674436090225564,-0.9564601278132813,4,2,4,0,0.4,0.2,0.4,0.0,7,3,10,-3,0.35,0.15,0.5,-0.5,26,7,27,-1,0.43333333333333335,0.11666666666666667,0.45,0.0,13.333333333333334,24.166666666666668,35.0,19.047619047619047,32.53968253968254,46.03174603174603
2026-01-26,2026-01-23,3.66,3.65,1.0,3,False,False,False,1.0,5.0,0.2,2.0,10.0,0.2,0.0,66.0,0.24242424242424243,-61.0,269.0,0.08921933085501858,0.6000000000000005,0.048484848484848256,-0.7360902255639095,-0.9172547929980548,5,1,4,1,0.5,0.1,0.4,0.5,8,2,10,-2,0.4,0.1,0.5,-0.5,26,7,27,-1,0.43333333333333335,0.11666666666666667,0.45,0.0,11.666666666666666,23.333333333333332,35.0,18.650793650793652,32.34126984126984,46.03174603174603
2026-01-27,2026-01-26,3.66,3.66,0.0,1,False,False,False,2.0,4.0,0.25,2.0,10.0,0.2,-10.0,56.0,0.2857142857142857,-65.0,265.0,0.09056603773584905,0.8000000000000052,0.08484848484848573,-0.6398496240601503,-0.8678799666574047,5,1,4,1,0.5,0.1,0.4,0.5,7,3,10,-3,0.35,0.15,0.5,-0.5,25,8,27,-2,0.4166666666666667,0.13333333333333333,0.45,0.0,0.0,5.833333333333333,11.666666666666666,0.0,9.126984126984127,18.253968253968253
2026-01-28,2026-01-27,3.64,3.66,-2.0,1,False,False,False,1.0,5.0,0.4,-1.0,11.0,0.18181818181818182,-13.0,57.0,0.2807017543859649,-63.0,263.0,0.09125475285171103,0.10000000000000231,0.054545454545455,-0.5413533834586466,-0.8249513753820504,4,1,5,-1,0.4,0.1,0.5,-0.5,6,3,11,-5,0.3,0.15,0.55,-1.0,25,8,27,-2,0.4166666666666667,0.13333333333333333,0.45,0.0,38.333333333333336,45.0,51.666666666666664,46.03174603174603,56.54761904761905,67.06349206349206
2026-01-29,2026-01-28,3.65,3.64,1.0,1,False,False,False,1.0,5.0,0.4,1.0,11.0,0.18181818181818182,-6.0,52.0,0.3076923076923077,-39.0,241.0,0.0995850622406639,-0.20000000000000018,0.024242424242424263,-0.5037593984962409,-0.8158655181994998,5,1,4,1,0.5,0.1,0.4,0.5,7,3,10,-3,0.35,0.15,0.5,-0.5,26,8,26,0,0.43333333333333335,0.13333333333333333,0.43333333333333335,0.0,13.333333333333334,25.833333333333332,38.333333333333336,18.650793650793652,32.34126984126984,46.03174603174603
2026-01-30,2026-01-29,3.68,3.65,3.0,1,True,False,False,3.0,7.0,0.42857142857142855,2.0,12.0,0.25,-19.0,39.0,0.3076923076923077,-54.0,226.0,0.10619469026548672,0.29999999999999805,0.27878787878788014,-0.16165413533834594,-0.7691858849680466,5,1,4,1,0.5,0.1,0.4,0.5,7,3,10,-3,0.35,0.15,0.5,-0.5,26,8,26,0,0.43333333333333335,0.13333333333333333,0.43333333333333335,0.0,55.0,60.0,65.0,67.46031746031746,71.82539682539682,76.19047619047619
2026-02-02,2026-01-30,3.69,3.68,1.0,3,False,False,False,3.0,7.0,0.42857142857142855,4.0,12.0,0.25,-6.0,28.0,0.17857142857142858,-44.0,218.0,0.11009174311926606,0.9999999999999964,0.4969696969696969,0.03383458646616509,-0.7331203111975549,6,1,3,3,0.6,0.1,0.3,1.0,8,3,9,-1,0.4,0.15,0.45,0.0,27,8,25,2,0.45,0.13333333333333333,0.4166666666666667,0.0,13.333333333333334,26.666666666666668,40.0,18.253968253968253,31.944444444444443,45.63492063492063
2026-02-03,2026-02-02,3.69,3.69,0.0,1,False,False,False,3.0,7.0,0.42857142857142855,5.0,11.0,0.2727272727272727,-1.0,23.0,0.17391304347826086,-31.0,205.0,0.11707317073170732,1.3999999999999968,0.5999999999999999,0.1593984962406012,-0.7166435120866907,6,2,2,4,0.6,0.2,0.2,1.0,8,4,8,0,0.4,0.2,0.4,0.0,27,9,24,3,0.45,0.15,0.4,0.0,0.0,6.666666666666667,13.333333333333334,0.0,9.126984126984127,18.253968253968253
2026-02-04,2026-02-03,3.65,3.69,-4.0,1,False,False,False,1.0,9.0,0.4444444444444444,2.0,14.0,0.2857142857142857,-1.0,23.0,0.17391304347826086,-26.0,200.0,0.12,0.09999999999999787,0.3575757575757558,0.16616541353383424,-0.7202556265629343,6,2,2,4,0.6,0.2,0.2,1.0,8,4,8,0,0.4,0.2,0.4,0.0,27,9,24,3,0.45,0.15,0.4,0.0,70.0,71.66666666666667,73.33333333333333,76.19047619047619,79.76190476190476,83.33333333333333
2026-02-05,2026-02-04,3.65,3.65,0.0,1,False,False,False,0.0,8.0,0.5,1.0,13.0,0.3076923076923077,0.0,22.0,0.18181818181818182,-27.0,199.0,0.12060301507537688,-1.0000000000000053,0.15757575757575584,0.15864661654135268,-0.720727979994443,5,3,2,3,0.5,0.3,0.2,0.5,8,5,7,1,0.4,0.25,0.35,0.0,26,10,24,2,0.43333333333333335,0.16666666666666666,0.4,0.0,0.0,7.5,15.0,0.0,9.126984126984127,18.253968253968253
2026-02-06,2026-02-05,3.64,3.65,-1.0,1,False,False,False,-4.0,6.0,0.6666666666666666,-1.0,13.0,0.3076923076923077,0.0,22.0,0.18181818181818182,-29.0,199.0,0.12060301507537688,-1.3999999999999968,-0.04242424242424421,0.12105263157894693,-0.7196443456515699,4,3,3,1,0.4,0.3,0.3,0.0,8,5,7,1,0.4,0.25,0.35,0.0,25,10,25,0,0.4166666666666667,0.16666666666666666,0.4166666666666667,0.0,16.666666666666668,30.0,43.333333333333336,18.650793650793652,32.142857142857146,45.63492063492063
2026-02-09,2026-02-06,3.63,3.64,-1.0,3,False,False,False,-6.0,6.0,0.6666666666666666,-3.0,13.0,0.3076923076923077,-1.0,23.0,0.17391304347826086,-32.0,198.0,0.12121212121212122,-1.299999999999999,-0.21818181818182,0.06917293233082657,-0.7151986662961934,3,3,4,-1,0.3,0.3,0.4,0.0,8,4,8,0,0.4,0.2,0.4,0.0,24,10,26,-2,0.4,0.16666666666666666,0.43333333333333335,0.0,16.666666666666668,30.0,43.333333333333336,18.650793650793652,32.34126984126984,46.03174603174603
2026-02-10,2026-02-09,3.65,3.63,2.0,1,False,False,False,-4.0,8.0,0.5,-1.0,15.0,0.26666666666666666,1.0,25.0,0.16,-33.0,197.0,0.1218274111675127,-0.20000000000000018,-0.24848484848484992,0.047368421052631074,-0.7006112809113643,4,2,4,0,0.4,0.2,0.4,0.0,9,3,8,1,0.45,0.15,0.4,0.0,24,10,26,-2,0.4,0.16666666666666666,0.43333333333333335,0.0,45.0,51.666666666666664,58.333333333333336,46.42857142857143,56.74603174603175,67.06349206349206
2026-02-11,2026-02-10,3.65,3.65,0.0,1,False,False,False,0.0,4.0,0.5,1.0,13.0,0.3076923076923077,0.0,24.0,0.16666666666666666,-35.0,195.0,0.12307692307692308,0.09999999999999787,-0.40000000000000085,0.03984962406014956,-0.6808002222839679,4,3,3,1,0.4,0.3,0.3,0.0,8,4,8,0,0.4,0.2,0.4,0.0,23,11,26,-3,0.38333333333333336,0.18333333333333332,0.43333333333333335,0.0,0.0,8.333333333333334,16.666666666666668,0.0,9.126984126984127,18.253968253968253
2026-02-12,2026-02-11,3.65,3.65,0.0,1,False,False,False,0.0,4.0,0.5,0.0,12.0,0.3333333333333333,1.0,23.0,0.17391304347826086,-30.0,190.0,0.12631578947368421,0.3999999999999959,-0.4969696969696985,0.01654135338345786,-0.6675187552097805,3,4,3,0,0.3,0.4,0.3,0.0,8,5,7,1,0.4,0.25,0.35,0.0,23,12,25,-2,0.38333333333333336,0.2,0.4166666666666667,0.0,0.0,9.166666666666666,18.333333333333332,0.0,9.325396825396826,18.650793650793652
2026-02-13,2026-02-12,3.66,3.65,1.0,1,False,False,False,2.0,4.0,0.5,-2.0,10.0,0.4,0.0,22.0,0.18181818181818182,-34.0,186.0,0.12903225806451613,0.600000000000005,-0.33939393939393864,0.037593984962405645,-0.6424562378438456,3,4,3,0,0.3,0.4,0.3,0.0,8,5,7,1,0.4,0.25,0.35,0.0,23,12,25,-2,0.38333333333333336,0.2,0.4166666666666667,0.0,20.0,34.166666666666664,48.333333333333336,19.047619047619047,32.73809523809524,46.42857142857143
2026-02-17,2026-02-13,3.71,3.66,5.0,4,False,False,False,8.0,8.0,0.625,2.0,14.0,0.35714285714285715,6.0,26.0,0.19230769230769232,-23.0,185.0,0.12972972972972974,1.3000000000000034,0.18181818181818252,0.11428571428571373,-0.6174770769658239,3,4,3,0,0.3,0.4,0.3,0.0,9,5,6,3,0.45,0.25,0.3,0.0,24,12,24,0,0.4,0.2,0.4,0.0,78.33333333333333,80.0,81.66666666666667,83.33333333333333,85.71428571428571,88.0952380952381
2026-02-18,2026-02-17,3.73,3.71,2.0,1,False,False,False,8.0,8.0,0.625,4.0,16.0,0.3125,9.0,27.0,0.18518518518518517,-18.0,184.0,0.13043478260869565,2.200000000000002,0.7878787878787886,0.19473684210526274,-0.5930258405112532,4,3,3,1,0.4,0.3,0.3,0.0,10,5,5,5,0.5,0.25,0.25,0.5,25,12,23,2,0.4166666666666667,0.2,0.38333333333333336,0.0,50.0,56.666666666666664,63.333333333333336,46.03174603174603,56.54761904761905,67.06349206349206
2026-02-19,2026-02-18,3.67,3.73,-6.0,1,False,False,False,2.0,14.0,0.42857142857142855,2.0,18.0,0.3333333333333333,4.0,32.0,0.1875,-24.0,190.0,0.12631578947368421,1.0999999999999988,0.7515151515151517,0.16015037593984893,-0.5774103917754932,4,3,3,1,0.4,0.3,0.3,0.0,10,5,5,5,0.5,0.25,0.25,0.5,25,11,24,1,0.4166666666666667,0.18333333333333332,0.4,0.0,83.33333333333333,85.83333333333333,88.33333333333333,88.0952380952381,89.68253968253968,91.26984126984127
2026-02-20,2026-02-19,3.66,3.67,-1.0,1,False,False,False,1.0,15.0,0.4,1.0,19.0,0.3157894736842105,2.0,32.0,0.1875,-27.0,189.0,0.12698412698412698,-0.40000000000000036,0.636363636363637,0.12105263157894709,-0.5587107529869408,4,2,4,0,0.4,0.2,0.4,0.0,9,5,6,3,0.45,0.25,0.3,0.0,24,11,25,-1,0.4,0.18333333333333332,0.4166666666666667,0.0,18.333333333333332,33.333333333333336,48.333333333333336,18.650793650793652,32.142857142857146,45.63492063492063
2026-02-23,2026-02-20,3.66,3.66,0.0,3,False,False,False,0.0,14.0,0.42857142857142855,2.0,18.0,0.3333333333333333,1.0,31.0,0.1935483870967742,-30.0,186.0,0.12903225806451613,-1.699999999999995,0.44242424242424483,0.09473684210526294,-0.533425951653237,4,3,3,1,0.4,0.3,0.3,0.0,8,6,6,2,0.4,0.3,0.3,0.0,23,12,25,-2,0.38333333333333336,0.2,0.4166666666666667,0.0,0.0,9.166666666666666,18.333333333333332,0.0,9.126984126984127,18.253968253968253
2026-02-24,2026-02-23,3.67,3.66,1.0,1,False,False,False,-4.0,10.0,0.6,4.0,18.0,0.3333333333333333,1.0,31.0,0.1935483870967742,-34.0,182.0,0.13186813186813187,-1.299999999999999,0.2121212121212135,0.0969924812030074,-0.4963601000277855,5,3,2,3,0.5,0.3,0.2,0.5,8,6,6,2,0.4,0.3,0.3,0.0,23,12,25,-2,0.38333333333333336,0.2,0.4166666666666667,0.0,20.0,35.833333333333336,51.666666666666664,18.650793650793652,32.34126984126984,46.03174603174603
2026-02-25,2026-02-24,3.67,3.67,0.0,1,False,False,False,-6.0,8.0,0.75,2.0,16.0,0.375,1.0,31.0,0.1935483870967742,-38.0,178.0,0.1348314606741573,0.09999999999999787,0.06666666666666712,0.09774436090225562,-0.4506251736593499,4,4,2,2,0.4,0.4,0.2,0.0,8,6,6,2,0.4,0.3,0.3,0.0,22,13,25,-3,0.36666666666666664,0.21666666666666667,0.4166666666666667,0.0,0.0,10.0,20.0,0.0,9.325396825396826,18.650793650793652
2026-02-26,2026-02-25,3.67,3.67,0.0,1,False,False,False,0.0,2.0,0.5,2.0,16.0,0.375,3.0,29.0,0.20689655172413793,-45.0,171.0,0.14035087719298245,0.2999999999999936,-0.10303030303030353,0.06541353383458658,-0.39091414281744946,4,4,2,2,0.4,0.4,0.2,0.0,8,7,5,3,0.4,0.35,0.25,0.0,21,14,25,-4,0.35,0.23333333333333334,0.4166666666666667,0.0,0.0,10.833333333333334,21.666666666666668,0.0,9.523809523809524,19.047619047619047
2026-02-27,2026-02-26,3.68,3.67,1.0,1,True,False,False,2.0,2.0,0.5,3.0,17.0,0.35294117647058826,3.0,29.0,0.20689655172413793,-44.0,172.0,0.13953488372093023,0.40000000000000036,-0.24242424242424265,0.05864661654135364,-0.3270630730758545,5,3,2,3,0.5,0.3,0.2,0.5,8,7,5,3,0.4,0.35,0.25,0.0,22,13,25,-3,0.36666666666666664,0.21666666666666667,0.4166666666666667,0.0,23.333333333333332,40.0,56.666666666666664,19.444444444444443,33.13492063492063,46.82539682539682
2026-03-02,2026-02-27,3.71,3.68,3.0,3,False,False,False,5.0,5.0,0.6,5.0,19.0,0.3157894736842105,3.0,29.0,0.20689655172413793,-30.0,164.0,0.14634146341463414,0.900000000000003,-0.18787878787878765,0.1375939849624065,-0.27449291469852755,5,3,2,3,0.5,0.3,0.2,0.5,8,7,5,3,0.4,0.35,0.25,0.0,23,13,24,-1,0.38333333333333336,0.21666666666666667,0.4,0.0,70.0,73.33333333333333,76.66666666666667,67.06349206349206,71.23015873015873,75.39682539682539
2026-03-03,2026-03-02,3.7,3.71,-1.0,1,False,False,False,3.0,5.0,0.6,-1.0,15.0,0.4,1.0,29.0,0.20689655172413793,-25.0,159.0,0.1509433962264151,1.0000000000000053,0.08484848484848573,0.21353383458646685,-0.23206446235065306,4,3,3,1,0.4,0.3,0.3,0.0,7,7,6,1,0.35,0.35,0.3,0.0,23,13,24,-1,0.38333333333333336,0.21666666666666667,0.4,0.0,21.666666666666668,39.166666666666664,56.666666666666664,19.047619047619047,32.73809523809524,46.42857142857143
2026-03-04,2026-03-03,3.67,3.7,-3.0,1,False,False,False,0.0,8.0,0.375,-6.0,16.0,0.375,-2.0,32.0,0.1875,-25.0,159.0,0.1509433962264151,0.20000000000000018,0.3393939393939394,0.24511278195488773,-0.19824951375382066,3,3,4,-1,0.3,0.3,0.4,0.0,7,6,7,0,0.35,0.3,0.35,0.0,23,13,24,-1,0.38333333333333336,0.21666666666666667,0.4,0.0,71.66666666666667,75.83333333333333,80.0,66.66666666666667,71.03174603174604,75.39682539682539
2026-03-05,2026-03-04,3.66,3.67,-1.0,1,False,False,False,-1.0,9.0,0.3333333333333333,-1.0,11.0,0.2727272727272727,1.0,29.0,0.20689655172413793,-27.0,159.0,0.1509433962264151,-0.8000000000000007,0.21212121212121215,0.20225563909774497,-0.1629897193664908,3,3,4,-1,0.3,0.3,0.4,0.0,7,6,7,0,0.35,0.3,0.35,0.0,22,13,25,-3,0.36666666666666664,0.21666666666666667,0.4166666666666667,0.0,21.666666666666668,40.0,58.333333333333336,18.650793650793652,32.53968253968254,46.42857142857143
2026-03-06,2026-03-05,3.65,3.66,-1.0,1,False,False,False,-3.0,9.0,0.3333333333333333,-1.0,11.0,0.2727272727272727,0.0,30.0,0.2,-30.0,158.0,0.1518987341772152,-1.6000000000000014,-0.024242424242424263,0.1436090225563913,-0.12447902195054192,3,3,4,-1,0.3,0.3,0.4,0.0,7,5,8,-1,0.35,0.25,0.4,0.0,21,13,26,-5,0.35,0.21666666666666667,0.43333333333333335,0.0,21.666666666666668,40.0,58.333333333333336,18.650793650793652,32.73809523809524,46.82539682539682
2026-03-09,2026-03-06,3.65,3.65,0.0,3,False,False,False,-6.0,6.0,0.5,-1.0,11.0,0.2727272727272727,1.0,29.0,0.20689655172413793,-28.0,156.0,0.15384615384615385,-1.2000000000000055,-0.2484848484848483,0.06917293233082743,-0.08769102528480144,3,3,4,-1,0.3,0.3,0.4,0.0,7,6,7,0,0.35,0.3,0.35,0.0,21,14,25,-4,0.35,0.23333333333333334,0.4166666666666667,0.0,0.0,10.833333333333334,21.666666666666668,0.0,9.325396825396826,18.650793650793652
2026-03-10,2026-03-09,3.64,3.65,-1.0,1,False,False,False,-6.0,6.0,0.5,-3.0,11.0,0.2727272727272727,1.0,29.0,0.20689655172413793,-26.0,154.0,0.15584415584415584,-0.6999999999999984,-0.44848484848484804,-0.03684210526315751,-0.056071130869686125,2,3,5,-3,0.2,0.3,0.5,-0.5,7,6,7,0,0.35,0.3,0.35,0.0,21,14,25,-4,0.35,0.23333333333333334,0.4166666666666667,0.0,23.333333333333332,42.5,61.666666666666664,18.650793650793652,32.93650793650794,47.22222222222222
2026-03-11,2026-03-10,3.64,3.64,0.0,1,False,False,False,-3.0,3.0,0.3333333333333333,-3.0,11.0,0.2727272727272727,-1.0,27.0,0.2222222222222222,-2.0,130.0,0.12307692307692308,-0.4999999999999982,-0.6121212121212117,-0.11278195488721764,-0.06368435676576834,2,3,5,-3,0.2,0.3,0.5,-0.5,6,7,7,-1,0.3,0.35,0.35,0.0,21,15,24,-3,0.35,0.25,0.4,0.0,0.0,11.666666666666666,23.333333333333332,0.0,9.325396825396826,18.650793650793652
2026-03-12,2026-03-11,3.65,3.64,1.0,1,False,False,False,-1.0,3.0,0.3333333333333333,-2.0,12.0,0.25,0.0,28.0,0.21428571428571427,-2.0,130.0,0.12307692307692308,-0.09999999999999787,-0.6848484848484859,-0.17293233082706758,-0.06785218116143382,3,2,5,-2,0.3,0.2,0.5,-0.5,7,6,7,0,0.35,0.3,0.35,0.0,21,15,24,-3,0.35,0.25,0.4,0.0,25.0,45.0,65.0,19.047619047619047,33.13492063492063,47.22222222222222
2026-03-13,2026-03-12,3.65,3.65,0.0,1,False,False,False,0.0,2.0,0.5,-3.0,11.0,0.2727272727272727,0.0,28.0,0.21428571428571427,-10.0,122.0,0.13114754098360656,0.09999999999999787,-0.6666666666666675,-0.23308270676691756,-0.05834954153931659,2,3,5,-3,0.2,0.3,0.5,-0.5,7,6,7,0,0.35,0.3,0.35,0.0,20,16,24,-4,0.3333333333333333,0.26666666666666666,0.4,0.0,0.0,12.5,25.0,0.0,9.523809523809524,19.047619047619047
2026-03-16,2026-03-13,3.7,3.65,5.0,3,False,False,False,5.0,7.0,0.7142857142857143,-1.0,13.0,0.38461538461538464,4.0,32.0,0.1875,1.0,121.0,0.1322314049586777,1.299999999999999,-0.13939393939393965,-0.2060150375939848,-0.050263962211725584,2,3,5,-3,0.2,0.3,0.5,-0.5,7,6,7,0,0.35,0.3,0.35,0.0,21,16,23,-2,0.35,0.26666666666666666,0.38333333333333336,0.0,86.66666666666667,88.33333333333333,90.0,82.93650793650794,85.51587301587301,88.0952380952381
2026-03-17,2026-03-16,3.65,3.7,-5.0,1,False,False,False,1.0,11.0,0.45454545454545453,-5.0,17.0,0.29411764705882354,-6.0,32.0,0.1875,-4.0,126.0,0.12698412698412698,0.6999999999999984,0.06060606060606066,-0.17744360902255646,-0.050430675187552246,2,3,5,-3,0.2,0.3,0.5,-0.5,6,6,8,-2,0.3,0.3,0.4,0.0,21,15,24,-3,0.35,0.25,0.4,0.0,86.66666666666667,89.16666666666667,91.66666666666667,82.53968253968254,85.31746031746032,88.0952380952381
2026-03-18,2026-03-17,3.62,3.65,-3.0,1,False,False,False,-2.0,14.0,0.35714285714285715,-5.0,17.0,0.29411764705882354,-11.0,33.0,0.18181818181818182,-4.0,126.0,0.12698412698412698,-0.5999999999999961,-0.04242424242424233,-0.15112781954887217,-0.06037788274520712,2,3,5,-3,0.2,0.3,0.5,-0.5,5,6,9,-4,0.25,0.3,0.45,0.0,21,15,24,-3,0.35,0.25,0.4,0.0,75.0,78.33333333333333,81.66666666666667,66.66666666666667,70.83333333333333,75.0
2026-03-19,2026-03-18,3.62,3.62,0.0,1,False,False,False,-3.0,13.0,0.38461538461538464,-4.0,16.0,0.3125,-5.0,27.0,0.18518518518518517,-4.0,126.0,0.12698412698412698,-1.3999999999999968,-0.1515151515151502,-0.20300751879699247,-0.07010280633509315,2,4,4,-2,0.2,0.4,0.4,0.0,5,7,8,-3,0.25,0.35,0.4,0.0,21,15,24,-3,0.35,0.25,0.4,0.0,0.0,12.5,25.0,0.0,9.722222222222221,19.444444444444443
2026-03-20,2026-03-19,3.62,3.62,0.0,1,False,False,False,-3.0,13.0,0.38461538461538464,-3.0,15.0,0.3333333333333333,-4.0,26.0,0.19230769230769232,-6.0,124.0,0.12903225806451613,-1.8999999999999992,-0.27878787878787764,-0.26315789473684187,-0.0762156154487358,2,5,3,-1,0.2,0.5,0.3,0.0,5,8,7,-2,0.25,0.4,0.35,0.0,20,16,24,-4,0.3333333333333333,0.26666666666666666,0.4,0.0,0.0,12.5,25.0,0.0,9.722222222222221,19.444444444444443
2026-03-23,2026-03-20,3.62,3.62,0.0,3,False,False,False,-8.0,8.0,0.625,-3.0,15.0,0.3333333333333333,-4.0,26.0,0.19230769230769232,-4.0,122.0,0.13114754098360656,-0.5999999999999961,-0.3696969696969691,-0.31729323308270624,-0.08538482911919978,2,5,3,-1,0.2,0.5,0.3,0.0,5,8,7,-2,0.25,0.4,0.35,0.0,20,17,23,-3,0.3333333333333333,0.2833333333333333,0.38333333333333336,0.0,0.0,13.333333333333334,26.666666666666668,0.0,9.920634920634921,19.841269841269842
2026-03-24,2026-03-23,3.63,3.62,1.0,1,False,False,False,-2.0,4.0,0.75,-1.0,15.0,0.3333333333333333,-4.0,26.0,0.19230769230769232,-3.0,123.0,0.13008130081300814,0.19999999999999574,-0.4363636363636362,-0.33533834586466144,-0.0926924145595999,3,5,2,1,0.3,0.5,0.2,0.0,5,8,7,-2,0.25,0.4,0.35,0.0,21,16,23,-2,0.35,0.26666666666666666,0.38333333333333336,0.0,28.333333333333332,48.333333333333336,68.33333333333333,20.238095238095237,33.333333333333336,46.42857142857143
2026-03-25,2026-03-24,3.64,3.63,1.0,1,False,False,False,2.0,2.0,0.5,0.0,16.0,0.3125,-3.0,27.0,0.18518518518518517,-12.0,114.0,0.14035087719298245,0.4999999999999982,-0.4363636363636352,-0.33308270676691715,-0.08124479021950545,4,4,2,2,0.4,0.4,0.2,0.0,6,7,7,-1,0.3,0.35,0.35,0.0,21,16,23,-2,0.35,0.26666666666666666,0.38333333333333336,0.0,26.666666666666668,47.5,68.33333333333333,20.238095238095237,33.53174603174603,46.82539682539682
2026-03-26,2026-03-25,3.65,3.64,1.0,1,False,False,False,3.0,3.0,0.3333333333333333,0.0,16.0,0.3125,-2.0,28.0,0.17857142857142858,-12.0,114.0,0.14035087719298245,0.7999999999999963,-0.3151515151515154,-0.3120300751879701,-0.06579605445957216,4,4,2,2,0.4,0.4,0.2,0.0,7,6,7,0,0.35,0.3,0.35,0.0,21,16,23,-2,0.35,0.26666666666666666,0.38333333333333336,0.0,26.666666666666668,48.333333333333336,70.0,19.841269841269842,33.333333333333336,46.82539682539682
2026-03-27,2026-03-26,3.63,3.65,-2.0,1,False,False,False,1.0,5.0,0.4,-2.0,18.0,0.2777777777777778,-5.0,29.0,0.1724137931034483,-8.0,110.0,0.14545454545454545,0.3999999999999959,-0.3030303030303049,-0.30075187969924827,-0.06312864684634631,4,3,3,1,0.4,0.3,0.3,0.0,6,6,8,-2,0.3,0.3,0.4,0.0,21,16,23,-2,0.35,0.26666666666666666,0.38333333333333336,0.0,70.0,73.33333333333333,76.66666666666667,46.82539682539682,56.54761904761905,66.26984126984127
2026-03-30,2026-03-27,3.63,3.63,0.0,3,False,False,False,1.0,5.0,0.4,-7.0,13.0,0.38461538461538464,-8.0,26.0,0.19230769230769232,-24.0,94.0,0.1276595744680851,-0.10000000000000231,0.06666666666666497,-0.23458646616541395,-0.03289802722978615,3,4,3,0,0.3,0.4,0.3,0.0,5,7,8,-3,0.25,0.35,0.4,0.0,20,17,23,-3,0.3333333333333333,0.2833333333333333,0.38333333333333336,0.0,0.0,13.333333333333334,26.666666666666668,0.0,9.920634920634921,19.841269841269842
2026-03-31,2026-03-30,3.68,3.63,5.0,1,True,True,False,5.0,9.0,0.5555555555555556,3.0,13.0,0.38461538461538464,-2.0,30.0,0.16666666666666666,-7.0,87.0,0.06896551724137931,0.6000000000000005,0.46060606060605913,-0.10075187969924812,-0.013475965545985073,4,4,2,2,0.4,0.4,0.2,0.0,6,7,7,-1,0.3,0.35,0.35,0.0,21,17,22,-1,0.35,0.2833333333333333,0.36666666666666664,0.0,90.0,93.33333333333333,96.66666666666667,82.14285714285714,85.11904761904762,88.0952380952381
2026-04-01,2026-03-31,3.65,3.68,-3.0,1,False,False,False,1.0,11.0,0.45454545454545453,3.0,13.0,0.38461538461538464,-2.0,30.0,0.16666666666666666,-5.0,85.0,0.07058823529411765,0.5000000000000027,0.4545454545454529,-0.05413533834586494,-0.007057515976660253,4,4,2,2,0.4,0.4,0.2,0.0,6,7,7,-1,0.3,0.35,0.35,0.0,21,17,22,-1,0.35,0.2833333333333333,0.36666666666666664,0.0,80.0,83.33333333333333,86.66666666666667,65.87301587301587,70.23809523809524,74.60317460317461
2026-04-02,2026-04-01,3.66,3.65,1.0,1,False,False,False,1.0,11.0,0.45454545454545453,4.0,14.0,0.35714285714285715,0.0,30.0,0.16666666666666666,0.0,82.0,0.07317073170731707,0.8000000000000052,0.4666666666666664,-0.006015037593984867,-0.005501528202278439,5,3,2,3,0.5,0.3,0.2,0.5,7,7,6,1,0.35,0.35,0.3,0.0,22,17,21,1,0.36666666666666664,0.2833333333333333,0.35,0.0,28.333333333333332,50.0,71.66666666666667,20.238095238095237,33.333333333333336,46.42857142857143
2026-04-06,2026-04-02,3.65,3.66,-1.0,4,False,False,False,2.0,10.0,0.5,3.0,15.0,0.3333333333333333,0.0,30.0,0.16666666666666666,0.0,82.0,0.07317073170731707,0.20000000000000018,0.37575757575757557,0.012030075187969702,-0.007279799944429073,5,2,3,2,0.5,0.2,0.3,0.5,7,7,6,1,0.35,0.35,0.3,0.0,22,17,21,1,0.36666666666666664,0.2833333333333333,0.35,0.0,28.333333333333332,50.833333333333336,73.33333333333333,20.238095238095237,33.53174603174603,46.82539682539682
2026-04-07,2026-04-06,3.62,3.65,-3.0,1,False,False,False,-1.0,13.0,0.38461538461538464,0.0,18.0,0.2777777777777778,-3.0,33.0,0.15151515151515152,-2.0,84.0,0.07142857142857142,-1.200000000000001,0.084848484848486,-0.012781954887218307,-0.01567101972770217,5,1,4,1,0.5,0.1,0.4,0.5,7,6,7,0,0.35,0.3,0.35,0.0,22,17,21,1,0.36666666666666664,0.2833333333333333,0.35,0.0,81.66666666666667,85.83333333333333,90.0,65.87301587301587,70.43650793650794,75.0
2026-04-08,2026-04-07,3.59,3.62,-3.0,1,False,False,False,-9.0,11.0,0.2727272727272727,-4.0,20.0,0.25,-5.0,35.0,0.14285714285714285,-5.0,87.0,0.06896551724137931,-1.6000000000000014,-0.3030303030303033,-0.09172932330827104,-0.028869130313976143,4,1,5,-1,0.4,0.1,0.5,-0.5,7,6,7,0,0.35,0.3,0.35,0.0,22,16,22,0,0.36666666666666664,0.26666666666666666,0.36666666666666664,0.0,80.0,85.0,90.0,65.47619047619048,70.23809523809524,75.0
2026-04-09,2026-04-08,3.57,3.59,-2.0,1,False,False,False,-8.0,10.0,0.3,-7.0,21.0,0.23809523809523808,-7.0,37.0,0.13513513513513514,-7.0,89.0,0.06741573033707865,-2.4000000000000066,-0.684848484848485,-0.1917293233082711,-0.04506807446512926,3,1,6,-3,0.3,0.1,0.6,-1.5,7,5,8,-1,0.35,0.25,0.4,0.0,22,15,23,-1,0.36666666666666664,0.25,0.38333333333333336,0.0,70.0,74.16666666666667,78.33333333333333,47.22222222222222,56.15079365079365,65.07936507936508
2026-04-10,2026-04-09,3.61,3.57,4.0,1,False,False,False,-5.0,13.0,0.3076923076923077,-4.0,24.0,0.20833333333333334,-4.0,40.0,0.125,-4.0,92.0,0.06521739130434782,-1.3000000000000034,-0.696969696969698,-0.20827067669173005,-0.05262572936926933,3,1,6,-3,0.3,0.1,0.6,-1.5,7,5,8,-1,0.35,0.25,0.4,0.0,22,15,23,-1,0.36666666666666664,0.25,0.38333333333333336,0.0,90.0,90.83333333333333,91.66666666666667,75.0,78.57142857142857,82.14285714285714
2026-04-13,2026-04-10,3.63,3.61,2.0,3,False,False,False,-2.0,14.0,0.2857142857142857,0.0,24.0,0.20833333333333334,-2.0,42.0,0.11904761904761904,-1.0,93.0,0.06451612903225806,0.3999999999999959,-0.6848484848484867,-0.19022556390977546,-0.05837732703528767,4,1,5,-1,0.4,0.1,0.5,-0.5,8,4,8,0,0.4,0.2,0.4,0.0,23,15,22,1,0.38333333333333336,0.25,0.36666666666666664,0.0,66.66666666666667,71.66666666666667,76.66666666666667,47.22222222222222,56.15079365079365,65.07936507936508
2026-04-14,2026-04-13,3.66,3.63,3.0,1,False,False,False,4.0,14.0,0.2857142857142857,3.0,27.0,0.18518518518518517,-4.0,40.0,0.125,0.0,94.0,0.06382978723404255,2.000000000000006,-0.5090909090909104,-0.0473684210526321,-0.05576549041400393,5,0,5,0,0.5,0.0,0.5,0.0,8,4,8,0,0.4,0.2,0.4,0.0,23,15,22,1,0.38333333333333336,0.25,0.36666666666666664,0.0,76.66666666666667,82.5,88.33333333333333,65.07936507936508,70.03968253968254,75.0
2026-04-15,2026-04-14,3.72,3.66,6.0,1,False,False,False,13.0,17.0,0.35294117647058826,4.0,28.0,0.21428571428571427,7.0,41.0,0.14634146341463414,7.0,99.0,0.06060606060606061,3.5000000000000098,0.290909090909092,0.10827067669172896,-0.04501250347318702,5,0,5,0,0.5,0.0,0.5,0.0,9,4,7,2,0.45,0.2,0.35,0.0,24,15,21,3,0.4,0.25,0.35,0.0,98.33333333333333,99.16666666666667,100.0,88.88888888888889,90.47619047619048,92.06349206349206
2026-04-16,2026-04-15,3.67,3.72,-5.0,1,False,False,False,10.0,20.0,0.3,2.0,30.0,0.2,5.0,43.0,0.13953488372093023,3.0,103.0,0.05825242718446602,2.100000000000004,0.5696969696969699,0.1345864661654132,-0.04454015004167827,5,0,5,0,0.5,0.0,0.5,0.0,9,4,7,2,0.45,0.2,0.35,0.0,24,15,21,3,0.4,0.25,0.35,0.0,90.0,93.33333333333333,96.66666666666667,82.14285714285714,85.31746031746032,88.4920634920635
2026-04-17,2026-04-16,3.65,3.67,-2.0,1,False,False,False,4.0,18.0,0.3333333333333333,-1.0,31.0,0.1935483870967742,3.0,45.0,0.13333333333333333,2.0,104.0,0.057692307692307696,0.4999999999999982,0.7818181818181826,0.12481203007518767,-0.04920811336482363,4,0,6,-2,0.4,0.0,0.6,-1.5,9,3,8,1,0.45,0.15,0.4,0.0,24,15,21,3,0.4,0.25,0.35,0.0,61.666666666666664,66.66666666666667,71.66666666666667,47.22222222222222,55.95238095238095,64.68253968253968
2026-04-20,2026-04-17,3.63,3.65,-2.0,3,False,False,False,0.0,18.0,0.3333333333333333,-2.0,32.0,0.1875,1.0,47.0,0.1276595744680851,-1.0,105.0,0.05714285714285714,-1.3000000000000078,0.8303030303030303,0.08195488721804486,-0.05557099194220622,4,0,6,-2,0.4,0.0,0.6,-2.0,9,2,9,0,0.45,0.1,0.45,0.0,23,15,22,1,0.38333333333333336,0.25,0.36666666666666664,0.0,60.0,65.83333333333333,71.66666666666667,47.22222222222222,56.15079365079365,65.07936507936508
2026-04-21,2026-04-20,3.63,3.63,0.0,1,False,False,False,-3.0,15.0,0.4,1.0,29.0,0.20689655172413793,1.0,47.0,0.1276595744680851,-2.0,104.0,0.057692307692307696,-2.2000000000000064,0.7030303030303037,0.037593984962405846,-0.06018338427340937,4,1,5,-1,0.4,0.1,0.5,-1.0,9,2,9,0,0.45,0.1,0.45,0.0,22,16,22,0,0.36666666666666664,0.26666666666666666,0.36666666666666664,0.0,0.0,12.5,25.0,0.0,9.920634920634921,19.841269841269842
2026-04-22,2026-04-21,3.64,3.63,1.0,1,False,False,False,-8.0,10.0,0.5,5.0,27.0,0.2222222222222222,1.0,47.0,0.1276595744680851,-2.0,104.0,0.057692307692307696,-0.7999999999999963,0.4181818181818192,0.021804511278195424,-0.06135037510419566,5,1,4,1,0.5,0.1,0.4,0.5,9,2,9,0,0.45,0.1,0.45,0.0,22,16,22,0,0.36666666666666664,0.26666666666666666,0.36666666666666664,0.0,26.666666666666668,42.5,58.333333333333336,20.238095238095237,33.73015873015873,47.22222222222222
2026-04-23,2026-04-22,3.65,3.64,1.0,1,False,False,False,-2.0,6.0,0.3333333333333333,8.0,26.0,0.23076923076923078,1.0,47.0,0.1276595744680851,-1.0,105.0,0.05714285714285714,0.10000000000000231,-0.0060606060606062,0.034586466165413596,-0.06076687968880248,6,1,3,3,0.6,0.1,0.3,1.0,9,2,9,0,0.45,0.1,0.45,0.0,23,15,22,1,0.38333333333333336,0.25,0.36666666666666664,0.0,26.666666666666668,42.5,58.333333333333336,20.238095238095237,33.92857142857143,47.61904761904762
2026-04-24,2026-04-23,3.66,3.65,1.0,1,False,False,False,1.0,5.0,0.4,5.0,23.0,0.2608695652173913,1.0,47.0,0.1276595744680851,2.0,104.0,0.057692307692307696,0.8000000000000052,-0.20606060606060597,0.07593984962406036,-0.061878299527646556,6,1,3,3,0.6,0.1,0.3,1.0,9,2,9,0,0.45,0.1,0.45,0.0,24,15,21,3,0.4,0.25,0.35,0.0,25.0,41.666666666666664,58.333333333333336,20.238095238095237,33.92857142857143,47.61904761904762
2026-04-27,2026-04-24,3.66,3.66,0.0,3,False,False,False,3.0,3.0,0.3333333333333333,3.0,21.0,0.2857142857142857,3.0,45.0,0.13333333333333333,1.0,103.0,0.05825242718446602,0.8000000000000052,-0.33333333333333326,0.08421052631578978,-0.0614059460961378,5,2,3,2,0.5,0.2,0.3,0.5,9,3,8,1,0.45,0.15,0.4,0.0,23,16,21,2,0.38333333333333336,0.26666666666666666,0.35,0.0,0.0,12.5,25.0,0.0,9.920634920634921,19.841269841269842
2026-04-28,2026-04-27,3.64,3.66,-2.0,1,False,False,False,1.0,5.0,0.4,-2.0,20.0,0.3,1.0,47.0,0.1276595744680851,-4.0,102.0,0.058823529411764705,0.10000000000000231,-0.4060606060606047,0.059398496240601846,-0.0591831064184495,4,2,4,0,0.4,0.2,0.4,0.0,9,2,9,0,0.45,0.1,0.45,0.0,22,16,22,0,0.36666666666666664,0.26666666666666666,0.36666666666666664,0.0,60.0,65.83333333333333,71.66666666666667,48.01587301587302,56.94444444444444,65.87301587301587
2026-04-29,2026-04-28,3.63,3.64,-1.0,1,False,False,False,-1.0,5.0,0.4,-9.0,15.0,0.3333333333333333,-5.0,43.0,0.13953488372093023,-6.0,102.0,0.058823529411764705,-0.6000000000000005,-0.10909090909090731,0.09774436090225606,-0.05668241178105026,3,2,5,-2,0.3,0.2,0.5,-0.5,8,2,10,-2,0.4,0.1,0.5,-0.5,21,16,23,-2,0.35,0.26666666666666666,0.38333333333333336,0.0,26.666666666666668,43.333333333333336,60.0,20.238095238095237,34.12698412698413,48.01587301587302
2026-04-30,2026-04-29,3.66,3.63,3.0,1,True,False,False,1.0,7.0,0.42857142857142855,-1.0,13.0,0.23076923076923078,1.0,43.0,0.13953488372093023,-3.0,105.0,0.05714285714285714,-0.3000000000000025,0.1272727272727294,0.13909774436090278,-0.04893025840511248,4,2,4,0,0.4,0.2,0.4,0.0,9,2,9,0,0.45,0.1,0.45,0.0,22,15,23,-1,0.36666666666666664,0.25,0.38333333333333336,0.0,73.33333333333333,79.16666666666667,85.0,65.87301587301587,70.83333333333333,75.7936507936508
2026-05-01,2026-04-30,3.64,3.66,-2.0,1,False,False,False,-2.0,8.0,0.375,-1.0,13.0,0.23076923076923078,-2.0,44.0,0.13636363636363635,-1.0,103.0,0.05825242718446602,-0.20000000000000018,0.13333333333333533,0.1661654135338355,-0.05106974159488742,4,2,4,0,0.4,0.2,0.4,0.0,8,2,10,-2,0.4,0.1,0.5,-0.5,22,15,23,-1,0.36666666666666664,0.25,0.38333333333333336,0.0,58.333333333333336,65.0,71.66666666666667,48.01587301587302,56.94444444444444,65.87301587301587
2026-05-04,2026-05-01,3.63,3.64,-1.0,3,False,False,False,-3.0,9.0,0.3333333333333333,0.0,12.0,0.25,-2.0,44.0,0.13636363636363635,-2.0,104.0,0.057692307692307696,-0.10000000000000231,-0.036363636363636126,0.16616541353383518,-0.05479299805501527,4,2,4,0,0.4,0.2,0.4,0.0,8,2,10,-2,0.4,0.1,0.5,-0.5,22,14,24,-2,0.36666666666666664,0.23333333333333334,0.4,0.0,25.0,41.666666666666664,58.333333333333336,20.238095238095237,34.12698412698413,48.01587301587302
2026-05-05,2026-05-04,3.62,3.63,-1.0,1,False,False,False,-2.0,8.0,0.375,-1.0,13.0,0.23076923076923078,0.0,42.0,0.14285714285714285,-2.0,104.0,0.057692307692307696,-0.4999999999999982,-0.26060606060606095,0.10751879699248212,-0.061739372047791,4,1,5,-1,0.4,0.1,0.5,-0.5,8,2,10,-2,0.4,0.1,0.5,-0.5,22,14,24,-2,0.36666666666666664,0.23333333333333334,0.4,0.0,23.333333333333332,40.833333333333336,58.333333333333336,19.841269841269842,33.92857142857143,48.01587301587302
2026-05-06,2026-05-05,3.61,3.62,-1.0,1,False,False,False,-2.0,8.0,0.375,-3.0,13.0,0.23076923076923078,2.0,40.0,0.15,-2.0,104.0,0.057692307692307696,-1.2000000000000055,-0.4606060606060616,-0.012781954887217537,-0.07190886357321477,3,1,6,-3,0.3,0.1,0.6,-1.0,8,2,10,-2,0.4,0.1,0.5,-0.5,22,14,24,-2,0.36666666666666664,0.23333333333333334,0.4,0.0,23.333333333333332,40.833333333333336,58.333333333333336,19.841269841269842,34.12698412698413,48.41269841269841
2026-05-07,2026-05-06,3.6,3.61,-1.0,1,False,False,False,-6.0,6.0,0.3333333333333333,-5.0,13.0,0.23076923076923078,3.0,39.0,0.15384615384615385,-5.0,103.0,0.05825242718446602,-1.0000000000000009,-0.6121212121212136,-0.18195488721804476,-0.08021672686857459,2,1,7,-5,0.2,0.1,0.7,-1.0,8,2,10,-2,0.4,0.1,0.5,-0.5,21,14,25,-4,0.35,0.23333333333333334,0.4166666666666667,0.0,23.333333333333332,40.833333333333336,58.333333333333336,19.841269841269842,34.32539682539682,48.80952380952381
2026-05-08,2026-05-07,3.6,3.6,0.0,1,False,False,False,-4.0,4.0,0.25,-6.0,12.0,0.25,-1.0,35.0,0.17142857142857143,-5.0,103.0,0.05825242718446602,-0.7999999999999963,-0.636363636363637,-0.29248120300751856,-0.0882467352042234,1,2,7,-6,0.1,0.2,0.7,-1.0,7,3,10,-3,0.35,0.15,0.5,-0.5,21,14,25,-4,0.35,0.23333333333333334,0.4166666666666667,0.0,0.0,11.666666666666666,23.333333333333332,0.0,9.920634920634921,19.841269841269842
2026-05-11,2026-05-08,3.6,3.6,0.0,3,False,False,False,-3.0,3.0,0.3333333333333333,-6.0,12.0,0.25,-3.0,33.0,0.18181818181818182,-5.0,103.0,0.05825242718446602,-0.4999999999999982,-0.5878787878787877,-0.36992481203007505,-0.09599888858016115,1,2,7,-6,0.1,0.2,0.7,-1.0,6,4,10,-4,0.3,0.2,0.5,-0.5,21,14,25,-4,0.35,0.23333333333333334,0.4166666666666667,0.0,0.0,11.666666666666666,23.333333333333332,0.0,10.119047619047619,20.238095238095237
2026-05-12,2026-05-11,3.6,3.6,0.0,1,False,False,False,-2.0,2.0,0.5,-4.0,10.0,0.3,-6.0,30.0,0.2,-6.0,102.0,0.058823529411764705,-0.19999999999999574,-0.5999999999999991,-0.39548872180451083,-0.10177827174215055,1,3,6,-5,0.1,0.3,0.6,-1.0,5,5,10,-5,0.25,0.25,0.5,-0.5,20,15,25,-5,0.3333333333333333,0.25,0.4166666666666667,0.0,0.0,11.666666666666666,23.333333333333332,0.0,10.317460317460318,20.634920634920636
2026-05-13,2026-05-12,3.59,3.6,-1.0,1,False,False,False,-2.0,2.0,0.5,-4.0,10.0,0.3,-13.0,25.0,0.2,-12.0,98.0,0.061224489795918366,-0.20000000000000462,-0.6848484848484859,-0.3315789473684207,-0.10038899694359546,1,3,6,-5,0.1,0.3,0.6,-1.0,4,5,11,-7,0.2,0.25,0.55,-1.0,19,15,26,-7,0.31666666666666665,0.25,0.43333333333333335,0.0,25.0,42.5,60.0,21.03174603174603,35.51587301587302,50.0
2026-05-14,2026-05-13,3.56,3.59,-3.0,1,False,False,False,-4.0,4.0,0.75,-10.0,10.0,0.3,-11.0,23.0,0.13043478260869565,-17.0,99.0,0.06060606060606061,-0.900000000000003,-0.684848484848485,-0.36992481203007493,-0.09986107252014448,0,3,7,-7,0.0,0.3,0.7,-1.0,4,5,11,-7,0.2,0.25,0.55,-1.0,18,15,27,-9,0.3,0.25,0.45,0.0,75.0,81.66666666666667,88.33333333333333,67.46031746031746,72.02380952380952,76.58730158730158
2026-05-15,2026-05-14,3.55,3.56,-1.0,1,False,False,False,-5.0,5.0,0.6,-9.0,9.0,0.3333333333333333,-10.0,22.0,0.13636363636363635,-12.0,94.0,0.06382978723404255,-1.4000000000000057,-0.7515151515151522,-0.4375939849624062,-0.11019727702139488,0,3,7,-7,0.0,0.3,0.7,-1.0,4,5,11,-7,0.2,0.25,0.55,-1.0,18,15,27,-9,0.3,0.25,0.45,0.0,25.0,43.333333333333336,61.666666666666664,21.03174603174603,35.317460317460316,49.6031746031746
2026-05-18,2026-05-15,3.53,3.55,-2.0,3,False,False,False,-7.0,7.0,0.42857142857142855,-10.0,10.0,0.3,-10.0,22.0,0.13636363636363635,-13.0,95.0,0.06315789473684211,-1.800000000000006,-0.8848484848484872,-0.5503759398496247,-0.1248402333981662,0,3,7,-7,0.0,0.3,0.7,-1.0,4,5,11,-7,0.2,0.25,0.55,-1.0,18,15,27,-9,0.3,0.25,0.45,0.0,63.333333333333336,69.16666666666667,75.0,49.6031746031746,58.333333333333336,67.06349206349206
2026-05-19,2026-05-18,3.51,3.53,-2.0,1,False,False,False,-9.0,9.0,0.3333333333333333,-11.0,11.0,0.2727272727272727,-12.0,24.0,0.125,-15.0,97.0,0.061855670103092786,-1.900000000000004,-1.0727272727272754,-0.6766917293233095,-0.14203945540427904,0,3,7,-7,0.0,0.3,0.7,-1.0,4,4,12,-8,0.2,0.2,0.6,-1.0,18,14,28,-10,0.3,0.23333333333333334,0.4666666666666667,0.0,61.666666666666664,68.33333333333333,75.0,49.6031746031746,58.333333333333336,67.06349206349206
2026-05-20,2026-05-19,3.5,3.51,-1.0,1,False,False,False,-9.0,9.0,0.3333333333333333,-11.0,11.0,0.2727272727272727,-14.0,24.0,0.125,-17.0,97.0,0.061855670103092786,-1.6000000000000014,-1.2484848484848514,-0.7834586466165422,-0.15834954153931655,0,3,7,-7,0.0,0.3,0.7,-1.0,3,4,13,-10,0.15,0.2,0.65,-1.0,17,14,29,-12,0.2833333333333333,0.23333333333333334,0.48333333333333334,0.0,23.333333333333332,41.666666666666664,60.0,20.634920634920636,34.92063492063492,49.20634920634921
2026-05-21,2026-05-20,3.51,3.5,1.0,1,False,False,False,-5.0,7.0,0.2857142857142857,-9.0,11.0,0.2727272727272727,-14.0,24.0,0.125,-16.0,98.0,0.061224489795918366,-1.0999999999999988,-1.303030303030306,-0.8390977443609038,-0.17207557654904151,1,3,6,-5,0.1,0.3,0.6,-1.0,3,4,13,-10,0.15,0.2,0.65,-1.0,18,13,29,-11,0.3,0.21666666666666667,0.48333333333333334,0.0,23.333333333333332,41.666666666666664,60.0,20.634920634920636,35.11904761904762,49.6031746031746
2026-05-22,2026-05-21,3.55,3.51,4.0,1,False,False,False,0.0,10.0,0.4,-5.0,15.0,0.26666666666666666,-11.0,27.0,0.14814814814814814,-12.0,102.0,0.058823529411764705,0.40000000000000036,-1.0303030303030332,-0.8007518796992497,-0.1783550986385109,2,2,6,-4,0.2,0.2,0.6,-1.0,3,4,13,-10,0.15,0.2,0.65,-1.0,19,12,29,-10,0.31666666666666665,0.2,0.48333333333333334,0.0,90.0,90.83333333333333,91.66666666666667,76.58730158730158,79.76190476190476,82.93650793650794
2026-05-26,2026-05-22,3.63,3.55,8.0,4,False,False,False,10.0,16.0,0.5,3.0,23.0,0.34782608695652173,-3.0,35.0,0.22857142857142856,-5.0,109.0,0.07339449541284404,2.9000000000000004,-0.26060606060606234,-0.6315789473684225,-0.16915809947207575,3,1,6,-3,0.3,0.1,0.6,-1.0,4,3,13,-9,0.2,0.15,0.65,-1.0,19,12,29,-10,0.31666666666666665,0.2,0.48333333333333334,0.0,100.0,100.0,100.0,93.25396825396825,93.45238095238095,93.65079365079364
2026-05-27,2026-05-26,3.63,3.63,0.0,1,False,False,False,12.0,14.0,0.5714285714285714,3.0,23.0,0.34782608695652173,-1.0,33.0,0.24242424242424243,-8.0,106.0,0.07547169811320754,3.7999999999999985,0.4727272727272724,-0.4894736842105275,-0.15459849958321775,3,1,6,-3,0.3,0.1,0.6,-1.0,4,4,12,-8,0.2,0.2,0.6,-1.0,18,13,29,-11,0.3,0.21666666666666667,0.48333333333333334,0.0,0.0,10.0,20.0,0.0,10.317460317460318,20.634920634920636
2026-05-28,2026-05-27,3.62,3.63,-1.0,1,False,False,False,12.0,14.0,0.5714285714285714,3.0,23.0,0.34782608695652173,-1.0,33.0,0.24242424242424243,-8.0,106.0,0.07547169811320754,3.000000000000007,1.0484848484848492,-0.37593984962406124,-0.1429285912753544,3,1,6,-3,0.3,0.1,0.6,-1.0,4,4,12,-8,0.2,0.2,0.6,-1.0,18,13,29,-11,0.3,0.21666666666666667,0.48333333333333334,0.0,21.666666666666668,40.0,58.333333333333336,21.03174603174603,35.11904761904762,49.20634920634921
2026-05-29,2026-05-28,3.63,3.62,1.0,1,True,False,False,12.0,14.0,0.5714285714285714,7.0,21.0,0.38095238095238093,-3.0,31.0,0.25806451612903225,-4.0,104.0,0.07692307692307693,1.5000000000000036,1.4424242424242444,-0.19924812030075278,-0.13425951653237025,4,1,5,-1,0.4,0.1,0.5,-0.5,4,4,12,-8,0.2,0.2,0.6,-1.0,19,13,28,-9,0.31666666666666665,0.21666666666666667,0.4666666666666667,0.0,21.666666666666668,40.0,58.333333333333336,20.634920634920636,34.92063492063492,49.20634920634921
2026-06-01,2026-05-29,3.65,3.63,2.0,3,False,False,False,10.0,12.0,0.6666666666666666,10.0,22.0,0.36363636363636365,1.0,31.0,0.25806451612903225,-1.0,105.0,0.0761904761904762,0.40000000000000036,1.7939393939393957,-0.021052631578948055,-0.12378438455126439,5,1,4,1,0.5,0.1,0.4,0.5,5,4,11,-6,0.25,0.2,0.55,-1.0,20,13,27,-7,0.3333333333333333,0.21666666666666667,0.45,0.0,60.0,67.5,75.0,49.20634920634921,57.73809523809524,66.26984126984127
2026-06-02,2026-06-01,3.63,3.65,-2.0,1,False,False,False,0.0,6.0,0.3333333333333333,10.0,22.0,0.36363636363636365,0.0,32.0,0.25,-2.0,106.0,0.07547169811320754,0.29999999999999805,1.7818181818181829,0.11127819548872098,-0.11822728535704383,5,1,4,1,0.5,0.1,0.4,0.5,5,4,11,-6,0.25,0.2,0.55,-1.0,20,13,27,-7,0.3333333333333333,0.21666666666666667,0.45,0.0,58.333333333333336,66.66666666666667,75.0,49.20634920634921,57.93650793650794,66.66666666666667
2026-06-03,2026-06-02,3.61,3.63,-2.0,1,False,False,False,-2.0,8.0,0.25,10.0,22.0,0.36363636363636365,-1.0,33.0,0.24242424242424243,-4.0,108.0,0.07407407407407407,-0.20000000000000462,1.4060606060606062,0.1992481203007512,-0.11583773270352896,5,1,4,1,0.5,0.1,0.4,0.5,5,4,11,-6,0.25,0.2,0.55,-1.0,20,12,28,-8,0.3333333333333333,0.2,0.4666666666666667,0.0,56.666666666666664,65.83333333333333,75.0,49.20634920634921,57.93650793650794,66.66666666666667
2026-06-04,2026-06-03,3.62,3.61,1.0,1,False,False,False,0.0,8.0,0.25,12.0,22.0,0.36363636363636365,1.0,33.0,0.24242424242424243,-2.0,108.0,0.07407407407407407,-0.5999999999999961,0.8969696969696989,0.28721804511278143,-0.11328146707418744,6,1,3,3,0.6,0.1,0.3,1.0,6,4,10,-4,0.3,0.2,0.5,-0.5,21,12,27,-6,0.35,0.2,0.45,0.0,20.0,37.5,55.0,19.841269841269842,34.32539682539682,48.80952380952381
2026-06-05,2026-06-04,3.63,3.62,1.0,1,False,False,False,0.0,8.0,0.25,12.0,22.0,0.36363636363636365,3.0,33.0,0.24242424242424243,-1.0,109.0,0.07339449541284404,-0.4999999999999982,0.3636363636363645,0.3721804511278192,-0.10897471519866644,6,1,3,3,0.6,0.1,0.3,1.0,7,4,9,-2,0.35,0.2,0.45,0.0,22,11,27,-5,0.36666666666666664,0.18333333333333332,0.45,0.0,20.0,37.5,55.0,19.841269841269842,34.523809523809526,49.20634920634921
2026-06-08,2026-06-05,3.63,3.63,0.0,3,False,False,False,-2.0,6.0,0.3333333333333333,8.0,18.0,0.4444444444444444,3.0,33.0,0.24242424242424243,-2.0,108.0,0.07407407407407407,0.20000000000000018,-0.048484848484848526,0.4526315789473683,-0.10291747707696601,5,2,3,2,0.5,0.2,0.3,0.5,7,4,9,-2,0.35,0.2,0.45,0.0,21,12,27,-6,0.35,0.2,0.45,0.0,0.0,9.166666666666666,18.333333333333332,0.0,9.722222222222221,19.444444444444443
2026-06-09,2026-06-08,3.6,3.63,-3.0,1,False,False,False,-3.0,7.0,0.42857142857142855,-3.0,13.0,0.23076923076923078,0.0,36.0,0.2222222222222222,-5.0,111.0,0.07207207207207207,-0.09999999999999787,-0.18787878787878737,0.48571428571428604,-0.10166712975826638,4,2,4,0,0.4,0.2,0.4,0.0,7,3,10,-3,0.35,0.15,0.5,-0.5,21,11,28,-7,0.35,0.18333333333333332,0.4666666666666667,0.0,75.0,80.83333333333333,86.66666666666667,67.06349206349206,71.62698412698413,76.19047619047619
2026-06-10,2026-06-09,3.59,3.6,-1.0,1,False,False,False,-2.0,6.0,0.5,-4.0,14.0,0.21428571428571427,-1.0,37.0,0.21621621621621623,-11.0,107.0,0.07476635514018691,-0.900000000000003,-0.3454545454545459,0.5045112781954891,-0.09330369547096433,4,1,5,-1,0.4,0.1,0.5,-0.5,7,2,11,-4,0.35,0.1,0.55,-1.0,20,11,29,-9,0.3333333333333333,0.18333333333333332,0.48333333333333334,0.0,18.333333333333332,35.833333333333336,53.333333333333336,19.841269841269842,34.72222222222222,49.6031746031746
2026-06-11,2026-06-10,3.6,3.59,1.0,1,False,False,False,-2.0,6.0,0.5,-2.0,14.0,0.21428571428571427,1.0,37.0,0.21621621621621623,-5.0,103.0,0.07766990291262135,-0.9999999999999964,-0.4666666666666653,0.5233082706766924,-0.09116421228118939,5,1,4,1,0.5,0.1,0.4,0.5,8,2,10,-2,0.4,0.1,0.5,-0.5,21,11,28,-7,0.35,0.18333333333333332,0.4666666666666667,0.0,18.333333333333332,36.666666666666664,55.0,19.841269841269842,34.72222222222222,49.6031746031746
2026-06-12,2026-06-11,3.65,3.6,5.0,1,False,False,False,2.0,10.0,0.5,2.0,18.0,0.2777777777777778,9.0,39.0,0.20512820512820512,3.0,105.0,0.0761904761904762,0.40000000000000036,-0.22424242424242352,0.5646616541353392,-0.08563489858293986,5,1,4,1,0.5,0.1,0.4,0.5,9,2,9,0,0.45,0.1,0.45,0.0,22,11,27,-5,0.36666666666666664,0.18333333333333332,0.45,0.0,93.33333333333333,95.0,96.66666666666667,82.93650793650794,85.51587301587301,88.0952380952381
2026-06-15,2026-06-12,3.69,3.65,4.0,3,False,False,False,6.0,14.0,0.35714285714285715,4.0,20.0,0.25,14.0,42.0,0.19047619047619047,7.0,109.0,0.07339449541284404,2.3999999999999977,0.3454545454545459,0.6338345864661662,-0.07371492081133663,5,1,4,1,0.5,0.1,0.4,0.5,10,2,8,2,0.5,0.1,0.4,0.5,23,10,27,-4,0.38333333333333336,0.16666666666666666,0.45,0.0,88.33333333333333,90.0,91.66666666666667,76.19047619047619,79.36507936507937,82.53968253968254
2026-06-16,2026-06-15,3.63,3.69,-6.0,1,False,False,False,3.0,17.0,0.35294117647058826,0.0,24.0,0.25,10.0,46.0,0.17391304347826086,1.0,115.0,0.06956521739130435,1.6999999999999993,0.40606060606060573,0.5646616541353389,-0.07202000555709934,5,1,4,1,0.5,0.1,0.4,0.5,10,2,8,2,0.5,0.1,0.4,0.5,23,9,28,-5,0.38333333333333336,0.15,0.4666666666666667,0.0,96.66666666666667,97.5,98.33333333333333,88.0952380952381,89.88095238095238,91.66666666666667
2026-06-17,2026-06-16,3.63,3.63,0.0,1,False,False,False,4.0,16.0,0.375,2.0,22.0,0.2727272727272727,12.0,44.0,0.18181818181818182,1.0,115.0,0.06956521739130435,0.3999999999999959,0.33333333333333215,0.4488721804511281,-0.07038066129480423,5,2,3,2,0.5,0.2,0.3,0.5,10,3,7,3,0.5,0.15,0.35,0.5,23,9,28,-5,0.38333333333333336,0.15,0.4666666666666667,0.0,0.0,7.5,15.0,0.0,9.325396825396826,18.650793650793652
2026-06-18,2026-06-17,3.62,3.63,-1.0,1,False,False,False,2.0,16.0,0.375,0.0,22.0,0.2727272727272727,12.0,44.0,0.18181818181818182,-1.0,115.0,0.06956521739130435,-1.1999999999999966,0.24848484848484909,0.2849624060150382,-0.06874131703250914,4,2,4,0,0.4,0.2,0.4,0.0,10,3,7,3,0.5,0.15,0.35,0.5,22,9,29,-7,0.36666666666666664,0.15,0.48333333333333334,0.0,15.0,34.166666666666664,53.333333333333336,18.650793650793652,33.53174603174603,48.41269841269841
2026-06-22,2026-06-18,3.61,3.62,-1.0,4,False,False,False,-4.0,12.0,0.5,-2.0,22.0,0.2727272727272727,10.0,44.0,0.18181818181818182,-3.0,115.0,0.06956521739130435,-1.6999999999999993,0.1757575757575755,0.104511278195489,-0.06699083078632964,3,2,5,-2,0.3,0.2,0.5,-0.5,9,3,8,1,0.45,0.15,0.4,0.0,21,9,30,-9,0.35,0.15,0.5,-0.5,15.0,34.166666666666664,53.333333333333336,18.253968253968253,33.333333333333336,48.41269841269841
2026-06-23,2026-06-22,3.62,3.61,1.0,1,False,False,False,-7.0,9.0,0.6666666666666666,-1.0,23.0,0.2608695652173913,7.0,41.0,0.1951219512195122,-3.0,115.0,0.06956521739130435,-0.3999999999999959,0.181818181818182,-0.013533834586465844,-0.06173937204779114,4,1,5,-1,0.4,0.1,0.5,-0.5,9,3,8,1,0.45,0.15,0.4,0.0,21,9,30,-9,0.35,0.15,0.5,-0.5,15.0,34.166666666666664,53.333333333333336,18.253968253968253,33.53174603174603,48.80952380952381
2026-06-24,2026-06-23,3.62,3.62,0.0,1,False,False,False,-1.0,3.0,0.3333333333333333,2.0,20.0,0.3,-1.0,33.0,0.18181818181818182,-1.0,113.0,0.07079646017699115,-0.19999999999999574,1.6148698540002276e-15,-0.01578947368421009,-0.05971103084190062,4,2,4,0,0.4,0.2,0.4,0.0,8,4,8,0,0.4,0.2,0.4,0.0,21,10,29,-8,0.35,0.16666666666666666,0.48333333333333334,0.0,0.0,7.5,15.0,0.0,9.126984126984127,18.253968253968253
2026-06-25,2026-06-24,3.64,3.62,2.0,1,False,False,False,1.0,5.0,0.4,5.0,21.0,0.2857142857142857,1.0,35.0,0.17142857142857143,1.0,115.0,0.06956521739130435,0.5000000000000027,-0.16363636363636205,0.01203007518797047,-0.054348430119477695,5,2,3,2,0.5,0.2,0.3,0.5,9,3,8,1,0.45,0.15,0.4,0.0,22,9,29,-7,0.36666666666666664,0.15,0.48333333333333334,0.0,55.0,64.16666666666667,73.33333333333333,49.20634920634921,57.93650793650794,66.66666666666667
2026-06-26,2026-06-25,3.62,3.64,-2.0,1,False,False,False,0.0,6.0,0.3333333333333333,2.0,22.0,0.2727272727272727,0.0,36.0,0.16666666666666666,-6.0,112.0,0.07142857142857142,0.4000000000000048,-0.4303030303030275,-0.006015037593984033,-0.043845512642400684,4,2,4,0,0.4,0.2,0.4,0.0,9,3,8,1,0.45,0.15,0.4,0.0,21,9,30,-9,0.35,0.15,0.5,-0.5,53.333333333333336,63.333333333333336,73.33333333333333,48.80952380952381,57.73809523809524,66.66666666666667
2026-06-29,2026-06-26,3.62,3.62,0.0,3,False,False,False,1.0,5.0,0.4,-3.0,17.0,0.35294117647058826,-1.0,35.0,0.17142857142857143,-3.0,109.0,0.07339449541284404,0.0,-0.38787878787878527,-0.008270676691728346,-0.03809391497638234,3,3,4,-1,0.3,0.3,0.4,0.0,8,4,8,0,0.4,0.2,0.4,0.0,21,10,29,-8,0.35,0.16666666666666666,0.48333333333333334,0.0,0.0,7.5,15.0,0.0,9.126984126984127,18.253968253968253
2026-06-30,2026-06-29,3.68,3.62,6.0,1,True,True,False,6.0,10.0,0.6,-1.0,19.0,0.3157894736842105,3.0,39.0,0.15384615384615385,2.0,114.0,0.07017543859649122,1.0000000000000009,0.2848484848484876,0.10827067669173042,-0.02064462350652955,3,3,4,-1,0.3,0.3,0.4,0.0,8,4,8,0,0.4,0.2,0.4,0.0,21,10,29,-8,0.35,0.16666666666666666,0.48333333333333334,0.0,95.0,96.66666666666667,98.33333333333333,87.6984126984127,89.68253968253968,91.66666666666667
2026-07-01,2026-06-30,3.66,3.68,-2.0,1,False,False,False,4.0,12.0,0.5,3.0,15.0,0.4,3.0,39.0,0.15384615384615385,1.0,115.0,0.06956521739130435,1.0000000000000009,0.4606060606060629,0.16015037593985076,-0.00828007779938866,3,3,4,-1,0.3,0.3,0.4,0.0,8,4,8,0,0.4,0.2,0.4,0.0,21,10,29,-8,0.35,0.16666666666666666,0.48333333333333334,0.0,53.333333333333336,64.16666666666667,75.0,48.41269841269841,57.53968253968254,66.66666666666667
2026-07-02,2026-07-01,3.64,3.66,-2.0,1,False,False,False,0.0,12.0,0.5,1.0,17.0,0.35294117647058826,3.0,39.0,0.15384615384615385,2.0,114.0,0.07017543859649122,0.8000000000000007,0.4909090909090923,0.14736842105263265,-0.004334537371491976,3,2,5,-2,0.3,0.2,0.5,-0.5,8,4,8,0,0.4,0.2,0.4,0.0,21,10,29,-8,0.35,0.16666666666666666,0.48333333333333334,0.0,51.666666666666664,63.333333333333336,75.0,48.41269841269841,57.73809523809524,67.06349206349206
2026-07-06,2026-07-02,3.63,3.64,-1.0,4,False,False,False,1.0,11.0,0.5454545454545454,1.0,17.0,0.35294117647058826,1.0,39.0,0.15384615384615385,4.0,112.0,0.07142857142857142,-0.20000000000000462,0.3878787878787882,0.13157894736842204,-0.007224228952486734,3,2,5,-2,0.3,0.2,0.5,-0.5,7,4,9,-2,0.35,0.2,0.45,0.0,21,10,29,-8,0.35,0.16666666666666666,0.48333333333333334,0.0,16.666666666666668,34.166666666666664,51.666666666666664,18.650793650793652,33.333333333333336,48.01587301587302
2026-07-07,2026-07-06,3.62,3.63,-1.0,1,False,False,False,0.0,12.0,0.5,1.0,17.0,0.35294117647058826,-1.0,39.0,0.15384615384615385,5.0,111.0,0.07207207207207207,-1.5000000000000036,0.1515151515151507,0.11578947368421147,-0.015365379272019945,3,2,5,-2,0.3,0.2,0.5,-0.5,6,4,10,-4,0.3,0.2,0.5,-0.5,21,10,29,-8,0.35,0.16666666666666666,0.48333333333333334,0.0,16.666666666666668,35.0,53.333333333333336,18.650793650793652,33.53174603174603,48.41269841269841
2026-07-08,2026-07-07,3.58,3.62,-4.0,1,False,False,False,-10.0,10.0,0.4,-4.0,20.0,0.3,-5.0,43.0,0.13953488372093023,-3.0,111.0,0.07207207207207207,-1.8000000000000014,-0.2484848484848494,0.04436090225563989,-0.02356210058349536,2,2,6,-4,0.2,0.2,0.6,-1.0,6,3,11,-5,0.3,0.15,0.55,-1.0,20,10,30,-10,0.3333333333333333,0.16666666666666666,0.5,-0.5,85.0,87.5,90.0,76.58730158730158,79.56349206349206,82.53968253968254
2026-07-09,2026-07-08,3.53,3.58,-5.0,1,False,False,False,-13.0,13.0,0.38461538461538464,-9.0,25.0,0.24,-7.0,45.0,0.13333333333333333,-10.0,114.0,0.07017543859649122,-2.7000000000000046,-0.8727272727272751,-0.13834586466165358,-0.03639899972214503,2,1,7,-5,0.2,0.1,0.7,-1.5,6,3,11,-5,0.3,0.15,0.55,-1.0,19,10,31,-12,0.31666666666666665,0.16666666666666666,0.5166666666666667,-1.0,90.0,91.66666666666667,93.33333333333333,82.53968253968254,85.31746031746032,88.0952380952381
2026-07-10,2026-07-09,3.55,3.53,2.0,1,False,False,False,-9.0,13.0,0.38461538461538464,-9.0,25.0,0.24,-4.0,46.0,0.13043478260869565,-11.0,113.0,0.07079646017699115,-2.5000000000000044,-1.1454545454545488,-0.29774436090225564,-0.04031675465407057,2,1,7,-5,0.2,0.1,0.7,-1.5,7,3,10,-3,0.35,0.15,0.5,-0.5,19,10,31,-12,0.31666666666666665,0.16666666666666666,0.5166666666666667,-1.0,55.0,65.83333333333333,76.66666666666667,48.41269841269841,57.93650793650794,67.46031746031746
2026-07-13,2026-07-10,3.6,3.55,5.0,3,False,False,False,-3.0,17.0,0.29411764705882354,-2.0,28.0,0.21428571428571427,0.0,50.0,0.12,-12.0,112.0,0.07142857142857142,-0.7000000000000028,-1.1696969696969723,-0.36390977443609,-0.02525701583773265,3,1,6,-3,0.3,0.1,0.6,-1.0,7,3,10,-3,0.35,0.15,0.5,-0.5,19,10,31,-12,0.31666666666666665,0.16666666666666666,0.5166666666666667,-1.0,88.33333333333333,90.83333333333333,93.33333333333333,82.53968253968254,85.31746031746032,88.0952380952381
2026-07-14,2026-07-13,3.63,3.6,3.0,1,False,False,False,1.0,19.0,0.2631578947368421,1.0,31.0,0.1935483870967742,-2.0,48.0,0.125,-4.0,110.0,0.07272727272727272,1.6999999999999993,-1.0060606060606088,-0.3082706766917294,-0.013086968602389523,4,0,6,-2,0.4,0.0,0.6,-1.0,7,3,10,-3,0.35,0.15,0.5,-0.5,20,10,30,-10,0.3333333333333333,0.16666666666666666,0.5,-0.5,78.33333333333333,80.83333333333333,83.33333333333333,67.06349206349206,71.62698412698413,76.19047619047619
2026-07-15,2026-07-14,3.64,3.63,1.0,1,False,False,False,6.0,16.0,0.3125,-4.0,26.0,0.19230769230769232,-5.0,45.0,0.13333333333333333,-1.0,109.0,0.07339449541284404,3.000000000000007,-0.4000000000000012,-0.17218045112781966,-0.0024451236454570316,4,0,6,-2,0.4,0.0,0.6,-1.0,7,3,10,-3,0.35,0.15,0.5,-0.5,21,10,29,-8,0.35,0.16666666666666666,0.48333333333333334,0.0,16.666666666666668,35.833333333333336,55.0,18.650793650793652,33.333333333333336,48.01587301587302
2026-07-16,2026-07-15,3.62,3.64,-2.0,1,False,False,False,9.0,13.0,0.38461538461538464,-4.0,26.0,0.19230769230769232,-1.0,41.0,0.14634146341463414,-1.0,109.0,0.07339449541284404,1.800000000000006,0.0121212121212124,-0.1518796992481205,0.0015837732703529183,4,0,6,-2,0.4,0.0,0.6,-1.0,7,3,10,-3,0.35,0.15,0.5,-0.5,21,10,29,-8,0.35,0.16666666666666666,0.48333333333333334,0.0,56.666666666666664,67.5,78.33333333333333,48.01587301587302,57.34126984126984,66.66666666666667
2026-07-17,2026-07-16,3.59,3.62,-3.0,1,False,False,False,4.0,14.0,0.35714285714285715,-5.0,27.0,0.18518518518518517,-4.0,44.0,0.13636363636363635,-4.0,112.0,0.07142857142857142,-0.3000000000000025,0.17575757575757606,-0.17293233082706835,0.0007502083912197871,4,0,6,-2,0.4,0.0,0.6,-1.0,7,2,11,-4,0.35,0.1,0.55,-1.0,21,9,30,-9,0.35,0.15,0.5,-0.5,78.33333333333333,81.66666666666667,85.0,66.66666666666667,71.42857142857143,76.19047619047619
2026-07-20,2026-07-17,3.57,3.59,-2.0,3,False,False,False,-3.0,11.0,0.2727272727272727,-6.0,28.0,0.17857142857142858,-5.0,45.0,0.13333333333333333,-7.0,113.0,0.07079646017699115,-1.7000000000000035,0.22424242424242322,-0.23233082706767003,-0.0014448457904973591,4,0,6,-2,0.4,0.0,0.6,-1.5,7,2,11,-4,0.35,0.1,0.55,-1.0,20,9,31,-11,0.3333333333333333,0.15,0.5166666666666667,-1.0,55.0,65.83333333333333,76.66666666666667,47.61904761904762,56.94444444444444,66.26984126984127
2026-07-21,2026-07-20,3.61,3.57,4.0,1,False,False,False,-2.0,12.0,0.3333333333333333,-1.0,31.0,0.16129032258064516,0.0,48.0,0.125,-4.0,116.0,0.06896551724137931,-1.1000000000000076,0.49696969696969634,-0.24285714285714413,0.005001389274798525,5,0,5,0,0.5,0.0,0.5,-0.5,8,2,10,-2,0.4,0.1,0.5,-0.5,20,9,31,-11,0.3333333333333333,0.15,0.5166666666666667,-1.0,85.0,87.5,90.0,76.58730158730158,79.36507936507937,82.14285714285714
2026-07-22,2026-07-21,3.62,3.61,1.0,1,False,False,False,-2.0,12.0,0.3333333333333333,4.0,28.0,0.17857142857142858,0.0,48.0,0.125,-4.0,116.0,0.06896551724137931,0.20000000000000018,0.5696969696969707,-0.2233082706766928,0.01500416782439568,6,0,4,2,0.6,0.0,0.4,1.0,8,2,10,-2,0.4,0.1,0.5,-0.5,20,9,31,-11,0.3333333333333333,0.15,0.5166666666666667,-1.0,15.0,33.333333333333336,51.666666666666664,18.253968253968253,32.93650793650794,47.61904761904762
2026-07-23,2026-07-22,3.64,3.62,2.0,1,False,False,False,2.0,12.0,0.3333333333333333,11.0,25.0,0.2,2.0,50.0,0.12,-2.0,118.0,0.06779661016949153,1.500000000000008,0.3696969696969707,-0.1751879699248128,0.028507918866351827,7,0,3,4,0.7,0.0,0.3,1.5,9,1,10,-1,0.45,0.05,0.5,-0.5,21,8,31,-10,0.35,0.13333333333333333,0.5166666666666667,-1.0,51.666666666666664,63.333333333333336,75.0,47.61904761904762,57.142857142857146,66.66666666666667
2026-07-24,2026-07-23,3.64,3.64,0.0,1,False,False,False,5.0,9.0,0.4444444444444444,9.0,23.0,0.21739130434782608,0.0,48.0,0.125,0.0,116.0,0.06896551724137931,1.7000000000000082,0.16969696969697037,-0.09849624060150423,0.038732981383717814,6,1,3,3,0.6,0.1,0.3,1.0,8,2,10,-2,0.4,0.1,0.5,-0.5,21,9,30,-9,0.35,0.15,0.5,-0.5,0.0,6.666666666666667,13.333333333333334,0.0,8.928571428571429,17.857142857142858
2026-07-27,2026-07-24,3.64,3.64,0.0,3,False,False,False,7.0,7.0,0.5714285714285714,4.0,18.0,0.2222222222222222,2.0,46.0,0.13043478260869565,1.0,115.0,0.06956521739130435,0.8000000000000052,0.19393939393939574,-0.053383458646616734,0.04726312864684646,5,2,3,2,0.5,0.2,0.3,0.5,8,3,9,-1,0.4,0.15,0.45,0.0,21,10,29,-8,0.35,0.16666666666666666,0.48333333333333334,0.0,0.0,7.5,15.0,0.0,9.126984126984127,18.253968253968253
2026-07-28,2026-07-27,3.65,3.64,1.0,1,False,False,False,4.0,4.0,0.5,2.0,16.0,0.25,3.0,47.0,0.1276595744680851,-1.0,113.0,0.07079646017699115,0.5999999999999961,0.4242424242424246,0.0030075187969922502,0.06246179494303986,5,2,3,2,0.5,0.2,0.3,0.5,9,2,9,0,0.45,0.1,0.45,0.0,21,10,29,-8,0.35,0.16666666666666666,0.48333333333333334,0.0,16.666666666666668,34.166666666666664,51.666666666666664,18.253968253968253,33.13492063492063,48.01587301587302
2026-07-29,2026-07-28,3.65,3.65,0.0,1,False,False,False,3.0,3.0,0.6666666666666666,1.0,15.0,0.26666666666666666,-3.0,41.0,0.12195121951219512,1.0,111.0,0.07207207207207207,0.2999999999999936,0.6969696969696975,0.1496240601503758,0.0743262017227009,4,3,3,1,0.4,0.3,0.3,0.0,8,3,9,-1,0.4,0.15,0.45,0.0,21,11,28,-7,0.35,0.18333333333333332,0.4666666666666667,0.0,0.0,8.333333333333334,16.666666666666668,0.0,8.928571428571429,17.857142857142858
2026-07-30,2026-07-29,3.65,3.65,0.0,1,False,False,False,1.0,1.0,1.0,3.0,13.0,0.3076923076923077,-1.0,39.0,0.1282051282051282,2.0,110.0,0.07272727272727272,0.2999999999999936,0.8242424242424249,0.269172932330827,0.0844401222561824,4,4,2,2,0.4,0.4,0.2,0.0,8,4,8,0,0.4,0.2,0.4,0.0,21,12,27,-6,0.35,0.2,0.45,0.0,0.0,9.166666666666666,18.333333333333332,0.0,9.126984126984127,18.253968253968253
2026-07-31,2026-07-30,3.66,3.65,1.0,1,True,False,False,2.0,2.0,0.5,7.0,11.0,0.36363636363636365,2.0,38.0,0.13157894736842105,4.0,110.0,0.07272727272727272,0.40000000000000036,0.7696969696969705,0.372932330827068,0.09438732981383732,5,4,1,4,0.5,0.4,0.1,0.5,9,4,7,2,0.45,0.2,0.35,0.0,22,12,26,-4,0.36666666666666664,0.2,0.43333333333333335,0.0,20.0,37.5,55.0,18.650793650793652,33.73015873015873,48.80952380952381
2026-08-03,2026-07-31,3.65,3.66,-1.0,3,False,False,False,1.0,3.0,0.3333333333333333,8.0,10.0,0.4,2.0,38.0,0.13157894736842105,4.0,110.0,0.07272727272727272,0.10000000000000231,0.44242424242424155,0.44360902255639106,0.10077799388719101,5,4,1,4,0.5,0.4,0.1,0.5,9,4,7,2,0.45,0.2,0.35,0.0,22,12,26,-4,0.36666666666666664,0.2,0.43333333333333335,0.0,20.0,37.5,55.0,18.253968253968253,33.53174603174603,48.80952380952381
2026-08-04,2026-08-03,3.66,3.65,1.0,1,False,False,False,1.0,3.0,0.3333333333333333,5.0,7.0,0.2857142857142857,4.0,38.0,0.13157894736842105,6.0,110.0,0.07272727272727272,0.20000000000000462,0.33939393939393836,0.5097744360902261,0.10689080300083374,5,4,1,4,0.5,0.4,0.1,0.5,10,4,6,4,0.5,0.2,0.3,0.5,23,12,25,-2,0.38333333333333336,0.2,0.4166666666666667,0.0,20.0,37.5,55.0,17.857142857142858,33.333333333333336,48.80952380952381
2026-08-05,2026-08-04,3.64,3.66,-2.0,1,False,False,False,-1.0,5.0,0.4,2.0,8.0,0.25,6.0,36.0,0.1388888888888889,4.0,112.0,0.07142857142857142,-0.19999999999999574,0.1333333333333332,0.4781954887218053,0.10939149763823305,4,4,2,2,0.4,0.4,0.2,0.0,10,4,6,4,0.5,0.2,0.3,0.5,23,11,26,-3,0.38333333333333336,0.18333333333333332,0.43333333333333335,0.0,55.0,65.83333333333333,76.66666666666667,49.20634920634921,58.53174603174603,67.85714285714286
2026-08-06,2026-08-05,3.65,3.64,1.0,1,False,False,False,0.0,6.0,0.3333333333333333,1.0,7.0,0.2857142857142857,12.0,32.0,0.15625,5.0,113.0,0.07079646017699115,-0.3000000000000025,0.09090909090909059,0.372932330827068,0.11330925257015859,4,4,2,2,0.4,0.4,0.2,0.0,11,4,5,6,0.55,0.2,0.25,1.0,24,10,26,-2,0.4,0.16666666666666666,0.43333333333333335,0.0,18.333333333333332,35.833333333333336,53.333333333333336,17.857142857142858,33.53174603174603,49.20634920634921
2026-08-07,2026-08-06,3.62,3.65,-3.0,1,False,False,False,-4.0,8.0,0.375,-2.0,10.0,0.3,7.0,33.0,0.15151515151515152,2.0,116.0,0.06896551724137931,-0.6999999999999984,-0.12727272727272645,0.23834586466165436,0.11203111975548789,4,3,3,1,0.4,0.3,0.3,0.0,10,4,6,4,0.5,0.2,0.3,0.5,24,9,27,-3,0.4,0.15,0.45,0.0,76.66666666666667,80.0,83.33333333333333,68.65079365079364,73.41269841269842,78.17460317460318
2026-08-10,2026-08-07,3.63,3.62,1.0,3,False,False,False,-2.0,8.0,0.375,-1.0,11.0,0.2727272727272727,3.0,29.0,0.13793103448275862,4.0,116.0,0.06896551724137931,-0.8000000000000052,-0.26666666666666583,0.186466165413534,0.1105862739649905,5,2,3,2,0.5,0.2,0.3,0.5,10,4,6,4,0.5,0.2,0.3,0.5,25,9,26,-1,0.4166666666666667,0.15,0.43333333333333335,0.0,15.0,33.333333333333336,51.666666666666664,17.857142857142858,33.53174603174603,49.20634920634921
2026-08-11,2026-08-10,3.64,3.63,1.0,1,False,False,False,-2.0,8.0,0.375,-1.0,11.0,0.2727272727272727,1.0,27.0,0.14814814814814814,8.0,114.0,0.07017543859649122,-0.20000000000000018,-0.27272727272727176,0.19172932330827083,0.10547374270630756,5,2,3,2,0.5,0.2,0.3,0.5,10,4,6,4,0.5,0.2,0.3,0.5,26,9,25,1,0.43333333333333335,0.15,0.4166666666666667,0.0,15.0,33.333333333333336,51.666666666666664,17.857142857142858,33.53174603174603,49.20634920634921
2026-08-12,2026-08-11,3.62,3.64,-2.0,1,False,False,False,-2.0,8.0,0.375,-3.0,13.0,0.23076923076923078,-2.0,28.0,0.14285714285714285,7.0,115.0,0.06956521739130435,-0.3999999999999959,-0.375757575757575,0.18270676691729368,0.0949430397332595,5,1,4,1,0.5,0.1,0.4,0.5,9,4,7,2,0.45,0.2,0.35,0.0,26,9,25,1,0.43333333333333335,0.15,0.4166666666666667,0.0,53.333333333333336,65.0,76.66666666666667,49.20634920634921,58.73015873015873,68.25396825396825
2026-08-13,2026-08-12,3.62,3.62,0.0,1,False,False,False,-3.0,7.0,0.42857142857142855,-3.0,13.0,0.23076923076923078,0.0,26.0,0.15384615384615385,9.0,113.0,0.07079646017699115,-0.09999999999999787,-0.44242424242424216,0.14511278195488791,0.0806335093081414,5,1,4,1,0.5,0.1,0.4,0.5,9,5,6,3,0.45,0.25,0.3,0.0,26,10,24,2,0.43333333333333335,0.16666666666666666,0.4,0.0,0.0,7.5,15.0,0.0,8.73015873015873,17.46031746031746
2026-08-14,2026-08-13,3.62,3.62,0.0,1,False,False,False,0.0,4.0,0.5,-4.0,12.0,0.25,3.0,23.0,0.17391304347826086,11.0,111.0,0.07207207207207207,-0.3999999999999959,-0.40606060606060496,0.06015037593985021,0.06243400944706886,4,2,4,0,0.4,0.2,0.4,0.0,9,6,5,4,0.45,0.3,0.25,0.0,26,11,23,3,0.43333333333333335,0.18333333333333332,0.38333333333333336,0.0,0.0,8.333333333333334,16.666666666666668,0.0,8.73015873015873,17.46031746031746
2026-08-17,2026-08-14,3.66,3.62,4.0,3,False,False,False,3.0,7.0,0.5714285714285714,1.0,15.0,0.26666666666666666,9.0,25.0,0.16,16.0,114.0,0.07017543859649122,0.40000000000000036,-0.16969696969696904,-0.003759398496240154,0.04848569046957513,5,2,3,2,0.5,0.2,0.3,0.5,10,6,4,6,0.5,0.3,0.2,0.5,27,11,22,5,0.45,0.18333333333333332,0.36666666666666664,0.0,83.33333333333333,86.66666666666667,90.0,78.17460317460318,80.75396825396825,83.33333333333333
2026-08-18,2026-08-17,3.65,3.66,-1.0,1,False,False,False,1.0,7.0,0.5714285714285714,-1.0,15.0,0.26666666666666666,4.0,22.0,0.18181818181818182,14.0,114.0,0.07017543859649122,0.9999999999999964,0.06666666666666686,-0.03233082706766918,0.03370380661294824,4,2,4,0,0.4,0.2,0.4,0.0,9,6,5,4,0.45,0.3,0.25,0.0,26,11,23,3,0.43333333333333335,0.18333333333333332,0.38333333333333336,0.0,18.333333333333332,35.833333333333336,53.333333333333336,17.857142857142858,33.333333333333336,48.80952380952381
2026-08-19,2026-08-18,3.62,3.65,-3.0,1,False,False,False,0.0,8.0,0.5,-2.0,16.0,0.25,0.0,24.0,0.16666666666666666,7.0,113.0,0.07079646017699115,0.29999999999999805,0.01818181818181914,-0.09398496240601487,0.0200055570991944,4,2,4,0,0.4,0.2,0.4,0.0,8,6,6,2,0.4,0.3,0.3,0.0,25,11,24,1,0.4166666666666667,0.18333333333333332,0.4,0.0,75.0,78.33333333333333,81.66666666666667,68.25396825396825,73.01587301587301,77.77777777777777
2026-08-20,2026-08-19,3.63,3.62,1.0,1,False,False,False,1.0,9.0,0.4444444444444444,-2.0,16.0,0.25,-1.0,23.0,0.17391304347826086,0.0,106.0,0.05660377358490566,-0.20000000000000462,0.11515151515151431,-0.1097744360902255,0.021116976938038486,4,2,4,0,0.4,0.2,0.4,0.0,8,6,6,2,0.4,0.3,0.3,0.0,25,11,24,1,0.4166666666666667,0.18333333333333332,0.4,0.0,18.333333333333332,35.833333333333336,53.333333333333336,17.857142857142858,33.333333333333336,48.80952380952381
2026-08-21,2026-08-20,3.65,3.63,2.0,1,False,False,False,3.0,11.0,0.36363636363636365,3.0,15.0,0.26666666666666666,1.0,25.0,0.16,2.0,108.0,0.05555555555555555,-0.4000000000000048,0.14545454545454425,-0.09548872180451125,0.025507085301472738,5,2,3,2,0.5,0.2,0.3,0.5,9,5,6,3,0.45,0.25,0.3,0.0,26,10,24,2,0.43333333333333335,0.16666666666666666,0.4,0.0,55.0,65.83333333333333,76.66666666666667,49.20634920634921,58.53174603174603,67.85714285714286
2026-08-24,2026-08-21,3.65,3.65,0.0,3,False,False,False,-1.0,7.0,0.42857142857142855,2.0,14.0,0.2857142857142857,1.0,25.0,0.16,3.0,107.0,0.056074766355140186,0.29999999999999805,0.2060606060606033,-0.08270676691729321,0.028091136426785325,4,3,3,1,0.4,0.3,0.3,0.0,9,5,6,3,0.45,0.25,0.3,0.0,26,11,23,3,0.43333333333333335,0.18333333333333332,0.38333333333333336,0.0,0.0,8.333333333333334,16.666666666666668,0.0,8.928571428571429,17.857142857142858
2026-08-25,2026-08-24,3.66,3.65,1.0,1,False,False,False,1.0,7.0,0.42857142857142855,2.0,14.0,0.2857142857142857,1.0,25.0,0.16,3.0,107.0,0.056074766355140186,1.0000000000000009,0.3636363636363621,-0.041353383458646566,0.03384273409280367,4,3,3,1,0.4,0.3,0.3,0.0,9,5,6,3,0.45,0.25,0.3,0.0,26,11,23,3,0.43333333333333335,0.18333333333333332,0.38333333333333336,0.0,18.333333333333332,35.833333333333336,53.333333333333336,18.253968253968253,33.73015873015873,49.20634920634921
2026-08-26,2026-08-25,3.64,3.66,-2.0,1,False,False,False,2.0,6.0,0.3333333333333333,2.0,14.0,0.2857142857142857,-1.0,27.0,0.14814814814814814,-1.0,107.0,0.056074766355140186,0.30000000000000693,0.25454545454545396,-0.030075187969924807,0.039538760766879795,4,3,3,1,0.4,0.3,0.3,0.0,9,4,7,2,0.45,0.2,0.35,0.0,25,11,24,1,0.4166666666666667,0.18333333333333332,0.4,0.0,53.333333333333336,65.0,76.66666666666667,49.6031746031746,58.73015873015873,67.85714285714286
2026-08-27,2026-08-26,3.64,3.64,0.0,1,False,False,False,1.0,5.0,0.4,2.0,14.0,0.2857142857142857,-1.0,27.0,0.14814814814814814,1.0,105.0,0.05714285714285714,-0.2999999999999936,0.1212121212121216,-0.017293233082706833,0.04190052792442356,4,3,3,1,0.4,0.3,0.3,0.0,9,4,7,2,0.45,0.2,0.35,0.0,25,12,23,2,0.4166666666666667,0.2,0.38333333333333336,0.0,0.0,9.166666666666666,18.333333333333332,0.0,9.126984126984127,18.253968253968253
2026-08-28,2026-08-27,3.65,3.64,1.0,1,False,False,False,0.0,4.0,0.5,3.0,15.0,0.26666666666666666,-1.0,27.0,0.14814814814814814,4.0,104.0,0.057692307692307696,-0.20000000000000018,0.018181818181818334,0.027067669172932223,0.042456237843845585,5,2,3,2,0.5,0.2,0.3,0.5,9,4,7,2,0.45,0.2,0.35,0.0,26,12,22,4,0.43333333333333335,0.2,0.36666666666666664,0.0,20.0,37.5,55.0,18.650793650793652,34.12698412698413,49.6031746031746
2026-08-31,2026-08-28,3.68,3.65,3.0,3,True,False,False,3.0,7.0,0.42857142857142855,2.0,14.0,0.21428571428571427,3.0,29.0,0.13793103448275862,6.0,106.0,0.05660377358490566,0.4999999999999982,0.30909090909091086,0.09999999999999987,0.04940261183662138,5,2,3,2,0.5,0.2,0.3,0.5,10,4,6,4,0.5,0.2,0.3,0.5,26,12,22,4,0.43333333333333335,0.2,0.36666666666666664,0.0,76.66666666666667,80.83333333333333,85.0,68.25396825396825,73.21428571428571,78.17460317460318
2026-09-01,2026-08-31,3.66,3.68,-2.0,1,False,False,False,0.0,8.0,0.375,1.0,15.0,0.2,0.0,30.0,0.13333333333333333,3.0,107.0,0.056074766355140186,0.8000000000000007,0.40000000000000174,0.15563909774436105,0.05443178660739105,5,2,3,2,0.5,0.2,0.3,0.5,9,4,7,2,0.45,0.2,0.35,0.0,25,12,23,2,0.4166666666666667,0.2,0.38333333333333336,0.0,55.0,65.0,75.0,49.20634920634921,58.53174603174603,67.85714285714286
2026-09-02,2026-09-01,3.65,3.66,-1.0,1,False,False,False,1.0,7.0,0.42857142857142855,3.0,13.0,0.23076923076923078,1.0,29.0,0.13793103448275862,2.0,108.0,0.05555555555555555,0.29999999999999805,0.22424242424242566,0.16541353383458654,0.05765490414003896,5,2,3,2,0.5,0.2,0.3,0.5,9,4,7,2,0.45,0.2,0.35,0.0,25,11,24,1,0.4166666666666667,0.18333333333333332,0.4,0.0,20.0,36.666666666666664,53.333333333333336,18.650793650793652,33.92857142857143,49.20634920634921
2026-09-03,2026-09-02,3.66,3.65,1.0,1,False,False,False,2.0,8.0,0.375,3.0,13.0,0.23076923076923078,1.0,29.0,0.13793103448275862,6.0,106.0,0.05660377358490566,-0.09999999999999787,0.13333333333333455,0.20375939849624064,0.05732147818838576,5,2,3,2,0.5,0.2,0.3,0.5,9,4,7,2,0.45,0.2,0.35,0.0,26,11,23,3,0.43333333333333335,0.18333333333333332,0.38333333333333336,0.0,18.333333333333332,35.833333333333336,53.333333333333336,18.650793650793652,34.12698412698413,49.6031746031746
2026-09-04,2026-09-03,3.65,3.66,-1.0,1,False,False,False,0.0,8.0,0.375,0.0,12.0,0.25,3.0,27.0,0.14814814814814814,6.0,106.0,0.05660377358490566,-0.600000000000005,0.08484848484848438,0.17894736842105255,0.053320366768546866,4,2,4,0,0.4,0.2,0.4,0.0,9,4,7,2,0.45,0.2,0.35,0.0,26,11,23,3,0.43333333333333335,0.18333333333333332,0.38333333333333336,0.0,18.333333333333332,36.666666666666664,55.0,18.253968253968253,33.92857142857143,49.6031746031746
2026-09-08,2026-09-04,3.64,3.65,-1.0,4,False,False,False,-4.0,6.0,0.3333333333333333,-1.0,13.0,0.23076923076923078,1.0,27.0,0.14814814814814814,4.0,106.0,0.05660377358490566,-0.40000000000000036,-0.01818181818181914,0.151127819548872,0.04904140038899702,4,1,5,-1,0.4,0.1,0.5,-0.5,8,4,8,0,0.4,0.2,0.4,0.0,25,11,24,1,0.4166666666666667,0.18333333333333332,0.4,0.0,18.333333333333332,36.666666666666664,55.0,18.253968253968253,34.12698412698413,50.0
2026-09-09,2026-09-08,3.64,3.64,0.0,1,False,False,False,-2.0,4.0,0.25,-2.0,12.0,0.25,0.0,26.0,0.15384615384615385,-1.0,101.0,0.0594059405940594,-0.3999999999999959,-0.04242424242424259,0.13759398496240605,0.05301472631286476,3,2,5,-2,0.3,0.2,0.5,-0.5,7,5,8,-1,0.35,0.25,0.4,0.0,24,12,24,0,0.4,0.2,0.4,0.0,0.0,9.166666666666666,18.333333333333332,0.0,8.928571428571429,17.857142857142858
2026-09-10,2026-09-09,3.62,3.64,-2.0,1,False,False,False,-3.0,5.0,0.4,-2.0,12.0,0.25,0.0,26.0,0.15384615384615385,-7.0,99.0,0.06060606060606061,-0.8999999999999986,-0.2848484848484844,0.06390977443609043,0.0605445957210337,3,2,5,-2,0.3,0.2,0.5,-0.5,7,5,8,-1,0.35,0.25,0.4,0.0,23,12,25,-2,0.38333333333333336,0.2,0.4166666666666667,0.0,56.666666666666664,67.5,78.33333333333333,50.3968253968254,59.32539682539682,68.25396825396825
2026-09-11,2026-09-10,3.62,3.62,0.0,1,False,False,False,-4.0,4.0,0.5,-2.0,12.0,0.25,0.0,26.0,0.15384615384615385,-1.0,93.0,0.06451612903225806,-0.7999999999999963,-0.503030303030302,-0.00977443609022519,0.058293970547374334,3,2,5,-2,0.3,0.2,0.5,-0.5,7,5,8,-1,0.35,0.25,0.4,0.0,23,13,24,-1,0.38333333333333336,0.21666666666666667,0.4,0.0,0.0,10.0,20.0,0.0,9.126984126984127,18.253968253968253
2026-09-14,2026-09-11,3.62,3.62,0.0,3,False,False,False,-3.0,3.0,0.6666666666666666,-3.0,11.0,0.2727272727272727,0.0,26.0,0.15384615384615385,-1.0,93.0,0.06451612903225806,-0.6000000000000005,-0.63030303030303,-0.0834586466165408,0.05609891636565718,2,3,5,-3,0.2,0.3,0.5,-0.5,7,5,8,-1,0.35,0.25,0.4,0.0,23,13,24,-1,0.38333333333333336,0.21666666666666667,0.4,0.0,0.0,10.833333333333334,21.666666666666668,0.0,9.325396825396826,18.650793650793652
2026-09-15,2026-09-14,3.64,3.62,2.0,1,False,False,False,0.0,4.0,0.5,-4.0,10.0,0.2,-2.0,24.0,0.125,2.0,94.0,0.06382978723404255,0.0,-0.41212121212121117,-0.06541353383458567,0.055543206446235144,2,3,5,-3,0.2,0.3,0.5,-0.5,7,5,8,-1,0.35,0.25,0.4,0.0,24,13,23,1,0.4,0.21666666666666667,0.38333333333333336,0.0,58.333333333333336,70.0,81.66666666666667,50.3968253968254,59.32539682539682,68.25396825396825
2026-09-16,2026-09-15,3.62,3.64,-2.0,1,False,False,False,-2.0,6.0,0.3333333333333333,-4.0,10.0,0.2,-3.0,25.0,0.12,1.0,95.0,0.06315789473684211,0.20000000000000018,-0.3878787878787863,-0.08872180451127755,0.0499027507641012,2,3,5,-3,0.2,0.3,0.5,-0.5,7,5,8,-1,0.35,0.25,0.4,0.0,24,13,23,1,0.4,0.21666666666666667,0.38333333333333336,0.0,56.666666666666664,69.16666666666667,81.66666666666667,50.0,59.12698412698413,68.25396825396825
