date,previous_date,sofr_percent,previous_sofr_percent,change_bp,absolute_change_bp,calendar_gap_days,current_processed_id,previous_processed_id,month_end,quarter_end,year_end,around_month_end,around_quarter_end,around_year_end
2018-04-04,2018-04-03,1.74,1.83,-9.0,9.0,1,proc_sha256:ca30e7a6240ae1b4599005896a1edd3d1f786a18ac4a36bbd0e8ca0f70085dc3,proc_sha256:a85f903fd4186d40de84d480c9b563c460f25c6ed825eced6d8bbb643ecfee07,False,False,False,False,False,False
2018-04-05,2018-04-04,1.75,1.74,1.0,1.0,1,proc_sha256:fcca9358343843a34cbdf47377eff71772665c9bcac54905d4196172104329fc,proc_sha256:ca30e7a6240ae1b4599005896a1edd3d1f786a18ac4a36bbd0e8ca0f70085dc3,False,False,False,False,False,False
2018-04-06,2018-04-05,1.75,1.75,0.0,0.0,1,proc_sha256:c30b44ccbd9ee2bbd56562ddb60fd7a1257b42a984c3539bfd822e18040e8a3e,proc_sha256:fcca9358343843a34cbdf47377eff71772665c9bcac54905d4196172104329fc,False,False,False,False,False,False
2018-04-09,2018-04-06,1.75,1.75,0.0,0.0,3,proc_sha256:84b48b915978512ad70455bd40bac7046a35ce8b8d0ab2195f008eec6e1e7df3,proc_sha256:c30b44ccbd9ee2bbd56562ddb60fd7a1257b42a984c3539bfd822e18040e8a3e,False,False,False,False,False,False
2018-04-10,2018-04-09,1.75,1.75,0.0,0.0,1,proc_sha256:7a5079876e8b4cfd376725392640dbf53536505d92fa40b04931281848f7a48f,proc_sha256:84b48b915978512ad70455bd40bac7046a35ce8b8d0ab2195f008eec6e1e7df3,False,False,False,False,False,False
2018-04-11,2018-04-10,1.76,1.75,1.0,1.0,1,proc_sha256:73b14766eb0cdda14bd39e7af58b62a2b239af103d547e7d969f987b4eae1f0f,proc_sha256:7a5079876e8b4cfd376725392640dbf53536505d92fa40b04931281848f7a48f,False,False,False,False,False,False
2018-04-12,2018-04-11,1.73,1.76,-3.0,3.0,1,proc_sha256:530b38f2b4ad35b51222137462a4b980242f662cda8586fc9afb19ccab9ab631,proc_sha256:73b14766eb0cdda14bd39e7af58b62a2b239af103d547e7d969f987b4eae1f0f,False,False,False,False,False,False
2018-04-13,2018-04-12,1.72,1.73,-1.0,1.0,1,proc_sha256:4a56209ae49200f6e7e5a9bba6098f85811bfad0ace86bc5bd68b742c5a0d2c5,proc_sha256:530b38f2b4ad35b51222137462a4b980242f662cda8586fc9afb19ccab9ab631,False,False,False,False,False,False
2018-04-16,2018-04-13,1.77,1.72,5.0,5.0,3,proc_sha256:03ccd9f1cdb4d583310f0d7c95113f9416cbe8c668e9e1db681169a7b22be77a,proc_sha256:4a56209ae49200f6e7e5a9bba6098f85811bfad0ace86bc5bd68b742c5a0d2c5,False,False,False,False,False,False
2018-04-17,2018-04-16,1.76,1.77,-1.0,1.0,1,proc_sha256:cab6ed91e447cd39f18b7775f848961e35bf6d99da3158cdc2998bfde77c3349,proc_sha256:03ccd9f1cdb4d583310f0d7c95113f9416cbe8c668e9e1db681169a7b22be77a,False,False,False,False,False,False
2018-04-18,2018-04-17,1.75,1.76,-1.0,1.0,1,proc_sha256:4b13c3528d3fcd6504ff44b36d40de732bc19293a5fe5100d5a2a28407b71130,proc_sha256:cab6ed91e447cd39f18b7775f848961e35bf6d99da3158cdc2998bfde77c3349,False,False,False,False,False,False
2018-04-19,2018-04-18,1.73,1.75,-2.0,2.0,1,proc_sha256:26c3c41fb7a9e300248d1887a8a83570d7a87fac56732787636ea4609bec3ea2,proc_sha256:4b13c3528d3fcd6504ff44b36d40de732bc19293a5fe5100d5a2a28407b71130,False,False,False,False,False,False
2018-04-20,2018-04-19,1.72,1.73,-1.0,1.0,1,proc_sha256:e3c43dd120819096a998687f169e458df319cd383d4986dbfd37709bf363a3b5,proc_sha256:26c3c41fb7a9e300248d1887a8a83570d7a87fac56732787636ea4609bec3ea2,False,False,False,False,False,False
2018-04-23,2018-04-20,1.7,1.72,-2.0,2.0,3,proc_sha256:8678e320749036190bde0bc20cb9c0f53659dec57508b481284e38427e33e60d,proc_sha256:e3c43dd120819096a998687f169e458df319cd383d4986dbfd37709bf363a3b5,False,False,False,False,False,False
2018-04-24,2018-04-23,1.71,1.7,1.0,1.0,1,proc_sha256:b6ae618140ae1e9f0acb114b23f6b804fe72b95fade919d51e285e9407fc160b,proc_sha256:8678e320749036190bde0bc20cb9c0f53659dec57508b481284e38427e33e60d,False,False,False,False,False,False
2018-04-25,2018-04-24,1.71,1.71,0.0,0.0,1,proc_sha256:9144a4772608a364f76c525c8e46159cbd554a1ea94536e127c4f19430f03569,proc_sha256:b6ae618140ae1e9f0acb114b23f6b804fe72b95fade919d51e285e9407fc160b,False,False,False,False,False,False
2018-04-26,2018-04-25,1.72,1.71,1.0,1.0,1,proc_sha256:f99f4c90d94eae942781fcec103388503f91516c3aad5f3a3fc07186fa9bea8a,proc_sha256:9144a4772608a364f76c525c8e46159cbd554a1ea94536e127c4f19430f03569,False,False,False,False,False,False
2018-04-27,2018-04-26,1.72,1.72,0.0,0.0,1,proc_sha256:1e6fcc4f279bef052cb3a4dd9db0abd5c8539fc494760fe82394d737a1d0147c,proc_sha256:f99f4c90d94eae942781fcec103388503f91516c3aad5f3a3fc07186fa9bea8a,False,False,False,True,False,False
2018-04-30,2018-04-27,1.77,1.72,5.0,5.0,3,proc_sha256:4367432b0e7944f60c1c44fe71c24443ee1cc4c37eae11aa875d9a1792af411a,proc_sha256:1e6fcc4f279bef052cb3a4dd9db0abd5c8539fc494760fe82394d737a1d0147c,True,False,False,True,False,False
2018-05-01,2018-04-30,1.76,1.77,-1.0,1.0,1,proc_sha256:91f3173599c0045871692b220994cbb8a5ea7cf36f92722892ff4c1fc3833dcf,proc_sha256:4367432b0e7944f60c1c44fe71c24443ee1cc4c37eae11aa875d9a1792af411a,False,False,False,True,False,False
2018-05-02,2018-05-01,1.75,1.76,-1.0,1.0,1,proc_sha256:4393ac10a430c27e9470e88d2653db1f2748c09836d1834240faef9a4a612f41,proc_sha256:91f3173599c0045871692b220994cbb8a5ea7cf36f92722892ff4c1fc3833dcf,False,False,False,False,False,False
2018-05-03,2018-05-02,1.74,1.75,-1.0,1.0,1,proc_sha256:6ad56a6d900e4bbdf2548701c3e4f5b097d6b49fa48b7409c2498b879bfb5a4f,proc_sha256:4393ac10a430c27e9470e88d2653db1f2748c09836d1834240faef9a4a612f41,False,False,False,False,False,False
2018-05-04,2018-05-03,1.72,1.74,-2.0,2.0,1,proc_sha256:812a3ed47e081c229e1e20b903190d2d28e5a8e966fa5ab902a91fdb6da52d46,proc_sha256:6ad56a6d900e4bbdf2548701c3e4f5b097d6b49fa48b7409c2498b879bfb5a4f,False,False,False,False,False,False
2018-05-07,2018-05-04,1.71,1.72,-1.0,1.0,3,proc_sha256:a1e4ed1ff332c18822cb9e35db96d843ca2b5e7b2c6723def44f4006cc8ccc0d,proc_sha256:812a3ed47e081c229e1e20b903190d2d28e5a8e966fa5ab902a91fdb6da52d46,False,False,False,False,False,False
2018-05-08,2018-05-07,1.72,1.71,1.0,1.0,1,proc_sha256:3e747fc0e26b47a21415c8445e68f8b66d0eff39c323b27009c13a6c0749bb15,proc_sha256:a1e4ed1ff332c18822cb9e35db96d843ca2b5e7b2c6723def44f4006cc8ccc0d,False,False,False,False,False,False
2018-05-09,2018-05-08,1.72,1.72,0.0,0.0,1,proc_sha256:135e19d7bc9fe39119fa9d64a84531d353a43e010818849fdb07e6515fbf47cd,proc_sha256:3e747fc0e26b47a21415c8445e68f8b66d0eff39c323b27009c13a6c0749bb15,False,False,False,False,False,False
2018-05-10,2018-05-09,1.73,1.72,1.0,1.0,1,proc_sha256:1cca8aedc93f37beb1d7ac3cb392886f5cfa5a3c9c2704eb7f9b4ba36c9a7226,proc_sha256:135e19d7bc9fe39119fa9d64a84531d353a43e010818849fdb07e6515fbf47cd,False,False,False,False,False,False
2018-05-11,2018-05-10,1.73,1.73,0.0,0.0,1,proc_sha256:6680c05b534a95c78bc874198e08e582c1a0c300667df289fa176ccfd81d37cd,proc_sha256:1cca8aedc93f37beb1d7ac3cb392886f5cfa5a3c9c2704eb7f9b4ba36c9a7226,False,False,False,False,False,False
2018-05-14,2018-05-11,1.75,1.73,2.0,2.0,3,proc_sha256:7238af465f805c7fd923277f30d63ff45618b132d0148fa27501c7553afbcd76,proc_sha256:6680c05b534a95c78bc874198e08e582c1a0c300667df289fa176ccfd81d37cd,False,False,False,False,False,False
2018-05-15,2018-05-14,1.79,1.75,4.0,4.0,1,proc_sha256:2fbe3ad78fb2148eab502dbdecc190a4847a4a53318c72e826ad022bd180ba1c,proc_sha256:7238af465f805c7fd923277f30d63ff45618b132d0148fa27501c7553afbcd76,False,False,False,False,False,False
2018-05-16,2018-05-15,1.75,1.79,-4.0,4.0,1,proc_sha256:d65c41b77d3fe2bc44cf494613ccb2239e5dbff16e1ff25776168220e47230b5,proc_sha256:2fbe3ad78fb2148eab502dbdecc190a4847a4a53318c72e826ad022bd180ba1c,False,False,False,False,False,False
2018-05-17,2018-05-16,1.74,1.75,-1.0,1.0,1,proc_sha256:122fc6e3b2fc52ca560af85839e57b8cd4e37a69c8742b9adea17ed93fe9fe20,proc_sha256:d65c41b77d3fe2bc44cf494613ccb2239e5dbff16e1ff25776168220e47230b5,False,False,False,False,False,False
2018-05-18,2018-05-17,1.73,1.74,-1.0,1.0,1,proc_sha256:b3292213b639faa35f2a16ed953df9391a48239b0fd5b7ea7019755b719b4e2f,proc_sha256:122fc6e3b2fc52ca560af85839e57b8cd4e37a69c8742b9adea17ed93fe9fe20,False,False,False,False,False,False
2018-05-21,2018-05-18,1.69,1.73,-4.0,4.0,3,proc_sha256:134c1cf844a5550a1507230cbca1950b62638242587406078d4315be69cc7fc5,proc_sha256:b3292213b639faa35f2a16ed953df9391a48239b0fd5b7ea7019755b719b4e2f,False,False,False,False,False,False
2018-05-22,2018-05-21,1.65,1.69,-4.0,4.0,1,proc_sha256:9bfc951104186dc963218f0adca208b20d83955a8fcd40b0b918405880872b2a,proc_sha256:134c1cf844a5550a1507230cbca1950b62638242587406078d4315be69cc7fc5,False,False,False,False,False,False
2018-05-23,2018-05-22,1.67,1.65,2.0,2.0,1,proc_sha256:5620351c8789944def447c087cb5d2b4ce800e7b66ee3f667b13d179c9fd0fc1,proc_sha256:9bfc951104186dc963218f0adca208b20d83955a8fcd40b0b918405880872b2a,False,False,False,False,False,False
2018-05-24,2018-05-23,1.74,1.67,7.0,7.0,1,proc_sha256:8622afd60ab7db7397bb507a4044fd06c7bd95587a158e0fbba0ce30bf261646,proc_sha256:5620351c8789944def447c087cb5d2b4ce800e7b66ee3f667b13d179c9fd0fc1,False,False,False,False,False,False
2018-05-25,2018-05-24,1.73,1.74,-1.0,1.0,1,proc_sha256:d2ebfa9f42e867713263854ba3a4efc4edd8934617cf2cbbce40326f0f50181f,proc_sha256:8622afd60ab7db7397bb507a4044fd06c7bd95587a158e0fbba0ce30bf261646,False,False,False,False,False,False
2018-05-29,2018-05-25,1.72,1.73,-1.0,1.0,4,proc_sha256:c94f98cd64165a73faf8f7570160c08b8b324f3a2a76c5e117f44e13fc1a9618,proc_sha256:d2ebfa9f42e867713263854ba3a4efc4edd8934617cf2cbbce40326f0f50181f,False,False,False,False,False,False
2018-05-30,2018-05-29,1.72,1.72,0.0,0.0,1,proc_sha256:d173ef4bb4ae92dda10cddfa4cdcfb89289acd196a4a28f04ed9f8036d18ffd1,proc_sha256:c94f98cd64165a73faf8f7570160c08b8b324f3a2a76c5e117f44e13fc1a9618,False,False,False,True,False,False
2018-05-31,2018-05-30,1.81,1.72,9.0,9.0,1,proc_sha256:95a7ae39711dcb54ae8c804e2b2cdb7a3665517b566d4fb49a5e198ef185f697,proc_sha256:d173ef4bb4ae92dda10cddfa4cdcfb89289acd196a4a28f04ed9f8036d18ffd1,True,False,False,True,False,False
2018-06-01,2018-05-31,1.81,1.81,0.0,0.0,1,proc_sha256:53c106a22dd64bf9183b26b0b86ccfd13345122c847b14358e268c8041fbfae0,proc_sha256:95a7ae39711dcb54ae8c804e2b2cdb7a3665517b566d4fb49a5e198ef185f697,False,False,False,True,False,False
2018-06-04,2018-06-01,1.8,1.81,-1.0,1.0,3,proc_sha256:52860640efebfe84b71eb96412bc265494f04b8d6dc79ab0703a93e5fd777e2d,proc_sha256:53c106a22dd64bf9183b26b0b86ccfd13345122c847b14358e268c8041fbfae0,False,False,False,False,False,False
2018-06-05,2018-06-04,1.75,1.8,-5.0,5.0,1,proc_sha256:3027a92c63c66a969ea375eba4e296436a4a3451d1bdc5a58d1deb89b5ce866a,proc_sha256:52860640efebfe84b71eb96412bc265494f04b8d6dc79ab0703a93e5fd777e2d,False,False,False,False,False,False
2018-06-06,2018-06-05,1.73,1.75,-2.0,2.0,1,proc_sha256:e2e370b181aca2911d0f840a837915c37db7149b9b2f4947c3a8eedbe285b354,proc_sha256:3027a92c63c66a969ea375eba4e296436a4a3451d1bdc5a58d1deb89b5ce866a,False,False,False,False,False,False
2018-06-07,2018-06-06,1.71,1.73,-2.0,2.0,1,proc_sha256:6d969c7c7fd5fa3db13ab84f259fd3a71e60036831aecf483a090e21abcb9ff7,proc_sha256:e2e370b181aca2911d0f840a837915c37db7149b9b2f4947c3a8eedbe285b354,False,False,False,False,False,False
2018-06-08,2018-06-07,1.69,1.71,-2.0,2.0,1,proc_sha256:99abf38c482ad52743874cdf69e6b2925d1adb15cbbf9960f254c06db99e3303,proc_sha256:6d969c7c7fd5fa3db13ab84f259fd3a71e60036831aecf483a090e21abcb9ff7,False,False,False,False,False,False
2018-06-11,2018-06-08,1.69,1.69,0.0,0.0,3,proc_sha256:1883ece378a788777f0c2b3bab4930e87e973b21d83e7484c340db1848254623,proc_sha256:99abf38c482ad52743874cdf69e6b2925d1adb15cbbf9960f254c06db99e3303,False,False,False,False,False,False
2018-06-12,2018-06-11,1.67,1.69,-2.0,2.0,1,proc_sha256:d56000ad2fc6dfabde214379f8642dfb7bbff52c8dc51d5ce4023293825eada1,proc_sha256:1883ece378a788777f0c2b3bab4930e87e973b21d83e7484c340db1848254623,False,False,False,False,False,False
2018-06-13,2018-06-12,1.71,1.67,4.0,4.0,1,proc_sha256:fa6a6547af5a0d34ca68957c27f0a5f7448ba02eb3d9c5c9e046506bffbdcf01,proc_sha256:d56000ad2fc6dfabde214379f8642dfb7bbff52c8dc51d5ce4023293825eada1,False,False,False,False,False,False
2018-06-14,2018-06-13,1.9,1.71,19.0,19.0,1,proc_sha256:33847eb0c7e568db6dae085c035ac43ca27a0f16becbc4190de3d1558bb205db,proc_sha256:fa6a6547af5a0d34ca68957c27f0a5f7448ba02eb3d9c5c9e046506bffbdcf01,False,False,False,False,False,False
2018-06-15,2018-06-14,1.91,1.9,1.0,1.0,1,proc_sha256:c8163bf309746f2082710ac0fe37b1c1b433d57dd70bd8a319e3d599e77c1ef4,proc_sha256:33847eb0c7e568db6dae085c035ac43ca27a0f16becbc4190de3d1558bb205db,False,False,False,False,False,False
2018-06-18,2018-06-15,1.9,1.91,-1.0,1.0,3,proc_sha256:1d773727125b017c526daaaf395960b6fd46b9401e1490bbb56a214c425fddc2,proc_sha256:c8163bf309746f2082710ac0fe37b1c1b433d57dd70bd8a319e3d599e77c1ef4,False,False,False,False,False,False
2018-06-19,2018-06-18,1.88,1.9,-2.0,2.0,1,proc_sha256:ee5340c1004032e56b1bc85acaea7046010b1c037800502c231955a8d110f9a8,proc_sha256:1d773727125b017c526daaaf395960b6fd46b9401e1490bbb56a214c425fddc2,False,False,False,False,False,False
2018-06-20,2018-06-19,1.87,1.88,-1.0,1.0,1,proc_sha256:83f9dc3a4bf852a52184756d267a9776eefbf3612b531a0eb12b8e1bd160d69f,proc_sha256:ee5340c1004032e56b1bc85acaea7046010b1c037800502c231955a8d110f9a8,False,False,False,False,False,False
2018-06-21,2018-06-20,1.87,1.87,0.0,0.0,1,proc_sha256:a40e0cd30325bde23c95998c746f09f1f3c08debe634ec0b36031de78546cf1f,proc_sha256:83f9dc3a4bf852a52184756d267a9776eefbf3612b531a0eb12b8e1bd160d69f,False,False,False,False,False,False
2018-06-22,2018-06-21,1.92,1.87,5.0,5.0,1,proc_sha256:5728379b4c0bf1efff8750c19c90d2c355317d2b6dbe83a720515d261e522d09,proc_sha256:a40e0cd30325bde23c95998c746f09f1f3c08debe634ec0b36031de78546cf1f,False,False,False,False,False,False
2018-06-25,2018-06-22,1.91,1.92,-1.0,1.0,3,proc_sha256:12cef4558c0755a7b183d245b5b1e05efb4d7e7f170a4b167c4304664384af04,proc_sha256:5728379b4c0bf1efff8750c19c90d2c355317d2b6dbe83a720515d261e522d09,False,False,False,False,False,False
2018-06-26,2018-06-25,1.9,1.91,-1.0,1.0,1,proc_sha256:a89127e0347b28d0c493668eae58dbd1e1ef2ed5b0b8f61d08c16a967893683b,proc_sha256:12cef4558c0755a7b183d245b5b1e05efb4d7e7f170a4b167c4304664384af04,False,False,False,False,False,False
2018-06-27,2018-06-26,1.9,1.9,0.0,0.0,1,proc_sha256:a2fff33d1fb30a3a3030a1587cd1db39c231b544432c0f1438b4090d1492c045,proc_sha256:a89127e0347b28d0c493668eae58dbd1e1ef2ed5b0b8f61d08c16a967893683b,False,False,False,False,False,False
2018-06-28,2018-06-27,1.93,1.9,3.0,3.0,1,proc_sha256:d8680f599bc4d3a4ef3cf567dc565466b3d78e0098e779d9388b516a97b8c52d,proc_sha256:a2fff33d1fb30a3a3030a1587cd1db39c231b544432c0f1438b4090d1492c045,False,False,False,True,True,False
2018-06-29,2018-06-28,2.12,1.93,19.0,19.0,1,proc_sha256:0a1f63a7a1e85221915dbc15e0671be3dbfa01357c2bb2bb861db16a8dc10fef,proc_sha256:d8680f599bc4d3a4ef3cf567dc565466b3d78e0098e779d9388b516a97b8c52d,True,True,False,True,True,False
2018-07-02,2018-06-29,2.04,2.12,-8.0,8.0,3,proc_sha256:cadaf4ad7b1564fbb0e934584e8e1aa4774709a696f3d7b76a15e07a2879ea6d,proc_sha256:0a1f63a7a1e85221915dbc15e0671be3dbfa01357c2bb2bb861db16a8dc10fef,False,False,False,True,True,False
2018-07-03,2018-07-02,2.0,2.04,-4.0,4.0,1,proc_sha256:a5eef69716b9abb639fe8b73f6094dc56a69c3615389098f63cd68a0d4fb927c,proc_sha256:cadaf4ad7b1564fbb0e934584e8e1aa4774709a696f3d7b76a15e07a2879ea6d,False,False,False,False,False,False
2018-07-05,2018-07-03,1.97,2.0,-3.0,3.0,2,proc_sha256:7be322e4799ad4b72476bb262a7d5c2397116e7ccb3cda8a8ef2ac6929ff7772,proc_sha256:a5eef69716b9abb639fe8b73f6094dc56a69c3615389098f63cd68a0d4fb927c,False,False,False,False,False,False
2018-07-06,2018-07-05,1.93,1.97,-4.0,4.0,1,proc_sha256:04198b92f8707a3f4b0d505c8d8835ffd36653f6aa18eee707371787d6a2beb1,proc_sha256:7be322e4799ad4b72476bb262a7d5c2397116e7ccb3cda8a8ef2ac6929ff7772,False,False,False,False,False,False
2018-07-09,2018-07-06,1.89,1.93,-4.0,4.0,3,proc_sha256:b43b1590bf48829fc27648d915e9682377fd28f1297626d009221a7712f582fb,proc_sha256:04198b92f8707a3f4b0d505c8d8835ffd36653f6aa18eee707371787d6a2beb1,False,False,False,False,False,False
2018-07-10,2018-07-09,1.89,1.89,0.0,0.0,1,proc_sha256:5b5cd37b08cb4b2aaaae0dbfcdecff71461123b0f688cb490ceaf777e997b012,proc_sha256:b43b1590bf48829fc27648d915e9682377fd28f1297626d009221a7712f582fb,False,False,False,False,False,False
2018-07-11,2018-07-10,1.89,1.89,0.0,0.0,1,proc_sha256:4bbb52cbe4d77391092fd50733cc5e489637544213aa282f6745f4491b141aa2,proc_sha256:5b5cd37b08cb4b2aaaae0dbfcdecff71461123b0f688cb490ceaf777e997b012,False,False,False,False,False,False
2018-07-12,2018-07-11,1.9,1.89,1.0,1.0,1,proc_sha256:ca848f6ebf297de0111cad0ce6337f489ae511fd1d04c34a5b191121400607f2,proc_sha256:4bbb52cbe4d77391092fd50733cc5e489637544213aa282f6745f4491b141aa2,False,False,False,False,False,False
2018-07-13,2018-07-12,1.9,1.9,0.0,0.0,1,proc_sha256:8b0d3406c0e856c13819f5466deaca6ff1e347c5c03c7b92a7ffcd7f46460390,proc_sha256:ca848f6ebf297de0111cad0ce6337f489ae511fd1d04c34a5b191121400607f2,False,False,False,False,False,False
2018-07-16,2018-07-13,1.95,1.9,5.0,5.0,3,proc_sha256:39573550bee835be0523c9530ba81428406860ff627e515c0e19ec8ed8b7fab3,proc_sha256:8b0d3406c0e856c13819f5466deaca6ff1e347c5c03c7b92a7ffcd7f46460390,False,False,False,False,False,False
2018-07-17,2018-07-16,1.92,1.95,-3.0,3.0,1,proc_sha256:1c534bee942ced76c2acc70507511f98fd6a004b5395edede47f82bcf91df1d4,proc_sha256:39573550bee835be0523c9530ba81428406860ff627e515c0e19ec8ed8b7fab3,False,False,False,False,False,False
2018-07-18,2018-07-17,1.9,1.92,-2.0,2.0,1,proc_sha256:66d1c0d3f69446c68d08e612b36800e7cc62cdda9dff838196f559b76aedd7dc,proc_sha256:1c534bee942ced76c2acc70507511f98fd6a004b5395edede47f82bcf91df1d4,False,False,False,False,False,False
2018-07-19,2018-07-18,1.9,1.9,0.0,0.0,1,proc_sha256:ca329a0b4e38ff3cadaf7ab6ade1c5b1d12a865af0451fed7356bf6caf089541,proc_sha256:66d1c0d3f69446c68d08e612b36800e7cc62cdda9dff838196f559b76aedd7dc,False,False,False,False,False,False
2018-07-20,2018-07-19,1.88,1.9,-2.0,2.0,1,proc_sha256:b3bd6cace9b82fb7eb2e08569a7b74b3b1ad4b8f35c719751f947480e6c8d4a4,proc_sha256:ca329a0b4e38ff3cadaf7ab6ade1c5b1d12a865af0451fed7356bf6caf089541,False,False,False,False,False,False
2018-07-23,2018-07-20,1.87,1.88,-1.0,1.0,3,proc_sha256:90d87c993ae693bbbb8f760fe7cbf55783a9202934a683484c9f199a4b792fa5,proc_sha256:b3bd6cace9b82fb7eb2e08569a7b74b3b1ad4b8f35c719751f947480e6c8d4a4,False,False,False,False,False,False
2018-07-24,2018-07-23,1.9,1.87,3.0,3.0,1,proc_sha256:a5b578e0b01d8f39c695ec16c4090630e79e1274bee75d902131338916513403,proc_sha256:90d87c993ae693bbbb8f760fe7cbf55783a9202934a683484c9f199a4b792fa5,False,False,False,False,False,False
2018-07-25,2018-07-24,1.87,1.9,-3.0,3.0,1,proc_sha256:ff2d74c33ab8e54ac874989c69bab18f6309868bf8b56de655ce0507692311f7,proc_sha256:a5b578e0b01d8f39c695ec16c4090630e79e1274bee75d902131338916513403,False,False,False,False,False,False
2018-07-26,2018-07-25,1.9,1.87,3.0,3.0,1,proc_sha256:ae8f338afd120530eb9cd01a1ebfd65944a4e7f8b25fc6259f56a0c7be7cba10,proc_sha256:ff2d74c33ab8e54ac874989c69bab18f6309868bf8b56de655ce0507692311f7,False,False,False,False,False,False
2018-07-27,2018-07-26,1.88,1.9,-2.0,2.0,1,proc_sha256:e81c64950008c49f63907ed040841324e24aea1cf4adb04ffe04961360e32114,proc_sha256:ae8f338afd120530eb9cd01a1ebfd65944a4e7f8b25fc6259f56a0c7be7cba10,False,False,False,False,False,False
2018-07-30,2018-07-27,1.88,1.88,0.0,0.0,3,proc_sha256:0e467c89322a80c1c3237d98cf586bfc68e0cbd57e65145800b21242ef852b05,proc_sha256:e81c64950008c49f63907ed040841324e24aea1cf4adb04ffe04961360e32114,False,False,False,True,False,False
2018-07-31,2018-07-30,1.93,1.88,5.0,5.0,1,proc_sha256:2b7fe81c1e16e578f40abbd133d1b4d14016f21a985c460931bce0e7fa5febe3,proc_sha256:0e467c89322a80c1c3237d98cf586bfc68e0cbd57e65145800b21242ef852b05,True,False,False,True,False,False
2018-08-01,2018-07-31,1.88,1.93,-5.0,5.0,1,proc_sha256:337bf6437da3195662e54b1ee9ed91b9017663a757dce58ee19539b1d38444f7,proc_sha256:2b7fe81c1e16e578f40abbd133d1b4d14016f21a985c460931bce0e7fa5febe3,False,False,False,True,False,False
2018-08-02,2018-08-01,1.91,1.88,3.0,3.0,1,proc_sha256:0310c61e4cf1eefc0b74c5503eb66545a24fd1f5a56462225402920acb259dff,proc_sha256:337bf6437da3195662e54b1ee9ed91b9017663a757dce58ee19539b1d38444f7,False,False,False,False,False,False
2018-08-03,2018-08-02,1.86,1.91,-5.0,5.0,1,proc_sha256:a46e6524c72c90d6874f0f21c187ff83ba6987fc65a676d566c0e694c079fb8e,proc_sha256:0310c61e4cf1eefc0b74c5503eb66545a24fd1f5a56462225402920acb259dff,False,False,False,False,False,False
2018-08-06,2018-08-03,1.86,1.86,0.0,0.0,3,proc_sha256:22c0c2e19d57f607819b31bfc74c313161a71219d9b25a6344b93367139fc831,proc_sha256:a46e6524c72c90d6874f0f21c187ff83ba6987fc65a676d566c0e694c079fb8e,False,False,False,False,False,False
2018-08-07,2018-08-06,1.87,1.86,1.0,1.0,1,proc_sha256:327ba914737a8a285baa891e3e77c5250bf877621177527015b7ed79b75b541f,proc_sha256:22c0c2e19d57f607819b31bfc74c313161a71219d9b25a6344b93367139fc831,False,False,False,False,False,False
2018-08-08,2018-08-07,1.88,1.87,1.0,1.0,1,proc_sha256:6b8e9b2c46726567cbcb0cc87d0ea2ec475580b2285399369ac4a9f22aff17a6,proc_sha256:327ba914737a8a285baa891e3e77c5250bf877621177527015b7ed79b75b541f,False,False,False,False,False,False
2018-08-09,2018-08-08,1.91,1.88,3.0,3.0,1,proc_sha256:ccfb9f6e12a6551ff5b06aacd704182b22db64fe27fa8686edc25b899e67de15,proc_sha256:6b8e9b2c46726567cbcb0cc87d0ea2ec475580b2285399369ac4a9f22aff17a6,False,False,False,False,False,False
2018-08-10,2018-08-09,1.9,1.91,-1.0,1.0,1,proc_sha256:0922636fd774af71b3655cf7143ffdb70cd751baf95987a016f176bb6d1400fc,proc_sha256:ccfb9f6e12a6551ff5b06aacd704182b22db64fe27fa8686edc25b899e67de15,False,False,False,False,False,False
2018-08-13,2018-08-10,1.91,1.9,1.0,1.0,3,proc_sha256:1bd6c61567b97aeb63f38697a6ebba5db91d4581a9838fcc13b6f03cf89bc13a,proc_sha256:0922636fd774af71b3655cf7143ffdb70cd751baf95987a016f176bb6d1400fc,False,False,False,False,False,False
2018-08-14,2018-08-13,1.93,1.91,2.0,2.0,1,proc_sha256:354c799dbb24be20c80c0f418c701ee00248dfdc32549e008afd47e94750f224,proc_sha256:1bd6c61567b97aeb63f38697a6ebba5db91d4581a9838fcc13b6f03cf89bc13a,False,False,False,False,False,False
2018-08-15,2018-08-14,1.98,1.93,5.0,5.0,1,proc_sha256:b7368c708d42dfc84d19bc18265e6cc37aa0e86e4f287be45540b74cdbbf0e8d,proc_sha256:354c799dbb24be20c80c0f418c701ee00248dfdc32549e008afd47e94750f224,False,False,False,False,False,False
2018-08-16,2018-08-15,1.99,1.98,1.0,1.0,1,proc_sha256:c671e372d4da4e2eeb85d9c252a309accaa5bb0802f3c6e571f31e8a5039e7fd,proc_sha256:b7368c708d42dfc84d19bc18265e6cc37aa0e86e4f287be45540b74cdbbf0e8d,False,False,False,False,False,False
2018-08-17,2018-08-16,1.9,1.99,-9.0,9.0,1,proc_sha256:8714cc98af76152d616f3ddfaebabb56de657afab1d5d3ee4f7ab68150c040b4,proc_sha256:c671e372d4da4e2eeb85d9c252a309accaa5bb0802f3c6e571f31e8a5039e7fd,False,False,False,False,False,False
2018-08-20,2018-08-17,1.9,1.9,0.0,0.0,3,proc_sha256:b4f807734a36f4a08abc2e4de1d27b09486039378c0e0246a7bbddeba07a5434,proc_sha256:8714cc98af76152d616f3ddfaebabb56de657afab1d5d3ee4f7ab68150c040b4,False,False,False,False,False,False
2018-08-21,2018-08-20,1.9,1.9,0.0,0.0,1,proc_sha256:374119d4c87511afc7801ecb1fd30536c91f36ab0089d2ec44596b5a2189d52c,proc_sha256:b4f807734a36f4a08abc2e4de1d27b09486039378c0e0246a7bbddeba07a5434,False,False,False,False,False,False
2018-08-22,2018-08-21,1.9,1.9,0.0,0.0,1,proc_sha256:fa75034cf1e83368080e1bd2102d48104fff8d389b1c8d76a16db9e48d8944a3,proc_sha256:374119d4c87511afc7801ecb1fd30536c91f36ab0089d2ec44596b5a2189d52c,False,False,False,False,False,False
2018-08-23,2018-08-22,1.94,1.9,4.0,4.0,1,proc_sha256:9db84ffc614032e0ecaa20919642edabbd2e693602786c06f7efb502530b2a96,proc_sha256:fa75034cf1e83368080e1bd2102d48104fff8d389b1c8d76a16db9e48d8944a3,False,False,False,False,False,False
2018-08-24,2018-08-23,1.95,1.94,1.0,1.0,1,proc_sha256:b100eb5ed180900b24ba96093b886845ba8717c76c378c9a414cf73184449c18,proc_sha256:9db84ffc614032e0ecaa20919642edabbd2e693602786c06f7efb502530b2a96,False,False,False,False,False,False
2018-08-27,2018-08-24,1.95,1.95,0.0,0.0,3,proc_sha256:78150efff519084e050c9526a690ad3afd6c4a955a3cf4980409b631182b40c4,proc_sha256:b100eb5ed180900b24ba96093b886845ba8717c76c378c9a414cf73184449c18,False,False,False,False,False,False
2018-08-28,2018-08-27,1.95,1.95,0.0,0.0,1,proc_sha256:bd1ed747ddacde26071737567fc66a8b4c056101657d25d436988488b24aa0cf,proc_sha256:78150efff519084e050c9526a690ad3afd6c4a955a3cf4980409b631182b40c4,False,False,False,False,False,False
2018-08-29,2018-08-28,1.93,1.95,-2.0,2.0,1,proc_sha256:37255fbe86fa7d9be57e49ffa0576096b1ef18c974e072aec4882cac52cd7642,proc_sha256:bd1ed747ddacde26071737567fc66a8b4c056101657d25d436988488b24aa0cf,False,False,False,False,False,False
2018-08-30,2018-08-29,1.93,1.93,0.0,0.0,1,proc_sha256:aff9da105be66c1dc689786612ad7186376abefda5354fef151686db56ff28ca,proc_sha256:37255fbe86fa7d9be57e49ffa0576096b1ef18c974e072aec4882cac52cd7642,False,False,False,True,False,False
2018-08-31,2018-08-30,1.97,1.93,4.0,4.0,1,proc_sha256:25da31059ab0e93a5edc6765141d8c8a15cf88d4a9d28bdd3c3f9f9c7511d6bc,proc_sha256:aff9da105be66c1dc689786612ad7186376abefda5354fef151686db56ff28ca,True,False,False,True,False,False
2018-09-04,2018-08-31,1.95,1.97,-2.0,2.0,4,proc_sha256:9c2f8225fce42cc936c85264f7bc008f9d9161212c5881c10fdaf8d771e1a511,proc_sha256:25da31059ab0e93a5edc6765141d8c8a15cf88d4a9d28bdd3c3f9f9c7511d6bc,False,False,False,True,False,False
2018-09-05,2018-09-04,1.95,1.95,0.0,0.0,1,proc_sha256:c208602601ada403da6289ef52d5bf6005c51947fad0e44ac0ed7a4ba3159d6d,proc_sha256:9c2f8225fce42cc936c85264f7bc008f9d9161212c5881c10fdaf8d771e1a511,False,False,False,False,False,False
2018-09-06,2018-09-05,1.94,1.95,-1.0,1.0,1,proc_sha256:cb8e20ede3a5a445b15879a5aa6fcbf897c1a07d4f394fffe0b64a634f898612,proc_sha256:c208602601ada403da6289ef52d5bf6005c51947fad0e44ac0ed7a4ba3159d6d,False,False,False,False,False,False
2018-09-07,2018-09-06,1.94,1.94,0.0,0.0,1,proc_sha256:01d6cf917d734debb414600063633ddb554003ee3f38fb11a41dd7449cdbff53,proc_sha256:cb8e20ede3a5a445b15879a5aa6fcbf897c1a07d4f394fffe0b64a634f898612,False,False,False,False,False,False
2018-09-10,2018-09-07,1.94,1.94,0.0,0.0,3,proc_sha256:bd13ebcd1b0f50d7ec26e56e49eb59b3f02d8c2b6ba44ec44555ad57649f01d2,proc_sha256:01d6cf917d734debb414600063633ddb554003ee3f38fb11a41dd7449cdbff53,False,False,False,False,False,False
2018-09-11,2018-09-10,1.94,1.94,0.0,0.0,1,proc_sha256:adcb427aba5be49d47b5dc0bd82e3dd1d7156a3a61361d709b64c94cc00ffe7f,proc_sha256:bd13ebcd1b0f50d7ec26e56e49eb59b3f02d8c2b6ba44ec44555ad57649f01d2,False,False,False,False,False,False
2018-09-12,2018-09-11,1.94,1.94,0.0,0.0,1,proc_sha256:cbf4800c51ea80811b8409a0caa82f58a588dabf64f50b515e233fc9f283899e,proc_sha256:adcb427aba5be49d47b5dc0bd82e3dd1d7156a3a61361d709b64c94cc00ffe7f,False,False,False,False,False,False
2018-09-13,2018-09-12,1.94,1.94,0.0,0.0,1,proc_sha256:0183be41a0e34aeeba164824e89643706c49af2d1b73922e980c09558bd5d7af,proc_sha256:cbf4800c51ea80811b8409a0caa82f58a588dabf64f50b515e233fc9f283899e,False,False,False,False,False,False
2018-09-14,2018-09-13,1.95,1.94,1.0,1.0,1,proc_sha256:33568c664a9e22fb9d30fabd85028002793d339245733a761f25b1707201a42d,proc_sha256:0183be41a0e34aeeba164824e89643706c49af2d1b73922e980c09558bd5d7af,False,False,False,False,False,False
2018-09-17,2018-09-14,2.0,1.95,5.0,5.0,3,proc_sha256:b70f78c2b80d17c3e26690e74cc6cc65339c7035380ab4202b61005bf12bde6a,proc_sha256:33568c664a9e22fb9d30fabd85028002793d339245733a761f25b1707201a42d,False,False,False,False,False,False
2018-09-18,2018-09-17,1.94,2.0,-6.0,6.0,1,proc_sha256:0119e368f0df8c0dfcde82d861d13d7f339ed4e7df82e896f7ca0c09ce24db22,proc_sha256:b70f78c2b80d17c3e26690e74cc6cc65339c7035380ab4202b61005bf12bde6a,False,False,False,False,False,False
2018-09-19,2018-09-18,1.92,1.94,-2.0,2.0,1,proc_sha256:08d0931ade45a0ab2d0033e1617a3b018f6839c9fc6ded848a921a5ebace2d42,proc_sha256:0119e368f0df8c0dfcde82d861d13d7f339ed4e7df82e896f7ca0c09ce24db22,False,False,False,False,False,False
2018-09-20,2018-09-19,1.92,1.92,0.0,0.0,1,proc_sha256:10c1b9ac66b98199d03d66877624b8b9b6557b0e6bd1b6ac778f257743f4a227,proc_sha256:08d0931ade45a0ab2d0033e1617a3b018f6839c9fc6ded848a921a5ebace2d42,False,False,False,False,False,False
2018-09-21,2018-09-20,1.92,1.92,0.0,0.0,1,proc_sha256:d218fe5fcdceb790f6422b558181a3f550bc5336df4a0dae6c4a764d926223d2,proc_sha256:10c1b9ac66b98199d03d66877624b8b9b6557b0e6bd1b6ac778f257743f4a227,False,False,False,False,False,False
2018-09-24,2018-09-21,1.95,1.92,3.0,3.0,3,proc_sha256:10528c0f36f293a1a0af67f386b6c15b7bfbf7cac5e51cf8ebdb3b2f0f7d8817,proc_sha256:d218fe5fcdceb790f6422b558181a3f550bc5336df4a0dae6c4a764d926223d2,False,False,False,False,False,False
2018-09-25,2018-09-24,1.93,1.95,-2.0,2.0,1,proc_sha256:2175217901a32bededc03be185bad19b2d24fcc66ca7e6a54d5eb1c3e81298d2,proc_sha256:10528c0f36f293a1a0af67f386b6c15b7bfbf7cac5e51cf8ebdb3b2f0f7d8817,False,False,False,False,False,False
2018-09-26,2018-09-25,1.92,1.93,-1.0,1.0,1,proc_sha256:192fb6cde70a528152bdcf5b5412597eef758a334104560781cd6798a31aa5dd,proc_sha256:2175217901a32bededc03be185bad19b2d24fcc66ca7e6a54d5eb1c3e81298d2,False,False,False,False,False,False
2018-09-27,2018-09-26,2.16,1.92,24.0,24.0,1,proc_sha256:f8282018ba8811683843392945f224c6c6e177e826bdcecd329202928531b4cc,proc_sha256:192fb6cde70a528152bdcf5b5412597eef758a334104560781cd6798a31aa5dd,False,False,False,True,True,False
2018-09-28,2018-09-27,2.25,2.16,9.0,9.0,1,proc_sha256:b48768d8423b51957e6ec87d790a6875017bc0839bab38c64650e7f46d411571,proc_sha256:f8282018ba8811683843392945f224c6c6e177e826bdcecd329202928531b4cc,True,True,False,True,True,False
2018-10-01,2018-09-28,2.22,2.25,-3.0,3.0,3,proc_sha256:8fd8c04019e354dde9c65b6b7796e9e38d0efbde9d9e238fe6f84de114786153,proc_sha256:b48768d8423b51957e6ec87d790a6875017bc0839bab38c64650e7f46d411571,False,False,False,True,True,False
2018-10-02,2018-10-01,2.2,2.22,-2.0,2.0,1,proc_sha256:2f981d733ea9f4fd2b611f48480dc4b749c3f7702df9ba5650644e7deb02451c,proc_sha256:8fd8c04019e354dde9c65b6b7796e9e38d0efbde9d9e238fe6f84de114786153,False,False,False,False,False,False
2018-10-03,2018-10-02,2.2,2.2,0.0,0.0,1,proc_sha256:4d24da98962e04db818a6a6d2e65eeb7e8fae93c0c90574f58399384e558d34f,proc_sha256:2f981d733ea9f4fd2b611f48480dc4b749c3f7702df9ba5650644e7deb02451c,False,False,False,False,False,False
2018-10-04,2018-10-03,2.18,2.2,-2.0,2.0,1,proc_sha256:793e6c4fba3343a7cd9c023ffd926ce3710aad1c65c7368929d0bca69cda1111,proc_sha256:4d24da98962e04db818a6a6d2e65eeb7e8fae93c0c90574f58399384e558d34f,False,False,False,False,False,False
2018-10-05,2018-10-04,2.16,2.18,-2.0,2.0,1,proc_sha256:72633fe01019f8ef5ea4eb59c39e35cdc0d80b123d2bde3031abd23428c29be9,proc_sha256:793e6c4fba3343a7cd9c023ffd926ce3710aad1c65c7368929d0bca69cda1111,False,False,False,False,False,False
2018-10-09,2018-10-05,2.15,2.16,-1.0,1.0,4,proc_sha256:7a5386f28588804088cc72dbda0d63cac2435795afdc58d653f7c334843b9f93,proc_sha256:72633fe01019f8ef5ea4eb59c39e35cdc0d80b123d2bde3031abd23428c29be9,False,False,False,False,False,False
2018-10-10,2018-10-09,2.15,2.15,0.0,0.0,1,proc_sha256:1cf3c028edf113be5ac346b378c1e388d300cb571be4fb73ad66144282961f11,proc_sha256:7a5386f28588804088cc72dbda0d63cac2435795afdc58d653f7c334843b9f93,False,False,False,False,False,False
2018-10-11,2018-10-10,2.17,2.15,2.0,2.0,1,proc_sha256:6f49a8dc51f0a2bccdaf5d988b08dc49597ddf409a853dfb5a8a561ccb63aba2,proc_sha256:1cf3c028edf113be5ac346b378c1e388d300cb571be4fb73ad66144282961f11,False,False,False,False,False,False
2018-10-12,2018-10-11,2.18,2.17,1.0,1.0,1,proc_sha256:cdfc7e20a857d8c6f908bb8f2fa8d92a060d324c41831514f16290884f2ba3fa,proc_sha256:6f49a8dc51f0a2bccdaf5d988b08dc49597ddf409a853dfb5a8a561ccb63aba2,False,False,False,False,False,False
2018-10-15,2018-10-12,2.21,2.18,3.0,3.0,3,proc_sha256:0ea9e6deab1ef60d7dbdbc30a5b08af4752d00bf011fba3191fe2544598dcaac,proc_sha256:cdfc7e20a857d8c6f908bb8f2fa8d92a060d324c41831514f16290884f2ba3fa,False,False,False,False,False,False
2018-10-16,2018-10-15,2.18,2.21,-3.0,3.0,1,proc_sha256:4db4b2c66b432a6fb4611f63e6a7f7c998e49c3b83859f9cc6f5086e55dcce33,proc_sha256:0ea9e6deab1ef60d7dbdbc30a5b08af4752d00bf011fba3191fe2544598dcaac,False,False,False,False,False,False
2018-10-17,2018-10-16,2.18,2.18,0.0,0.0,1,proc_sha256:dfa9cfa65f09b61b72d039fc714d317be49941e3ce6d3bf1a6b1dc990bbe77ca,proc_sha256:4db4b2c66b432a6fb4611f63e6a7f7c998e49c3b83859f9cc6f5086e55dcce33,False,False,False,False,False,False
2018-10-18,2018-10-17,2.19,2.18,1.0,1.0,1,proc_sha256:5962806875073a48b1c78685291266762a0b4f71dd0599b6393a1edd5d694496,proc_sha256:dfa9cfa65f09b61b72d039fc714d317be49941e3ce6d3bf1a6b1dc990bbe77ca,False,False,False,False,False,False
2018-10-19,2018-10-18,2.19,2.19,0.0,0.0,1,proc_sha256:60b2b02467d25616aa8764fe975f91ee943aff6b651d1ac676939f51b449116b,proc_sha256:5962806875073a48b1c78685291266762a0b4f71dd0599b6393a1edd5d694496,False,False,False,False,False,False
2018-10-22,2018-10-19,2.18,2.19,-1.0,1.0,3,proc_sha256:b7f1adca2c3c3b53117eb32ff58612cbd6b2b4152ebd56ad6b61de09840fb06e,proc_sha256:60b2b02467d25616aa8764fe975f91ee943aff6b651d1ac676939f51b449116b,False,False,False,False,False,False
2018-10-23,2018-10-22,2.17,2.18,-1.0,1.0,1,proc_sha256:e0686c1d68394e9732a93d018bd50a43554218c4ec8666b255fb15372603e4d0,proc_sha256:b7f1adca2c3c3b53117eb32ff58612cbd6b2b4152ebd56ad6b61de09840fb06e,False,False,False,False,False,False
2018-10-24,2018-10-23,2.18,2.17,1.0,1.0,1,proc_sha256:1055e81ad9296fdf7590c410a42199bfc8df9f451ff67eb778920b8bd130823a,proc_sha256:e0686c1d68394e9732a93d018bd50a43554218c4ec8666b255fb15372603e4d0,False,False,False,False,False,False
2018-10-25,2018-10-24,2.19,2.18,1.0,1.0,1,proc_sha256:d7e59ecab3608a73d6fffc43b2bed77c4f3f34795ea2a105babeeb86cafca7ae,proc_sha256:1055e81ad9296fdf7590c410a42199bfc8df9f451ff67eb778920b8bd130823a,False,False,False,False,False,False
2018-10-26,2018-10-25,2.19,2.19,0.0,0.0,1,proc_sha256:f4a771e946676e136389842b2c4b661a12de2808979253b29153b81eb586bafe,proc_sha256:d7e59ecab3608a73d6fffc43b2bed77c4f3f34795ea2a105babeeb86cafca7ae,False,False,False,False,False,False
2018-10-29,2018-10-26,2.18,2.19,-1.0,1.0,3,proc_sha256:2650eed3ebd2be17f88dad6420f46ee722a08da9f55e83c9d9def16a74ece3f2,proc_sha256:f4a771e946676e136389842b2c4b661a12de2808979253b29153b81eb586bafe,False,False,False,False,False,False
2018-10-30,2018-10-29,2.18,2.18,0.0,0.0,1,proc_sha256:46b2b3f4a233908cab8f84195cc0605f88faeb7f21d28b7ac154b48b959aff62,proc_sha256:2650eed3ebd2be17f88dad6420f46ee722a08da9f55e83c9d9def16a74ece3f2,False,False,False,True,False,False
2018-10-31,2018-10-30,2.22,2.18,4.0,4.0,1,proc_sha256:592f8b495f8ef6db4fbba9e16f0bb565bb268ae341b6d4740bb48abd3080ec88,proc_sha256:46b2b3f4a233908cab8f84195cc0605f88faeb7f21d28b7ac154b48b959aff62,True,False,False,True,False,False
2018-11-01,2018-10-31,2.22,2.22,0.0,0.0,1,proc_sha256:00f7502f29d21517aa413440804ee9d3134982587cf42b515e19ed391da44df1,proc_sha256:592f8b495f8ef6db4fbba9e16f0bb565bb268ae341b6d4740bb48abd3080ec88,False,False,False,True,False,False
2018-11-02,2018-11-01,2.25,2.22,3.0,3.0,1,proc_sha256:93eda2f837e237772412a28cd1ebbc0a56607623877c1b004c429abd4adc1c11,proc_sha256:00f7502f29d21517aa413440804ee9d3134982587cf42b515e19ed391da44df1,False,False,False,False,False,False
2018-11-05,2018-11-02,2.24,2.25,-1.0,1.0,3,proc_sha256:75c20f8b3aba6232d1475b4fde0575d0dcd34b1cd4f229b49b137c9ffbc1757b,proc_sha256:93eda2f837e237772412a28cd1ebbc0a56607623877c1b004c429abd4adc1c11,False,False,False,False,False,False
2018-11-06,2018-11-05,2.22,2.24,-2.0,2.0,1,proc_sha256:de63e6a56000edde725e0c32d1a2d7d5a01d8a7a8aa401c6e976000c8f5c2fce,proc_sha256:75c20f8b3aba6232d1475b4fde0575d0dcd34b1cd4f229b49b137c9ffbc1757b,False,False,False,False,False,False
2018-11-07,2018-11-06,2.18,2.22,-4.0,4.0,1,proc_sha256:7f6d12fdd4b8579db09551b38b3588971b2ee18943d2c0b8c54d7efb0a654d11,proc_sha256:de63e6a56000edde725e0c32d1a2d7d5a01d8a7a8aa401c6e976000c8f5c2fce,False,False,False,False,False,False
2018-11-08,2018-11-07,2.21,2.18,3.0,3.0,1,proc_sha256:0cdb401ce4f7a17fda9429ab8c796a4f6d18ef0de24ad8871be31fac72380313,proc_sha256:7f6d12fdd4b8579db09551b38b3588971b2ee18943d2c0b8c54d7efb0a654d11,False,False,False,False,False,False
2018-11-09,2018-11-08,2.2,2.21,-1.0,1.0,1,proc_sha256:434d396056f1efba92e21187a04fa9f0d183354258a6760e33eeec379136ca5d,proc_sha256:0cdb401ce4f7a17fda9429ab8c796a4f6d18ef0de24ad8871be31fac72380313,False,False,False,False,False,False
2018-11-13,2018-11-09,2.2,2.2,0.0,0.0,4,proc_sha256:dbe2ded91f4443399fc0b84431b81917e42d546a2dad8376145bd7b0937e0141,proc_sha256:434d396056f1efba92e21187a04fa9f0d183354258a6760e33eeec379136ca5d,False,False,False,False,False,False
2018-11-14,2018-11-13,2.2,2.2,0.0,0.0,1,proc_sha256:b61a4add004280cda5cd4b3e280af358131c2250a54b61c1efb151f63535a3cd,proc_sha256:dbe2ded91f4443399fc0b84431b81917e42d546a2dad8376145bd7b0937e0141,False,False,False,False,False,False
2018-11-15,2018-11-14,2.28,2.2,8.0,8.0,1,proc_sha256:ce3112724767f84bb59e4a2c6811883073bebf3f603e08d0fe708d702beeddcf,proc_sha256:b61a4add004280cda5cd4b3e280af358131c2250a54b61c1efb151f63535a3cd,False,False,False,False,False,False
2018-11-16,2018-11-15,2.26,2.28,-2.0,2.0,1,proc_sha256:ef112a679769cbc4c1aaa694866280a36816788791cdb66c0465a847bbd13287,proc_sha256:ce3112724767f84bb59e4a2c6811883073bebf3f603e08d0fe708d702beeddcf,False,False,False,False,False,False
2018-11-19,2018-11-16,2.24,2.26,-2.0,2.0,3,proc_sha256:82200e7f7d7af97acb720085a8accbd29dcfe5e07112476f4f0c205e1dd92f09,proc_sha256:ef112a679769cbc4c1aaa694866280a36816788791cdb66c0465a847bbd13287,False,False,False,False,False,False
2018-11-20,2018-11-19,2.2,2.24,-4.0,4.0,1,proc_sha256:08e8272956c11c9f102ebd808a0e7eb98ddbe3515b26b265ebb860b94bae2e94,proc_sha256:82200e7f7d7af97acb720085a8accbd29dcfe5e07112476f4f0c205e1dd92f09,False,False,False,False,False,False
2018-11-21,2018-11-20,2.18,2.2,-2.0,2.0,1,proc_sha256:7f0d97df3d79251a9f4c1ad71d313d8f0c82e3d4d4719e7867e678afd69f79a6,proc_sha256:08e8272956c11c9f102ebd808a0e7eb98ddbe3515b26b265ebb860b94bae2e94,False,False,False,False,False,False
2018-11-23,2018-11-21,2.23,2.18,5.0,5.0,2,proc_sha256:bb0428572e3db3d5986e92fc5676fcb3e39221beb4497cef50ed314d441b9e6e,proc_sha256:7f0d97df3d79251a9f4c1ad71d313d8f0c82e3d4d4719e7867e678afd69f79a6,False,False,False,False,False,False
2018-11-26,2018-11-23,2.2,2.23,-3.0,3.0,3,proc_sha256:3a63dab9cb843413f458a15febb42efb141272020891b5b043d7ab859ca92726,proc_sha256:bb0428572e3db3d5986e92fc5676fcb3e39221beb4497cef50ed314d441b9e6e,False,False,False,False,False,False
2018-11-27,2018-11-26,2.19,2.2,-1.0,1.0,1,proc_sha256:9f9b5139d447d5ff4b249579bf4c92aee175e5f69b1fa848c584540c3fbc0801,proc_sha256:3a63dab9cb843413f458a15febb42efb141272020891b5b043d7ab859ca92726,False,False,False,False,False,False
2018-11-28,2018-11-27,2.19,2.19,0.0,0.0,1,proc_sha256:6f97317be301578497eb87f7cfd6166441ebc7a3ca5eb3204061a2d51ad3fde2,proc_sha256:9f9b5139d447d5ff4b249579bf4c92aee175e5f69b1fa848c584540c3fbc0801,False,False,False,False,False,False
2018-11-29,2018-11-28,2.24,2.19,5.0,5.0,1,proc_sha256:e8f0e65960ab2e873d303c3a5fb897ed1522b6a3258ff3e5d9605d3c07534248,proc_sha256:6f97317be301578497eb87f7cfd6166441ebc7a3ca5eb3204061a2d51ad3fde2,False,False,False,True,False,False
2018-11-30,2018-11-29,2.28,2.24,4.0,4.0,1,proc_sha256:4f462d55291be81381fb0ea7966926795c503cda2c106b34d13080baa0c8acdb,proc_sha256:e8f0e65960ab2e873d303c3a5fb897ed1522b6a3258ff3e5d9605d3c07534248,True,False,False,True,False,False
2018-12-03,2018-11-30,2.23,2.28,-5.0,5.0,3,proc_sha256:4504f3ecf7714565a23f109d3f73919a6c16a4004a391cf2d5df40ff1588bffd,proc_sha256:4f462d55291be81381fb0ea7966926795c503cda2c106b34d13080baa0c8acdb,False,False,False,True,False,False
2018-12-04,2018-12-03,2.27,2.23,4.0,4.0,1,proc_sha256:44717efb2561d87dace41027b0cbfe8176c9872c0bcedf6156ddf0e64ad28f2c,proc_sha256:4504f3ecf7714565a23f109d3f73919a6c16a4004a391cf2d5df40ff1588bffd,False,False,False,False,False,False
2018-12-06,2018-12-04,2.34,2.27,7.0,7.0,2,proc_sha256:11193c739dbab8fbcb141a379b7a0641bafb5dac8769b2ec1d5b70afc24c7715,proc_sha256:44717efb2561d87dace41027b0cbfe8176c9872c0bcedf6156ddf0e64ad28f2c,False,False,False,False,False,False
2018-12-07,2018-12-06,2.3,2.34,-4.0,4.0,1,proc_sha256:7c6200527092b7ab1bc18145ef4c0db90fd1af5d7f78c3fbbd79f1728442cf68,proc_sha256:11193c739dbab8fbcb141a379b7a0641bafb5dac8769b2ec1d5b70afc24c7715,False,False,False,False,False,False
2018-12-10,2018-12-07,2.22,2.3,-8.0,8.0,3,proc_sha256:d2fd7581f6e7becef49c71ecda69b6d759d3fb92d8ba577ff47331a632c20b07,proc_sha256:7c6200527092b7ab1bc18145ef4c0db90fd1af5d7f78c3fbbd79f1728442cf68,False,False,False,False,False,False
2018-12-11,2018-12-10,2.19,2.22,-3.0,3.0,1,proc_sha256:0be9903683fd75171e800217deef76b3c0c7705379d581d26418d50c4b1570ef,proc_sha256:d2fd7581f6e7becef49c71ecda69b6d759d3fb92d8ba577ff47331a632c20b07,False,False,False,False,False,False
2018-12-12,2018-12-11,2.2,2.19,1.0,1.0,1,proc_sha256:f67bd14dc3107a4bcb2996a3d5b2010f53089ab49fb5b471c0a7d50889644eeb,proc_sha256:0be9903683fd75171e800217deef76b3c0c7705379d581d26418d50c4b1570ef,False,False,False,False,False,False
2018-12-13,2018-12-12,2.21,2.2,1.0,1.0,1,proc_sha256:2bec5918d4268de8b21a258d36e388d22200b746df12249bdcdbca1719efd143,proc_sha256:f67bd14dc3107a4bcb2996a3d5b2010f53089ab49fb5b471c0a7d50889644eeb,False,False,False,False,False,False
2018-12-14,2018-12-13,2.21,2.21,0.0,0.0,1,proc_sha256:136909847438075557adc7c40afa8b3f49f603e08b7a3040eca7ccf39c908bb9,proc_sha256:2bec5918d4268de8b21a258d36e388d22200b746df12249bdcdbca1719efd143,False,False,False,False,False,False
2018-12-17,2018-12-14,2.31,2.21,10.0,10.0,3,proc_sha256:2dca861e899179bc66f6c941ee99b7217d9b2582e33b840c00e7de80a4e01659,proc_sha256:136909847438075557adc7c40afa8b3f49f603e08b7a3040eca7ccf39c908bb9,False,False,False,False,False,False
2018-12-18,2018-12-17,2.32,2.31,1.0,1.0,1,proc_sha256:9a269be8546087f00c708bcad281cd3d13dd38ef9b57267bb37472659ce84182,proc_sha256:2dca861e899179bc66f6c941ee99b7217d9b2582e33b840c00e7de80a4e01659,False,False,False,False,False,False
2018-12-19,2018-12-18,2.3,2.32,-2.0,2.0,1,proc_sha256:2b42231cb1fc3eed685240b2a5ac1ba4e9cebdac59041848554b1b7f977cb17c,proc_sha256:9a269be8546087f00c708bcad281cd3d13dd38ef9b57267bb37472659ce84182,False,False,False,False,False,False
2018-12-20,2018-12-19,2.41,2.3,11.0,11.0,1,proc_sha256:8187bd8f3ab6fe63f5e92d1530e28806117a69d5f4090c72feddabbf70138818,proc_sha256:2b42231cb1fc3eed685240b2a5ac1ba4e9cebdac59041848554b1b7f977cb17c,False,False,False,False,False,False
2018-12-21,2018-12-20,2.4,2.41,-1.0,1.0,1,proc_sha256:21d7a924c6bdf5a9631bfab63ccfe2224aa58d9ae5600eec4fd3238173faf5a3,proc_sha256:8187bd8f3ab6fe63f5e92d1530e28806117a69d5f4090c72feddabbf70138818,False,False,False,False,False,False
2018-12-24,2018-12-21,2.41,2.4,1.0,1.0,3,proc_sha256:2b81c175fae92e900df1a255cad1c90a777f4e2f211b53f602d3362c6579f1ec,proc_sha256:21d7a924c6bdf5a9631bfab63ccfe2224aa58d9ae5600eec4fd3238173faf5a3,False,False,False,False,False,False
2018-12-26,2018-12-24,2.44,2.41,3.0,3.0,2,proc_sha256:d9b416f24bba706e6e9fac32ed3939b711d51f1d47d86c4b7c61ce4e3d0ccd34,proc_sha256:2b81c175fae92e900df1a255cad1c90a777f4e2f211b53f602d3362c6579f1ec,False,False,False,False,False,False
2018-12-27,2018-12-26,2.44,2.44,0.0,0.0,1,proc_sha256:43d1d546f56c90caad9c62522061eaeabf07935b1e670cd393871b5b676f0769,proc_sha256:d9b416f24bba706e6e9fac32ed3939b711d51f1d47d86c4b7c61ce4e3d0ccd34,False,False,False,False,False,False
2018-12-28,2018-12-27,2.46,2.44,2.0,2.0,1,proc_sha256:a26ff48daed3200aaebdc7ea8f77acc9600fcb0fbe1476a5acd13ef62fdc32bd,proc_sha256:43d1d546f56c90caad9c62522061eaeabf07935b1e670cd393871b5b676f0769,False,False,False,True,True,True
2018-12-31,2018-12-28,3.0,2.46,54.0,54.0,3,proc_sha256:ad44b3d2d373c99b4a01bea3ef1db492afa5a47d4d30af1706f6e81276550f90,proc_sha256:a26ff48daed3200aaebdc7ea8f77acc9600fcb0fbe1476a5acd13ef62fdc32bd,True,True,True,True,True,True
2019-01-02,2018-12-31,3.15,3.0,15.0,15.0,2,proc_sha256:2c24f6161f9f3bc95555176d97b1934820a8302c07711e28a66512a577e7b403,proc_sha256:ad44b3d2d373c99b4a01bea3ef1db492afa5a47d4d30af1706f6e81276550f90,False,False,False,True,True,True
2019-01-03,2019-01-02,2.7,3.15,-45.0,45.0,1,proc_sha256:fe062c2151645807758c6697de7ee12c0fbca45fdf069923905800c2149826bf,proc_sha256:2c24f6161f9f3bc95555176d97b1934820a8302c07711e28a66512a577e7b403,False,False,False,False,False,False
2019-01-04,2019-01-03,2.45,2.7,-25.0,25.0,1,proc_sha256:0a1e3ab3ab746b613a0667f98279d6ff68ecc3315eb32342dbbac54da67b0ccc,proc_sha256:fe062c2151645807758c6697de7ee12c0fbca45fdf069923905800c2149826bf,False,False,False,False,False,False
2019-01-07,2019-01-04,2.41,2.45,-4.0,4.0,3,proc_sha256:1c743cea91996abee05768c706a63161634674fc35a618916e97d5eb9001fe5b,proc_sha256:0a1e3ab3ab746b613a0667f98279d6ff68ecc3315eb32342dbbac54da67b0ccc,False,False,False,False,False,False
2019-01-08,2019-01-07,2.42,2.41,1.0,1.0,1,proc_sha256:06686e47e05a3a6a165c9961fd226d8dfd27da7530900c35c681c4dc09bf8834,proc_sha256:1c743cea91996abee05768c706a63161634674fc35a618916e97d5eb9001fe5b,False,False,False,False,False,False
2019-01-09,2019-01-08,2.45,2.42,3.0,3.0,1,proc_sha256:b33577a18897c96d213853412d3e7b12fa0390bd24ea9901216363a32585e184,proc_sha256:06686e47e05a3a6a165c9961fd226d8dfd27da7530900c35c681c4dc09bf8834,False,False,False,False,False,False
2019-01-10,2019-01-09,2.43,2.45,-2.0,2.0,1,proc_sha256:bfa4310fe44f77e2ef2e3b33d8425e3c5b3f9cf3a30a04b2cdf767751a604093,proc_sha256:b33577a18897c96d213853412d3e7b12fa0390bd24ea9901216363a32585e184,False,False,False,False,False,False
2019-01-11,2019-01-10,2.41,2.43,-2.0,2.0,1,proc_sha256:af35710ca9b7ce5cd045558eafe78b2901e7c52764433cb357cd536cd5f34763,proc_sha256:bfa4310fe44f77e2ef2e3b33d8425e3c5b3f9cf3a30a04b2cdf767751a604093,False,False,False,False,False,False
2019-01-14,2019-01-11,2.4,2.41,-1.0,1.0,3,proc_sha256:3294805945ac81189da58b6de91a98a7c186b2913589d2c830264377d0c1a207,proc_sha256:af35710ca9b7ce5cd045558eafe78b2901e7c52764433cb357cd536cd5f34763,False,False,False,False,False,False
2019-01-15,2019-01-14,2.46,2.4,6.0,6.0,1,proc_sha256:becf093c69d5f6385a2da5098264a6e3eeca6865c95386231c0c451800f777d9,proc_sha256:3294805945ac81189da58b6de91a98a7c186b2913589d2c830264377d0c1a207,False,False,False,False,False,False
2019-01-16,2019-01-15,2.43,2.46,-3.0,3.0,1,proc_sha256:2dae0fb6114b9c70b6cc464ac6541cb6e30618e5922bff0f9b9988f58651ff5a,proc_sha256:becf093c69d5f6385a2da5098264a6e3eeca6865c95386231c0c451800f777d9,False,False,False,False,False,False
2019-01-17,2019-01-16,2.41,2.43,-2.0,2.0,1,proc_sha256:19fbdd0890aa8b3f0ac15c123561f0a071f1a5259f7e4256942963e34f39c307,proc_sha256:2dae0fb6114b9c70b6cc464ac6541cb6e30618e5922bff0f9b9988f58651ff5a,False,False,False,False,False,False
2019-01-18,2019-01-17,2.42,2.41,1.0,1.0,1,proc_sha256:ed3d49a0f2d7c2c694a052a1f6d18bbab1a1057670111bca7508096fdaefd2be,proc_sha256:19fbdd0890aa8b3f0ac15c123561f0a071f1a5259f7e4256942963e34f39c307,False,False,False,False,False,False
2019-01-22,2019-01-18,2.41,2.42,-1.0,1.0,4,proc_sha256:0c5d8cb3082be06a8925fb9965597e576ffceecc0d8404ae985d4ad426c30982,proc_sha256:ed3d49a0f2d7c2c694a052a1f6d18bbab1a1057670111bca7508096fdaefd2be,False,False,False,False,False,False
2019-01-23,2019-01-22,2.4,2.41,-1.0,1.0,1,proc_sha256:69cafc16efcf63aaf31d5f9acda7963596a3495bbe31da12e9346684857bbb07,proc_sha256:0c5d8cb3082be06a8925fb9965597e576ffceecc0d8404ae985d4ad426c30982,False,False,False,False,False,False
2019-01-24,2019-01-23,2.41,2.4,1.0,1.0,1,proc_sha256:a4d13b166e6e4f13ccb652f4f306d6b7d3747969f3c0aa497eca5578a0c2d2ee,proc_sha256:69cafc16efcf63aaf31d5f9acda7963596a3495bbe31da12e9346684857bbb07,False,False,False,False,False,False
2019-01-25,2019-01-24,2.4,2.41,-1.0,1.0,1,proc_sha256:89f949dc419b539bf34a98c2472b844bc544dd2ac1f352d78e766e5b59c72ef3,proc_sha256:a4d13b166e6e4f13ccb652f4f306d6b7d3747969f3c0aa497eca5578a0c2d2ee,False,False,False,False,False,False
2019-01-28,2019-01-25,2.39,2.4,-1.0,1.0,3,proc_sha256:a17cb2c639aa6bad463a051c689b18f6229d821b82cf9d15bce3fcf71c493237,proc_sha256:89f949dc419b539bf34a98c2472b844bc544dd2ac1f352d78e766e5b59c72ef3,False,False,False,False,False,False
2019-01-29,2019-01-28,2.4,2.39,1.0,1.0,1,proc_sha256:099ac0c0b74317ce4a6a90e2df8b636966e58864df247ac759f9587f5e1dbcc6,proc_sha256:a17cb2c639aa6bad463a051c689b18f6229d821b82cf9d15bce3fcf71c493237,False,False,False,False,False,False
2019-01-30,2019-01-29,2.39,2.4,-1.0,1.0,1,proc_sha256:debb425d502af081cd37e7189e912c40e30b5326f3859e1b8f40250a04cab35c,proc_sha256:099ac0c0b74317ce4a6a90e2df8b636966e58864df247ac759f9587f5e1dbcc6,False,False,False,True,False,False
2019-01-31,2019-01-30,2.58,2.39,19.0,19.0,1,proc_sha256:a3bfec4281c02e11d2fc8c3d1ad04925da7bb887b908f6fff476256db3b3cbd7,proc_sha256:debb425d502af081cd37e7189e912c40e30b5326f3859e1b8f40250a04cab35c,True,False,False,True,False,False
2019-02-01,2019-01-31,2.47,2.58,-11.0,11.0,1,proc_sha256:5e9b4d7404432865cb064c33fd4862701963ffa90b8bff9f705249cedcd9e7d7,proc_sha256:a3bfec4281c02e11d2fc8c3d1ad04925da7bb887b908f6fff476256db3b3cbd7,False,False,False,True,False,False
2019-02-04,2019-02-01,2.4,2.47,-7.0,7.0,3,proc_sha256:b338a2829712e23e6f3b50ef963c04a033da31330dad8c835f81bdefff059cb1,proc_sha256:5e9b4d7404432865cb064c33fd4862701963ffa90b8bff9f705249cedcd9e7d7,False,False,False,False,False,False
2019-02-05,2019-02-04,2.4,2.4,0.0,0.0,1,proc_sha256:aafc9619cee9e0b34d68fdf2fb311cd5a5ef64ba51b52e61b3319417789edb43,proc_sha256:b338a2829712e23e6f3b50ef963c04a033da31330dad8c835f81bdefff059cb1,False,False,False,False,False,False
2019-02-06,2019-02-05,2.38,2.4,-2.0,2.0,1,proc_sha256:856fccbcfcd13baf3eee6793536cc08117101e3b20935a621ae1765c29a176b3,proc_sha256:aafc9619cee9e0b34d68fdf2fb311cd5a5ef64ba51b52e61b3319417789edb43,False,False,False,False,False,False
2019-02-07,2019-02-06,2.38,2.38,0.0,0.0,1,proc_sha256:ade6acc0a232701abe8bfeb092108bf2fe38d79792f6d874d7c3ebc25ffad0b3,proc_sha256:856fccbcfcd13baf3eee6793536cc08117101e3b20935a621ae1765c29a176b3,False,False,False,False,False,False
2019-02-08,2019-02-07,2.37,2.38,-1.0,1.0,1,proc_sha256:ed5d41bae073a7f892280c505787a2403a369de3fdab98e79d1443c5bff48db3,proc_sha256:ade6acc0a232701abe8bfeb092108bf2fe38d79792f6d874d7c3ebc25ffad0b3,False,False,False,False,False,False
2019-02-11,2019-02-08,2.4,2.37,3.0,3.0,3,proc_sha256:9d4eb34461755698015bca514ea1252fcb5046774a66b016b19693e8399a433f,proc_sha256:ed5d41bae073a7f892280c505787a2403a369de3fdab98e79d1443c5bff48db3,False,False,False,False,False,False
2019-02-12,2019-02-11,2.39,2.4,-1.0,1.0,1,proc_sha256:6c853900bfbf2aa9e7ce8d7fcee4644848e267e75dee821127f10b0bafc92a73,proc_sha256:9d4eb34461755698015bca514ea1252fcb5046774a66b016b19693e8399a433f,False,False,False,False,False,False
2019-02-13,2019-02-12,2.38,2.39,-1.0,1.0,1,proc_sha256:e882b6884459e6e69ef13571c8080797c11c554f13fa2a298011fbc744ebb1bc,proc_sha256:6c853900bfbf2aa9e7ce8d7fcee4644848e267e75dee821127f10b0bafc92a73,False,False,False,False,False,False
2019-02-14,2019-02-13,2.39,2.38,1.0,1.0,1,proc_sha256:9a90b4ffd3514e742e1670c7e9dea8d2e25057735f0ea41075306dcc245c6196,proc_sha256:e882b6884459e6e69ef13571c8080797c11c554f13fa2a298011fbc744ebb1bc,False,False,False,False,False,False
2019-02-15,2019-02-14,2.43,2.39,4.0,4.0,1,proc_sha256:6b8e20f47a6693eb1e82da42176b9b823d13c1fdce869f2a33f6adfecf565b6b,proc_sha256:9a90b4ffd3514e742e1670c7e9dea8d2e25057735f0ea41075306dcc245c6196,False,False,False,False,False,False
2019-02-19,2019-02-15,2.4,2.43,-3.0,3.0,4,proc_sha256:498691815e5fc7056a9e56a4d69f808f81e033a5ad970be1fa6821205bcd9b6c,proc_sha256:6b8e20f47a6693eb1e82da42176b9b823d13c1fdce869f2a33f6adfecf565b6b,False,False,False,False,False,False
2019-02-20,2019-02-19,2.39,2.4,-1.0,1.0,1,proc_sha256:5871a52445968c3454736aaaa0badd74689ccb7b2677d16e0fc73b9c6c7282df,proc_sha256:498691815e5fc7056a9e56a4d69f808f81e033a5ad970be1fa6821205bcd9b6c,False,False,False,False,False,False
2019-02-21,2019-02-20,2.39,2.39,0.0,0.0,1,proc_sha256:ad303d856b57fa041cf83b00079147af51f6b9726fa1dbf6bb6717643268fee6,proc_sha256:5871a52445968c3454736aaaa0badd74689ccb7b2677d16e0fc73b9c6c7282df,False,False,False,False,False,False
2019-02-22,2019-02-21,2.4,2.39,1.0,1.0,1,proc_sha256:06149142151116ada5e9f8333626669aa7452e7732340efdd805e3649d6c179d,proc_sha256:ad303d856b57fa041cf83b00079147af51f6b9726fa1dbf6bb6717643268fee6,False,False,False,False,False,False
2019-02-25,2019-02-22,2.38,2.4,-2.0,2.0,3,proc_sha256:889c6276aa3bc3173dd625bb95ee1e9d1929f1e353b79e636fc81fc1adb88f02,proc_sha256:06149142151116ada5e9f8333626669aa7452e7732340efdd805e3649d6c179d,False,False,False,False,False,False
2019-02-26,2019-02-25,2.38,2.38,0.0,0.0,1,proc_sha256:69344e65bacf0fa384f2e03602b2ca00955d673f6f3826565204cbcab28ac05a,proc_sha256:889c6276aa3bc3173dd625bb95ee1e9d1929f1e353b79e636fc81fc1adb88f02,False,False,False,False,False,False
2019-02-27,2019-02-26,2.37,2.38,-1.0,1.0,1,proc_sha256:e68f4ea39f4212c637eb866584cebe5915472b48c481b180e364b36839ae7f13,proc_sha256:69344e65bacf0fa384f2e03602b2ca00955d673f6f3826565204cbcab28ac05a,False,False,False,True,False,False
2019-02-28,2019-02-27,2.58,2.37,21.0,21.0,1,proc_sha256:3b9d90722269e4133de9d9509968c659c549489c75b50c4d6b7a778c28160b7b,proc_sha256:e68f4ea39f4212c637eb866584cebe5915472b48c481b180e364b36839ae7f13,True,False,False,True,False,False
2019-03-01,2019-02-28,2.38,2.58,-20.0,20.0,1,proc_sha256:70b0b351593ff9382d03e3e01c477a3e23d6376c03d0cfca45b9abce5f42ecb8,proc_sha256:3b9d90722269e4133de9d9509968c659c549489c75b50c4d6b7a778c28160b7b,False,False,False,True,False,False
2019-03-04,2019-03-01,2.38,2.38,0.0,0.0,3,proc_sha256:fbabf4dc0999e66f65debe5868ac4ac3f2c6094e23b3ceab2df038e9c6cd2dfa,proc_sha256:70b0b351593ff9382d03e3e01c477a3e23d6376c03d0cfca45b9abce5f42ecb8,False,False,False,False,False,False
2019-03-05,2019-03-04,2.38,2.38,0.0,0.0,1,proc_sha256:e6902db391ab21996fa7c02fbe76a99646d6691d53ac278f425e85d2c41d3ec8,proc_sha256:fbabf4dc0999e66f65debe5868ac4ac3f2c6094e23b3ceab2df038e9c6cd2dfa,False,False,False,False,False,False
2019-03-06,2019-03-05,2.38,2.38,0.0,0.0,1,proc_sha256:c4c48c0f0b71a9e2b4f1616bbc57dbf3e8e3c24225ec14119e629bb6ea696bc7,proc_sha256:e6902db391ab21996fa7c02fbe76a99646d6691d53ac278f425e85d2c41d3ec8,False,False,False,False,False,False
2019-03-07,2019-03-06,2.38,2.38,0.0,0.0,1,proc_sha256:ef36cd64cecc5ac843dd4e1fd7f9388c8d6cffde838d10412ea5eafeaa0bb488,proc_sha256:c4c48c0f0b71a9e2b4f1616bbc57dbf3e8e3c24225ec14119e629bb6ea696bc7,False,False,False,False,False,False
2019-03-08,2019-03-07,2.39,2.38,1.0,1.0,1,proc_sha256:e4b0372cd75fc1da11319d6130c93ea57684e221d2a1d0df77ad5c5f66b60152,proc_sha256:ef36cd64cecc5ac843dd4e1fd7f9388c8d6cffde838d10412ea5eafeaa0bb488,False,False,False,False,False,False
2019-03-11,2019-03-08,2.38,2.39,-1.0,1.0,3,proc_sha256:3c2f85981f4f283a75e1af2ee9cb5dc28b2a89180a11dcee2ae1303a19373bfb,proc_sha256:e4b0372cd75fc1da11319d6130c93ea57684e221d2a1d0df77ad5c5f66b60152,False,False,False,False,False,False
2019-03-12,2019-03-11,2.39,2.38,1.0,1.0,1,proc_sha256:e7f6cc320adf8ba52c8bd7bbd3dd378c3156891e743c24db3d65d120806b0187,proc_sha256:3c2f85981f4f283a75e1af2ee9cb5dc28b2a89180a11dcee2ae1303a19373bfb,False,False,False,False,False,False
2019-03-13,2019-03-12,2.4,2.39,1.0,1.0,1,proc_sha256:e80cfffa5318b8eff02adbe4f5d85ee8994ed9b9eacb22908e6b27821db1b433,proc_sha256:e7f6cc320adf8ba52c8bd7bbd3dd378c3156891e743c24db3d65d120806b0187,False,False,False,False,False,False
2019-03-14,2019-03-13,2.42,2.4,2.0,2.0,1,proc_sha256:f39c0b68ec66ee18a5a80eae3bfc60af436143504d288597e3c58f5b2158bb20,proc_sha256:e80cfffa5318b8eff02adbe4f5d85ee8994ed9b9eacb22908e6b27821db1b433,False,False,False,False,False,False
2019-03-15,2019-03-14,2.46,2.42,4.0,4.0,1,proc_sha256:aa29bcf7680b4a7c20fe1039d73f4fca718ea3ebbe4c941df06638c8a07787f1,proc_sha256:f39c0b68ec66ee18a5a80eae3bfc60af436143504d288597e3c58f5b2158bb20,False,False,False,False,False,False
2019-03-18,2019-03-15,2.41,2.46,-5.0,5.0,3,proc_sha256:c40ff9be07849b7d634c88bf125dddbda1e6f494a5f84a13ab669f30499de86b,proc_sha256:aa29bcf7680b4a7c20fe1039d73f4fca718ea3ebbe4c941df06638c8a07787f1,False,False,False,False,False,False
2019-03-19,2019-03-18,2.42,2.41,1.0,1.0,1,proc_sha256:236d93115221fec86066ea643e225470a6c59fc0cb9d1cf7468606d629c06646,proc_sha256:c40ff9be07849b7d634c88bf125dddbda1e6f494a5f84a13ab669f30499de86b,False,False,False,False,False,False
2019-03-20,2019-03-19,2.47,2.42,5.0,5.0,1,proc_sha256:1aaf838df220531f962d0b4da08390c5ecd39b48c250f87375b0192e1210422e,proc_sha256:236d93115221fec86066ea643e225470a6c59fc0cb9d1cf7468606d629c06646,False,False,False,False,False,False
2019-03-21,2019-03-20,2.44,2.47,-3.0,3.0,1,proc_sha256:d1d462360b515cb86832b1ca8ae7aa22f4e884471f8175fdb00462d80d0723e7,proc_sha256:1aaf838df220531f962d0b4da08390c5ecd39b48c250f87375b0192e1210422e,False,False,False,False,False,False
2019-03-22,2019-03-21,2.4,2.44,-4.0,4.0,1,proc_sha256:594f378418c34ba698651756eb106383973418b40441d52930c7723acd14f398,proc_sha256:d1d462360b515cb86832b1ca8ae7aa22f4e884471f8175fdb00462d80d0723e7,False,False,False,False,False,False
2019-03-25,2019-03-22,2.4,2.4,0.0,0.0,3,proc_sha256:2a60be19b3c75930562eca8309715a24764b64bbdeb8b10f91fe18f2c750211b,proc_sha256:594f378418c34ba698651756eb106383973418b40441d52930c7723acd14f398,False,False,False,False,False,False
2019-03-26,2019-03-25,2.4,2.4,0.0,0.0,1,proc_sha256:6bdb1a9be061abbcb2571b5e7238d635fccf48408be5fa1ca7e8895e3fbe97be,proc_sha256:2a60be19b3c75930562eca8309715a24764b64bbdeb8b10f91fe18f2c750211b,False,False,False,False,False,False
2019-03-27,2019-03-26,2.4,2.4,0.0,0.0,1,proc_sha256:433b8e51b54afa814f4cfc0c710cad5b7d91c5afe9fbbbd32c82cafe654efae3,proc_sha256:6bdb1a9be061abbcb2571b5e7238d635fccf48408be5fa1ca7e8895e3fbe97be,False,False,False,False,False,False
2019-03-28,2019-03-27,2.43,2.4,3.0,3.0,1,proc_sha256:bdd92e534ca36477f64063f50eab5989f6251efcd12f38b60716dd872978d964,proc_sha256:433b8e51b54afa814f4cfc0c710cad5b7d91c5afe9fbbbd32c82cafe654efae3,False,False,False,True,True,False
2019-03-29,2019-03-28,2.65,2.43,22.0,22.0,1,proc_sha256:38609fb7a70ec7235594587b02bd78c7acf7c0bfa2ae3ae82664a24bf8ecc03e,proc_sha256:bdd92e534ca36477f64063f50eab5989f6251efcd12f38b60716dd872978d964,True,True,False,True,True,False
2019-04-01,2019-03-29,2.46,2.65,-19.0,19.0,3,proc_sha256:ede7f2748a5e3c0561fbb2cc1df7664bd4fabe8aaf214e7c47e070c01fa37a58,proc_sha256:38609fb7a70ec7235594587b02bd78c7acf7c0bfa2ae3ae82664a24bf8ecc03e,False,False,False,True,True,False
2019-04-02,2019-04-01,2.46,2.46,0.0,0.0,1,proc_sha256:d6d4f3dfdb3b13147ec2d9947e5ce63846d8afe8f2d522939abc239569afd35d,proc_sha256:ede7f2748a5e3c0561fbb2cc1df7664bd4fabe8aaf214e7c47e070c01fa37a58,False,False,False,False,False,False
2019-04-03,2019-04-02,2.47,2.46,1.0,1.0,1,proc_sha256:513993bcd2a805903ccf5412a5ad03d67a890026259980aba415fb73c7b8737b,proc_sha256:d6d4f3dfdb3b13147ec2d9947e5ce63846d8afe8f2d522939abc239569afd35d,False,False,False,False,False,False
2019-04-04,2019-04-03,2.46,2.47,-1.0,1.0,1,proc_sha256:f4702a52e7f764c75b83e07d0a9649224b2a8661efb0f0722585525af9f6b618,proc_sha256:513993bcd2a805903ccf5412a5ad03d67a890026259980aba415fb73c7b8737b,False,False,False,False,False,False
2019-04-05,2019-04-04,2.46,2.46,0.0,0.0,1,proc_sha256:e56830c26bbe80b9079b48f17f4397b7e45696c1f428f0053f89139d28733425,proc_sha256:f4702a52e7f764c75b83e07d0a9649224b2a8661efb0f0722585525af9f6b618,False,False,False,False,False,False
2019-04-08,2019-04-05,2.46,2.46,0.0,0.0,3,proc_sha256:fbb0812ed80cdaaeb48f3a4fbac164737838c9464ab16339489a33ec075d83ea,proc_sha256:e56830c26bbe80b9079b48f17f4397b7e45696c1f428f0053f89139d28733425,False,False,False,False,False,False
2019-04-09,2019-04-08,2.45,2.46,-1.0,1.0,1,proc_sha256:6dc47c6ec1a7c8f7ce5ba8ebe2534c3a0fe6688b6a1004ce9b16cd359c0ba196,proc_sha256:fbb0812ed80cdaaeb48f3a4fbac164737838c9464ab16339489a33ec075d83ea,False,False,False,False,False,False
2019-04-10,2019-04-09,2.45,2.45,0.0,0.0,1,proc_sha256:d3bf8e74374cf20e67319091b48f8a115a173ebddea335ca6e7671b0328e65ff,proc_sha256:6dc47c6ec1a7c8f7ce5ba8ebe2534c3a0fe6688b6a1004ce9b16cd359c0ba196,False,False,False,False,False,False
2019-04-11,2019-04-10,2.44,2.45,-1.0,1.0,1,proc_sha256:012ddfbb8b1108db40de42e0acfef03d68a813775a29c810aa1650162773543a,proc_sha256:d3bf8e74374cf20e67319091b48f8a115a173ebddea335ca6e7671b0328e65ff,False,False,False,False,False,False
2019-04-12,2019-04-11,2.44,2.44,0.0,0.0,1,proc_sha256:e10a24f74c42d3d65ea5b0a1e2afb108890be718e69ab60e5953049f25f0bf63,proc_sha256:012ddfbb8b1108db40de42e0acfef03d68a813775a29c810aa1650162773543a,False,False,False,False,False,False
2019-04-15,2019-04-12,2.47,2.44,3.0,3.0,3,proc_sha256:66dfd535a3e9582f073d0f1682d69c6cc6b46012fd40efc88b49d4a537838c66,proc_sha256:e10a24f74c42d3d65ea5b0a1e2afb108890be718e69ab60e5953049f25f0bf63,False,False,False,False,False,False
2019-04-16,2019-04-15,2.47,2.47,0.0,0.0,1,proc_sha256:b55d56cde948b93e47b3a67d4152bc7c20909a9b3153fa15fd706c12618907d1,proc_sha256:66dfd535a3e9582f073d0f1682d69c6cc6b46012fd40efc88b49d4a537838c66,False,False,False,False,False,False
2019-04-17,2019-04-16,2.5,2.47,3.0,3.0,1,proc_sha256:4fa1d801cbfe5537f8de246b4048610ec02c7c7df9005b720ec36593321eba5b,proc_sha256:b55d56cde948b93e47b3a67d4152bc7c20909a9b3153fa15fd706c12618907d1,False,False,False,False,False,False
2019-04-18,2019-04-17,2.5,2.5,0.0,0.0,1,proc_sha256:0968d2ae81279bdc61fb3a6871f14ee68ff7e7cdf497df1fee0701c6df67803f,proc_sha256:4fa1d801cbfe5537f8de246b4048610ec02c7c7df9005b720ec36593321eba5b,False,False,False,False,False,False
2019-04-22,2019-04-18,2.46,2.5,-4.0,4.0,4,proc_sha256:13240cf7e4048c0a7e1d8b57406c49f30c69f87a6a4b70e666b284853fcd8b23,proc_sha256:0968d2ae81279bdc61fb3a6871f14ee68ff7e7cdf497df1fee0701c6df67803f,False,False,False,False,False,False
2019-04-23,2019-04-22,2.46,2.46,0.0,0.0,1,proc_sha256:6a3f379084d87b97ecc0b49e05fffb4923163343107d7a8c0006a05269ea4f4c,proc_sha256:13240cf7e4048c0a7e1d8b57406c49f30c69f87a6a4b70e666b284853fcd8b23,False,False,False,False,False,False
2019-04-24,2019-04-23,2.44,2.46,-2.0,2.0,1,proc_sha256:3d0c6b68102d3210b15eca90040be32aa585502de9cd0213f3cbc9d0d1b8c104,proc_sha256:6a3f379084d87b97ecc0b49e05fffb4923163343107d7a8c0006a05269ea4f4c,False,False,False,False,False,False
2019-04-25,2019-04-24,2.45,2.44,1.0,1.0,1,proc_sha256:b15bd0fac5bae1376b53ceff14506fec733db93bfb79320cc62afbc0063f4902,proc_sha256:3d0c6b68102d3210b15eca90040be32aa585502de9cd0213f3cbc9d0d1b8c104,False,False,False,False,False,False
2019-04-26,2019-04-25,2.46,2.45,1.0,1.0,1,proc_sha256:e2552eda7517b8b3154d941b7a1d07aad9bee086b23e5d836d91b9bebeea88f7,proc_sha256:b15bd0fac5bae1376b53ceff14506fec733db93bfb79320cc62afbc0063f4902,False,False,False,False,False,False
2019-04-29,2019-04-26,2.48,2.46,2.0,2.0,3,proc_sha256:3404e89236bae8fbf5caf9d1e671d19176e55a3e486f936f28659faddb77a77c,proc_sha256:e2552eda7517b8b3154d941b7a1d07aad9bee086b23e5d836d91b9bebeea88f7,False,False,False,True,False,False
2019-04-30,2019-04-29,2.76,2.48,28.0,28.0,1,proc_sha256:e0011b826935579065f014b6a5ce68b3bc53c49eda7962abde5f8cce14e81da2,proc_sha256:3404e89236bae8fbf5caf9d1e671d19176e55a3e486f936f28659faddb77a77c,True,False,False,True,False,False
2019-05-01,2019-04-30,2.54,2.76,-22.0,22.0,1,proc_sha256:ff05bfd4de443e58f5c15b38c69b7d70893240c38216ee28c2c28496c368bd28,proc_sha256:e0011b826935579065f014b6a5ce68b3bc53c49eda7962abde5f8cce14e81da2,False,False,False,True,False,False
2019-05-02,2019-05-01,2.5,2.54,-4.0,4.0,1,proc_sha256:45598f98570d6ca4adda0026ed5684f2d87208a094aed93556e79b6cc92b09ce,proc_sha256:ff05bfd4de443e58f5c15b38c69b7d70893240c38216ee28c2c28496c368bd28,False,False,False,False,False,False
2019-05-03,2019-05-02,2.43,2.5,-7.0,7.0,1,proc_sha256:ec03eedbe76389f8cf3b75aa2bbbde0bcc9f91b42309699584dae2b34219ea6a,proc_sha256:45598f98570d6ca4adda0026ed5684f2d87208a094aed93556e79b6cc92b09ce,False,False,False,False,False,False
2019-05-06,2019-05-03,2.42,2.43,-1.0,1.0,3,proc_sha256:89ab546164c4f6ec6182296b55ce30613c5c2395389a296edbe9dcc0c4d58ffb,proc_sha256:ec03eedbe76389f8cf3b75aa2bbbde0bcc9f91b42309699584dae2b34219ea6a,False,False,False,False,False,False
2019-05-07,2019-05-06,2.44,2.42,2.0,2.0,1,proc_sha256:b645d902f87d02acde2e19f6b8e176c55a232968b3de824779c911569e3fd995,proc_sha256:89ab546164c4f6ec6182296b55ce30613c5c2395389a296edbe9dcc0c4d58ffb,False,False,False,False,False,False
2019-05-08,2019-05-07,2.43,2.44,-1.0,1.0,1,proc_sha256:beb863dc44d1423bd83a81f28498299433a1e4d9bfd65be4fe335c9f3b6da7ca,proc_sha256:b645d902f87d02acde2e19f6b8e176c55a232968b3de824779c911569e3fd995,False,False,False,False,False,False
2019-05-09,2019-05-08,2.41,2.43,-2.0,2.0,1,proc_sha256:6f091b3f4ef4a6d85e2be06835bf2f9abb7a483f34b0f54850e23ff113fbd8de,proc_sha256:beb863dc44d1423bd83a81f28498299433a1e4d9bfd65be4fe335c9f3b6da7ca,False,False,False,False,False,False
2019-05-10,2019-05-09,2.4,2.41,-1.0,1.0,1,proc_sha256:fa6770135e8e860f122f450df42538fd487ab857724dfaf1b7ac321052e2c3e5,proc_sha256:6f091b3f4ef4a6d85e2be06835bf2f9abb7a483f34b0f54850e23ff113fbd8de,False,False,False,False,False,False
2019-05-13,2019-05-10,2.38,2.4,-2.0,2.0,3,proc_sha256:8510b2ddcf485022ee069fac9f22d8579686799c227102623369bfcb6782ef74,proc_sha256:fa6770135e8e860f122f450df42538fd487ab857724dfaf1b7ac321052e2c3e5,False,False,False,False,False,False
2019-05-14,2019-05-13,2.39,2.38,1.0,1.0,1,proc_sha256:cc195c7a08d02fd99e7f573d0c4468a4581de612e7a18b7d42f6caa22e0cbf78,proc_sha256:8510b2ddcf485022ee069fac9f22d8579686799c227102623369bfcb6782ef74,False,False,False,False,False,False
2019-05-15,2019-05-14,2.48,2.39,9.0,9.0,1,proc_sha256:12ea575d89dac66612f32c35cdbfd38e222dae29aef338302f8b8e08be84032b,proc_sha256:cc195c7a08d02fd99e7f573d0c4468a4581de612e7a18b7d42f6caa22e0cbf78,False,False,False,False,False,False
2019-05-16,2019-05-15,2.43,2.48,-5.0,5.0,1,proc_sha256:c36b463e88f47a52cf5f94914f1203e7764db6886516e49efd224633f70df8c8,proc_sha256:12ea575d89dac66612f32c35cdbfd38e222dae29aef338302f8b8e08be84032b,False,False,False,False,False,False
2019-05-17,2019-05-16,2.42,2.43,-1.0,1.0,1,proc_sha256:1509eacc5a35b1ddb171f2ffaedf971b473bdac57a6e98224b97562865b6e944,proc_sha256:c36b463e88f47a52cf5f94914f1203e7764db6886516e49efd224633f70df8c8,False,False,False,False,False,False
2019-05-20,2019-05-17,2.39,2.42,-3.0,3.0,3,proc_sha256:9845c605f8530421147b438be73f7884e188a03c0706302fb9c9781092ca28cb,proc_sha256:1509eacc5a35b1ddb171f2ffaedf971b473bdac57a6e98224b97562865b6e944,False,False,False,False,False,False
2019-05-21,2019-05-20,2.38,2.39,-1.0,1.0,1,proc_sha256:bec45bcfcabc7cb23f8c477986de0aa84569fd3e61f742bf28d3a0e5f2835a55,proc_sha256:9845c605f8530421147b438be73f7884e188a03c0706302fb9c9781092ca28cb,False,False,False,False,False,False
2019-05-22,2019-05-21,2.37,2.38,-1.0,1.0,1,proc_sha256:fdd61925401e1a1267a2beb12d38579b70e113842bd755c073d3262334cf8bd3,proc_sha256:bec45bcfcabc7cb23f8c477986de0aa84569fd3e61f742bf28d3a0e5f2835a55,False,False,False,False,False,False
2019-05-23,2019-05-22,2.37,2.37,0.0,0.0,1,proc_sha256:84bd3e5165965eb08b5308cbfb4dfb69ba6c38347f165dd31d9d92a3ff2d761c,proc_sha256:fdd61925401e1a1267a2beb12d38579b70e113842bd755c073d3262334cf8bd3,False,False,False,False,False,False
2019-05-24,2019-05-23,2.37,2.37,0.0,0.0,1,proc_sha256:6c8d98d874bb17a48ff3ab713b777ceb52f559b4c11aa54080ba3f0d7b9153fd,proc_sha256:84bd3e5165965eb08b5308cbfb4dfb69ba6c38347f165dd31d9d92a3ff2d761c,False,False,False,False,False,False
2019-05-28,2019-05-24,2.41,2.37,4.0,4.0,4,proc_sha256:7cd9bc4cc3a49d2f2b4725cfaee839c5040891cb53f44b970a11ca7bd8d82cf5,proc_sha256:6c8d98d874bb17a48ff3ab713b777ceb52f559b4c11aa54080ba3f0d7b9153fd,False,False,False,False,False,False
2019-05-29,2019-05-28,2.4,2.41,-1.0,1.0,1,proc_sha256:a35017be7e4917c0b96c41e492eb1c538adccd7caf58d2d80f389af830fc8aec,proc_sha256:7cd9bc4cc3a49d2f2b4725cfaee839c5040891cb53f44b970a11ca7bd8d82cf5,False,False,False,False,False,False
2019-05-30,2019-05-29,2.4,2.4,0.0,0.0,1,proc_sha256:990e418a1efa09e38b239ba84f45c1c28e389d9a9351c249722b4e7f3d2838ec,proc_sha256:a35017be7e4917c0b96c41e492eb1c538adccd7caf58d2d80f389af830fc8aec,False,False,False,True,False,False
2019-05-31,2019-05-30,2.49,2.4,9.0,9.0,1,proc_sha256:378e7aed37d77d5f574152095e62d156ac1a68d7cc13fdc99750e7912a4e1dbe,proc_sha256:990e418a1efa09e38b239ba84f45c1c28e389d9a9351c249722b4e7f3d2838ec,True,False,False,True,False,False
2019-06-03,2019-05-31,2.4,2.49,-9.0,9.0,3,proc_sha256:c8e0916ab15f33c2ca6078fe4abea55d048f7a865f8339ab9303eba3ea2c36e0,proc_sha256:378e7aed37d77d5f574152095e62d156ac1a68d7cc13fdc99750e7912a4e1dbe,False,False,False,True,False,False
2019-06-04,2019-06-03,2.39,2.4,-1.0,1.0,1,proc_sha256:63d121e48ba65f0c974c99590124f22d544467cedfed577e51d727bf823fc480,proc_sha256:c8e0916ab15f33c2ca6078fe4abea55d048f7a865f8339ab9303eba3ea2c36e0,False,False,False,False,False,False
2019-06-05,2019-06-04,2.4,2.39,1.0,1.0,1,proc_sha256:fab65188f766a12d622b8ae6379c0f91ed625b4150079d4255ee114181ac2790,proc_sha256:63d121e48ba65f0c974c99590124f22d544467cedfed577e51d727bf823fc480,False,False,False,False,False,False
2019-06-06,2019-06-05,2.4,2.4,0.0,0.0,1,proc_sha256:d34d8a991064a067472c7f922fb1d5620e49abb4ec3c18dc07c8c1a57f988356,proc_sha256:fab65188f766a12d622b8ae6379c0f91ed625b4150079d4255ee114181ac2790,False,False,False,False,False,False
2019-06-07,2019-06-06,2.39,2.4,-1.0,1.0,1,proc_sha256:f4824ba6482a06787c6fc3e06a97ba73276b0ff4553f29a17aad5af47666bed0,proc_sha256:d34d8a991064a067472c7f922fb1d5620e49abb4ec3c18dc07c8c1a57f988356,False,False,False,False,False,False
2019-06-10,2019-06-07,2.39,2.39,0.0,0.0,3,proc_sha256:a94d7731af62dce85ef228d6cd986ce3c4ec82be9b8c5db7c6ce82937af26162,proc_sha256:f4824ba6482a06787c6fc3e06a97ba73276b0ff4553f29a17aad5af47666bed0,False,False,False,False,False,False
2019-06-11,2019-06-10,2.38,2.39,-1.0,1.0,1,proc_sha256:c942ee8d104ec1fac2ea6b88b33fe9ee05109cac5c45d6320ee81f79373cb63f,proc_sha256:a94d7731af62dce85ef228d6cd986ce3c4ec82be9b8c5db7c6ce82937af26162,False,False,False,False,False,False
2019-06-12,2019-06-11,2.37,2.38,-1.0,1.0,1,proc_sha256:d8d17a5a294c88df6ad8b8a9d55f2c5fc775fa964cb51c179dca67d153188c4d,proc_sha256:c942ee8d104ec1fac2ea6b88b33fe9ee05109cac5c45d6320ee81f79373cb63f,False,False,False,False,False,False
2019-06-13,2019-06-12,2.35,2.37,-2.0,2.0,1,proc_sha256:93651bbd3e7203f2263f985776618eff57ef285d1baded557fae8834dbca7842,proc_sha256:d8d17a5a294c88df6ad8b8a9d55f2c5fc775fa964cb51c179dca67d153188c4d,False,False,False,False,False,False
2019-06-14,2019-06-13,2.35,2.35,0.0,0.0,1,proc_sha256:6f1a9a27a44294d4310e5aa1f4e9e2a210a97542162d54d9cd94d31ff4a5ec83,proc_sha256:93651bbd3e7203f2263f985776618eff57ef285d1baded557fae8834dbca7842,False,False,False,False,False,False
2019-06-17,2019-06-14,2.41,2.35,6.0,6.0,3,proc_sha256:b1269cb134329a5eaee9249debdb6beb2c814c242c5262d30b9f2b3be4a7e2bd,proc_sha256:6f1a9a27a44294d4310e5aa1f4e9e2a210a97542162d54d9cd94d31ff4a5ec83,False,False,False,False,False,False
2019-06-18,2019-06-17,2.39,2.41,-2.0,2.0,1,proc_sha256:5fdaebce154a2442dcddfa0f14a3fccd442db8328d5447c2ce0b2dc8656231c1,proc_sha256:b1269cb134329a5eaee9249debdb6beb2c814c242c5262d30b9f2b3be4a7e2bd,False,False,False,False,False,False
2019-06-19,2019-06-18,2.36,2.39,-3.0,3.0,1,proc_sha256:861ea2f03f2a1b308621b136556c78bebf500d14f4ad61e46f1ac3a7dc84525a,proc_sha256:5fdaebce154a2442dcddfa0f14a3fccd442db8328d5447c2ce0b2dc8656231c1,False,False,False,False,False,False
2019-06-20,2019-06-19,2.36,2.36,0.0,0.0,1,proc_sha256:4b790feba4160b254fa63d7ed189bb9bade47d2b5d90df632d95cd09fef2f274,proc_sha256:861ea2f03f2a1b308621b136556c78bebf500d14f4ad61e46f1ac3a7dc84525a,False,False,False,False,False,False
2019-06-21,2019-06-20,2.37,2.36,1.0,1.0,1,proc_sha256:1c521cb46834f3e53136c01f1809609bb3936ac267de1ef9c4e45313e5bc9440,proc_sha256:4b790feba4160b254fa63d7ed189bb9bade47d2b5d90df632d95cd09fef2f274,False,False,False,False,False,False
2019-06-24,2019-06-21,2.39,2.37,2.0,2.0,3,proc_sha256:6b78c15efaef7ec4d707459724afa2ce693df9a9b1c984468fe7c0bf1f826ffb,proc_sha256:1c521cb46834f3e53136c01f1809609bb3936ac267de1ef9c4e45313e5bc9440,False,False,False,False,False,False
2019-06-25,2019-06-24,2.41,2.39,2.0,2.0,1,proc_sha256:7713ea3a0c4e20d3d85d940ab345c1ac475585d177b32f1fe346b4a8b4939b35,proc_sha256:6b78c15efaef7ec4d707459724afa2ce693df9a9b1c984468fe7c0bf1f826ffb,False,False,False,False,False,False
2019-06-26,2019-06-25,2.43,2.41,2.0,2.0,1,proc_sha256:a14d07a58d3f2608e21e834de4492e0896c8c381f2fd030a8b9d86da98ce4331,proc_sha256:7713ea3a0c4e20d3d85d940ab345c1ac475585d177b32f1fe346b4a8b4939b35,False,False,False,False,False,False
2019-06-27,2019-06-26,2.42,2.43,-1.0,1.0,1,proc_sha256:f17d1fe2475c374a71a68996888be497d17849845ba4cde0372d62963c2e7ba5,proc_sha256:a14d07a58d3f2608e21e834de4492e0896c8c381f2fd030a8b9d86da98ce4331,False,False,False,True,True,False
2019-06-28,2019-06-27,2.5,2.42,8.0,8.0,1,proc_sha256:48b24266638ebd98223229ddef57cf4a5598f6408ef1b3157e4b1a7df294775f,proc_sha256:f17d1fe2475c374a71a68996888be497d17849845ba4cde0372d62963c2e7ba5,True,True,False,True,True,False
2019-07-01,2019-06-28,2.42,2.5,-8.0,8.0,3,proc_sha256:90db5b71cd82abad27cbfffdd7e4b854cfd88bd47faa1a3173f5dcf8dc5c17d8,proc_sha256:48b24266638ebd98223229ddef57cf4a5598f6408ef1b3157e4b1a7df294775f,False,False,False,True,True,False
2019-07-02,2019-07-01,2.51,2.42,9.0,9.0,1,proc_sha256:94dcb1b39680b74317bf24479a1ee1575ad2cef36dc615f0007027a22e996d53,proc_sha256:90db5b71cd82abad27cbfffdd7e4b854cfd88bd47faa1a3173f5dcf8dc5c17d8,False,False,False,False,False,False
2019-07-03,2019-07-02,2.56,2.51,5.0,5.0,1,proc_sha256:12a1c9969a265e7efa375e8416ced5d2d6c9a087b710e997fd337fa6a8c3dc77,proc_sha256:94dcb1b39680b74317bf24479a1ee1575ad2cef36dc615f0007027a22e996d53,False,False,False,False,False,False
2019-07-05,2019-07-03,2.59,2.56,3.0,3.0,2,proc_sha256:ea70777347d1cc8c4c06bd71e403bae6d0295ce26217e20df23ede8c1b9e9dee,proc_sha256:12a1c9969a265e7efa375e8416ced5d2d6c9a087b710e997fd337fa6a8c3dc77,False,False,False,False,False,False
2019-07-08,2019-07-05,2.48,2.59,-11.0,11.0,3,proc_sha256:b68db05ca507b15645ad6ec4af8d6a01ece492ef176c22c7b0db4989d702c93f,proc_sha256:ea70777347d1cc8c4c06bd71e403bae6d0295ce26217e20df23ede8c1b9e9dee,False,False,False,False,False,False
2019-07-09,2019-07-08,2.45,2.48,-3.0,3.0,1,proc_sha256:459d463741ee00ee843803a9c7e98e2f752524aa7fd0ead9803cf1c40364c0a2,proc_sha256:b68db05ca507b15645ad6ec4af8d6a01ece492ef176c22c7b0db4989d702c93f,False,False,False,False,False,False
2019-07-10,2019-07-09,2.46,2.45,1.0,1.0,1,proc_sha256:13deebca053049a1555198d949f456a18d7acfec90a3038bced57d59c68df581,proc_sha256:459d463741ee00ee843803a9c7e98e2f752524aa7fd0ead9803cf1c40364c0a2,False,False,False,False,False,False
2019-07-11,2019-07-10,2.41,2.46,-5.0,5.0,1,proc_sha256:35f0280aafc6fab3422a47d702cab2d895efffd89f3f275057edcd84270acd1e,proc_sha256:13deebca053049a1555198d949f456a18d7acfec90a3038bced57d59c68df581,False,False,False,False,False,False
2019-07-12,2019-07-11,2.36,2.41,-5.0,5.0,1,proc_sha256:3c955414339a42f44b348d3bf05e7daaa4e05fb12225bbc81806697bae1ac709,proc_sha256:35f0280aafc6fab3422a47d702cab2d895efffd89f3f275057edcd84270acd1e,False,False,False,False,False,False
2019-07-15,2019-07-12,2.46,2.36,10.0,10.0,3,proc_sha256:44f4712ba463485152c2b2e517671d490d878bdc5bff6c9a9efe0456b6609e8c,proc_sha256:3c955414339a42f44b348d3bf05e7daaa4e05fb12225bbc81806697bae1ac709,False,False,False,False,False,False
2019-07-16,2019-07-15,2.47,2.46,1.0,1.0,1,proc_sha256:33d36098fc60dd172b1f93da1f061cee9305ea402e363a707dd680db86405e3f,proc_sha256:44f4712ba463485152c2b2e517671d490d878bdc5bff6c9a9efe0456b6609e8c,False,False,False,False,False,False
2019-07-17,2019-07-16,2.47,2.47,0.0,0.0,1,proc_sha256:a3b9ec959432a2a30df344157de9c1845b3f24bf456ffc6d3f315ff07115f39a,proc_sha256:33d36098fc60dd172b1f93da1f061cee9305ea402e363a707dd680db86405e3f,False,False,False,False,False,False
2019-07-18,2019-07-17,2.46,2.47,-1.0,1.0,1,proc_sha256:79793329ddcb68bd4bb3651e723a66a8a12b7ed6ffb36513fb239d97eadf8a7b,proc_sha256:a3b9ec959432a2a30df344157de9c1845b3f24bf456ffc6d3f315ff07115f39a,False,False,False,False,False,False
2019-07-19,2019-07-18,2.41,2.46,-5.0,5.0,1,proc_sha256:75a00a34f2883ef61bfe925da7646d4a494b86f02ec7c3b5d48333c9ac3e98fc,proc_sha256:79793329ddcb68bd4bb3651e723a66a8a12b7ed6ffb36513fb239d97eadf8a7b,False,False,False,False,False,False
2019-07-22,2019-07-19,2.4,2.41,-1.0,1.0,3,proc_sha256:a7cb0ebe06b832c00dfd1b6464e98827aad4e2c38ebde69a866789d0c6efcd9f,proc_sha256:75a00a34f2883ef61bfe925da7646d4a494b86f02ec7c3b5d48333c9ac3e98fc,False,False,False,False,False,False
2019-07-23,2019-07-22,2.4,2.4,0.0,0.0,1,proc_sha256:9de4e7730c8a4874bc24e1729aa24f2873d9911dfea6fb7b0aec0cfadf217e35,proc_sha256:a7cb0ebe06b832c00dfd1b6464e98827aad4e2c38ebde69a866789d0c6efcd9f,False,False,False,False,False,False
2019-07-24,2019-07-23,2.41,2.4,1.0,1.0,1,proc_sha256:f24afc347806a5f08734fbc742e8ccb7eba466250cdbf55de5ba2aa9cd1a5c75,proc_sha256:9de4e7730c8a4874bc24e1729aa24f2873d9911dfea6fb7b0aec0cfadf217e35,False,False,False,False,False,False
2019-07-25,2019-07-24,2.42,2.41,1.0,1.0,1,proc_sha256:fb6de69ccacc306acdefa0242cdea1c54c395861956ecd123c255396b5400f87,proc_sha256:f24afc347806a5f08734fbc742e8ccb7eba466250cdbf55de5ba2aa9cd1a5c75,False,False,False,False,False,False
2019-07-26,2019-07-25,2.41,2.42,-1.0,1.0,1,proc_sha256:2eba9086d098b53a799b43a0959308f8bd21b231a149521f006b32c85e2eb2a5,proc_sha256:fb6de69ccacc306acdefa0242cdea1c54c395861956ecd123c255396b5400f87,False,False,False,False,False,False
2019-07-29,2019-07-26,2.4,2.41,-1.0,1.0,3,proc_sha256:e81c099e965d70be78d49e67f3ce92684e081da46ecc19e625413f3ea0fd2639,proc_sha256:2eba9086d098b53a799b43a0959308f8bd21b231a149521f006b32c85e2eb2a5,False,False,False,False,False,False
2019-07-30,2019-07-29,2.39,2.4,-1.0,1.0,1,proc_sha256:88f810922751a3cf4b0e0dc78c9d4a25a405834035da2686d2cbf2c16217f9f1,proc_sha256:e81c099e965d70be78d49e67f3ce92684e081da46ecc19e625413f3ea0fd2639,False,False,False,True,False,False
2019-07-31,2019-07-30,2.55,2.39,16.0,16.0,1,proc_sha256:241b0365430a46e43019b5918c7dc561a4184392a53bc829760127cf8a40ca33,proc_sha256:88f810922751a3cf4b0e0dc78c9d4a25a405834035da2686d2cbf2c16217f9f1,True,False,False,True,False,False
2019-08-01,2019-07-31,2.19,2.55,-36.0,36.0,1,proc_sha256:ef7178d66b7ca79d67c64292f4f63c017b48c619bec26407c5df30e956a46825,proc_sha256:241b0365430a46e43019b5918c7dc561a4184392a53bc829760127cf8a40ca33,False,False,False,True,False,False
2019-08-02,2019-08-01,2.19,2.19,0.0,0.0,1,proc_sha256:64fb602a7efe1c4ac93e0f00a3a72c809e028925802b7739c710d463e67b533d,proc_sha256:ef7178d66b7ca79d67c64292f4f63c017b48c619bec26407c5df30e956a46825,False,False,False,False,False,False
2019-08-05,2019-08-02,2.13,2.19,-6.0,6.0,3,proc_sha256:677ec570e8a795942bc01c6e0476a63b8c16218f9ac502747f4446bbdd8fb985,proc_sha256:64fb602a7efe1c4ac93e0f00a3a72c809e028925802b7739c710d463e67b533d,False,False,False,False,False,False
2019-08-06,2019-08-05,2.11,2.13,-2.0,2.0,1,proc_sha256:e357ca9d60de3e74aff19bf22a8029e943763fad5e5246aa7dd6dccc59d1fe11,proc_sha256:677ec570e8a795942bc01c6e0476a63b8c16218f9ac502747f4446bbdd8fb985,False,False,False,False,False,False
2019-08-07,2019-08-06,2.1,2.11,-1.0,1.0,1,proc_sha256:2aec82f6613f530c35abbdaaf1593ecdf4c2af46fb087008c3cb22a17835128a,proc_sha256:e357ca9d60de3e74aff19bf22a8029e943763fad5e5246aa7dd6dccc59d1fe11,False,False,False,False,False,False
2019-08-08,2019-08-07,2.09,2.1,-1.0,1.0,1,proc_sha256:650a0e497cab382ca9298797fc70cffd3c7bdad4648bd914c408fd7ce4e9592f,proc_sha256:2aec82f6613f530c35abbdaaf1593ecdf4c2af46fb087008c3cb22a17835128a,False,False,False,False,False,False
2019-08-09,2019-08-08,2.11,2.09,2.0,2.0,1,proc_sha256:b4bd70f1d46bfd740a789dbe69193ddfe2c490c51be1f339def7d30e5d76e446,proc_sha256:650a0e497cab382ca9298797fc70cffd3c7bdad4648bd914c408fd7ce4e9592f,False,False,False,False,False,False
2019-08-12,2019-08-09,2.12,2.11,1.0,1.0,3,proc_sha256:a6f809e082d9c3050b9761c189507da9cdddd4bba1ea1c02284f020f7bf21221,proc_sha256:b4bd70f1d46bfd740a789dbe69193ddfe2c490c51be1f339def7d30e5d76e446,False,False,False,False,False,False
2019-08-13,2019-08-12,2.16,2.12,4.0,4.0,1,proc_sha256:7d5551f9b26c750d661f487c4e0ff86e2aa0371cb5713d85682576c371bfccc1,proc_sha256:a6f809e082d9c3050b9761c189507da9cdddd4bba1ea1c02284f020f7bf21221,False,False,False,False,False,False
2019-08-14,2019-08-13,2.13,2.16,-3.0,3.0,1,proc_sha256:085f9b03b93b72e65b1a15e276a8117908c7d7df9dbc2fc0a0262ddbcaf68cdd,proc_sha256:7d5551f9b26c750d661f487c4e0ff86e2aa0371cb5713d85682576c371bfccc1,False,False,False,False,False,False
2019-08-15,2019-08-14,2.18,2.13,5.0,5.0,1,proc_sha256:d77dbe4e94b6080a72e48996ff8e0985e90ae01688c20f23041a255b62ba93f0,proc_sha256:085f9b03b93b72e65b1a15e276a8117908c7d7df9dbc2fc0a0262ddbcaf68cdd,False,False,False,False,False,False
2019-08-16,2019-08-15,2.13,2.18,-5.0,5.0,1,proc_sha256:1f287d68f7c1367f683e40643b7daff1f4cdf52784461ab5377842889d45db9a,proc_sha256:d77dbe4e94b6080a72e48996ff8e0985e90ae01688c20f23041a255b62ba93f0,False,False,False,False,False,False
2019-08-19,2019-08-16,2.11,2.13,-2.0,2.0,3,proc_sha256:3fd0c769d57c5e32d7b8c6d69ea74265aabe40b25b7f9bfd1d3cdf199dfe0fc2,proc_sha256:1f287d68f7c1367f683e40643b7daff1f4cdf52784461ab5377842889d45db9a,False,False,False,False,False,False
2019-08-20,2019-08-19,2.13,2.11,2.0,2.0,1,proc_sha256:978d75e83f506a235e787a159c22f2c35ce3d66c5ae6f21573f04ea6759b6707,proc_sha256:3fd0c769d57c5e32d7b8c6d69ea74265aabe40b25b7f9bfd1d3cdf199dfe0fc2,False,False,False,False,False,False
2019-08-21,2019-08-20,2.1,2.13,-3.0,3.0,1,proc_sha256:776d9df3f1d75ac1b33eec79b59ade55103f579f8d70131387bcf084c101dac5,proc_sha256:978d75e83f506a235e787a159c22f2c35ce3d66c5ae6f21573f04ea6759b6707,False,False,False,False,False,False
2019-08-22,2019-08-21,2.09,2.1,-1.0,1.0,1,proc_sha256:dada0879028a8443b6ff05ee6d2548cb7b0aa6b4dbbf5abb8a674d5c854e2135,proc_sha256:776d9df3f1d75ac1b33eec79b59ade55103f579f8d70131387bcf084c101dac5,False,False,False,False,False,False
2019-08-23,2019-08-22,2.1,2.09,1.0,1.0,1,proc_sha256:e6d2a1fa16009385d7a4dc7871b7980b3a900ab4df4c81b2e94c45481ce82506,proc_sha256:dada0879028a8443b6ff05ee6d2548cb7b0aa6b4dbbf5abb8a674d5c854e2135,False,False,False,False,False,False
2019-08-26,2019-08-23,2.1,2.1,0.0,0.0,3,proc_sha256:0c9b90bbbab874d359bbd2f822781189ca0f95cec400aacd25a837fcb56ac2a8,proc_sha256:e6d2a1fa16009385d7a4dc7871b7980b3a900ab4df4c81b2e94c45481ce82506,False,False,False,False,False,False
2019-08-27,2019-08-26,2.15,2.1,5.0,5.0,1,proc_sha256:08d96ecc047cae5a8979079e67557f7adefdf774faa006c8d67ecfd583dce91b,proc_sha256:0c9b90bbbab874d359bbd2f822781189ca0f95cec400aacd25a837fcb56ac2a8,False,False,False,False,False,False
2019-08-28,2019-08-27,2.12,2.15,-3.0,3.0,1,proc_sha256:d60b187cc17a880ca5a47306ae0910d31dc495b559438fd1f51e53715b74710e,proc_sha256:08d96ecc047cae5a8979079e67557f7adefdf774faa006c8d67ecfd583dce91b,False,False,False,False,False,False
2019-08-29,2019-08-28,2.12,2.12,0.0,0.0,1,proc_sha256:5c1fa15bf7d041b0b3d6008da824265d1ae9b64255d2fc9d85dc30a78dd54e15,proc_sha256:d60b187cc17a880ca5a47306ae0910d31dc495b559438fd1f51e53715b74710e,False,False,False,True,False,False
2019-08-30,2019-08-29,2.16,2.12,4.0,4.0,1,proc_sha256:32c9e24c548aff58dc56364fa80376c23cd5ef747ebd0d715df077e2714794f1,proc_sha256:5c1fa15bf7d041b0b3d6008da824265d1ae9b64255d2fc9d85dc30a78dd54e15,True,False,False,True,False,False
2019-09-03,2019-08-30,2.17,2.16,1.0,1.0,4,proc_sha256:3550b40efe938988524763974523fc084204790e18c0decc4165b1f1da34ac4d,proc_sha256:32c9e24c548aff58dc56364fa80376c23cd5ef747ebd0d715df077e2714794f1,False,False,False,True,False,False
2019-09-04,2019-09-03,2.21,2.17,4.0,4.0,1,proc_sha256:fa1691b06911753cc385c729f89574388b63750fefd3513022ab982f87b01b8e,proc_sha256:3550b40efe938988524763974523fc084204790e18c0decc4165b1f1da34ac4d,False,False,False,False,False,False
2019-09-05,2019-09-04,2.21,2.21,0.0,0.0,1,proc_sha256:059b423678abf404bdc55516a2935f7c99efcb95c1bf37968fb4858d40833c2b,proc_sha256:fa1691b06911753cc385c729f89574388b63750fefd3513022ab982f87b01b8e,False,False,False,False,False,False
2019-09-06,2019-09-05,2.15,2.21,-6.0,6.0,1,proc_sha256:4dc53fadcb202a91f538eaa774f445705b0cd0a686539d730930ba1f2894849f,proc_sha256:059b423678abf404bdc55516a2935f7c99efcb95c1bf37968fb4858d40833c2b,False,False,False,False,False,False
2019-09-09,2019-09-06,2.12,2.15,-3.0,3.0,3,proc_sha256:ff8c7fd0796843e865df3a111775e2b9d8d66495004e3e0e1292b900960ad0d5,proc_sha256:4dc53fadcb202a91f538eaa774f445705b0cd0a686539d730930ba1f2894849f,False,False,False,False,False,False
2019-09-10,2019-09-09,2.14,2.12,2.0,2.0,1,proc_sha256:a570157492104d87b2bd9126a5dd5c1c611658f536b8b648bdf83dac1e3b9216,proc_sha256:ff8c7fd0796843e865df3a111775e2b9d8d66495004e3e0e1292b900960ad0d5,False,False,False,False,False,False
2019-09-11,2019-09-10,2.15,2.14,1.0,1.0,1,proc_sha256:03a316dc466461b2cb10b244b6dcbfe22d9ee35677465522c0d8768dc0afc0d8,proc_sha256:a570157492104d87b2bd9126a5dd5c1c611658f536b8b648bdf83dac1e3b9216,False,False,False,False,False,False
2019-09-12,2019-09-11,2.2,2.15,5.0,5.0,1,proc_sha256:560a731ab4b3dd3b97403415e894f5e1a0fe6a6f1f71915a37bbb85f051ca49b,proc_sha256:03a316dc466461b2cb10b244b6dcbfe22d9ee35677465522c0d8768dc0afc0d8,False,False,False,False,False,False
2019-09-13,2019-09-12,2.2,2.2,0.0,0.0,1,proc_sha256:da64ffd07d0117c2c28684e4ca2e097b5cb4cc855623f430734747d7f6c9c627,proc_sha256:560a731ab4b3dd3b97403415e894f5e1a0fe6a6f1f71915a37bbb85f051ca49b,False,False,False,False,False,False
2019-09-16,2019-09-13,2.43,2.2,23.0,23.0,3,proc_sha256:933e99e3acc1f014fceee8094d988ebc3370be6a1d04b954a3ee39c1072b627e,proc_sha256:da64ffd07d0117c2c28684e4ca2e097b5cb4cc855623f430734747d7f6c9c627,False,False,False,False,False,False
2019-09-17,2019-09-16,5.25,2.43,282.0,282.0,1,proc_sha256:978df2f69798ddbacac79a7d16147d88a8b0c80da5c2388e18019305eb113ee8,proc_sha256:933e99e3acc1f014fceee8094d988ebc3370be6a1d04b954a3ee39c1072b627e,False,False,False,False,False,False
2019-09-18,2019-09-17,2.55,5.25,-270.0,270.0,1,proc_sha256:417009354d6ac98ea8adf86cb05ee8831f2b114b3eb6f789c0585a2bd85db316,proc_sha256:978df2f69798ddbacac79a7d16147d88a8b0c80da5c2388e18019305eb113ee8,False,False,False,False,False,False
2019-09-19,2019-09-18,1.95,2.55,-60.0,60.0,1,proc_sha256:18a92da3a0da6cae3c39c0ead018498de53a35695ea4f580ecb4770abed1e6cc,proc_sha256:417009354d6ac98ea8adf86cb05ee8831f2b114b3eb6f789c0585a2bd85db316,False,False,False,False,False,False
2019-09-20,2019-09-19,1.86,1.95,-9.0,9.0,1,proc_sha256:25981675b263203bb0ac6c39b17f0d4fbbbadbb4f4ceca82dbcd3dc370881f7c,proc_sha256:18a92da3a0da6cae3c39c0ead018498de53a35695ea4f580ecb4770abed1e6cc,False,False,False,False,False,False
2019-09-23,2019-09-20,1.85,1.86,-1.0,1.0,3,proc_sha256:e1d69f4e0e286aa50acb59e348510ece1fd0ddc9df066963fb731bac36033945,proc_sha256:25981675b263203bb0ac6c39b17f0d4fbbbadbb4f4ceca82dbcd3dc370881f7c,False,False,False,False,False,False
2019-09-24,2019-09-23,1.96,1.85,11.0,11.0,1,proc_sha256:998990a29a6ac501addce14ac6fd0e4e796ad15e5fa17db8e9cd12a783fb00d8,proc_sha256:e1d69f4e0e286aa50acb59e348510ece1fd0ddc9df066963fb731bac36033945,False,False,False,False,False,False
2019-09-25,2019-09-24,2.01,1.96,5.0,5.0,1,proc_sha256:c13530ffb9378899f51d7e482d59bab94a9bd44999baf1738e2b62f2b121a659,proc_sha256:998990a29a6ac501addce14ac6fd0e4e796ad15e5fa17db8e9cd12a783fb00d8,False,False,False,False,False,False
2019-09-26,2019-09-25,1.85,2.01,-16.0,16.0,1,proc_sha256:45ae1c7d283f9779f766d53e5da3d83361a89c60bd9d332dccabff8acde6fe6a,proc_sha256:c13530ffb9378899f51d7e482d59bab94a9bd44999baf1738e2b62f2b121a659,False,False,False,False,False,False
2019-09-27,2019-09-26,1.82,1.85,-3.0,3.0,1,proc_sha256:faf0924c587ebd1a026933382135db61ce7d6e20d0534b29ee9a07bc08d690ec,proc_sha256:45ae1c7d283f9779f766d53e5da3d83361a89c60bd9d332dccabff8acde6fe6a,False,False,False,True,True,False
2019-09-30,2019-09-27,2.35,1.82,53.0,53.0,3,proc_sha256:cfa7b621f41da2db5a754fe5c77fb0cd254ed8415a92f63246df9b80a7a83087,proc_sha256:faf0924c587ebd1a026933382135db61ce7d6e20d0534b29ee9a07bc08d690ec,True,True,False,True,True,False
2019-10-01,2019-09-30,1.88,2.35,-47.0,47.0,1,proc_sha256:339a141042bc61dd33f794b6221475e9c6122d6b835cbf5ff164ad9bcdf8fa23,proc_sha256:cfa7b621f41da2db5a754fe5c77fb0cd254ed8415a92f63246df9b80a7a83087,False,False,False,True,True,False
2019-10-02,2019-10-01,1.85,1.88,-3.0,3.0,1,proc_sha256:ce0e679e3b3f497cc76858e6eb08aa558a34aa420e93a5d90b667125ec614b8d,proc_sha256:339a141042bc61dd33f794b6221475e9c6122d6b835cbf5ff164ad9bcdf8fa23,False,False,False,False,False,False
2019-10-03,2019-10-02,1.84,1.85,-1.0,1.0,1,proc_sha256:605b12531fd426858641b1eabdaeee3a58938cef6d45a43ad2b2e6ffdf7dcb97,proc_sha256:ce0e679e3b3f497cc76858e6eb08aa558a34aa420e93a5d90b667125ec614b8d,False,False,False,False,False,False
2019-10-04,2019-10-03,1.82,1.84,-2.0,2.0,1,proc_sha256:ec5d8f0d471d7e844ba597f656bc7907030e8f389f71142c8d8b5eae14489eab,proc_sha256:605b12531fd426858641b1eabdaeee3a58938cef6d45a43ad2b2e6ffdf7dcb97,False,False,False,False,False,False
2019-10-07,2019-10-04,1.83,1.82,1.0,1.0,3,proc_sha256:fe0fbd5c819ca665fa4c0aeb1d347fd13256c45bc371fe8e195a4b408a831785,proc_sha256:ec5d8f0d471d7e844ba597f656bc7907030e8f389f71142c8d8b5eae14489eab,False,False,False,False,False,False
2019-10-08,2019-10-07,1.85,1.83,2.0,2.0,1,proc_sha256:7c2b1b358b372f7ea6d147de07b2e62d6fb43bfbb2e67af61be683630e38ca33,proc_sha256:fe0fbd5c819ca665fa4c0aeb1d347fd13256c45bc371fe8e195a4b408a831785,False,False,False,False,False,False
2019-10-09,2019-10-08,1.85,1.85,0.0,0.0,1,proc_sha256:0bdbd9f9874bae45de850368076ec6f5308378766e06bce2feb35ca2e6ddd47b,proc_sha256:7c2b1b358b372f7ea6d147de07b2e62d6fb43bfbb2e67af61be683630e38ca33,False,False,False,False,False,False
2019-10-10,2019-10-09,1.85,1.85,0.0,0.0,1,proc_sha256:89b56773693d16b35ada09a82e00260c460a7450f76bed45d1053b9ed4c40faa,proc_sha256:0bdbd9f9874bae45de850368076ec6f5308378766e06bce2feb35ca2e6ddd47b,False,False,False,False,False,False
2019-10-11,2019-10-10,1.85,1.85,0.0,0.0,1,proc_sha256:3fcf6688e8d96859fb7b8e92aaf58f1a4b7f67f8c9badbb48fc3a5c6c8743325,proc_sha256:89b56773693d16b35ada09a82e00260c460a7450f76bed45d1053b9ed4c40faa,False,False,False,False,False,False
2019-10-15,2019-10-11,2.0,1.85,15.0,15.0,4,proc_sha256:8ec84ef5b032ac3c593815d0fee6863ee349e7df89d5674e5197ec4aaad4ae4e,proc_sha256:3fcf6688e8d96859fb7b8e92aaf58f1a4b7f67f8c9badbb48fc3a5c6c8743325,False,False,False,False,False,False
2019-10-16,2019-10-15,2.05,2.0,5.0,5.0,1,proc_sha256:5b037f5ec042e1186074618189aa9c19320da56fbeabc658d52dc6cd50b30c34,proc_sha256:8ec84ef5b032ac3c593815d0fee6863ee349e7df89d5674e5197ec4aaad4ae4e,False,False,False,False,False,False
2019-10-17,2019-10-16,1.95,2.05,-10.0,10.0,1,proc_sha256:369a3f1287a1d7631fe06d927516e0747a574985d96fb2780c9e069a4610184b,proc_sha256:5b037f5ec042e1186074618189aa9c19320da56fbeabc658d52dc6cd50b30c34,False,False,False,False,False,False
2019-10-18,2019-10-17,1.88,1.95,-7.0,7.0,1,proc_sha256:cfafaf924ec1a1349ed1f917eada7bb202871ec47ae6a2900951a8971dc6f668,proc_sha256:369a3f1287a1d7631fe06d927516e0747a574985d96fb2780c9e069a4610184b,False,False,False,False,False,False
2019-10-21,2019-10-18,1.86,1.88,-2.0,2.0,3,proc_sha256:d281b649c59f3c0c94c9e27c9fceb375135e80a1c9aaa6ca7e7f0a56fcd4c8d9,proc_sha256:cfafaf924ec1a1349ed1f917eada7bb202871ec47ae6a2900951a8971dc6f668,False,False,False,False,False,False
2019-10-22,2019-10-21,1.87,1.86,1.0,1.0,1,proc_sha256:0ea2f1b77e89ba706a3e7bade4c5b9af944e94ea4be1cbec45ca519bd7ece61b,proc_sha256:d281b649c59f3c0c94c9e27c9fceb375135e80a1c9aaa6ca7e7f0a56fcd4c8d9,False,False,False,False,False,False
2019-10-23,2019-10-22,1.87,1.87,0.0,0.0,1,proc_sha256:eaf4ac472735b0a77fe3ccea17f312163e46061b89cd94d1c0f7a2f021013743,proc_sha256:0ea2f1b77e89ba706a3e7bade4c5b9af944e94ea4be1cbec45ca519bd7ece61b,False,False,False,False,False,False
2019-10-24,2019-10-23,1.86,1.87,-1.0,1.0,1,proc_sha256:39915b7f7a411a28768bd1fee198ec352c522418cc08c04f087d1cf9568373e5,proc_sha256:eaf4ac472735b0a77fe3ccea17f312163e46061b89cd94d1c0f7a2f021013743,False,False,False,False,False,False
2019-10-25,2019-10-24,1.84,1.86,-2.0,2.0,1,proc_sha256:5b908bcaf69e266d293a31c84cf43568d052aed7200bb24074c136c9fa8f7388,proc_sha256:39915b7f7a411a28768bd1fee198ec352c522418cc08c04f087d1cf9568373e5,False,False,False,False,False,False
2019-10-28,2019-10-25,1.82,1.84,-2.0,2.0,3,proc_sha256:584d5793f421e51c99be60a92bbc6c2fdeba8a1198b26183c94f6562b9a1bacd,proc_sha256:5b908bcaf69e266d293a31c84cf43568d052aed7200bb24074c136c9fa8f7388,False,False,False,False,False,False
2019-10-29,2019-10-28,1.81,1.82,-1.0,1.0,1,proc_sha256:42e234c40d4ccd3024090479ade5d3a6744d625451aa2473103d0da7f273cae6,proc_sha256:584d5793f421e51c99be60a92bbc6c2fdeba8a1198b26183c94f6562b9a1bacd,False,False,False,False,False,False
2019-10-30,2019-10-29,1.82,1.81,1.0,1.0,1,proc_sha256:897fd105ca0009a72a02a4350387a758a5953ebd75f499d0579066566d06719f,proc_sha256:42e234c40d4ccd3024090479ade5d3a6744d625451aa2473103d0da7f273cae6,False,False,False,True,False,False
2019-10-31,2019-10-30,1.76,1.82,-6.0,6.0,1,proc_sha256:ca34d6461193ca1ac9afdcd9a06130cc335bc3eab9e6211c8b3cc83bcd6f98ec,proc_sha256:897fd105ca0009a72a02a4350387a758a5953ebd75f499d0579066566d06719f,True,False,False,True,False,False
2019-11-01,2019-10-31,1.58,1.76,-18.0,18.0,1,proc_sha256:94030a9bf531adea62ca658865ec3f7fd40cce43275779cc4904e192de914e9d,proc_sha256:ca34d6461193ca1ac9afdcd9a06130cc335bc3eab9e6211c8b3cc83bcd6f98ec,False,False,False,True,False,False
2019-11-04,2019-11-01,1.56,1.58,-2.0,2.0,3,proc_sha256:16b6f63740101823929244c4fec5efcf0a19eb021b38e6a95c2795eed3b8510d,proc_sha256:94030a9bf531adea62ca658865ec3f7fd40cce43275779cc4904e192de914e9d,False,False,False,False,False,False
2019-11-05,2019-11-04,1.58,1.56,2.0,2.0,1,proc_sha256:1efcac53c0d49ea9f41c78b82ee69e80c1497220391d6a7d6a22d654490c8482,proc_sha256:16b6f63740101823929244c4fec5efcf0a19eb021b38e6a95c2795eed3b8510d,False,False,False,False,False,False
2019-11-06,2019-11-05,1.57,1.58,-1.0,1.0,1,proc_sha256:1e83e7bb823f3050e8ba5f176f65d4592d71d79e6fee44276b4c311774456596,proc_sha256:1efcac53c0d49ea9f41c78b82ee69e80c1497220391d6a7d6a22d654490c8482,False,False,False,False,False,False
2019-11-07,2019-11-06,1.56,1.57,-1.0,1.0,1,proc_sha256:76b2a2f2e69627785ce2152350f28b72f10ae936e6366c7305bb0edce9846805,proc_sha256:1e83e7bb823f3050e8ba5f176f65d4592d71d79e6fee44276b4c311774456596,False,False,False,False,False,False
2019-11-08,2019-11-07,1.56,1.56,0.0,0.0,1,proc_sha256:bb6db51a086be28d9779da51381a889f35082769a6b06544549674df5d49805b,proc_sha256:76b2a2f2e69627785ce2152350f28b72f10ae936e6366c7305bb0edce9846805,False,False,False,False,False,False
2019-11-12,2019-11-08,1.57,1.56,1.0,1.0,4,proc_sha256:1cd552c237b87ac42b44ad9aa06ffdbeff0b790d79693cc5e3db4b6a5b6ee989,proc_sha256:bb6db51a086be28d9779da51381a889f35082769a6b06544549674df5d49805b,False,False,False,False,False,False
2019-11-13,2019-11-12,1.57,1.57,0.0,0.0,1,proc_sha256:9473d42ae895b78791aa56e4eec26e363cb2b267bb5b4d9c3ca4ddcd943c934d,proc_sha256:1cd552c237b87ac42b44ad9aa06ffdbeff0b790d79693cc5e3db4b6a5b6ee989,False,False,False,False,False,False
2019-11-14,2019-11-13,1.58,1.57,1.0,1.0,1,proc_sha256:33e1cfb6f39a51856eace9cd41f3fd8594d9f9becc10e3a7ea8f2df9fb57c4cd,proc_sha256:9473d42ae895b78791aa56e4eec26e363cb2b267bb5b4d9c3ca4ddcd943c934d,False,False,False,False,False,False
2019-11-15,2019-11-14,1.59,1.58,1.0,1.0,1,proc_sha256:e5608c8261ca9d568e19707ed5d28646e8c0007794ebbbaa83f2bfa45f599908,proc_sha256:33e1cfb6f39a51856eace9cd41f3fd8594d9f9becc10e3a7ea8f2df9fb57c4cd,False,False,False,False,False,False
2019-11-18,2019-11-15,1.56,1.59,-3.0,3.0,3,proc_sha256:a7051783bc8a59e15704e193f32513d4fb364a455a33f4dfc03d2b8f44aa6108,proc_sha256:e5608c8261ca9d568e19707ed5d28646e8c0007794ebbbaa83f2bfa45f599908,False,False,False,False,False,False
2019-11-19,2019-11-18,1.57,1.56,1.0,1.0,1,proc_sha256:eb497ef68904791ba83709fde52b1864c7ea8ef29b50ff8e6a794ab293d8f49e,proc_sha256:a7051783bc8a59e15704e193f32513d4fb364a455a33f4dfc03d2b8f44aa6108,False,False,False,False,False,False
2019-11-20,2019-11-19,1.57,1.57,0.0,0.0,1,proc_sha256:bc308b98991584d16651bcff483e7acddd6c0ac0f43603c841675e305b39d50b,proc_sha256:eb497ef68904791ba83709fde52b1864c7ea8ef29b50ff8e6a794ab293d8f49e,False,False,False,False,False,False
2019-11-21,2019-11-20,1.58,1.57,1.0,1.0,1,proc_sha256:e2265baa08be7a4d4bd77c8ccc2edf8ab266caaab1c4f1a5bdf3ce5288144915,proc_sha256:bc308b98991584d16651bcff483e7acddd6c0ac0f43603c841675e305b39d50b,False,False,False,False,False,False
2019-11-22,2019-11-21,1.58,1.58,0.0,0.0,1,proc_sha256:0668ef9757c08f85691936360731679609be487e5737b8f9087aa203e6e1527f,proc_sha256:e2265baa08be7a4d4bd77c8ccc2edf8ab266caaab1c4f1a5bdf3ce5288144915,False,False,False,False,False,False
2019-11-25,2019-11-22,1.56,1.58,-2.0,2.0,3,proc_sha256:034bd7baf880430e5c58cf752d8df850312c4a29b20730f62b7ae0eda50ffbe0,proc_sha256:0668ef9757c08f85691936360731679609be487e5737b8f9087aa203e6e1527f,False,False,False,False,False,False
2019-11-26,2019-11-25,1.54,1.56,-2.0,2.0,1,proc_sha256:e2ef63f4524a3e071c73568bac60d01c0f9782b26c372d7eeff6ce1603297b88,proc_sha256:034bd7baf880430e5c58cf752d8df850312c4a29b20730f62b7ae0eda50ffbe0,False,False,False,False,False,False
2019-11-27,2019-11-26,1.55,1.54,1.0,1.0,1,proc_sha256:ae9639e32a09809840325bb702caea4bd6fd5b8d48854f2b56946a304ad7db18,proc_sha256:e2ef63f4524a3e071c73568bac60d01c0f9782b26c372d7eeff6ce1603297b88,False,False,False,True,False,False
2019-11-29,2019-11-27,1.65,1.55,10.0,10.0,2,proc_sha256:839140656dc280aae0aeda4667bafc3e06ec8cbd9ffec3b91188ee853558e68a,proc_sha256:ae9639e32a09809840325bb702caea4bd6fd5b8d48854f2b56946a304ad7db18,True,False,False,True,False,False
2019-12-02,2019-11-29,1.63,1.65,-2.0,2.0,3,proc_sha256:a0d20583622afccf80803d73144bcea7f430bcef6ddd5334e8d6d04c2f77f9cb,proc_sha256:839140656dc280aae0aeda4667bafc3e06ec8cbd9ffec3b91188ee853558e68a,False,False,False,True,False,False
2019-12-03,2019-12-02,1.55,1.63,-8.0,8.0,1,proc_sha256:0b80c7e14e3dad5c94bf2448770dd3f27519594587e8c2dada8d5c2853de4da7,proc_sha256:a0d20583622afccf80803d73144bcea7f430bcef6ddd5334e8d6d04c2f77f9cb,False,False,False,False,False,False
2019-12-04,2019-12-03,1.54,1.55,-1.0,1.0,1,proc_sha256:846014973cfbabc301d481b903d373fc740c24fb445e26295529ffaf9b6cc9dc,proc_sha256:0b80c7e14e3dad5c94bf2448770dd3f27519594587e8c2dada8d5c2853de4da7,False,False,False,False,False,False
2019-12-05,2019-12-04,1.55,1.54,1.0,1.0,1,proc_sha256:0305b0e90e6746e6b611e5b8b84b1415f3106f4c9c0da76bc9f99045558b4385,proc_sha256:846014973cfbabc301d481b903d373fc740c24fb445e26295529ffaf9b6cc9dc,False,False,False,False,False,False
2019-12-06,2019-12-05,1.55,1.55,0.0,0.0,1,proc_sha256:0604d4f00d8c919db9d602192bbde8ba01c5e6996b315c0c4b211dd3aaf35ccf,proc_sha256:0305b0e90e6746e6b611e5b8b84b1415f3106f4c9c0da76bc9f99045558b4385,False,False,False,False,False,False
2019-12-09,2019-12-06,1.56,1.55,1.0,1.0,3,proc_sha256:270600cc4b0dec5871d63e84c00c370168b18b1c25069861505e7d33f2e7af07,proc_sha256:0604d4f00d8c919db9d602192bbde8ba01c5e6996b315c0c4b211dd3aaf35ccf,False,False,False,False,False,False
2019-12-10,2019-12-09,1.55,1.56,-1.0,1.0,1,proc_sha256:24646c633218bcdb75f29908546622831bc2d56c790c4f61833a48c28127f1b2,proc_sha256:270600cc4b0dec5871d63e84c00c370168b18b1c25069861505e7d33f2e7af07,False,False,False,False,False,False
2019-12-11,2019-12-10,1.54,1.55,-1.0,1.0,1,proc_sha256:bd52b3c9fed15fa5720d0ea1f2e0fd975bd0a87c012275d0632d8454ff12fdb8,proc_sha256:24646c633218bcdb75f29908546622831bc2d56c790c4f61833a48c28127f1b2,False,False,False,False,False,False
2019-12-12,2019-12-11,1.53,1.54,-1.0,1.0,1,proc_sha256:9513f0741debf99b2f811edbc2204887d5d839a6149b02775e2df0c1d07ae67d,proc_sha256:bd52b3c9fed15fa5720d0ea1f2e0fd975bd0a87c012275d0632d8454ff12fdb8,False,False,False,False,False,False
2019-12-13,2019-12-12,1.54,1.53,1.0,1.0,1,proc_sha256:c9bd3e88031228751e6378b004836c72cae7ac87fcf169a6d0a19f25c3009ea6,proc_sha256:9513f0741debf99b2f811edbc2204887d5d839a6149b02775e2df0c1d07ae67d,False,False,False,False,False,False
2019-12-16,2019-12-13,1.62,1.54,8.0,8.0,3,proc_sha256:a984af14305fdc19fd2edcb0ffdecbb96cb26abe4875b7acd460438c37be0c7a,proc_sha256:c9bd3e88031228751e6378b004836c72cae7ac87fcf169a6d0a19f25c3009ea6,False,False,False,False,False,False
2019-12-17,2019-12-16,1.54,1.62,-8.0,8.0,1,proc_sha256:d47c812e25781f6c51a53a6af9eeea4546048bd377449414cf6fcb0e15b3ab5a,proc_sha256:a984af14305fdc19fd2edcb0ffdecbb96cb26abe4875b7acd460438c37be0c7a,False,False,False,False,False,False
2019-12-18,2019-12-17,1.53,1.54,-1.0,1.0,1,proc_sha256:37f36a841ca637fb871d9fa60187db879f906fe5c1789df8ea8bb580fb2e7be5,proc_sha256:d47c812e25781f6c51a53a6af9eeea4546048bd377449414cf6fcb0e15b3ab5a,False,False,False,False,False,False
2019-12-19,2019-12-18,1.53,1.53,0.0,0.0,1,proc_sha256:b9d6b6680094179ba6427c4c4f72b3e1d086a4226ee6eb51384d4f739886c115,proc_sha256:37f36a841ca637fb871d9fa60187db879f906fe5c1789df8ea8bb580fb2e7be5,False,False,False,False,False,False
2019-12-20,2019-12-19,1.53,1.53,0.0,0.0,1,proc_sha256:70d6be92dc152f8133779770fd8d021ebf09e582c76fb12018663c771e93ddb5,proc_sha256:b9d6b6680094179ba6427c4c4f72b3e1d086a4226ee6eb51384d4f739886c115,False,False,False,False,False,False
2019-12-23,2019-12-20,1.52,1.53,-1.0,1.0,3,proc_sha256:08fca5bcd77d34cd7f7ef8a7df805330e6eafbbd78c7e4778026345711fbdec9,proc_sha256:70d6be92dc152f8133779770fd8d021ebf09e582c76fb12018663c771e93ddb5,False,False,False,False,False,False
2019-12-24,2019-12-23,1.52,1.52,0.0,0.0,1,proc_sha256:03c560f396036a5a1473ac3770a1385f07028db914bad0e706953527bbf2cecf,proc_sha256:08fca5bcd77d34cd7f7ef8a7df805330e6eafbbd78c7e4778026345711fbdec9,False,False,False,False,False,False
2019-12-26,2019-12-24,1.52,1.52,0.0,0.0,2,proc_sha256:d601fbecbcb8e6f86a34f6ff622dec045b2815dc331ad4ffec48778b896ede13,proc_sha256:03c560f396036a5a1473ac3770a1385f07028db914bad0e706953527bbf2cecf,False,False,False,False,False,False
2019-12-27,2019-12-26,1.53,1.52,1.0,1.0,1,proc_sha256:972c36ed95c84e7f96b649f81c4f52d4882da45b025d56675d00c97a70860cbb,proc_sha256:d601fbecbcb8e6f86a34f6ff622dec045b2815dc331ad4ffec48778b896ede13,False,False,False,False,False,False
2019-12-30,2019-12-27,1.54,1.53,1.0,1.0,3,proc_sha256:df0a6595669db8fe1951f88638e0d092bf7d33284accad95582c8922ee91f01d,proc_sha256:972c36ed95c84e7f96b649f81c4f52d4882da45b025d56675d00c97a70860cbb,False,False,False,True,True,True
2019-12-31,2019-12-30,1.55,1.54,1.0,1.0,1,proc_sha256:4315760de9edcb938ddbbfb98d9c80b3a60754bf218ce3a146125ef4d8b5e9c1,proc_sha256:df0a6595669db8fe1951f88638e0d092bf7d33284accad95582c8922ee91f01d,True,True,True,True,True,True
2020-01-02,2019-12-31,1.54,1.55,-1.0,1.0,2,proc_sha256:bdfc0f8ecabdb448d4c06c58b74d320da3c57a3574e53125f5d8ad35c094edc9,proc_sha256:4315760de9edcb938ddbbfb98d9c80b3a60754bf218ce3a146125ef4d8b5e9c1,False,False,False,True,True,True
2020-01-03,2020-01-02,1.55,1.54,1.0,1.0,1,proc_sha256:c41bb0b184c5b9f425be865411f030d2ad1ddfae0c2674c7db4d00098fc4bbc5,proc_sha256:bdfc0f8ecabdb448d4c06c58b74d320da3c57a3574e53125f5d8ad35c094edc9,False,False,False,False,False,False
2020-01-06,2020-01-03,1.55,1.55,0.0,0.0,3,proc_sha256:6668b95cc96fdcb3a2ae0f7be0aa01d317c5dd434e85fdc2792ba83faca1ace1,proc_sha256:c41bb0b184c5b9f425be865411f030d2ad1ddfae0c2674c7db4d00098fc4bbc5,False,False,False,False,False,False
2020-01-07,2020-01-06,1.56,1.55,1.0,1.0,1,proc_sha256:e20f1eac8cc26f60e97941afe4f7cfbfef224cd30ff06999045d710ab9bce821,proc_sha256:6668b95cc96fdcb3a2ae0f7be0aa01d317c5dd434e85fdc2792ba83faca1ace1,False,False,False,False,False,False
2020-01-08,2020-01-07,1.55,1.56,-1.0,1.0,1,proc_sha256:39e30a33f4464e8e0f84203fbfc4035f00e50f03a9dedd90449f67b29c1b0f22,proc_sha256:e20f1eac8cc26f60e97941afe4f7cfbfef224cd30ff06999045d710ab9bce821,False,False,False,False,False,False
2020-01-09,2020-01-08,1.55,1.55,0.0,0.0,1,proc_sha256:99ab23e983ff926a20b785ca23702faab163129b75207b63b2135e97bfe92504,proc_sha256:39e30a33f4464e8e0f84203fbfc4035f00e50f03a9dedd90449f67b29c1b0f22,False,False,False,False,False,False
2020-01-10,2020-01-09,1.55,1.55,0.0,0.0,1,proc_sha256:c901d2d0f8e25ef31b298f4f69e52af442f1296e00147987ea3c88ceaaff5f21,proc_sha256:99ab23e983ff926a20b785ca23702faab163129b75207b63b2135e97bfe92504,False,False,False,False,False,False
2020-01-13,2020-01-10,1.54,1.55,-1.0,1.0,3,proc_sha256:dd29300bee17c7854592356c0df3e1fc0178f3a356f672f51f0e7002a05d8382,proc_sha256:c901d2d0f8e25ef31b298f4f69e52af442f1296e00147987ea3c88ceaaff5f21,False,False,False,False,False,False
2020-01-14,2020-01-13,1.55,1.54,1.0,1.0,1,proc_sha256:705cb0de316161e03ab44890566da0325e047b3fb5e9dd84118f3faf7aba3855,proc_sha256:dd29300bee17c7854592356c0df3e1fc0178f3a356f672f51f0e7002a05d8382,False,False,False,False,False,False
2020-01-15,2020-01-14,1.56,1.55,1.0,1.0,1,proc_sha256:9351dcfa78aa7a39bf3318c64e2028e9d9bed82d8a3b782381ae3e806f40c039,proc_sha256:705cb0de316161e03ab44890566da0325e047b3fb5e9dd84118f3faf7aba3855,False,False,False,False,False,False
2020-01-16,2020-01-15,1.55,1.56,-1.0,1.0,1,proc_sha256:023bb543d5f101be4c5e78e783c9ea58b51b39e351e6f7de32f707a856750171,proc_sha256:9351dcfa78aa7a39bf3318c64e2028e9d9bed82d8a3b782381ae3e806f40c039,False,False,False,False,False,False
2020-01-17,2020-01-16,1.54,1.55,-1.0,1.0,1,proc_sha256:513555819526bffff5de065da72e6449017bf4d5bdc273535c49a62540be0cf8,proc_sha256:023bb543d5f101be4c5e78e783c9ea58b51b39e351e6f7de32f707a856750171,False,False,False,False,False,False
2020-01-21,2020-01-17,1.54,1.54,0.0,0.0,4,proc_sha256:4116ac79c3ead0c70aa918a742d8505c5df561020f985f29ef7f1eb71b5664d3,proc_sha256:513555819526bffff5de065da72e6449017bf4d5bdc273535c49a62540be0cf8,False,False,False,False,False,False
2020-01-22,2020-01-21,1.54,1.54,0.0,0.0,1,proc_sha256:73f900e8fbd5677cdcfab6477b2b1ec29d037710f0265c2af01ccde66dd0cdd5,proc_sha256:4116ac79c3ead0c70aa918a742d8505c5df561020f985f29ef7f1eb71b5664d3,False,False,False,False,False,False
2020-01-23,2020-01-22,1.54,1.54,0.0,0.0,1,proc_sha256:e8033e67aa846c224fdf42f393866ad72a00d9e572d2a35ad8943b4c8cbc2859,proc_sha256:73f900e8fbd5677cdcfab6477b2b1ec29d037710f0265c2af01ccde66dd0cdd5,False,False,False,False,False,False
2020-01-24,2020-01-23,1.53,1.54,-1.0,1.0,1,proc_sha256:cc807c378bbea1fa8d75e7c15d9dd01a5015653ea93760b7e3916067aa89289c,proc_sha256:e8033e67aa846c224fdf42f393866ad72a00d9e572d2a35ad8943b4c8cbc2859,False,False,False,False,False,False
2020-01-27,2020-01-24,1.53,1.53,0.0,0.0,3,proc_sha256:6a530ab33035d244e8d2069d95459834d6fea623e182ba823fee527387e9fdeb,proc_sha256:cc807c378bbea1fa8d75e7c15d9dd01a5015653ea93760b7e3916067aa89289c,False,False,False,False,False,False
2020-01-28,2020-01-27,1.53,1.53,0.0,0.0,1,proc_sha256:1221c13c03c0b067015c850b22fab25c93151bde86443816095b55fe609ee7da,proc_sha256:6a530ab33035d244e8d2069d95459834d6fea623e182ba823fee527387e9fdeb,False,False,False,False,False,False
2020-01-29,2020-01-28,1.53,1.53,0.0,0.0,1,proc_sha256:e0b2257f2385b5d33fb034b28da2694bd6d3ca9108dce14d02dc8e3ea8180a69,proc_sha256:1221c13c03c0b067015c850b22fab25c93151bde86443816095b55fe609ee7da,False,False,False,False,False,False
2020-01-30,2020-01-29,1.58,1.53,5.0,5.0,1,proc_sha256:432b012244da02df9cbe3932431c160dd82d2f84a9d925951cc3f1a3c50440f3,proc_sha256:e0b2257f2385b5d33fb034b28da2694bd6d3ca9108dce14d02dc8e3ea8180a69,False,False,False,True,False,False
2020-01-31,2020-01-30,1.6,1.58,2.0,2.0,1,proc_sha256:fa3ea0b1d0ade0ca9bf6f1d2bc21c6c91459f6235a6ee95912b8ed7e7ccd7c4e,proc_sha256:432b012244da02df9cbe3932431c160dd82d2f84a9d925951cc3f1a3c50440f3,True,False,False,True,False,False
2020-02-03,2020-01-31,1.59,1.6,-1.0,1.0,3,proc_sha256:743bb3f8333a63be5c2b93e0efd9c0de67e2ae1ed6eae9ad9918f1a21c68c1aa,proc_sha256:fa3ea0b1d0ade0ca9bf6f1d2bc21c6c91459f6235a6ee95912b8ed7e7ccd7c4e,False,False,False,True,False,False
2020-02-04,2020-02-03,1.6,1.59,1.0,1.0,1,proc_sha256:1f67a04b3c918e722071a74ae41d8c4ca42dec084477ee1d71f019e3424daa9f,proc_sha256:743bb3f8333a63be5c2b93e0efd9c0de67e2ae1ed6eae9ad9918f1a21c68c1aa,False,False,False,False,False,False
2020-02-05,2020-02-04,1.59,1.6,-1.0,1.0,1,proc_sha256:fe91ff36179fdcc309c3f22f9347bf8617765fffb6022c2b84b130f6a1d7fed9,proc_sha256:1f67a04b3c918e722071a74ae41d8c4ca42dec084477ee1d71f019e3424daa9f,False,False,False,False,False,False
2020-02-06,2020-02-05,1.59,1.59,0.0,0.0,1,proc_sha256:fb7bc6813f57ac4b8473771fbd77a55c6ee377decc8b8fbfac12fdc50c28f502,proc_sha256:fe91ff36179fdcc309c3f22f9347bf8617765fffb6022c2b84b130f6a1d7fed9,False,False,False,False,False,False
2020-02-07,2020-02-06,1.58,1.59,-1.0,1.0,1,proc_sha256:e10e410e730c616c3b394f57d333c05433c2c69694342a97f724f8d3181d81a6,proc_sha256:fb7bc6813f57ac4b8473771fbd77a55c6ee377decc8b8fbfac12fdc50c28f502,False,False,False,False,False,False
2020-02-10,2020-02-07,1.58,1.58,0.0,0.0,3,proc_sha256:46e05cf776d9f709a52e71898809712030c32aa4aa98f44f6b2d60f29085e854,proc_sha256:e10e410e730c616c3b394f57d333c05433c2c69694342a97f724f8d3181d81a6,False,False,False,False,False,False
2020-02-11,2020-02-10,1.58,1.58,0.0,0.0,1,proc_sha256:0dc425f25580599f31c24336efe8ab4e9c15544187025d9679820af792a787bc,proc_sha256:46e05cf776d9f709a52e71898809712030c32aa4aa98f44f6b2d60f29085e854,False,False,False,False,False,False
2020-02-12,2020-02-11,1.57,1.58,-1.0,1.0,1,proc_sha256:c4d8a7ed67c361806fe4b9dac1fd78691f8cd44271208f9684c2aca6580c10ea,proc_sha256:0dc425f25580599f31c24336efe8ab4e9c15544187025d9679820af792a787bc,False,False,False,False,False,False
2020-02-13,2020-02-12,1.57,1.57,0.0,0.0,1,proc_sha256:a578aee3ce7e7e771cad4d9caa8c580780a41cd129d1cf7eccf221f5a306e82f,proc_sha256:c4d8a7ed67c361806fe4b9dac1fd78691f8cd44271208f9684c2aca6580c10ea,False,False,False,False,False,False
2020-02-14,2020-02-13,1.58,1.57,1.0,1.0,1,proc_sha256:d1c6e18d67c2d84c959a9727c4ed62747587be649631091e3d3f89057eb8dea2,proc_sha256:a578aee3ce7e7e771cad4d9caa8c580780a41cd129d1cf7eccf221f5a306e82f,False,False,False,False,False,False
2020-02-18,2020-02-14,1.6,1.58,2.0,2.0,4,proc_sha256:9a69d2b075c6e11f7d3124dddb79f27e88e074a2b3047be2b3fe906c7759bfb4,proc_sha256:d1c6e18d67c2d84c959a9727c4ed62747587be649631091e3d3f89057eb8dea2,False,False,False,False,False,False
2020-02-19,2020-02-18,1.59,1.6,-1.0,1.0,1,proc_sha256:57cd240ddd606715962bf4122ac75ecdf11230df5718eb9668f3a7aff5fb973a,proc_sha256:9a69d2b075c6e11f7d3124dddb79f27e88e074a2b3047be2b3fe906c7759bfb4,False,False,False,False,False,False
2020-02-20,2020-02-19,1.6,1.59,1.0,1.0,1,proc_sha256:64be56a5c06a7f54869b45bc2f47c9e99f32b07150685a92545a85308f12cafa,proc_sha256:57cd240ddd606715962bf4122ac75ecdf11230df5718eb9668f3a7aff5fb973a,False,False,False,False,False,False
2020-02-21,2020-02-20,1.58,1.6,-2.0,2.0,1,proc_sha256:87f19fb0fb4ea9628096a8752016e387d269a9c4f95e105f52dcdbf45a21f96a,proc_sha256:64be56a5c06a7f54869b45bc2f47c9e99f32b07150685a92545a85308f12cafa,False,False,False,False,False,False
2020-02-24,2020-02-21,1.58,1.58,0.0,0.0,3,proc_sha256:78b3b58fd42fcb929e2134980f0f7c32eb362a4cd4eb8a9a0dd5f2c453cabae5,proc_sha256:87f19fb0fb4ea9628096a8752016e387d269a9c4f95e105f52dcdbf45a21f96a,False,False,False,False,False,False
2020-02-25,2020-02-24,1.59,1.58,1.0,1.0,1,proc_sha256:b3237e0f5b3ec2647dd7e6a5c3e30190f81f3a399029275cf37dcc1a72e8bbaf,proc_sha256:78b3b58fd42fcb929e2134980f0f7c32eb362a4cd4eb8a9a0dd5f2c453cabae5,False,False,False,False,False,False
2020-02-26,2020-02-25,1.58,1.59,-1.0,1.0,1,proc_sha256:c5657de5d6c3fe4898b8e2c19308b39ca7905f755b75e6c9f6e90b6caed141bc,proc_sha256:b3237e0f5b3ec2647dd7e6a5c3e30190f81f3a399029275cf37dcc1a72e8bbaf,False,False,False,False,False,False
2020-02-27,2020-02-26,1.58,1.58,0.0,0.0,1,proc_sha256:a25d10d39b95f9ef4d5eb2282c5cdfd665b42656f3068031f95170082111c80d,proc_sha256:c5657de5d6c3fe4898b8e2c19308b39ca7905f755b75e6c9f6e90b6caed141bc,False,False,False,True,False,False
2020-02-28,2020-02-27,1.6,1.58,2.0,2.0,1,proc_sha256:cf56765bfeaa92a5ea39d3fc3582dd735b8fb61ab29731229236274d5a79c3ec,proc_sha256:a25d10d39b95f9ef4d5eb2282c5cdfd665b42656f3068031f95170082111c80d,True,False,False,True,False,False
2020-03-02,2020-02-28,1.59,1.6,-1.0,1.0,3,proc_sha256:913a7fdd9d55845d6fcbfc628b9eac2beb5612dcf72d610ff5d5b432ca4a082b,proc_sha256:cf56765bfeaa92a5ea39d3fc3582dd735b8fb61ab29731229236274d5a79c3ec,False,False,False,True,False,False
2020-03-03,2020-03-02,1.64,1.59,5.0,5.0,1,proc_sha256:e2e3e8d73e34e0a11d24d389858f1afce85f332c0f68219533d9d8c281ffc0e3,proc_sha256:913a7fdd9d55845d6fcbfc628b9eac2beb5612dcf72d610ff5d5b432ca4a082b,False,False,False,False,False,False
2020-03-04,2020-03-03,1.23,1.64,-41.0,41.0,1,proc_sha256:7596a18a6ed484b0890669764968252339b633b1254b9df9f1c82a83bf3baddb,proc_sha256:e2e3e8d73e34e0a11d24d389858f1afce85f332c0f68219533d9d8c281ffc0e3,False,False,False,False,False,False
2020-03-05,2020-03-04,1.12,1.23,-11.0,11.0,1,proc_sha256:4df78e306ddcd16609cd8fdd36303c1efb19cf5cbebc5a98eaf516de0b423568,proc_sha256:7596a18a6ed484b0890669764968252339b633b1254b9df9f1c82a83bf3baddb,False,False,False,False,False,False
2020-03-06,2020-03-05,1.1,1.12,-2.0,2.0,1,proc_sha256:29987527032ba6e06dbdafb79e2a59badcb3bee8ce786c75d2267f88991e26cf,proc_sha256:4df78e306ddcd16609cd8fdd36303c1efb19cf5cbebc5a98eaf516de0b423568,False,False,False,False,False,False
2020-03-09,2020-03-06,1.09,1.1,-1.0,1.0,3,proc_sha256:9b4983172930669d26fc095e228fb3cec8aff5aeda09dc7c7c1752125be430e6,proc_sha256:29987527032ba6e06dbdafb79e2a59badcb3bee8ce786c75d2267f88991e26cf,False,False,False,False,False,False
2020-03-10,2020-03-09,1.11,1.09,2.0,2.0,1,proc_sha256:79e78604cc0da4459d5c3294208ca43b71c63724f6f6c68ab886eba743a11364,proc_sha256:9b4983172930669d26fc095e228fb3cec8aff5aeda09dc7c7c1752125be430e6,False,False,False,False,False,False
2020-03-11,2020-03-10,1.15,1.11,4.0,4.0,1,proc_sha256:ced16961e134d7b1da61d95281ef2a420d41cfbc8e482420a4477d5fdc045ab3,proc_sha256:79e78604cc0da4459d5c3294208ca43b71c63724f6f6c68ab886eba743a11364,False,False,False,False,False,False
2020-03-12,2020-03-11,1.2,1.15,5.0,5.0,1,proc_sha256:d7b0710ff80f1a8956b7afee5d22b1adc137f761a72657d3138e4b021e04818b,proc_sha256:ced16961e134d7b1da61d95281ef2a420d41cfbc8e482420a4477d5fdc045ab3,False,False,False,False,False,False
2020-03-13,2020-03-12,1.1,1.2,-10.0,10.0,1,proc_sha256:945e84f5c10739fe1b811e33259ee3329bf5f0e5d978bb635f9a0e9faeefe6b4,proc_sha256:d7b0710ff80f1a8956b7afee5d22b1adc137f761a72657d3138e4b021e04818b,False,False,False,False,False,False
2020-03-16,2020-03-13,0.26,1.1,-84.0,84.0,3,proc_sha256:fae6f500a6604598d2c5b5f3de05336d3250499f62ea426b6797ad53c791676c,proc_sha256:945e84f5c10739fe1b811e33259ee3329bf5f0e5d978bb635f9a0e9faeefe6b4,False,False,False,False,False,False
2020-03-17,2020-03-16,0.54,0.26,28.0,28.0,1,proc_sha256:116845596df35d704aa9258d1b6f95903ee055a43d5426361c545603c3c54b3e,proc_sha256:fae6f500a6604598d2c5b5f3de05336d3250499f62ea426b6797ad53c791676c,False,False,False,False,False,False
2020-03-18,2020-03-17,0.1,0.54,-44.0,44.0,1,proc_sha256:d8c0e63371007535f7c65abcfaaf5de2989b587507d1d91d53225a135fbc77a2,proc_sha256:116845596df35d704aa9258d1b6f95903ee055a43d5426361c545603c3c54b3e,False,False,False,False,False,False
2020-03-19,2020-03-18,0.06,0.1,-4.0,4.0,1,proc_sha256:3724c65a98130c2a1efdb79df1ceaa2ab0b6ff43cd2b75b7e40aecb5fba3d5e9,proc_sha256:d8c0e63371007535f7c65abcfaaf5de2989b587507d1d91d53225a135fbc77a2,False,False,False,False,False,False
2020-03-20,2020-03-19,0.04,0.06,-2.0,2.0,1,proc_sha256:e756238902fd8265fec3dc9726313d1742f99ee060be89f90be28bcf65fde5ed,proc_sha256:3724c65a98130c2a1efdb79df1ceaa2ab0b6ff43cd2b75b7e40aecb5fba3d5e9,False,False,False,False,False,False
2020-03-23,2020-03-20,0.02,0.04,-2.0,2.0,3,proc_sha256:2864d49d38782f3b32983eaf3aabf58ae16b62122c645d1953352464676dda87,proc_sha256:e756238902fd8265fec3dc9726313d1742f99ee060be89f90be28bcf65fde5ed,False,False,False,False,False,False
2020-03-24,2020-03-23,0.01,0.02,-1.0,1.0,1,proc_sha256:8d370c78fc1efda1ab8c78459b30aa19924f400e50964415d918932382253327,proc_sha256:2864d49d38782f3b32983eaf3aabf58ae16b62122c645d1953352464676dda87,False,False,False,False,False,False
2020-03-25,2020-03-24,0.01,0.01,0.0,0.0,1,proc_sha256:751197f97db0d8c9d572280925ba8f4d440b87f860452d2875f2a7b61064e78a,proc_sha256:8d370c78fc1efda1ab8c78459b30aa19924f400e50964415d918932382253327,False,False,False,False,False,False
2020-03-26,2020-03-25,0.01,0.01,0.0,0.0,1,proc_sha256:011954828c1d3befc33883a5d03381783a8aaf572c5000ccac44c5bb3d03d435,proc_sha256:751197f97db0d8c9d572280925ba8f4d440b87f860452d2875f2a7b61064e78a,False,False,False,False,False,False
2020-03-27,2020-03-26,0.01,0.01,0.0,0.0,1,proc_sha256:eeb5bfe626add66d0994909d92da7c3b579ee571553a637603e146eef627ff67,proc_sha256:011954828c1d3befc33883a5d03381783a8aaf572c5000ccac44c5bb3d03d435,False,False,False,False,False,False
2020-03-30,2020-03-27,0.01,0.01,0.0,0.0,3,proc_sha256:77d798cf0b362fb36a98e1d55d38fbdf9bb35e8827f37fd721957a4a6aa27d8e,proc_sha256:eeb5bfe626add66d0994909d92da7c3b579ee571553a637603e146eef627ff67,False,False,False,True,True,False
2020-03-31,2020-03-30,0.01,0.01,0.0,0.0,1,proc_sha256:77dc841b1667396aaae1839ae42660e5404f1c2f099682917836248f23d3bf3f,proc_sha256:77d798cf0b362fb36a98e1d55d38fbdf9bb35e8827f37fd721957a4a6aa27d8e,True,True,False,True,True,False
2020-04-01,2020-03-31,0.01,0.01,0.0,0.0,1,proc_sha256:6a76bfff073753d79966a2539f9c4036fbee5b3c9e9b51334beaa882070394c5,proc_sha256:77dc841b1667396aaae1839ae42660e5404f1c2f099682917836248f23d3bf3f,False,False,False,True,True,False
2020-04-02,2020-04-01,0.01,0.01,0.0,0.0,1,proc_sha256:2c9a6b8f8a44f3d5cc0894a3ddec0060276fde9a1563b8713cb1b138ddc14002,proc_sha256:6a76bfff073753d79966a2539f9c4036fbee5b3c9e9b51334beaa882070394c5,False,False,False,False,False,False
2020-04-03,2020-04-02,0.01,0.01,0.0,0.0,1,proc_sha256:e867487f25b93776cae07c104b697f95710e573af06ed47fd60063eca738f06b,proc_sha256:2c9a6b8f8a44f3d5cc0894a3ddec0060276fde9a1563b8713cb1b138ddc14002,False,False,False,False,False,False
2020-04-06,2020-04-03,0.01,0.01,0.0,0.0,3,proc_sha256:15d3f34efdc9ab6858fa75fedd49de37a2151e3f78d5b56c66cca3a6d98584ba,proc_sha256:e867487f25b93776cae07c104b697f95710e573af06ed47fd60063eca738f06b,False,False,False,False,False,False
2020-04-07,2020-04-06,0.01,0.01,0.0,0.0,1,proc_sha256:2168e7c237437ea6af4886f09d543f4aab29b07aaa2d2c77183adb82c3ac684b,proc_sha256:15d3f34efdc9ab6858fa75fedd49de37a2151e3f78d5b56c66cca3a6d98584ba,False,False,False,False,False,False
2020-04-08,2020-04-07,0.01,0.01,0.0,0.0,1,proc_sha256:bdcf9dddbe742ba535d77e067d7c6b8236874e7e22534579b1710d0133411aeb,proc_sha256:2168e7c237437ea6af4886f09d543f4aab29b07aaa2d2c77183adb82c3ac684b,False,False,False,False,False,False
2020-04-09,2020-04-08,0.01,0.01,0.0,0.0,1,proc_sha256:a7f06f952c7dc5d21f3dc88e791455bcaca2df1b3526fc7dcfb0d3612a5368e8,proc_sha256:bdcf9dddbe742ba535d77e067d7c6b8236874e7e22534579b1710d0133411aeb,False,False,False,False,False,False
2020-04-13,2020-04-09,0.02,0.01,1.0,1.0,4,proc_sha256:7a1fcd22458702d6bd7001b51433c929b7ee96b2350c0937229a9ba332b7d838,proc_sha256:a7f06f952c7dc5d21f3dc88e791455bcaca2df1b3526fc7dcfb0d3612a5368e8,False,False,False,False,False,False
2020-04-14,2020-04-13,0.06,0.02,4.0,4.0,1,proc_sha256:d2dcb1b79a3d4b9142173a787e4327900f65da47b5143eb40d6b3cf6b0c49a76,proc_sha256:7a1fcd22458702d6bd7001b51433c929b7ee96b2350c0937229a9ba332b7d838,False,False,False,False,False,False
2020-04-15,2020-04-14,0.03,0.06,-3.0,3.0,1,proc_sha256:2fea02ac385f9830214e253daf9f2ec9b7eef1e99e063387c55ff61537ac9327,proc_sha256:d2dcb1b79a3d4b9142173a787e4327900f65da47b5143eb40d6b3cf6b0c49a76,False,False,False,False,False,False
2020-04-16,2020-04-15,0.03,0.03,0.0,0.0,1,proc_sha256:8016973dfec886fd92aa6e5241e024b0ed4517a93d3aa5032b5961491a9454f1,proc_sha256:2fea02ac385f9830214e253daf9f2ec9b7eef1e99e063387c55ff61537ac9327,False,False,False,False,False,False
2020-04-17,2020-04-16,0.03,0.03,0.0,0.0,1,proc_sha256:a17c22f33615a77960ac634c57f9e6d52c672aac5d1eb4c8fec7732cc8788269,proc_sha256:8016973dfec886fd92aa6e5241e024b0ed4517a93d3aa5032b5961491a9454f1,False,False,False,False,False,False
2020-04-20,2020-04-17,0.02,0.03,-1.0,1.0,3,proc_sha256:4cd1f075b1ff2e0dd982f5e92b4b8bf9df571a1ecb2cffbcd5c334aaeb0ddfef,proc_sha256:a17c22f33615a77960ac634c57f9e6d52c672aac5d1eb4c8fec7732cc8788269,False,False,False,False,False,False
2020-04-21,2020-04-20,0.01,0.02,-1.0,1.0,1,proc_sha256:d3af70280fbdf028d0369644d8c0a496fc80d5680507526f622443567e9a2d5a,proc_sha256:4cd1f075b1ff2e0dd982f5e92b4b8bf9df571a1ecb2cffbcd5c334aaeb0ddfef,False,False,False,False,False,False
2020-04-22,2020-04-21,0.01,0.01,0.0,0.0,1,proc_sha256:45d2f7a75d2ede256f07615ead7529d195f6d8a97fa88c9139b8eeaf367236be,proc_sha256:d3af70280fbdf028d0369644d8c0a496fc80d5680507526f622443567e9a2d5a,False,False,False,False,False,False
2020-04-23,2020-04-22,0.01,0.01,0.0,0.0,1,proc_sha256:bd7b2feac1bae291f613fc59cde76bd530a6923ce9e5401a6911b9421c62a619,proc_sha256:45d2f7a75d2ede256f07615ead7529d195f6d8a97fa88c9139b8eeaf367236be,False,False,False,False,False,False
2020-04-24,2020-04-23,0.03,0.01,2.0,2.0,1,proc_sha256:6dcf16276131092e5d2dd9c21e8c6f8218e3454592e211aa51480f49b5a76daa,proc_sha256:bd7b2feac1bae291f613fc59cde76bd530a6923ce9e5401a6911b9421c62a619,False,False,False,False,False,False
2020-04-27,2020-04-24,0.03,0.03,0.0,0.0,3,proc_sha256:b334483fbfcb6c0b3f252b033708d755f4671c7e6b71a987158ba28e27496eaa,proc_sha256:6dcf16276131092e5d2dd9c21e8c6f8218e3454592e211aa51480f49b5a76daa,False,False,False,False,False,False
2020-04-28,2020-04-27,0.01,0.03,-2.0,2.0,1,proc_sha256:9958248f43d76cc7bf47155611fb06444f1cc72ddb51e0dbe32cb0da82a64a25,proc_sha256:b334483fbfcb6c0b3f252b033708d755f4671c7e6b71a987158ba28e27496eaa,False,False,False,False,False,False
2020-04-29,2020-04-28,0.01,0.01,0.0,0.0,1,proc_sha256:d8362258ef55936e354f2fa600c267b37d253fbcb12a43f95790e3c5f5c0b5ce,proc_sha256:9958248f43d76cc7bf47155611fb06444f1cc72ddb51e0dbe32cb0da82a64a25,False,False,False,True,False,False
2020-04-30,2020-04-29,0.04,0.01,3.0,3.0,1,proc_sha256:2e1b641714ed957ae0cff9f18715b644bb0b7707dea6ffe8a8869ea62c9b24d4,proc_sha256:d8362258ef55936e354f2fa600c267b37d253fbcb12a43f95790e3c5f5c0b5ce,True,False,False,True,False,False
2020-05-01,2020-04-30,0.03,0.04,-1.0,1.0,1,proc_sha256:6b48d2b16ec259ceb216b8ab18e42a6e8881678034a86a7d2da8307687173a9d,proc_sha256:2e1b641714ed957ae0cff9f18715b644bb0b7707dea6ffe8a8869ea62c9b24d4,False,False,False,True,False,False
2020-05-04,2020-05-01,0.05,0.03,2.0,2.0,3,proc_sha256:b552da0f97837df013f218f592d34490674c0d05ce8540ef4a65c77aff214339,proc_sha256:6b48d2b16ec259ceb216b8ab18e42a6e8881678034a86a7d2da8307687173a9d,False,False,False,False,False,False
2020-05-05,2020-05-04,0.05,0.05,0.0,0.0,1,proc_sha256:f5b489754684c42118b75e7087b426edf18c34d75dc450171daa8c7064f7eeea,proc_sha256:b552da0f97837df013f218f592d34490674c0d05ce8540ef4a65c77aff214339,False,False,False,False,False,False
2020-05-06,2020-05-05,0.05,0.05,0.0,0.0,1,proc_sha256:255cbb92f660ea4b904bf833ad2fba5451c4e0d55764efa6fba789b8ccb3d5be,proc_sha256:f5b489754684c42118b75e7087b426edf18c34d75dc450171daa8c7064f7eeea,False,False,False,False,False,False
2020-05-07,2020-05-06,0.05,0.05,0.0,0.0,1,proc_sha256:c69969d3249426080c556621646bd28cc35d6eff3a3c73147f362e47b8294f98,proc_sha256:255cbb92f660ea4b904bf833ad2fba5451c4e0d55764efa6fba789b8ccb3d5be,False,False,False,False,False,False
2020-05-08,2020-05-07,0.06,0.05,1.0,1.0,1,proc_sha256:b1e648bbd9ac267b26e72fab88e90e09b160ce3124a8458b1fc85bc8e78c18c5,proc_sha256:c69969d3249426080c556621646bd28cc35d6eff3a3c73147f362e47b8294f98,False,False,False,False,False,False
2020-05-11,2020-05-08,0.06,0.06,0.0,0.0,3,proc_sha256:c89b7917f6667bcd9b92765ed4f6842c61208b2da9d5f3063951aaf60e9ce5b3,proc_sha256:b1e648bbd9ac267b26e72fab88e90e09b160ce3124a8458b1fc85bc8e78c18c5,False,False,False,False,False,False
2020-05-12,2020-05-11,0.06,0.06,0.0,0.0,1,proc_sha256:51b491db0a6787a94609243eac4b7b5676d71f9eb2cc2e86cca4585510e820bd,proc_sha256:c89b7917f6667bcd9b92765ed4f6842c61208b2da9d5f3063951aaf60e9ce5b3,False,False,False,False,False,False
2020-05-13,2020-05-12,0.04,0.06,-2.0,2.0,1,proc_sha256:36817c56399576b3f466fef1ca56c31f8d4a7131f2b86824996488d33a9eb943,proc_sha256:51b491db0a6787a94609243eac4b7b5676d71f9eb2cc2e86cca4585510e820bd,False,False,False,False,False,False
2020-05-14,2020-05-13,0.02,0.04,-2.0,2.0,1,proc_sha256:f5deacaaa4b4a675487ff64a41ea86006f4bab4dd147a2c194085fa7eab83951,proc_sha256:36817c56399576b3f466fef1ca56c31f8d4a7131f2b86824996488d33a9eb943,False,False,False,False,False,False
2020-05-15,2020-05-14,0.05,0.02,3.0,3.0,1,proc_sha256:482eaeda66a6a5c376ae77ce828008e0fd842a16ac8aa2cac7257f679934b13f,proc_sha256:f5deacaaa4b4a675487ff64a41ea86006f4bab4dd147a2c194085fa7eab83951,False,False,False,False,False,False
2020-05-18,2020-05-15,0.04,0.05,-1.0,1.0,3,proc_sha256:4eb51d4f56d4f78c63e3bdbc45cd6a89810de236e71a39e22c63a6736a74d457,proc_sha256:482eaeda66a6a5c376ae77ce828008e0fd842a16ac8aa2cac7257f679934b13f,False,False,False,False,False,False
2020-05-19,2020-05-18,0.04,0.04,0.0,0.0,1,proc_sha256:3917411564f40ae25fd3effb52c660bedc9ee9a43b6a86e8c7f937f149f6ebe8,proc_sha256:4eb51d4f56d4f78c63e3bdbc45cd6a89810de236e71a39e22c63a6736a74d457,False,False,False,False,False,False
2020-05-20,2020-05-19,0.01,0.04,-3.0,3.0,1,proc_sha256:ca59dd75235dfc24bea77ef10288d76868375c7ead5201865a3d0336fb123d56,proc_sha256:3917411564f40ae25fd3effb52c660bedc9ee9a43b6a86e8c7f937f149f6ebe8,False,False,False,False,False,False
2020-05-21,2020-05-20,0.02,0.01,1.0,1.0,1,proc_sha256:1887ac69320995a28e7270a80e9d5c6f529738a5d313b6878723c64a11ad0165,proc_sha256:ca59dd75235dfc24bea77ef10288d76868375c7ead5201865a3d0336fb123d56,False,False,False,False,False,False
2020-05-22,2020-05-21,0.04,0.02,2.0,2.0,1,proc_sha256:841f6dcbee0bef866ac267fb66d9d7725529152e299a6ac90ac4ab658f23ac38,proc_sha256:1887ac69320995a28e7270a80e9d5c6f529738a5d313b6878723c64a11ad0165,False,False,False,False,False,False
2020-05-26,2020-05-22,0.06,0.04,2.0,2.0,4,proc_sha256:37df651403fac5b16f32498d8c70b56fd616fcbf2b6b19f05272a31427e83f28,proc_sha256:841f6dcbee0bef866ac267fb66d9d7725529152e299a6ac90ac4ab658f23ac38,False,False,False,False,False,False
2020-05-27,2020-05-26,0.06,0.06,0.0,0.0,1,proc_sha256:aafef9caa9c53cd949b4f1a7473d6dec48843137817d376e6e664ed1bb68f4a8,proc_sha256:37df651403fac5b16f32498d8c70b56fd616fcbf2b6b19f05272a31427e83f28,False,False,False,False,False,False
2020-05-28,2020-05-27,0.06,0.06,0.0,0.0,1,proc_sha256:77b1c8d45f01339e694e6c8b5699ab14ca7514801fda7d2f57864dacec0a316d,proc_sha256:aafef9caa9c53cd949b4f1a7473d6dec48843137817d376e6e664ed1bb68f4a8,False,False,False,True,False,False
2020-05-29,2020-05-28,0.06,0.06,0.0,0.0,1,proc_sha256:657ca27844443e98137be77aa64f528d10008cf956bb60eef9e521eb09734523,proc_sha256:77b1c8d45f01339e694e6c8b5699ab14ca7514801fda7d2f57864dacec0a316d,True,False,False,True,False,False
2020-06-01,2020-05-29,0.06,0.06,0.0,0.0,3,proc_sha256:fae9e71020351410297722084e5fc1996eefe2a3a8ec1ba86de80b9095ed00ad,proc_sha256:657ca27844443e98137be77aa64f528d10008cf956bb60eef9e521eb09734523,False,False,False,True,False,False
2020-06-02,2020-06-01,0.07,0.06,1.0,1.0,1,proc_sha256:f0521c285b809bba20d1e56764b6d569f1b1e0d2d8521c8d09f5990a39a1fdf0,proc_sha256:fae9e71020351410297722084e5fc1996eefe2a3a8ec1ba86de80b9095ed00ad,False,False,False,False,False,False
2020-06-03,2020-06-02,0.06,0.07,-1.0,1.0,1,proc_sha256:7951f3ecf9dae6b4ce496ba28585411503ad2a00a3187eb59ca6a7fe101fff80,proc_sha256:f0521c285b809bba20d1e56764b6d569f1b1e0d2d8521c8d09f5990a39a1fdf0,False,False,False,False,False,False
2020-06-04,2020-06-03,0.07,0.06,1.0,1.0,1,proc_sha256:07860f3608015c3baa346396ee750e3257c1ceeff50187ad50cac17e3f634fe8,proc_sha256:7951f3ecf9dae6b4ce496ba28585411503ad2a00a3187eb59ca6a7fe101fff80,False,False,False,False,False,False
2020-06-05,2020-06-04,0.07,0.07,0.0,0.0,1,proc_sha256:8148271e9cab76c03071e570c3cd9cd985ffea9c775047e134976711196ec7b8,proc_sha256:07860f3608015c3baa346396ee750e3257c1ceeff50187ad50cac17e3f634fe8,False,False,False,False,False,False
2020-06-08,2020-06-05,0.07,0.07,0.0,0.0,3,proc_sha256:a0cd9de6e4e2535dd725053cc1611d90d4bf9c30c9c64b0024d3d887cc729941,proc_sha256:8148271e9cab76c03071e570c3cd9cd985ffea9c775047e134976711196ec7b8,False,False,False,False,False,False
2020-06-09,2020-06-08,0.08,0.07,1.0,1.0,1,proc_sha256:bc4425266e599aac66e108f65d9148bc7d18386fcc04b1c51c1d5a6b32408fc0,proc_sha256:a0cd9de6e4e2535dd725053cc1611d90d4bf9c30c9c64b0024d3d887cc729941,False,False,False,False,False,False
2020-06-10,2020-06-09,0.07,0.08,-1.0,1.0,1,proc_sha256:5eaa1b738520387065229f63630a5119139487f2f26c77c14d09daa8dd9527e7,proc_sha256:bc4425266e599aac66e108f65d9148bc7d18386fcc04b1c51c1d5a6b32408fc0,False,False,False,False,False,False
2020-06-11,2020-06-10,0.08,0.07,1.0,1.0,1,proc_sha256:c635157569bf8fd74a32e84a973db4a547986b216e24aabd5a9d868b009c2ac1,proc_sha256:5eaa1b738520387065229f63630a5119139487f2f26c77c14d09daa8dd9527e7,False,False,False,False,False,False
2020-06-12,2020-06-11,0.08,0.08,0.0,0.0,1,proc_sha256:2b8899a81b26cfe9af4542263a2b121785b8e0b692a43cc3db3d0a90eb8cc7c3,proc_sha256:c635157569bf8fd74a32e84a973db4a547986b216e24aabd5a9d868b009c2ac1,False,False,False,False,False,False
2020-06-15,2020-06-12,0.09,0.08,1.0,1.0,3,proc_sha256:644afd20df73f53fc03fc4e0da224f3d870aa79349e3e48398ce5649c86bf2f3,proc_sha256:2b8899a81b26cfe9af4542263a2b121785b8e0b692a43cc3db3d0a90eb8cc7c3,False,False,False,False,False,False
2020-06-16,2020-06-15,0.09,0.09,0.0,0.0,1,proc_sha256:1374b0b58544511422075db5413b8307302bb2d749e2f024d2d9bc46300b0c64,proc_sha256:644afd20df73f53fc03fc4e0da224f3d870aa79349e3e48398ce5649c86bf2f3,False,False,False,False,False,False
2020-06-17,2020-06-16,0.09,0.09,0.0,0.0,1,proc_sha256:e46f5da99f9c79e8abaec0f9e080969e152b47c7df686bd0540f1f79ea109344,proc_sha256:1374b0b58544511422075db5413b8307302bb2d749e2f024d2d9bc46300b0c64,False,False,False,False,False,False
2020-06-18,2020-06-17,0.09,0.09,0.0,0.0,1,proc_sha256:4ddcf9e9a30de92cc136d23f245ad38fb8d76ceec60da8995648014a154b4d4a,proc_sha256:e46f5da99f9c79e8abaec0f9e080969e152b47c7df686bd0540f1f79ea109344,False,False,False,False,False,False
2020-06-19,2020-06-18,0.09,0.09,0.0,0.0,1,proc_sha256:b1b3c0fa03e7191b843fc01f7ff6c99b1f171ec80e10889d3f0cf6c5b224011b,proc_sha256:4ddcf9e9a30de92cc136d23f245ad38fb8d76ceec60da8995648014a154b4d4a,False,False,False,False,False,False
2020-06-22,2020-06-19,0.08,0.09,-1.0,1.0,3,proc_sha256:94e3b20d64deb78f45ecde9a4d12961c75b89d3f13fc7dd3525baefbd07a7dcd,proc_sha256:b1b3c0fa03e7191b843fc01f7ff6c99b1f171ec80e10889d3f0cf6c5b224011b,False,False,False,False,False,False
2020-06-23,2020-06-22,0.07,0.08,-1.0,1.0,1,proc_sha256:e265dcc8b2fa76fbfa5a1ca5b715567be92ef8f1116c948c09e63b07e23f1a44,proc_sha256:94e3b20d64deb78f45ecde9a4d12961c75b89d3f13fc7dd3525baefbd07a7dcd,False,False,False,False,False,False
2020-06-24,2020-06-23,0.08,0.07,1.0,1.0,1,proc_sha256:9ae1eebe7d72f76d492371dad26158d95bf83ec5b5aa712fb5d6aaac24e44e52,proc_sha256:e265dcc8b2fa76fbfa5a1ca5b715567be92ef8f1116c948c09e63b07e23f1a44,False,False,False,False,False,False
2020-06-25,2020-06-24,0.09,0.08,1.0,1.0,1,proc_sha256:96e3692d3f0edb1f3fe2b8304709473ad9f8dfc38a4e5f2c935da9166310f720,proc_sha256:9ae1eebe7d72f76d492371dad26158d95bf83ec5b5aa712fb5d6aaac24e44e52,False,False,False,False,False,False
2020-06-26,2020-06-25,0.08,0.09,-1.0,1.0,1,proc_sha256:bf159c479a4db4a1dba6ba2ea9140f169ffd8cf28187d2e074556876e2492f7b,proc_sha256:96e3692d3f0edb1f3fe2b8304709473ad9f8dfc38a4e5f2c935da9166310f720,False,False,False,False,False,False
2020-06-29,2020-06-26,0.08,0.08,0.0,0.0,3,proc_sha256:6c81e13d9057666f151728715b1590d939d2ffa11a507499476932f3cb587663,proc_sha256:bf159c479a4db4a1dba6ba2ea9140f169ffd8cf28187d2e074556876e2492f7b,False,False,False,True,True,False
2020-06-30,2020-06-29,0.1,0.08,2.0,2.0,1,proc_sha256:8ebc9b0524e302fb87885a285b6308064c13a9108727e342d6629f25ad310714,proc_sha256:6c81e13d9057666f151728715b1590d939d2ffa11a507499476932f3cb587663,True,True,False,True,True,False
2020-07-01,2020-06-30,0.11,0.1,1.0,1.0,1,proc_sha256:12e1fe9d6065e5595c5450ec83df87940fb1d738f19f2a1355fc318fd39d2d73,proc_sha256:8ebc9b0524e302fb87885a285b6308064c13a9108727e342d6629f25ad310714,False,False,False,True,True,False
2020-07-02,2020-07-01,0.11,0.11,0.0,0.0,1,proc_sha256:7e8c488cf3925cb18be4a423cd5440b50a41454088fb7e5ab3e062638552231a,proc_sha256:12e1fe9d6065e5595c5450ec83df87940fb1d738f19f2a1355fc318fd39d2d73,False,False,False,False,False,False
2020-07-06,2020-07-02,0.1,0.11,-1.0,1.0,4,proc_sha256:9793e3490310417bcf950e85a5d98a44cc6e4b0397d898835ce1fdb34baff12a,proc_sha256:7e8c488cf3925cb18be4a423cd5440b50a41454088fb7e5ab3e062638552231a,False,False,False,False,False,False
2020-07-07,2020-07-06,0.1,0.1,0.0,0.0,1,proc_sha256:0d0d5f0158595a2bc808048fe59a30661db0c7758cb684c5b1efea55f9a91b80,proc_sha256:9793e3490310417bcf950e85a5d98a44cc6e4b0397d898835ce1fdb34baff12a,False,False,False,False,False,False
2020-07-08,2020-07-07,0.1,0.1,0.0,0.0,1,proc_sha256:ce035414974dfd426711b6b3da439a663bc3c34ca9813ea6f7bae1649e962a7f,proc_sha256:0d0d5f0158595a2bc808048fe59a30661db0c7758cb684c5b1efea55f9a91b80,False,False,False,False,False,False
2020-07-09,2020-07-08,0.1,0.1,0.0,0.0,1,proc_sha256:cfb35687d37f7acc3200865ebe8eb3537e4d976c88f18c6bc548a22fc8ede28b,proc_sha256:ce035414974dfd426711b6b3da439a663bc3c34ca9813ea6f7bae1649e962a7f,False,False,False,False,False,False
2020-07-10,2020-07-09,0.1,0.1,0.0,0.0,1,proc_sha256:01f3222876cf73b06343551f36f88c1cf8706d50986f8ec0599a130fa76df838,proc_sha256:cfb35687d37f7acc3200865ebe8eb3537e4d976c88f18c6bc548a22fc8ede28b,False,False,False,False,False,False
2020-07-13,2020-07-10,0.1,0.1,0.0,0.0,3,proc_sha256:5ce124e6123235e3fa21eeea62c083412d9510b7e6cbcf4818227dcb253f68ec,proc_sha256:01f3222876cf73b06343551f36f88c1cf8706d50986f8ec0599a130fa76df838,False,False,False,False,False,False
2020-07-14,2020-07-13,0.11,0.1,1.0,1.0,1,proc_sha256:57494a0f50b0b269cb0b3da07c0dab5df67366e7f612ec451e1b4ae0a861cf17,proc_sha256:5ce124e6123235e3fa21eeea62c083412d9510b7e6cbcf4818227dcb253f68ec,False,False,False,False,False,False
2020-07-15,2020-07-14,0.13,0.11,2.0,2.0,1,proc_sha256:f5a8775630bd2ea657372b9103658940c9162beb04f3aebe9199b4e2f767b1d1,proc_sha256:57494a0f50b0b269cb0b3da07c0dab5df67366e7f612ec451e1b4ae0a861cf17,False,False,False,False,False,False
2020-07-16,2020-07-15,0.12,0.13,-1.0,1.0,1,proc_sha256:a150f5f26e98914de0441e92014f8e67385bdeb300c6dcba3e8a991c4fe58f1d,proc_sha256:f5a8775630bd2ea657372b9103658940c9162beb04f3aebe9199b4e2f767b1d1,False,False,False,False,False,False
2020-07-17,2020-07-16,0.12,0.12,0.0,0.0,1,proc_sha256:3d62420c1332e45d5e38cec12ab5de02e59342538a9521184d2b19bf155f6942,proc_sha256:a150f5f26e98914de0441e92014f8e67385bdeb300c6dcba3e8a991c4fe58f1d,False,False,False,False,False,False
2020-07-20,2020-07-17,0.12,0.12,0.0,0.0,3,proc_sha256:55a31cea4f3ea35267cbc2bb53aeed249da27e2b63a5ce2c330d34fc58d6a766,proc_sha256:3d62420c1332e45d5e38cec12ab5de02e59342538a9521184d2b19bf155f6942,False,False,False,False,False,False
2020-07-21,2020-07-20,0.11,0.12,-1.0,1.0,1,proc_sha256:78ed23a2f5bf867b6f4091bc2e31f2444ff8f1a0bb7a22df8283eebb91d9044f,proc_sha256:55a31cea4f3ea35267cbc2bb53aeed249da27e2b63a5ce2c330d34fc58d6a766,False,False,False,False,False,False
2020-07-22,2020-07-21,0.1,0.11,-1.0,1.0,1,proc_sha256:47ab2830b6a94f532875585279649a9aa68439d1763a6939757c212e140e1da2,proc_sha256:78ed23a2f5bf867b6f4091bc2e31f2444ff8f1a0bb7a22df8283eebb91d9044f,False,False,False,False,False,False
2020-07-23,2020-07-22,0.1,0.1,0.0,0.0,1,proc_sha256:68143d2747f63322a221b7bcb1ebf0a48d7e3b4163642c83c66d920886e5c2b2,proc_sha256:47ab2830b6a94f532875585279649a9aa68439d1763a6939757c212e140e1da2,False,False,False,False,False,False
2020-07-24,2020-07-23,0.1,0.1,0.0,0.0,1,proc_sha256:660fe8d5edf15f40070546264726e7c0a925c1c8c640e0f83dababbf01334730,proc_sha256:68143d2747f63322a221b7bcb1ebf0a48d7e3b4163642c83c66d920886e5c2b2,False,False,False,False,False,False
2020-07-27,2020-07-24,0.1,0.1,0.0,0.0,3,proc_sha256:89f19d4cd9eae40c1813e83fd492718af54c3b3332d2c96bbc24e6b7a3f22378,proc_sha256:660fe8d5edf15f40070546264726e7c0a925c1c8c640e0f83dababbf01334730,False,False,False,False,False,False
2020-07-28,2020-07-27,0.1,0.1,0.0,0.0,1,proc_sha256:73326b74f6b6a223a525ff35c1367b228eb8e49fe722cfc1fd78be6b83ad7a0c,proc_sha256:89f19d4cd9eae40c1813e83fd492718af54c3b3332d2c96bbc24e6b7a3f22378,False,False,False,False,False,False
2020-07-29,2020-07-28,0.09,0.1,-1.0,1.0,1,proc_sha256:cd37ed385dea751edadc3339f679230ddf1864b831896800b4be653e87a8316c,proc_sha256:73326b74f6b6a223a525ff35c1367b228eb8e49fe722cfc1fd78be6b83ad7a0c,False,False,False,False,False,False
2020-07-30,2020-07-29,0.1,0.09,1.0,1.0,1,proc_sha256:0adc27ab05d844f272becb9e87d57505c5ba62e5e198184593b167d562c49cec,proc_sha256:cd37ed385dea751edadc3339f679230ddf1864b831896800b4be653e87a8316c,False,False,False,True,False,False
2020-07-31,2020-07-30,0.1,0.1,0.0,0.0,1,proc_sha256:1604a7427540d985db396c93ba3240f32429662b449e28c3ed7aa1a84c7e5a39,proc_sha256:0adc27ab05d844f272becb9e87d57505c5ba62e5e198184593b167d562c49cec,True,False,False,True,False,False
2020-08-03,2020-07-31,0.1,0.1,0.0,0.0,3,proc_sha256:b65fed9eb6358cef7b5a53b3e10be4afb78a08b91c60781670cedcf7bdd5ba3d,proc_sha256:1604a7427540d985db396c93ba3240f32429662b449e28c3ed7aa1a84c7e5a39,False,False,False,True,False,False
2020-08-04,2020-08-03,0.09,0.1,-1.0,1.0,1,proc_sha256:0361c6d7d6402c08cea37309e2adb0b8a6ca114c5699d0b4df12732d8757051a,proc_sha256:b65fed9eb6358cef7b5a53b3e10be4afb78a08b91c60781670cedcf7bdd5ba3d,False,False,False,False,False,False
2020-08-05,2020-08-04,0.09,0.09,0.0,0.0,1,proc_sha256:2ddcf13cab96dea997e34015f475a0b2a2eee5f4e95e72af602269fff1bd88e6,proc_sha256:0361c6d7d6402c08cea37309e2adb0b8a6ca114c5699d0b4df12732d8757051a,False,False,False,False,False,False
2020-08-06,2020-08-05,0.09,0.09,0.0,0.0,1,proc_sha256:bbb36ba126ae38ba076f22eb10936a6d4b26f7efa2d2eed14b9160413cc52b32,proc_sha256:2ddcf13cab96dea997e34015f475a0b2a2eee5f4e95e72af602269fff1bd88e6,False,False,False,False,False,False
2020-08-07,2020-08-06,0.09,0.09,0.0,0.0,1,proc_sha256:f623c6aec7107a3fcdf202e030b7c6fed60575a228e93ffbbb05f68ab18c6a73,proc_sha256:bbb36ba126ae38ba076f22eb10936a6d4b26f7efa2d2eed14b9160413cc52b32,False,False,False,False,False,False
2020-08-10,2020-08-07,0.09,0.09,0.0,0.0,3,proc_sha256:dbfc605c001ff48000adac22fde4b31a5e10428426bbb99579960da4d3e64162,proc_sha256:f623c6aec7107a3fcdf202e030b7c6fed60575a228e93ffbbb05f68ab18c6a73,False,False,False,False,False,False
2020-08-11,2020-08-10,0.1,0.09,1.0,1.0,1,proc_sha256:12251b1d2353c3b6b7c1b9aabd081498c312a7c1815b40e07e7cb78484e8a688,proc_sha256:dbfc605c001ff48000adac22fde4b31a5e10428426bbb99579960da4d3e64162,False,False,False,False,False,False
2020-08-12,2020-08-11,0.09,0.1,-1.0,1.0,1,proc_sha256:92903e3f46459e5803c351baa8347763d77ace73ea49a9e88468fdeb1daa4eaf,proc_sha256:12251b1d2353c3b6b7c1b9aabd081498c312a7c1815b40e07e7cb78484e8a688,False,False,False,False,False,False
2020-08-13,2020-08-12,0.09,0.09,0.0,0.0,1,proc_sha256:648da8e1fd8ab9340231f28b70cd70b174afa99cd4d44e6f1e260ae8196a0dcb,proc_sha256:92903e3f46459e5803c351baa8347763d77ace73ea49a9e88468fdeb1daa4eaf,False,False,False,False,False,False
2020-08-14,2020-08-13,0.09,0.09,0.0,0.0,1,proc_sha256:cbfb8144512f1869f1bab8a0299fdca77edf67487e4593e36e6e42201b6334df,proc_sha256:648da8e1fd8ab9340231f28b70cd70b174afa99cd4d44e6f1e260ae8196a0dcb,False,False,False,False,False,False
2020-08-17,2020-08-14,0.1,0.09,1.0,1.0,3,proc_sha256:760172566ca3fb09ac68f9c94f5599cb03eac5383c59410a8be2c8a3b5225b52,proc_sha256:cbfb8144512f1869f1bab8a0299fdca77edf67487e4593e36e6e42201b6334df,False,False,False,False,False,False
2020-08-18,2020-08-17,0.09,0.1,-1.0,1.0,1,proc_sha256:4cf2eecbfd99e600386211180fef46b885b6be3fdf9dd2be69a0583bd9473b41,proc_sha256:760172566ca3fb09ac68f9c94f5599cb03eac5383c59410a8be2c8a3b5225b52,False,False,False,False,False,False
2020-08-19,2020-08-18,0.09,0.09,0.0,0.0,1,proc_sha256:6a982b2e14e3731c0fedafd9d5d478c7528a5e398890250fa02b58a3cc1cebc1,proc_sha256:4cf2eecbfd99e600386211180fef46b885b6be3fdf9dd2be69a0583bd9473b41,False,False,False,False,False,False
2020-08-20,2020-08-19,0.07,0.09,-2.0,2.0,1,proc_sha256:89c0b66ffdeca3c12b773881c312c6c0e119d19eaba662d5196aa94f298c516e,proc_sha256:6a982b2e14e3731c0fedafd9d5d478c7528a5e398890250fa02b58a3cc1cebc1,False,False,False,False,False,False
2020-08-21,2020-08-20,0.07,0.07,0.0,0.0,1,proc_sha256:d9851bf36b42fe38c68a5ac191d78ae83e8c8d73c955d59738382a64d7d5d92e,proc_sha256:89c0b66ffdeca3c12b773881c312c6c0e119d19eaba662d5196aa94f298c516e,False,False,False,False,False,False
2020-08-24,2020-08-21,0.08,0.07,1.0,1.0,3,proc_sha256:366240a5886c4b200336c0f6bc1c780fbf6956d6944ebdb8f60d0472735b37ae,proc_sha256:d9851bf36b42fe38c68a5ac191d78ae83e8c8d73c955d59738382a64d7d5d92e,False,False,False,False,False,False
2020-08-25,2020-08-24,0.08,0.08,0.0,0.0,1,proc_sha256:92aecb9585001b6f7087128fcd7c6c016e772080e1ba8477d3759179aa1104ed,proc_sha256:366240a5886c4b200336c0f6bc1c780fbf6956d6944ebdb8f60d0472735b37ae,False,False,False,False,False,False
2020-08-26,2020-08-25,0.07,0.08,-1.0,1.0,1,proc_sha256:5ff8d8782b596ea02a47ba432abeeacc7a9a5b7956ea833a2730664b0939c2b5,proc_sha256:92aecb9585001b6f7087128fcd7c6c016e772080e1ba8477d3759179aa1104ed,False,False,False,False,False,False
2020-08-27,2020-08-26,0.07,0.07,0.0,0.0,1,proc_sha256:86611e9097f54f92902287129b9bc178a76930be07e0289779123f643ed64524,proc_sha256:5ff8d8782b596ea02a47ba432abeeacc7a9a5b7956ea833a2730664b0939c2b5,False,False,False,False,False,False
2020-08-28,2020-08-27,0.07,0.07,0.0,0.0,1,proc_sha256:15683fc3ecfe7397cba03edc31f16465b4fb609d5ec9361ab68f5b914bdc8334,proc_sha256:86611e9097f54f92902287129b9bc178a76930be07e0289779123f643ed64524,False,False,False,True,False,False
2020-08-31,2020-08-28,0.09,0.07,2.0,2.0,3,proc_sha256:6c967fba015c7fe48275a4c04a625f995814166c3b8823ceb2c07836d67bd8ca,proc_sha256:15683fc3ecfe7397cba03edc31f16465b4fb609d5ec9361ab68f5b914bdc8334,True,False,False,True,False,False
2020-09-01,2020-08-31,0.09,0.09,0.0,0.0,1,proc_sha256:54bcb987a918d9cbbfbae71228bee066196bbecde44e1e32f03dba4c674e25a2,proc_sha256:6c967fba015c7fe48275a4c04a625f995814166c3b8823ceb2c07836d67bd8ca,False,False,False,True,False,False
2020-09-02,2020-09-01,0.09,0.09,0.0,0.0,1,proc_sha256:ed170b9ae0c23a7a5d31e7f321fc717aa0c484d4eb2f4721c617cbf2db0a6bab,proc_sha256:54bcb987a918d9cbbfbae71228bee066196bbecde44e1e32f03dba4c674e25a2,False,False,False,False,False,False
2020-09-03,2020-09-02,0.1,0.09,1.0,1.0,1,proc_sha256:8c1ce58f148dfac85e2de6d3e5bdb17f482334aa3bbcdeaee00c419c7129b5fb,proc_sha256:ed170b9ae0c23a7a5d31e7f321fc717aa0c484d4eb2f4721c617cbf2db0a6bab,False,False,False,False,False,False
2020-09-04,2020-09-03,0.09,0.1,-1.0,1.0,1,proc_sha256:a47b1d806679c931630672e727e82f131f03ca0c4cc0ff7470a3de3c19bcc022,proc_sha256:8c1ce58f148dfac85e2de6d3e5bdb17f482334aa3bbcdeaee00c419c7129b5fb,False,False,False,False,False,False
2020-09-08,2020-09-04,0.09,0.09,0.0,0.0,4,proc_sha256:a41bdd1db290776ba28abf838f6fc9045fa673d81f6d4daae473f35755e69d3c,proc_sha256:a47b1d806679c931630672e727e82f131f03ca0c4cc0ff7470a3de3c19bcc022,False,False,False,False,False,False
2020-09-09,2020-09-08,0.09,0.09,0.0,0.0,1,proc_sha256:d33928d97efdfda7c961e15b3b9ddd68f50c57c7fd8857145092f7110781971c,proc_sha256:a41bdd1db290776ba28abf838f6fc9045fa673d81f6d4daae473f35755e69d3c,False,False,False,False,False,False
2020-09-10,2020-09-09,0.09,0.09,0.0,0.0,1,proc_sha256:8bf4806c938395ae1ea9792b96441de3caa0b2aea585950a39b0da1885cb3197,proc_sha256:d33928d97efdfda7c961e15b3b9ddd68f50c57c7fd8857145092f7110781971c,False,False,False,False,False,False
2020-09-11,2020-09-10,0.09,0.09,0.0,0.0,1,proc_sha256:2289405050302d36ef7759584aa480e1e145303b0349745093984d9b6f177289,proc_sha256:8bf4806c938395ae1ea9792b96441de3caa0b2aea585950a39b0da1885cb3197,False,False,False,False,False,False
2020-09-14,2020-09-11,0.09,0.09,0.0,0.0,3,proc_sha256:c7f873435863f543915084585e26a9c3346a5fba9b4d2426e647df2d87c448a0,proc_sha256:2289405050302d36ef7759584aa480e1e145303b0349745093984d9b6f177289,False,False,False,False,False,False
2020-09-15,2020-09-14,0.1,0.09,1.0,1.0,1,proc_sha256:6dc2d28eaa5ec4d57ab4e151a41aea12136d923fc1306af7205f843232c1cce5,proc_sha256:c7f873435863f543915084585e26a9c3346a5fba9b4d2426e647df2d87c448a0,False,False,False,False,False,False
2020-09-16,2020-09-15,0.1,0.1,0.0,0.0,1,proc_sha256:a4c10483bbb0bf59c7679f46b9c874b1ab02aeff0e0d8cb4b7f6bbfac93637d2,proc_sha256:6dc2d28eaa5ec4d57ab4e151a41aea12136d923fc1306af7205f843232c1cce5,False,False,False,False,False,False
2020-09-17,2020-09-16,0.1,0.1,0.0,0.0,1,proc_sha256:70dd65d62b0a92e5d298af80f510afb8afcdd6918099f17cb7f95e5c6e31ce89,proc_sha256:a4c10483bbb0bf59c7679f46b9c874b1ab02aeff0e0d8cb4b7f6bbfac93637d2,False,False,False,False,False,False
2020-09-18,2020-09-17,0.09,0.1,-1.0,1.0,1,proc_sha256:513d1da81e16c828081f9ef833057fd69b99a4a742ea0197d6f7efdba3662675,proc_sha256:70dd65d62b0a92e5d298af80f510afb8afcdd6918099f17cb7f95e5c6e31ce89,False,False,False,False,False,False
2020-09-21,2020-09-18,0.08,0.09,-1.0,1.0,3,proc_sha256:731a51ba1b12b06e3af90eed22f564a50402d1e29d075c5451e070377be25b22,proc_sha256:513d1da81e16c828081f9ef833057fd69b99a4a742ea0197d6f7efdba3662675,False,False,False,False,False,False
2020-09-22,2020-09-21,0.07,0.08,-1.0,1.0,1,proc_sha256:c260b2bea1bd3a58e280316ce882d86813184211cbc6ce6ff37b38102ed51124,proc_sha256:731a51ba1b12b06e3af90eed22f564a50402d1e29d075c5451e070377be25b22,False,False,False,False,False,False
2020-09-23,2020-09-22,0.06,0.07,-1.0,1.0,1,proc_sha256:3b678633accfff50681c68ce1db8759b5fa0a6a25571a656c606322596643491,proc_sha256:c260b2bea1bd3a58e280316ce882d86813184211cbc6ce6ff37b38102ed51124,False,False,False,False,False,False
2020-09-24,2020-09-23,0.07,0.06,1.0,1.0,1,proc_sha256:a3aa3cb61571dc6db19ce724fd7e8c094a8b0ef91fd636097a614a28ac54fa1b,proc_sha256:3b678633accfff50681c68ce1db8759b5fa0a6a25571a656c606322596643491,False,False,False,False,False,False
2020-09-25,2020-09-24,0.08,0.07,1.0,1.0,1,proc_sha256:37b5e75de297331c6c79c5c0bec8411c209ad24d40ade5827e46bb89c08d01d4,proc_sha256:a3aa3cb61571dc6db19ce724fd7e8c094a8b0ef91fd636097a614a28ac54fa1b,False,False,False,False,False,False
2020-09-28,2020-09-25,0.08,0.08,0.0,0.0,3,proc_sha256:e0206d3fe0807b20030db6fece6d445a152fc7bf3cfbbc6ad49c6d7557f1560d,proc_sha256:37b5e75de297331c6c79c5c0bec8411c209ad24d40ade5827e46bb89c08d01d4,False,False,False,False,False,False
2020-09-29,2020-09-28,0.07,0.08,-1.0,1.0,1,proc_sha256:88e04cb5ac9501d680b128d21e37601ba1db27d97a3bf746f888832f9d09cd02,proc_sha256:e0206d3fe0807b20030db6fece6d445a152fc7bf3cfbbc6ad49c6d7557f1560d,False,False,False,True,True,False
2020-09-30,2020-09-29,0.08,0.07,1.0,1.0,1,proc_sha256:94d51ba5ff2ef25930839cb0b33d00e4b4db52ea7c76a83ffacad9ebfa813a1a,proc_sha256:88e04cb5ac9501d680b128d21e37601ba1db27d97a3bf746f888832f9d09cd02,True,True,False,True,True,False
2020-10-01,2020-09-30,0.08,0.08,0.0,0.0,1,proc_sha256:706c77f6e9fe2d17c69d93a070930cb26fe53383500813e8f21455e65ce7b87c,proc_sha256:94d51ba5ff2ef25930839cb0b33d00e4b4db52ea7c76a83ffacad9ebfa813a1a,False,False,False,True,True,False
2020-10-02,2020-10-01,0.1,0.08,2.0,2.0,1,proc_sha256:fe5d873f64b00664a673c5de9154cab32bc6c2d88330a864599f48c8722e90fc,proc_sha256:706c77f6e9fe2d17c69d93a070930cb26fe53383500813e8f21455e65ce7b87c,False,False,False,False,False,False
2020-10-05,2020-10-02,0.09,0.1,-1.0,1.0,3,proc_sha256:77086090aea6bf588b6efc966d097308032da8f2c4e41e5ecf6f0c66a1e4f3c6,proc_sha256:fe5d873f64b00664a673c5de9154cab32bc6c2d88330a864599f48c8722e90fc,False,False,False,False,False,False
2020-10-06,2020-10-05,0.1,0.09,1.0,1.0,1,proc_sha256:fbacd81b1c74a96d32353b1acceaac828412bd28edfb4adeeaaf546f4f8ec441,proc_sha256:77086090aea6bf588b6efc966d097308032da8f2c4e41e5ecf6f0c66a1e4f3c6,False,False,False,False,False,False
2020-10-07,2020-10-06,0.09,0.1,-1.0,1.0,1,proc_sha256:8e84b23dd97b68998ae56cdef055b357506a9badfb89ce4ffe01376244802a86,proc_sha256:fbacd81b1c74a96d32353b1acceaac828412bd28edfb4adeeaaf546f4f8ec441,False,False,False,False,False,False
2020-10-08,2020-10-07,0.08,0.09,-1.0,1.0,1,proc_sha256:29239534c695721e6c93646a721634be77f43dac24a6ea17e00ae4d7cd2b6640,proc_sha256:8e84b23dd97b68998ae56cdef055b357506a9badfb89ce4ffe01376244802a86,False,False,False,False,False,False
2020-10-09,2020-10-08,0.09,0.08,1.0,1.0,1,proc_sha256:46c359b04736fdb9a7c236effecfb91ff39cf2a031026e5a5eccffd1dc531925,proc_sha256:29239534c695721e6c93646a721634be77f43dac24a6ea17e00ae4d7cd2b6640,False,False,False,False,False,False
2020-10-13,2020-10-09,0.09,0.09,0.0,0.0,4,proc_sha256:c4ee233597f5add1762b5ee958bb7948a31422a0ff37c1c03fa9245b46c9fe3a,proc_sha256:46c359b04736fdb9a7c236effecfb91ff39cf2a031026e5a5eccffd1dc531925,False,False,False,False,False,False
2020-10-14,2020-10-13,0.09,0.09,0.0,0.0,1,proc_sha256:e04f1f5d165e7d75be9e20e346c24fd39948df278c37374979f21cca193e5811,proc_sha256:c4ee233597f5add1762b5ee958bb7948a31422a0ff37c1c03fa9245b46c9fe3a,False,False,False,False,False,False
2020-10-15,2020-10-14,0.1,0.09,1.0,1.0,1,proc_sha256:eba8e969de70628ce08792ad634241ba4831217102243ad362493d40c490b7fb,proc_sha256:e04f1f5d165e7d75be9e20e346c24fd39948df278c37374979f21cca193e5811,False,False,False,False,False,False
2020-10-16,2020-10-15,0.09,0.1,-1.0,1.0,1,proc_sha256:0e8bb7f4a8a70bbd498bd7060f87f8d9af7a560521203f06c4c808a3f1051236,proc_sha256:eba8e969de70628ce08792ad634241ba4831217102243ad362493d40c490b7fb,False,False,False,False,False,False
2020-10-19,2020-10-16,0.09,0.09,0.0,0.0,3,proc_sha256:86714088833928128ee9a6c5fd48e938ddb77cb8e0907dc8faa9a7a542f1b7d7,proc_sha256:0e8bb7f4a8a70bbd498bd7060f87f8d9af7a560521203f06c4c808a3f1051236,False,False,False,False,False,False
2020-10-20,2020-10-19,0.08,0.09,-1.0,1.0,1,proc_sha256:3d1c252147330a27b9baa2fb19991726e5bfd229414d914bede9315349af66de,proc_sha256:86714088833928128ee9a6c5fd48e938ddb77cb8e0907dc8faa9a7a542f1b7d7,False,False,False,False,False,False
2020-10-21,2020-10-20,0.07,0.08,-1.0,1.0,1,proc_sha256:16885a9c1db755929e029f182444268f906a7dc0bac7e1f0a6fc95a3731683e9,proc_sha256:3d1c252147330a27b9baa2fb19991726e5bfd229414d914bede9315349af66de,False,False,False,False,False,False
2020-10-22,2020-10-21,0.07,0.07,0.0,0.0,1,proc_sha256:c822ed2abfa9190a828aa919511b6e03295212683f2ad4374a0ce2295de3b138,proc_sha256:16885a9c1db755929e029f182444268f906a7dc0bac7e1f0a6fc95a3731683e9,False,False,False,False,False,False
2020-10-23,2020-10-22,0.08,0.07,1.0,1.0,1,proc_sha256:d2c435b22348e4ec552c70584467b154a9954095aaef921d39d1ee289a6548e8,proc_sha256:c822ed2abfa9190a828aa919511b6e03295212683f2ad4374a0ce2295de3b138,False,False,False,False,False,False
2020-10-26,2020-10-23,0.09,0.08,1.0,1.0,3,proc_sha256:ef98b644dfb4d9c3bf425e881790fda0c9fe3440bc37c12ad2a5bbaa85cbacb8,proc_sha256:d2c435b22348e4ec552c70584467b154a9954095aaef921d39d1ee289a6548e8,False,False,False,False,False,False
2020-10-27,2020-10-26,0.09,0.09,0.0,0.0,1,proc_sha256:9633b17d3d9bf3db67fc509147b5a9e2425aecdcd64f0150b77966f1377ac5e6,proc_sha256:ef98b644dfb4d9c3bf425e881790fda0c9fe3440bc37c12ad2a5bbaa85cbacb8,False,False,False,False,False,False
2020-10-28,2020-10-27,0.08,0.09,-1.0,1.0,1,proc_sha256:fdd6dc9d9cf12233944ae483100a9bc7d419ba6bee6e6f886c56a44059405ff2,proc_sha256:9633b17d3d9bf3db67fc509147b5a9e2425aecdcd64f0150b77966f1377ac5e6,False,False,False,False,False,False
2020-10-29,2020-10-28,0.09,0.08,1.0,1.0,1,proc_sha256:0291d79128494fd1fa686ecbddd09b377f29c69f0cdb8667e199d965b2b42d78,proc_sha256:fdd6dc9d9cf12233944ae483100a9bc7d419ba6bee6e6f886c56a44059405ff2,False,False,False,True,False,False
2020-10-30,2020-10-29,0.09,0.09,0.0,0.0,1,proc_sha256:df0fdd92c91754e3a90146045deda4cf7ababe689db972e1328afe0850ee81f9,proc_sha256:0291d79128494fd1fa686ecbddd09b377f29c69f0cdb8667e199d965b2b42d78,True,False,False,True,False,False
2020-11-02,2020-10-30,0.11,0.09,2.0,2.0,3,proc_sha256:1b5ef2fe3cdb482000a85aa3710e143cfdcb59201eb4f0f2f8cd73db11cc3b50,proc_sha256:df0fdd92c91754e3a90146045deda4cf7ababe689db972e1328afe0850ee81f9,False,False,False,True,False,False
2020-11-03,2020-11-02,0.1,0.11,-1.0,1.0,1,proc_sha256:994357c56b7c7531036c0d6244ba0b872064c2019b15386d63866f1956ae03df,proc_sha256:1b5ef2fe3cdb482000a85aa3710e143cfdcb59201eb4f0f2f8cd73db11cc3b50,False,False,False,False,False,False
2020-11-04,2020-11-03,0.1,0.1,0.0,0.0,1,proc_sha256:0e084ed78869238934e40b6709acdd58c124f77ede50f9738e5e6dc95c90b531,proc_sha256:994357c56b7c7531036c0d6244ba0b872064c2019b15386d63866f1956ae03df,False,False,False,False,False,False
2020-11-05,2020-11-04,0.11,0.1,1.0,1.0,1,proc_sha256:370284e0959f442a53585afa7c6f9c4705ae84d4ccfdc0116cd5f5d7280704df,proc_sha256:0e084ed78869238934e40b6709acdd58c124f77ede50f9738e5e6dc95c90b531,False,False,False,False,False,False
2020-11-06,2020-11-05,0.1,0.11,-1.0,1.0,1,proc_sha256:3829945b61a14f68ab5239a0393f05628ab07d4d7fbe83e77404dcc3b849eaf4,proc_sha256:370284e0959f442a53585afa7c6f9c4705ae84d4ccfdc0116cd5f5d7280704df,False,False,False,False,False,False
2020-11-09,2020-11-06,0.1,0.1,0.0,0.0,3,proc_sha256:86a006251f9d887194ee865426df461c7c6fa3a08f6a84d29260ab661d7c1d5d,proc_sha256:3829945b61a14f68ab5239a0393f05628ab07d4d7fbe83e77404dcc3b849eaf4,False,False,False,False,False,False
2020-11-10,2020-11-09,0.1,0.1,0.0,0.0,1,proc_sha256:472131d91b010bdcdac189d8262dcb42f9dac134c811be987c3d0e841b4235da,proc_sha256:86a006251f9d887194ee865426df461c7c6fa3a08f6a84d29260ab661d7c1d5d,False,False,False,False,False,False
2020-11-12,2020-11-10,0.09,0.1,-1.0,1.0,2,proc_sha256:acf23113bfe870c8ca5908934b0503966630cbf4d526fd89c70fb7f708126ecd,proc_sha256:472131d91b010bdcdac189d8262dcb42f9dac134c811be987c3d0e841b4235da,False,False,False,False,False,False
2020-11-13,2020-11-12,0.09,0.09,0.0,0.0,1,proc_sha256:59c58c03b1f1c440d3ef353b3ccf017a46cb4010417165c4b62c9442e05e818f,proc_sha256:acf23113bfe870c8ca5908934b0503966630cbf4d526fd89c70fb7f708126ecd,False,False,False,False,False,False
2020-11-16,2020-11-13,0.1,0.09,1.0,1.0,3,proc_sha256:f2241b359e210ecf7a4aefde3814cc5f316a939bdbd5071cd5d36d1bc77e817b,proc_sha256:59c58c03b1f1c440d3ef353b3ccf017a46cb4010417165c4b62c9442e05e818f,False,False,False,False,False,False
2020-11-17,2020-11-16,0.09,0.1,-1.0,1.0,1,proc_sha256:adff224728667087e2ea9798806392f9b9a9dc69e0b4006f95c81d56e0747bc4,proc_sha256:f2241b359e210ecf7a4aefde3814cc5f316a939bdbd5071cd5d36d1bc77e817b,False,False,False,False,False,False
2020-11-18,2020-11-17,0.07,0.09,-2.0,2.0,1,proc_sha256:e779c64c5bd341dbf75a2d4f9a95ccb1a4dbf96c08f4425ac74d9c63550cf318,proc_sha256:adff224728667087e2ea9798806392f9b9a9dc69e0b4006f95c81d56e0747bc4,False,False,False,False,False,False
2020-11-19,2020-11-18,0.06,0.07,-1.0,1.0,1,proc_sha256:9a0f19e7757e3dbfb6178d2b4b23a5767a4e7a6312e92f04fa273c68df2a1744,proc_sha256:e779c64c5bd341dbf75a2d4f9a95ccb1a4dbf96c08f4425ac74d9c63550cf318,False,False,False,False,False,False
2020-11-20,2020-11-19,0.05,0.06,-1.0,1.0,1,proc_sha256:3fdc3c09f81d52c2aa470e10c55055c1074fd1b87357e4ec67cad01f32e3fc9d,proc_sha256:9a0f19e7757e3dbfb6178d2b4b23a5767a4e7a6312e92f04fa273c68df2a1744,False,False,False,False,False,False
2020-11-23,2020-11-20,0.05,0.05,0.0,0.0,3,proc_sha256:2f9e920c50502fcd20e50a68431af4f9ec2ebdd4be6826854e5cc44667eae317,proc_sha256:3fdc3c09f81d52c2aa470e10c55055c1074fd1b87357e4ec67cad01f32e3fc9d,False,False,False,False,False,False
2020-11-24,2020-11-23,0.07,0.05,2.0,2.0,1,proc_sha256:a938026262ded0dcf9d8d0ecf1e5ffac845e6ed34b230c0eb7a22caa11a82ba8,proc_sha256:2f9e920c50502fcd20e50a68431af4f9ec2ebdd4be6826854e5cc44667eae317,False,False,False,False,False,False
2020-11-25,2020-11-24,0.08,0.07,1.0,1.0,1,proc_sha256:0dd10e1fc2130f70238445ff4732a715c45c013bf7ad1b24537780bef83077dd,proc_sha256:a938026262ded0dcf9d8d0ecf1e5ffac845e6ed34b230c0eb7a22caa11a82ba8,False,False,False,False,False,False
2020-11-27,2020-11-25,0.08,0.08,0.0,0.0,2,proc_sha256:c4a77582d8c69ab82b520f7861c6e9bc672f8f68283fbb72da0acd7e10f72576,proc_sha256:0dd10e1fc2130f70238445ff4732a715c45c013bf7ad1b24537780bef83077dd,False,False,False,True,False,False
2020-11-30,2020-11-27,0.09,0.08,1.0,1.0,3,proc_sha256:bd0bc241e63ecfb6e7151992139bcd83531cd4d112509da6e4cb1c4ce09b25d6,proc_sha256:c4a77582d8c69ab82b520f7861c6e9bc672f8f68283fbb72da0acd7e10f72576,True,False,False,True,False,False
2020-12-01,2020-11-30,0.08,0.09,-1.0,1.0,1,proc_sha256:ef1c062f5faaf132d8fe53cb817dfd4160ce1e265dfa72ed88ba568c65fb3ed9,proc_sha256:bd0bc241e63ecfb6e7151992139bcd83531cd4d112509da6e4cb1c4ce09b25d6,False,False,False,True,False,False
2020-12-02,2020-12-01,0.08,0.08,0.0,0.0,1,proc_sha256:382169ef97bb4e77c114507ddf6de5c5a545524c676d2b4b16df5c72dfb2f7fa,proc_sha256:ef1c062f5faaf132d8fe53cb817dfd4160ce1e265dfa72ed88ba568c65fb3ed9,False,False,False,False,False,False
2020-12-03,2020-12-02,0.08,0.08,0.0,0.0,1,proc_sha256:b44b7c440d20d9fe6e6e0929df29d6ec1456439f4ebc09de55f9fb647ca01842,proc_sha256:382169ef97bb4e77c114507ddf6de5c5a545524c676d2b4b16df5c72dfb2f7fa,False,False,False,False,False,False
2020-12-04,2020-12-03,0.09,0.08,1.0,1.0,1,proc_sha256:a3aced68481f89942f0c71acc7e757ef9b40d23b04d6333d3b3501084bf73334,proc_sha256:b44b7c440d20d9fe6e6e0929df29d6ec1456439f4ebc09de55f9fb647ca01842,False,False,False,False,False,False
2020-12-07,2020-12-04,0.08,0.09,-1.0,1.0,3,proc_sha256:5853be439d4158dc5de97ba2abb2f64a4d28fec21fe76e63cec75c0b5e533f1f,proc_sha256:a3aced68481f89942f0c71acc7e757ef9b40d23b04d6333d3b3501084bf73334,False,False,False,False,False,False
2020-12-08,2020-12-07,0.07,0.08,-1.0,1.0,1,proc_sha256:44f1dae30ef47103cb86f9df6c4fda6a833f44adc3617ace9863a787e6eb2729,proc_sha256:5853be439d4158dc5de97ba2abb2f64a4d28fec21fe76e63cec75c0b5e533f1f,False,False,False,False,False,False
2020-12-09,2020-12-08,0.08,0.07,1.0,1.0,1,proc_sha256:d7f6cd74d83072ef66b4c7af3646eb518994f6ae84c8cc681bc04ec48337166e,proc_sha256:44f1dae30ef47103cb86f9df6c4fda6a833f44adc3617ace9863a787e6eb2729,False,False,False,False,False,False
2020-12-10,2020-12-09,0.08,0.08,0.0,0.0,1,proc_sha256:8dbcd45f40667c315d6f32dfa994737d02186ac073277990d7c1a6a8ebdc1f4e,proc_sha256:d7f6cd74d83072ef66b4c7af3646eb518994f6ae84c8cc681bc04ec48337166e,False,False,False,False,False,False
2020-12-11,2020-12-10,0.08,0.08,0.0,0.0,1,proc_sha256:f8b9e2bdafe3f5c743ffc3ac06c36d39141f9612eaa7a99915d9ad260fe885cc,proc_sha256:8dbcd45f40667c315d6f32dfa994737d02186ac073277990d7c1a6a8ebdc1f4e,False,False,False,False,False,False
2020-12-14,2020-12-11,0.08,0.08,0.0,0.0,3,proc_sha256:f659db57b804306229a566d504126532d88764f4f1ddd2ff650127456d82e4b1,proc_sha256:f8b9e2bdafe3f5c743ffc3ac06c36d39141f9612eaa7a99915d9ad260fe885cc,False,False,False,False,False,False
2020-12-15,2020-12-14,0.09,0.08,1.0,1.0,1,proc_sha256:5061099488eba31d3546e2602beb978aab597fc06d4d0e87105be31c6ae1f2ed,proc_sha256:f659db57b804306229a566d504126532d88764f4f1ddd2ff650127456d82e4b1,False,False,False,False,False,False
2020-12-16,2020-12-15,0.09,0.09,0.0,0.0,1,proc_sha256:02126d882ee1c541add11342ca605f843d349ea058b4889a12ec1b11e1f0e588,proc_sha256:5061099488eba31d3546e2602beb978aab597fc06d4d0e87105be31c6ae1f2ed,False,False,False,False,False,False
2020-12-17,2020-12-16,0.09,0.09,0.0,0.0,1,proc_sha256:df9b1b37854bccd55eba99b33100933e0023661e835d25651b2fd7899bb4cec6,proc_sha256:02126d882ee1c541add11342ca605f843d349ea058b4889a12ec1b11e1f0e588,False,False,False,False,False,False
2020-12-18,2020-12-17,0.09,0.09,0.0,0.0,1,proc_sha256:8186ea9ab30afdc2ef086f9bea891d1010ed6d02ddd5a530bafedeb6d4fe60c2,proc_sha256:df9b1b37854bccd55eba99b33100933e0023661e835d25651b2fd7899bb4cec6,False,False,False,False,False,False
2020-12-21,2020-12-18,0.09,0.09,0.0,0.0,3,proc_sha256:d464c2a727fbb3989bb0a1538fce2cece59282c699a9f46950131bd2d1153e21,proc_sha256:8186ea9ab30afdc2ef086f9bea891d1010ed6d02ddd5a530bafedeb6d4fe60c2,False,False,False,False,False,False
2020-12-22,2020-12-21,0.07,0.09,-2.0,2.0,1,proc_sha256:8123eadc58c3d626484e16351e40ccf7038199165cd47d13de6bbdc192fb79f4,proc_sha256:d464c2a727fbb3989bb0a1538fce2cece59282c699a9f46950131bd2d1153e21,False,False,False,False,False,False
2020-12-23,2020-12-22,0.06,0.07,-1.0,1.0,1,proc_sha256:8009054b93e5a52061fd922721e3518f543aeab873826bbfc0a66c6d7a4e1967,proc_sha256:8123eadc58c3d626484e16351e40ccf7038199165cd47d13de6bbdc192fb79f4,False,False,False,False,False,False
2020-12-24,2020-12-23,0.08,0.06,2.0,2.0,1,proc_sha256:0c7ab6f9629578a0808730c1396bca69cc51c398bbd480007ba2685fcff360a1,proc_sha256:8009054b93e5a52061fd922721e3518f543aeab873826bbfc0a66c6d7a4e1967,False,False,False,False,False,False
2020-12-28,2020-12-24,0.09,0.08,1.0,1.0,4,proc_sha256:753ba57fc5841f6c35ca88619172ed4888332a90c74d4653607f3e63f9145787,proc_sha256:0c7ab6f9629578a0808730c1396bca69cc51c398bbd480007ba2685fcff360a1,False,False,False,False,False,False
2020-12-29,2020-12-28,0.1,0.09,1.0,1.0,1,proc_sha256:a045ba558d05141fa4c34f1c9588795bd5e60dbf138870484d510ec5393ee1c4,proc_sha256:753ba57fc5841f6c35ca88619172ed4888332a90c74d4653607f3e63f9145787,False,False,False,False,False,False
2020-12-30,2020-12-29,0.09,0.1,-1.0,1.0,1,proc_sha256:5b71f00ddb304bcaf4a95ee120c621b02e8a9103f93a8f5db44a6b731255a241,proc_sha256:a045ba558d05141fa4c34f1c9588795bd5e60dbf138870484d510ec5393ee1c4,False,False,False,True,True,True
2020-12-31,2020-12-30,0.07,0.09,-2.0,2.0,1,proc_sha256:e7695891bb082a102566c58e09043261269d907351f233d0a8956d7c4cfe9f71,proc_sha256:5b71f00ddb304bcaf4a95ee120c621b02e8a9103f93a8f5db44a6b731255a241,True,True,True,True,True,True
2021-01-04,2020-12-31,0.1,0.07,3.0,3.0,4,proc_sha256:dfa49c677e99d87c3867e404f2e0c1bde19ed9f7fce88f84a15dd0e4137eab91,proc_sha256:e7695891bb082a102566c58e09043261269d907351f233d0a8956d7c4cfe9f71,False,False,False,True,True,True
2021-01-05,2021-01-04,0.11,0.1,1.0,1.0,1,proc_sha256:459ef3b0dd6df0af02b8f9c7c47645f4f6fa3a9852de051415a31c0dc4f1b6ec,proc_sha256:dfa49c677e99d87c3867e404f2e0c1bde19ed9f7fce88f84a15dd0e4137eab91,False,False,False,False,False,False
2021-01-06,2021-01-05,0.1,0.11,-1.0,1.0,1,proc_sha256:0bae501114043d744b897e8e32e02dd592fc4c83c00c8c69a6dc642896b6b3b7,proc_sha256:459ef3b0dd6df0af02b8f9c7c47645f4f6fa3a9852de051415a31c0dc4f1b6ec,False,False,False,False,False,False
2021-01-07,2021-01-06,0.1,0.1,0.0,0.0,1,proc_sha256:fbe4779fcdb1609f0f93b9e3d5b5db85c4e5d9c8af8cff9e851adb04407fb21a,proc_sha256:0bae501114043d744b897e8e32e02dd592fc4c83c00c8c69a6dc642896b6b3b7,False,False,False,False,False,False
2021-01-08,2021-01-07,0.09,0.1,-1.0,1.0,1,proc_sha256:40fd3d3ef29bd919bffacf35b0297738a5d355267c697980216a51e5a50bb006,proc_sha256:fbe4779fcdb1609f0f93b9e3d5b5db85c4e5d9c8af8cff9e851adb04407fb21a,False,False,False,False,False,False
2021-01-11,2021-01-08,0.09,0.09,0.0,0.0,3,proc_sha256:c88030167ea6f319dd09d9c6ea6edcf060f086ed53e2badb45679975a0a422fd,proc_sha256:40fd3d3ef29bd919bffacf35b0297738a5d355267c697980216a51e5a50bb006,False,False,False,False,False,False
2021-01-12,2021-01-11,0.08,0.09,-1.0,1.0,1,proc_sha256:60b256cc03c3e5c2d0af381949922469c238c2a0e0e4a788c1da93729ac6b476,proc_sha256:c88030167ea6f319dd09d9c6ea6edcf060f086ed53e2badb45679975a0a422fd,False,False,False,False,False,False
2021-01-13,2021-01-12,0.08,0.08,0.0,0.0,1,proc_sha256:f562ca05715060364d3cda42fd53ff18a5158473688059f4a5d73d94c552cb97,proc_sha256:60b256cc03c3e5c2d0af381949922469c238c2a0e0e4a788c1da93729ac6b476,False,False,False,False,False,False
2021-01-14,2021-01-13,0.08,0.08,0.0,0.0,1,proc_sha256:50d2ec2e5b31bf16d557b4058b2a2fc237f2c78f4d6117f2101fa9ceac50b6a7,proc_sha256:f562ca05715060364d3cda42fd53ff18a5158473688059f4a5d73d94c552cb97,False,False,False,False,False,False
2021-01-15,2021-01-14,0.08,0.08,0.0,0.0,1,proc_sha256:7204e3a405c71d07a770028f9c11714086efdab1eb9d96ed07a681f869a172b8,proc_sha256:50d2ec2e5b31bf16d557b4058b2a2fc237f2c78f4d6117f2101fa9ceac50b6a7,False,False,False,False,False,False
2021-01-19,2021-01-15,0.07,0.08,-1.0,1.0,4,proc_sha256:64bb8f9d86104a2ec8df840bdc0760cfad0d586d24d5d333a9f4b4efe62ef5c5,proc_sha256:7204e3a405c71d07a770028f9c11714086efdab1eb9d96ed07a681f869a172b8,False,False,False,False,False,False
2021-01-20,2021-01-19,0.06,0.07,-1.0,1.0,1,proc_sha256:bba57b4fcc088ee3d5da22b0157366718ab70ee718e9360a938430d4a69af3bd,proc_sha256:64bb8f9d86104a2ec8df840bdc0760cfad0d586d24d5d333a9f4b4efe62ef5c5,False,False,False,False,False,False
2021-01-21,2021-01-20,0.04,0.06,-2.0,2.0,1,proc_sha256:31817642081bd5ecae164b4e5d133ff4a47fd6c6940c57337a3a564c62862ba2,proc_sha256:bba57b4fcc088ee3d5da22b0157366718ab70ee718e9360a938430d4a69af3bd,False,False,False,False,False,False
2021-01-22,2021-01-21,0.05,0.04,1.0,1.0,1,proc_sha256:a40d30195ebadf2f7e4bcd899f3f8c87c00933c822ce8ed46280c2a2714b9218,proc_sha256:31817642081bd5ecae164b4e5d133ff4a47fd6c6940c57337a3a564c62862ba2,False,False,False,False,False,False
2021-01-25,2021-01-22,0.06,0.05,1.0,1.0,3,proc_sha256:b85852910a6a68391834f06678b72276d6ffd47baef54498e9406899834b26ff,proc_sha256:a40d30195ebadf2f7e4bcd899f3f8c87c00933c822ce8ed46280c2a2714b9218,False,False,False,False,False,False
2021-01-26,2021-01-25,0.03,0.06,-3.0,3.0,1,proc_sha256:b907d243984aac20b968141d8dc995583813ca5557a97cb85a5826cc45e86eb1,proc_sha256:b85852910a6a68391834f06678b72276d6ffd47baef54498e9406899834b26ff,False,False,False,False,False,False
2021-01-27,2021-01-26,0.03,0.03,0.0,0.0,1,proc_sha256:674fb72df293e25ad832f1a66f7bc541b9d781697cad58042b2532578bc6aeb0,proc_sha256:b907d243984aac20b968141d8dc995583813ca5557a97cb85a5826cc45e86eb1,False,False,False,False,False,False
2021-01-28,2021-01-27,0.04,0.03,1.0,1.0,1,proc_sha256:54f27312443985445ca12529275a1d15a2c25b00e3b216c3125e2245366a559f,proc_sha256:674fb72df293e25ad832f1a66f7bc541b9d781697cad58042b2532578bc6aeb0,False,False,False,True,False,False
2021-01-29,2021-01-28,0.06,0.04,2.0,2.0,1,proc_sha256:7558b2b6c654c654ce6f1a79ac5294bc99d61d63f5e5369fb1090d182055c5d5,proc_sha256:54f27312443985445ca12529275a1d15a2c25b00e3b216c3125e2245366a559f,True,False,False,True,False,False
2021-02-01,2021-01-29,0.07,0.06,1.0,1.0,3,proc_sha256:734378a33e2d93572cb0690faad0aa5e4c2fff2cb0503770a2a47180f51253bd,proc_sha256:7558b2b6c654c654ce6f1a79ac5294bc99d61d63f5e5369fb1090d182055c5d5,False,False,False,True,False,False
2021-02-02,2021-02-01,0.07,0.07,0.0,0.0,1,proc_sha256:11d7458bb6c7366f5f7e960cde2d285239f1a6ace9f8b2eb7963b6bf8211e030,proc_sha256:734378a33e2d93572cb0690faad0aa5e4c2fff2cb0503770a2a47180f51253bd,False,False,False,False,False,False
2021-02-03,2021-02-02,0.07,0.07,0.0,0.0,1,proc_sha256:baf874a484c90f23341f0e5f26a136dd548ef92d1e273f6d6d2d7ff075290b76,proc_sha256:11d7458bb6c7366f5f7e960cde2d285239f1a6ace9f8b2eb7963b6bf8211e030,False,False,False,False,False,False
2021-02-04,2021-02-03,0.05,0.07,-2.0,2.0,1,proc_sha256:8fa0654bec1b3cbf084ea7b069a5fa35c1eebb2c740dc9d6e706003b560ae9dc,proc_sha256:baf874a484c90f23341f0e5f26a136dd548ef92d1e273f6d6d2d7ff075290b76,False,False,False,False,False,False
2021-02-05,2021-02-04,0.02,0.05,-3.0,3.0,1,proc_sha256:341cca4816258a98c58ac62a4d81f5a7490440816a0a08fde2be0adfce81227b,proc_sha256:8fa0654bec1b3cbf084ea7b069a5fa35c1eebb2c740dc9d6e706003b560ae9dc,False,False,False,False,False,False
2021-02-08,2021-02-05,0.02,0.02,0.0,0.0,3,proc_sha256:c70aa5686a842e57e74ce7ebb6f31708fe4b8426988bcfc14c0a595c58bb1abb,proc_sha256:341cca4816258a98c58ac62a4d81f5a7490440816a0a08fde2be0adfce81227b,False,False,False,False,False,False
2021-02-09,2021-02-08,0.05,0.02,3.0,3.0,1,proc_sha256:6c0fee4f1a1004ce64a74e4b18bc8d74b0c58009a9da5324239c11716b9e565e,proc_sha256:c70aa5686a842e57e74ce7ebb6f31708fe4b8426988bcfc14c0a595c58bb1abb,False,False,False,False,False,False
2021-02-10,2021-02-09,0.06,0.05,1.0,1.0,1,proc_sha256:434aca265a936ca6da5836b949742edba5039c5095584ecdb11aa4a72f4e483c,proc_sha256:6c0fee4f1a1004ce64a74e4b18bc8d74b0c58009a9da5324239c11716b9e565e,False,False,False,False,False,False
2021-02-11,2021-02-10,0.06,0.06,0.0,0.0,1,proc_sha256:805f89851d5275e4650eb29467ac9190d8271f0576e654fe77262abcdadf5879,proc_sha256:434aca265a936ca6da5836b949742edba5039c5095584ecdb11aa4a72f4e483c,False,False,False,False,False,False
2021-02-12,2021-02-11,0.05,0.06,-1.0,1.0,1,proc_sha256:47ab68d7c48cb8a94735b2c2b9e84a55d3563232c900e06349173b1d8c721f88,proc_sha256:805f89851d5275e4650eb29467ac9190d8271f0576e654fe77262abcdadf5879,False,False,False,False,False,False
2021-02-16,2021-02-12,0.06,0.05,1.0,1.0,4,proc_sha256:c1c672406269d4f023017f0839ce29940d3054568e4f6525fc77653405bb1e62,proc_sha256:47ab68d7c48cb8a94735b2c2b9e84a55d3563232c900e06349173b1d8c721f88,False,False,False,False,False,False
2021-02-17,2021-02-16,0.06,0.06,0.0,0.0,1,proc_sha256:9796279d67b5c296bbd1ade09b852c66979b68f361f0671b473cff268809ffdf,proc_sha256:c1c672406269d4f023017f0839ce29940d3054568e4f6525fc77653405bb1e62,False,False,False,False,False,False
2021-02-18,2021-02-17,0.03,0.06,-3.0,3.0,1,proc_sha256:df07321d32abf6c3d9722ee1bd89b48686d5819d2b092dade67015587a0280c1,proc_sha256:9796279d67b5c296bbd1ade09b852c66979b68f361f0671b473cff268809ffdf,False,False,False,False,False,False
2021-02-19,2021-02-18,0.02,0.03,-1.0,1.0,1,proc_sha256:e602ca7098ab01c2f0ebb6224ec6d8a7c47c7f1454cee95bad1c51846624390b,proc_sha256:df07321d32abf6c3d9722ee1bd89b48686d5819d2b092dade67015587a0280c1,False,False,False,False,False,False
2021-02-22,2021-02-19,0.03,0.02,1.0,1.0,3,proc_sha256:e039dc1a4e2ce83deb71c91becb0b42e980ebf6e299c7b81026d6e6b2f5c789e,proc_sha256:e602ca7098ab01c2f0ebb6224ec6d8a7c47c7f1454cee95bad1c51846624390b,False,False,False,False,False,False
2021-02-23,2021-02-22,0.01,0.03,-2.0,2.0,1,proc_sha256:d646a0470c192e1ac96190ca329c3b9a0be2a627aea5ba7ed4e51c50fa94b7d4,proc_sha256:e039dc1a4e2ce83deb71c91becb0b42e980ebf6e299c7b81026d6e6b2f5c789e,False,False,False,False,False,False
2021-02-24,2021-02-23,0.02,0.01,1.0,1.0,1,proc_sha256:0885c6e7dab4413a3de86e7831f6915238e0c15b5680ff5a9058fa186eb90ea4,proc_sha256:d646a0470c192e1ac96190ca329c3b9a0be2a627aea5ba7ed4e51c50fa94b7d4,False,False,False,False,False,False
2021-02-25,2021-02-24,0.03,0.02,1.0,1.0,1,proc_sha256:5766bd9c7b11339107e44542083879e3fe71f12ccbc57ef9d880b8a655d28e9b,proc_sha256:0885c6e7dab4413a3de86e7831f6915238e0c15b5680ff5a9058fa186eb90ea4,False,False,False,True,False,False
2021-02-26,2021-02-25,0.01,0.03,-2.0,2.0,1,proc_sha256:275acb020dd8c7689f9d6d62901d29365a87988dead70f21ff2719de51d830e0,proc_sha256:5766bd9c7b11339107e44542083879e3fe71f12ccbc57ef9d880b8a655d28e9b,True,False,False,True,False,False
2021-03-01,2021-02-26,0.02,0.01,1.0,1.0,3,proc_sha256:3b72fa35b544bd1b50b0730a78efc87d29ccec67495cc6fdc155dbc43dfc2905,proc_sha256:275acb020dd8c7689f9d6d62901d29365a87988dead70f21ff2719de51d830e0,False,False,False,True,False,False
2021-03-02,2021-03-01,0.04,0.02,2.0,2.0,1,proc_sha256:3496cd9a489f0d00132b2949c88cdbda6f5a8022a38fab47edd527a54f799562,proc_sha256:3b72fa35b544bd1b50b0730a78efc87d29ccec67495cc6fdc155dbc43dfc2905,False,False,False,False,False,False
2021-03-03,2021-03-02,0.04,0.04,0.0,0.0,1,proc_sha256:8aa73b10cf5e948be8c52443a6390f8f41d5059748751e48f64861bdbffa9e64,proc_sha256:3496cd9a489f0d00132b2949c88cdbda6f5a8022a38fab47edd527a54f799562,False,False,False,False,False,False
2021-03-04,2021-03-03,0.02,0.04,-2.0,2.0,1,proc_sha256:b9e37ead0afc38af97bce5f91f7a505623c723b38de243419f414118c4513a5f,proc_sha256:8aa73b10cf5e948be8c52443a6390f8f41d5059748751e48f64861bdbffa9e64,False,False,False,False,False,False
2021-03-05,2021-03-04,0.02,0.02,0.0,0.0,1,proc_sha256:4b246249693edb5689602f6eb8cfef232b3daf096647040f6cd0fb14a88b8c68,proc_sha256:b9e37ead0afc38af97bce5f91f7a505623c723b38de243419f414118c4513a5f,False,False,False,False,False,False
2021-03-08,2021-03-05,0.02,0.02,0.0,0.0,3,proc_sha256:a7ea915d9c95469b34761fe9954d92e1df5d6fb3859bcaaf57fde14dedfe112a,proc_sha256:4b246249693edb5689602f6eb8cfef232b3daf096647040f6cd0fb14a88b8c68,False,False,False,False,False,False
2021-03-09,2021-03-08,0.02,0.02,0.0,0.0,1,proc_sha256:b034af4d18db9b281a60108cd3519e9c8e257308f759f022252ec45198718369,proc_sha256:a7ea915d9c95469b34761fe9954d92e1df5d6fb3859bcaaf57fde14dedfe112a,False,False,False,False,False,False
2021-03-10,2021-03-09,0.02,0.02,0.0,0.0,1,proc_sha256:eae8773bc0de240a22375d904a8f3dc9bceb7fc02c02e06621a02aa5c232e6b9,proc_sha256:b034af4d18db9b281a60108cd3519e9c8e257308f759f022252ec45198718369,False,False,False,False,False,False
2021-03-11,2021-03-10,0.01,0.02,-1.0,1.0,1,proc_sha256:e237c29288b405b84ac90191e8349c71de5b307bcf3bf617f73f164c444dff83,proc_sha256:eae8773bc0de240a22375d904a8f3dc9bceb7fc02c02e06621a02aa5c232e6b9,False,False,False,False,False,False
2021-03-12,2021-03-11,0.01,0.01,0.0,0.0,1,proc_sha256:1938a20bd19c753e20ad48a27575ddd0e4dcde2542701e089cd3994674d1ae7f,proc_sha256:e237c29288b405b84ac90191e8349c71de5b307bcf3bf617f73f164c444dff83,False,False,False,False,False,False
2021-03-15,2021-03-12,0.01,0.01,0.0,0.0,3,proc_sha256:7a3846298f2604d4cf5900f60d6ff0f7651ea5c2c2e373f35a96cd70a17b7d10,proc_sha256:1938a20bd19c753e20ad48a27575ddd0e4dcde2542701e089cd3994674d1ae7f,False,False,False,False,False,False
2021-03-16,2021-03-15,0.01,0.01,0.0,0.0,1,proc_sha256:55989638bab3c293c218e9f241282c207c596e60139ec5530fdd3edc6ec1ba6f,proc_sha256:7a3846298f2604d4cf5900f60d6ff0f7651ea5c2c2e373f35a96cd70a17b7d10,False,False,False,False,False,False
2021-03-17,2021-03-16,0.01,0.01,0.0,0.0,1,proc_sha256:2277feb3b06f7d293bf28b4315092700d39748704963865bb3aa59000000b7e6,proc_sha256:55989638bab3c293c218e9f241282c207c596e60139ec5530fdd3edc6ec1ba6f,False,False,False,False,False,False
2021-03-18,2021-03-17,0.01,0.01,0.0,0.0,1,proc_sha256:a47c0e7c5afb068a4ace1cb0d86681ba628f94898127c7cc8759e5ee9798d335,proc_sha256:2277feb3b06f7d293bf28b4315092700d39748704963865bb3aa59000000b7e6,False,False,False,False,False,False
2021-03-19,2021-03-18,0.01,0.01,0.0,0.0,1,proc_sha256:2ad30a230df64f33ff65d6a91fcb9cb1ce1b26a74810767efb3739cb11598fd0,proc_sha256:a47c0e7c5afb068a4ace1cb0d86681ba628f94898127c7cc8759e5ee9798d335,False,False,False,False,False,False
2021-03-22,2021-03-19,0.01,0.01,0.0,0.0,3,proc_sha256:a7c89707bf8058f61340e42df577d2e76f431c88344c084d141d0ef085ff1352,proc_sha256:2ad30a230df64f33ff65d6a91fcb9cb1ce1b26a74810767efb3739cb11598fd0,False,False,False,False,False,False
2021-03-23,2021-03-22,0.01,0.01,0.0,0.0,1,proc_sha256:8efe16ea1a186a5bda0156b54f825c18cf46965d05055062cb14b18017fab3af,proc_sha256:a7c89707bf8058f61340e42df577d2e76f431c88344c084d141d0ef085ff1352,False,False,False,False,False,False
2021-03-24,2021-03-23,0.01,0.01,0.0,0.0,1,proc_sha256:968d8306ace76e337113bf8fb04847e8254317dfc9ffd0893b4eaa3d4192838c,proc_sha256:8efe16ea1a186a5bda0156b54f825c18cf46965d05055062cb14b18017fab3af,False,False,False,False,False,False
2021-03-25,2021-03-24,0.01,0.01,0.0,0.0,1,proc_sha256:0f7644edc04757e797ae4a2ca539587a12263b3a751154ca3e2395a902aa827e,proc_sha256:968d8306ace76e337113bf8fb04847e8254317dfc9ffd0893b4eaa3d4192838c,False,False,False,False,False,False
2021-03-26,2021-03-25,0.01,0.01,0.0,0.0,1,proc_sha256:385316b794720445e647e75ffb2093e473cb05c77630cbe5ff077abca2cbe938,proc_sha256:0f7644edc04757e797ae4a2ca539587a12263b3a751154ca3e2395a902aa827e,False,False,False,False,False,False
2021-03-29,2021-03-26,0.01,0.01,0.0,0.0,3,proc_sha256:15a008af277084ac6674601143fae83d9517e969001fbc5384791d02ae783696,proc_sha256:385316b794720445e647e75ffb2093e473cb05c77630cbe5ff077abca2cbe938,False,False,False,False,False,False
2021-03-30,2021-03-29,0.01,0.01,0.0,0.0,1,proc_sha256:e6167c4ded550587bc658b167833536dbd2e211e12cf996957686685be522b8b,proc_sha256:15a008af277084ac6674601143fae83d9517e969001fbc5384791d02ae783696,False,False,False,True,True,False
2021-03-31,2021-03-30,0.01,0.01,0.0,0.0,1,proc_sha256:a773d2c57cccd33ca1bfeda68b75b4bb8662291399678fef760e61ee9d591bd6,proc_sha256:e6167c4ded550587bc658b167833536dbd2e211e12cf996957686685be522b8b,True,True,False,True,True,False
2021-04-01,2021-03-31,0.01,0.01,0.0,0.0,1,proc_sha256:49fdfdc62e73ad577910c668d8b1269a0f8c3e8ded6e72ce9c44404d702c767e,proc_sha256:a773d2c57cccd33ca1bfeda68b75b4bb8662291399678fef760e61ee9d591bd6,False,False,False,True,True,False
2021-04-05,2021-04-01,0.01,0.01,0.0,0.0,4,proc_sha256:da0effc4d140a118d11d7c32b09f7eecc8cceb3ec86ad25d5a62bd9087d2b9b4,proc_sha256:49fdfdc62e73ad577910c668d8b1269a0f8c3e8ded6e72ce9c44404d702c767e,False,False,False,False,False,False
2021-04-06,2021-04-05,0.01,0.01,0.0,0.0,1,proc_sha256:a3b404ef7a7fa67177dc995f37d0041f04b08d4c1853e47e4e31896c38ff87aa,proc_sha256:da0effc4d140a118d11d7c32b09f7eecc8cceb3ec86ad25d5a62bd9087d2b9b4,False,False,False,False,False,False
2021-04-07,2021-04-06,0.01,0.01,0.0,0.0,1,proc_sha256:4d71359125e5210b1510252bd44cd5926245b5f19431480a9165d69da4a3059a,proc_sha256:a3b404ef7a7fa67177dc995f37d0041f04b08d4c1853e47e4e31896c38ff87aa,False,False,False,False,False,False
2021-04-08,2021-04-07,0.01,0.01,0.0,0.0,1,proc_sha256:865d878cd5b2613379e7e14b322fe5f99be0cf7ce97475e6ae9e6bb1023af125,proc_sha256:4d71359125e5210b1510252bd44cd5926245b5f19431480a9165d69da4a3059a,False,False,False,False,False,False
2021-04-09,2021-04-08,0.01,0.01,0.0,0.0,1,proc_sha256:69213cf2d193094b7c88dd8b0da1e4ba5b6548d7be460bdfa0885ff475ab8099,proc_sha256:865d878cd5b2613379e7e14b322fe5f99be0cf7ce97475e6ae9e6bb1023af125,False,False,False,False,False,False
2021-04-12,2021-04-09,0.01,0.01,0.0,0.0,3,proc_sha256:aea9bbbc8db87004184d15458c916dcc8bdbadd1c83a7157d1b31bf41cc3f12c,proc_sha256:69213cf2d193094b7c88dd8b0da1e4ba5b6548d7be460bdfa0885ff475ab8099,False,False,False,False,False,False
2021-04-13,2021-04-12,0.01,0.01,0.0,0.0,1,proc_sha256:144519610e9f3ade6bbaa6dbdfe0e709062c72d6483418b796fd583cf0c019f4,proc_sha256:aea9bbbc8db87004184d15458c916dcc8bdbadd1c83a7157d1b31bf41cc3f12c,False,False,False,False,False,False
2021-04-14,2021-04-13,0.01,0.01,0.0,0.0,1,proc_sha256:9e50e316ba04eec0becd7817c20cd10a313fff8d5e2877e4c02402657e19c013,proc_sha256:144519610e9f3ade6bbaa6dbdfe0e709062c72d6483418b796fd583cf0c019f4,False,False,False,False,False,False
2021-04-15,2021-04-14,0.01,0.01,0.0,0.0,1,proc_sha256:45b861dde51b8f3965bd54af4860acd83f62580638fd4f3f76fa2368608290d5,proc_sha256:9e50e316ba04eec0becd7817c20cd10a313fff8d5e2877e4c02402657e19c013,False,False,False,False,False,False
2021-04-16,2021-04-15,0.01,0.01,0.0,0.0,1,proc_sha256:28ef8d1ad5bc4819aad4b687291fc52bc68461f65837ff72f7d6b7a29b290db8,proc_sha256:45b861dde51b8f3965bd54af4860acd83f62580638fd4f3f76fa2368608290d5,False,False,False,False,False,False
2021-04-19,2021-04-16,0.01,0.01,0.0,0.0,3,proc_sha256:70dd537d0086e14a07213a5c1bd58784c3403e1d87672a4c413d38b6528eeacc,proc_sha256:28ef8d1ad5bc4819aad4b687291fc52bc68461f65837ff72f7d6b7a29b290db8,False,False,False,False,False,False
2021-04-20,2021-04-19,0.01,0.01,0.0,0.0,1,proc_sha256:e53355cd0327da1ce8522e87609789b512841d13762e6d0ea6202bff19a3a9d3,proc_sha256:70dd537d0086e14a07213a5c1bd58784c3403e1d87672a4c413d38b6528eeacc,False,False,False,False,False,False
2021-04-21,2021-04-20,0.01,0.01,0.0,0.0,1,proc_sha256:d2502eee5b698684c6300e2e37644db5e4df49be01445e2e662c8e2bc1bcbb69,proc_sha256:e53355cd0327da1ce8522e87609789b512841d13762e6d0ea6202bff19a3a9d3,False,False,False,False,False,False
2021-04-22,2021-04-21,0.01,0.01,0.0,0.0,1,proc_sha256:bbe6fdb96f3bebff1de7864fcbcb5f76e62667de9b90305dcec4e4922b0bc8bd,proc_sha256:d2502eee5b698684c6300e2e37644db5e4df49be01445e2e662c8e2bc1bcbb69,False,False,False,False,False,False
2021-04-23,2021-04-22,0.01,0.01,0.0,0.0,1,proc_sha256:44db68ec12af34e4743a2305af9b7fe3381ae0d53b28556f798db6b183c8f5a4,proc_sha256:bbe6fdb96f3bebff1de7864fcbcb5f76e62667de9b90305dcec4e4922b0bc8bd,False,False,False,False,False,False
2021-04-26,2021-04-23,0.01,0.01,0.0,0.0,3,proc_sha256:5e3232c2c09f362a9054595ee1d6c6a7dc6b53baf1bb790538f2e4ba33926218,proc_sha256:44db68ec12af34e4743a2305af9b7fe3381ae0d53b28556f798db6b183c8f5a4,False,False,False,False,False,False
2021-04-27,2021-04-26,0.01,0.01,0.0,0.0,1,proc_sha256:1551258639e4d5a6030ca9e84a01e0f03f4c74320dcefd2e61c6a81f2aa1c1ae,proc_sha256:5e3232c2c09f362a9054595ee1d6c6a7dc6b53baf1bb790538f2e4ba33926218,False,False,False,False,False,False
2021-04-28,2021-04-27,0.01,0.01,0.0,0.0,1,proc_sha256:7d8365e796a7d20b7bf814425f245198798a7e9f1b0fb2de635ed2fb3aaecf8c,proc_sha256:1551258639e4d5a6030ca9e84a01e0f03f4c74320dcefd2e61c6a81f2aa1c1ae,False,False,False,False,False,False
2021-04-29,2021-04-28,0.01,0.01,0.0,0.0,1,proc_sha256:56c6cec98a0d4367c9192344a8b74402c76076acf6d2ca3eb6eca1d8875f05b5,proc_sha256:7d8365e796a7d20b7bf814425f245198798a7e9f1b0fb2de635ed2fb3aaecf8c,False,False,False,True,False,False
2021-04-30,2021-04-29,0.01,0.01,0.0,0.0,1,proc_sha256:853d6c05cb992e348f430e87ddd06362150d7ec5fb3645aa4b0b2a6684fa4733,proc_sha256:56c6cec98a0d4367c9192344a8b74402c76076acf6d2ca3eb6eca1d8875f05b5,True,False,False,True,False,False
2021-05-03,2021-04-30,0.01,0.01,0.0,0.0,3,proc_sha256:ccec51775aed84d613bf813f45e6c0bc970a2fe439c783028170097d03c72fc4,proc_sha256:853d6c05cb992e348f430e87ddd06362150d7ec5fb3645aa4b0b2a6684fa4733,False,False,False,True,False,False
2021-05-04,2021-05-03,0.01,0.01,0.0,0.0,1,proc_sha256:8429d971959922c434924f0491fb9ba7de0bd110b968c323c7d21abb410a3e19,proc_sha256:ccec51775aed84d613bf813f45e6c0bc970a2fe439c783028170097d03c72fc4,False,False,False,False,False,False
2021-05-05,2021-05-04,0.01,0.01,0.0,0.0,1,proc_sha256:a84e3d88f6d8dbf69a36e5261d9f690efc884185cd09915e2843f4ad37e6200f,proc_sha256:8429d971959922c434924f0491fb9ba7de0bd110b968c323c7d21abb410a3e19,False,False,False,False,False,False
2021-05-06,2021-05-05,0.01,0.01,0.0,0.0,1,proc_sha256:156f0e9c2140caf7b5e30891c25fca759326289bf02eec75dfbdb5f9c7aff7cc,proc_sha256:a84e3d88f6d8dbf69a36e5261d9f690efc884185cd09915e2843f4ad37e6200f,False,False,False,False,False,False
2021-05-07,2021-05-06,0.01,0.01,0.0,0.0,1,proc_sha256:f3d4b77bdd4edad2b143597e5b002d736546cf357130ecab12e74b3f0e073eed,proc_sha256:156f0e9c2140caf7b5e30891c25fca759326289bf02eec75dfbdb5f9c7aff7cc,False,False,False,False,False,False
2021-05-10,2021-05-07,0.01,0.01,0.0,0.0,3,proc_sha256:73dfb8b0861277c6b3839ce8e906d4570f3cbdcc42eafae602eba483a7923ad4,proc_sha256:f3d4b77bdd4edad2b143597e5b002d736546cf357130ecab12e74b3f0e073eed,False,False,False,False,False,False
2021-05-11,2021-05-10,0.01,0.01,0.0,0.0,1,proc_sha256:9a6edff59c47f1ef8cc13f2994b228ca1ee18ed4f618d29bd386548fcd179def,proc_sha256:73dfb8b0861277c6b3839ce8e906d4570f3cbdcc42eafae602eba483a7923ad4,False,False,False,False,False,False
2021-05-12,2021-05-11,0.01,0.01,0.0,0.0,1,proc_sha256:44080938f10022c3eb4026ada53b0ccfc1e72cd9d0d996e5312c2d26e45f695b,proc_sha256:9a6edff59c47f1ef8cc13f2994b228ca1ee18ed4f618d29bd386548fcd179def,False,False,False,False,False,False
2021-05-13,2021-05-12,0.01,0.01,0.0,0.0,1,proc_sha256:b132c5c1f6a9117a64a1384a22e37c55325a52afc8d10274892ce5b2ad50c2b5,proc_sha256:44080938f10022c3eb4026ada53b0ccfc1e72cd9d0d996e5312c2d26e45f695b,False,False,False,False,False,False
2021-05-14,2021-05-13,0.01,0.01,0.0,0.0,1,proc_sha256:d8d773ebf5be65f66d2b1be7fb9c8e3c6ea0741f2a4577d5a5f403695394478b,proc_sha256:b132c5c1f6a9117a64a1384a22e37c55325a52afc8d10274892ce5b2ad50c2b5,False,False,False,False,False,False
2021-05-17,2021-05-14,0.01,0.01,0.0,0.0,3,proc_sha256:8a77f53d88beb7fc3a8c682a2e496e60b8fe8b26f8ab205dc4d27aa7718ff4aa,proc_sha256:d8d773ebf5be65f66d2b1be7fb9c8e3c6ea0741f2a4577d5a5f403695394478b,False,False,False,False,False,False
2021-05-18,2021-05-17,0.01,0.01,0.0,0.0,1,proc_sha256:aaeed8ff8bdb9948932dd5bbf68b519de56f5c45fd687ae4054877f5e1d278b4,proc_sha256:8a77f53d88beb7fc3a8c682a2e496e60b8fe8b26f8ab205dc4d27aa7718ff4aa,False,False,False,False,False,False
2021-05-19,2021-05-18,0.01,0.01,0.0,0.0,1,proc_sha256:9e6ebe3bcaa45125949605dbfca6a8866dbb70d23c2c1172c3c1609751f069c6,proc_sha256:aaeed8ff8bdb9948932dd5bbf68b519de56f5c45fd687ae4054877f5e1d278b4,False,False,False,False,False,False
2021-05-20,2021-05-19,0.01,0.01,0.0,0.0,1,proc_sha256:967eae1a39c3d2bd3bba6f8c34b008de8b7ce26f1f38611f3f6bcd78fe944e89,proc_sha256:9e6ebe3bcaa45125949605dbfca6a8866dbb70d23c2c1172c3c1609751f069c6,False,False,False,False,False,False
2021-05-21,2021-05-20,0.01,0.01,0.0,0.0,1,proc_sha256:1e7e39225356cb16f07c6a862539b7e9cc550b07a17b4f89b29e3d93c37d6bb0,proc_sha256:967eae1a39c3d2bd3bba6f8c34b008de8b7ce26f1f38611f3f6bcd78fe944e89,False,False,False,False,False,False
2021-05-24,2021-05-21,0.01,0.01,0.0,0.0,3,proc_sha256:94f8548bdfed1eb7767a79edc3754a879e42be5487a6c934c2a8f2772fcc08b8,proc_sha256:1e7e39225356cb16f07c6a862539b7e9cc550b07a17b4f89b29e3d93c37d6bb0,False,False,False,False,False,False
2021-05-25,2021-05-24,0.01,0.01,0.0,0.0,1,proc_sha256:f68ec9dfa3fa00447cffd1627abc4710b319259db669621f266d239a6c6d3689,proc_sha256:94f8548bdfed1eb7767a79edc3754a879e42be5487a6c934c2a8f2772fcc08b8,False,False,False,False,False,False
2021-05-26,2021-05-25,0.01,0.01,0.0,0.0,1,proc_sha256:4c6da969219ee9c51954a65c6fc296a0ee562d0acd32b793f408b58a2486d945,proc_sha256:f68ec9dfa3fa00447cffd1627abc4710b319259db669621f266d239a6c6d3689,False,False,False,False,False,False
2021-05-27,2021-05-26,0.01,0.01,0.0,0.0,1,proc_sha256:d3b22bd4d2de9899dcf9fb0a4c610964f45a5449f270dc8a6dc3a602641832b7,proc_sha256:4c6da969219ee9c51954a65c6fc296a0ee562d0acd32b793f408b58a2486d945,False,False,False,False,False,False
2021-05-28,2021-05-27,0.01,0.01,0.0,0.0,1,proc_sha256:baae032b3ff88f8f85b7db4230576cd5f80e1300f1da6bafc508e78d6aa34a29,proc_sha256:d3b22bd4d2de9899dcf9fb0a4c610964f45a5449f270dc8a6dc3a602641832b7,False,False,False,False,False,False
2021-06-01,2021-05-28,0.01,0.01,0.0,0.0,4,proc_sha256:371fc0a51df3f451fcb713be056e569dc9f9aebd97471692f1eed9bc944a3510,proc_sha256:baae032b3ff88f8f85b7db4230576cd5f80e1300f1da6bafc508e78d6aa34a29,False,False,False,False,False,False
2021-06-02,2021-06-01,0.01,0.01,0.0,0.0,1,proc_sha256:ec143b95435efa6515d48c51828774519e5844b1ed69bd2ef6bf7eff4691c0ef,proc_sha256:371fc0a51df3f451fcb713be056e569dc9f9aebd97471692f1eed9bc944a3510,False,False,False,False,False,False
2021-06-03,2021-06-02,0.01,0.01,0.0,0.0,1,proc_sha256:73d8579a4d50f74d392b1a4ff208313bc3d7dd53ddf64335d0b3a5b3d2092ef5,proc_sha256:ec143b95435efa6515d48c51828774519e5844b1ed69bd2ef6bf7eff4691c0ef,False,False,False,False,False,False
2021-06-04,2021-06-03,0.01,0.01,0.0,0.0,1,proc_sha256:717acd72769db4f0ff0cbd2d22b9c1ace06550fb2b147ea9b24fc9c3fdf681bc,proc_sha256:73d8579a4d50f74d392b1a4ff208313bc3d7dd53ddf64335d0b3a5b3d2092ef5,False,False,False,False,False,False
2021-06-07,2021-06-04,0.01,0.01,0.0,0.0,3,proc_sha256:2b0329d94bb808824fe3609e0eba53a48a3651911ad5a067f074178888d1ac7e,proc_sha256:717acd72769db4f0ff0cbd2d22b9c1ace06550fb2b147ea9b24fc9c3fdf681bc,False,False,False,False,False,False
2021-06-08,2021-06-07,0.01,0.01,0.0,0.0,1,proc_sha256:21b4f938a37e11c79c3cd9aa84d49dd061267c9aa9b0756c307db29453a13c14,proc_sha256:2b0329d94bb808824fe3609e0eba53a48a3651911ad5a067f074178888d1ac7e,False,False,False,False,False,False
2021-06-09,2021-06-08,0.01,0.01,0.0,0.0,1,proc_sha256:f68366aa22f8f162d26c80e17d3cb2e1aefc4590688d291d19be8967b86e9294,proc_sha256:21b4f938a37e11c79c3cd9aa84d49dd061267c9aa9b0756c307db29453a13c14,False,False,False,False,False,False
2021-06-10,2021-06-09,0.01,0.01,0.0,0.0,1,proc_sha256:9f717d19cac58202b0c06becec186ddf80cb3154160da6a9024e75f6aeace05d,proc_sha256:f68366aa22f8f162d26c80e17d3cb2e1aefc4590688d291d19be8967b86e9294,False,False,False,False,False,False
2021-06-11,2021-06-10,0.01,0.01,0.0,0.0,1,proc_sha256:7ecdd9f5af23c131c76150f0181fc66d81066b8b7b6e99add46bef1d0c73b295,proc_sha256:9f717d19cac58202b0c06becec186ddf80cb3154160da6a9024e75f6aeace05d,False,False,False,False,False,False
2021-06-14,2021-06-11,0.01,0.01,0.0,0.0,3,proc_sha256:8d2121c74e8ed4f027b477b4c398d1b3bda7281668b640f7f1fda0f49a879914,proc_sha256:7ecdd9f5af23c131c76150f0181fc66d81066b8b7b6e99add46bef1d0c73b295,False,False,False,False,False,False
2021-06-15,2021-06-14,0.01,0.01,0.0,0.0,1,proc_sha256:44dba6af04e6788b513fa6b56f0b9d3c8108de69ab3b9ee3e6c22baa214aee10,proc_sha256:8d2121c74e8ed4f027b477b4c398d1b3bda7281668b640f7f1fda0f49a879914,False,False,False,False,False,False
2021-06-16,2021-06-15,0.01,0.01,0.0,0.0,1,proc_sha256:3d6af033d1d1a341237e7ffc50fbfd514733e0bc64b091e5618e7a7151de0ded,proc_sha256:44dba6af04e6788b513fa6b56f0b9d3c8108de69ab3b9ee3e6c22baa214aee10,False,False,False,False,False,False
2021-06-17,2021-06-16,0.05,0.01,4.0,4.0,1,proc_sha256:1cb7419509bf5d9bdc3f6dc5ffc17f9b263642e84698dba6c032d9f8a396eac9,proc_sha256:3d6af033d1d1a341237e7ffc50fbfd514733e0bc64b091e5618e7a7151de0ded,False,False,False,False,False,False
2021-06-18,2021-06-17,0.05,0.05,0.0,0.0,1,proc_sha256:fbc0958bfe0cc7ccc779e54f972178a2a326830f86ef8d9f7c2970d405057598,proc_sha256:1cb7419509bf5d9bdc3f6dc5ffc17f9b263642e84698dba6c032d9f8a396eac9,False,False,False,False,False,False
2021-06-21,2021-06-18,0.05,0.05,0.0,0.0,3,proc_sha256:3520a6c912c87e34963f2fc630cc3e453dadf6c197d582ab46283dc9830befb2,proc_sha256:fbc0958bfe0cc7ccc779e54f972178a2a326830f86ef8d9f7c2970d405057598,False,False,False,False,False,False
2021-06-22,2021-06-21,0.05,0.05,0.0,0.0,1,proc_sha256:26f88a88753ab5c31942e91136d19172e17763cf4cb9f51aaa8e5525578d62b5,proc_sha256:3520a6c912c87e34963f2fc630cc3e453dadf6c197d582ab46283dc9830befb2,False,False,False,False,False,False
2021-06-23,2021-06-22,0.05,0.05,0.0,0.0,1,proc_sha256:f03894038b855d4d26d70191f05b9d30930f89bdc97851ba4a684fd727d2d269,proc_sha256:26f88a88753ab5c31942e91136d19172e17763cf4cb9f51aaa8e5525578d62b5,False,False,False,False,False,False
2021-06-24,2021-06-23,0.05,0.05,0.0,0.0,1,proc_sha256:9d22afaa897c15b8d1b34dd89cd51a816f1e7fa2a2461c3481f068385f4a5544,proc_sha256:f03894038b855d4d26d70191f05b9d30930f89bdc97851ba4a684fd727d2d269,False,False,False,False,False,False
2021-06-25,2021-06-24,0.05,0.05,0.0,0.0,1,proc_sha256:d56958b8d40315381c55ba4a8b45101d6cd8df489de38ada48aa363d3785b1bf,proc_sha256:9d22afaa897c15b8d1b34dd89cd51a816f1e7fa2a2461c3481f068385f4a5544,False,False,False,False,False,False
2021-06-28,2021-06-25,0.05,0.05,0.0,0.0,3,proc_sha256:5aeb91264fe0b181ab5b8c53919bac40f6bfa5fd8ba67f308e8154d16a3c5ccf,proc_sha256:d56958b8d40315381c55ba4a8b45101d6cd8df489de38ada48aa363d3785b1bf,False,False,False,False,False,False
2021-06-29,2021-06-28,0.05,0.05,0.0,0.0,1,proc_sha256:57b811ef73be3e60c146ece04df44c53f8efd250f53c67eedf36eb14a84936a3,proc_sha256:5aeb91264fe0b181ab5b8c53919bac40f6bfa5fd8ba67f308e8154d16a3c5ccf,False,False,False,True,True,False
2021-06-30,2021-06-29,0.05,0.05,0.0,0.0,1,proc_sha256:31274a3607652f2af3c198609dfb7206916f4e799da807242a0ee3a46a99b6a9,proc_sha256:57b811ef73be3e60c146ece04df44c53f8efd250f53c67eedf36eb14a84936a3,True,True,False,True,True,False
2021-07-01,2021-06-30,0.05,0.05,0.0,0.0,1,proc_sha256:2f11032ad06da668a88dd911df7e9d4139fc856a269d63d34262a43fff33c351,proc_sha256:31274a3607652f2af3c198609dfb7206916f4e799da807242a0ee3a46a99b6a9,False,False,False,True,True,False
2021-07-02,2021-07-01,0.05,0.05,0.0,0.0,1,proc_sha256:7504f84c6ae84e605a01bda6f2a2d141266de9a7293ce73d3172929db4533dde,proc_sha256:2f11032ad06da668a88dd911df7e9d4139fc856a269d63d34262a43fff33c351,False,False,False,False,False,False
2021-07-06,2021-07-02,0.05,0.05,0.0,0.0,4,proc_sha256:0d42f11c9ff5d1dc76b9a692589ea92522abdcdd66f437a49458fd5a264d351a,proc_sha256:7504f84c6ae84e605a01bda6f2a2d141266de9a7293ce73d3172929db4533dde,False,False,False,False,False,False
2021-07-07,2021-07-06,0.05,0.05,0.0,0.0,1,proc_sha256:f503b1f95b1201ee0a10a28ec1cc6dfa578e0c912339ffafc73ba3144a5a8c4f,proc_sha256:0d42f11c9ff5d1dc76b9a692589ea92522abdcdd66f437a49458fd5a264d351a,False,False,False,False,False,False
2021-07-08,2021-07-07,0.05,0.05,0.0,0.0,1,proc_sha256:aedb9c8804cb38079c85ddf1a89d609767f29688b9c84ea1808fe4e78a760307,proc_sha256:f503b1f95b1201ee0a10a28ec1cc6dfa578e0c912339ffafc73ba3144a5a8c4f,False,False,False,False,False,False
2021-07-09,2021-07-08,0.05,0.05,0.0,0.0,1,proc_sha256:3f12bf1967ea738b080db40dc47576c1c28bec7bb0447e3a71ea9ee6173d92ca,proc_sha256:aedb9c8804cb38079c85ddf1a89d609767f29688b9c84ea1808fe4e78a760307,False,False,False,False,False,False
2021-07-12,2021-07-09,0.05,0.05,0.0,0.0,3,proc_sha256:4dce9e88c3cc76f712d0699cece020df42af9f3ef6704617b6caad2ecfcac1df,proc_sha256:3f12bf1967ea738b080db40dc47576c1c28bec7bb0447e3a71ea9ee6173d92ca,False,False,False,False,False,False
2021-07-13,2021-07-12,0.05,0.05,0.0,0.0,1,proc_sha256:e64eb563af27ddeca025ea86fe30c7e1f10a5527b0f007133e32a413e4f08ce6,proc_sha256:4dce9e88c3cc76f712d0699cece020df42af9f3ef6704617b6caad2ecfcac1df,False,False,False,False,False,False
2021-07-14,2021-07-13,0.05,0.05,0.0,0.0,1,proc_sha256:fdd5efc787b64f5658fcea69d3f2531bed222d9cb4c77c76e5dce9fb6d878cc0,proc_sha256:e64eb563af27ddeca025ea86fe30c7e1f10a5527b0f007133e32a413e4f08ce6,False,False,False,False,False,False
2021-07-15,2021-07-14,0.05,0.05,0.0,0.0,1,proc_sha256:1d444cc9a080758401b9a8a3332e7b96a494d5ed5672ee4f770f433cfcf8a095,proc_sha256:fdd5efc787b64f5658fcea69d3f2531bed222d9cb4c77c76e5dce9fb6d878cc0,False,False,False,False,False,False
2021-07-16,2021-07-15,0.05,0.05,0.0,0.0,1,proc_sha256:25617844edb6b7b53c196489f05eab84a9bb5aab9e2f4f78eab0cac99b9a0cf0,proc_sha256:1d444cc9a080758401b9a8a3332e7b96a494d5ed5672ee4f770f433cfcf8a095,False,False,False,False,False,False
2021-07-19,2021-07-16,0.05,0.05,0.0,0.0,3,proc_sha256:b787733cad2a7abee39a2c041a308a7cf46cee56b937d9b52df34c8269c29749,proc_sha256:25617844edb6b7b53c196489f05eab84a9bb5aab9e2f4f78eab0cac99b9a0cf0,False,False,False,False,False,False
2021-07-20,2021-07-19,0.05,0.05,0.0,0.0,1,proc_sha256:41d9f995cbc144ba81286394089669926246681f5028e8abfced3640f45fc65e,proc_sha256:b787733cad2a7abee39a2c041a308a7cf46cee56b937d9b52df34c8269c29749,False,False,False,False,False,False
2021-07-21,2021-07-20,0.05,0.05,0.0,0.0,1,proc_sha256:688f9dabe4d02b2e165d6caf4b3369886c4aab38a6f8d0689f755ec44a700ba7,proc_sha256:41d9f995cbc144ba81286394089669926246681f5028e8abfced3640f45fc65e,False,False,False,False,False,False
2021-07-22,2021-07-21,0.05,0.05,0.0,0.0,1,proc_sha256:c6f1eae0a65852b4311bf1656bae4c7f60a9e6d98fdf54abbe20ec6a5dc183b8,proc_sha256:688f9dabe4d02b2e165d6caf4b3369886c4aab38a6f8d0689f755ec44a700ba7,False,False,False,False,False,False
2021-07-23,2021-07-22,0.05,0.05,0.0,0.0,1,proc_sha256:1d0a60870a51c26801577d4bad248e6d9ba390df2f06eb6a026feebc0815596d,proc_sha256:c6f1eae0a65852b4311bf1656bae4c7f60a9e6d98fdf54abbe20ec6a5dc183b8,False,False,False,False,False,False
2021-07-26,2021-07-23,0.05,0.05,0.0,0.0,3,proc_sha256:9fdba0ba0d23d17da1285660af39a6549886e6799a5608ff88a5621709d96625,proc_sha256:1d0a60870a51c26801577d4bad248e6d9ba390df2f06eb6a026feebc0815596d,False,False,False,False,False,False
2021-07-27,2021-07-26,0.05,0.05,0.0,0.0,1,proc_sha256:e28ed8207f7347f1bfbe9defd07e53efdbf37b20cdd5024a34f44cff149fd715,proc_sha256:9fdba0ba0d23d17da1285660af39a6549886e6799a5608ff88a5621709d96625,False,False,False,False,False,False
2021-07-28,2021-07-27,0.05,0.05,0.0,0.0,1,proc_sha256:6432068dff8fa1fcc77045e33dd6fa49f4e240a6da5a1b7b7fe0d92934fe7aaf,proc_sha256:e28ed8207f7347f1bfbe9defd07e53efdbf37b20cdd5024a34f44cff149fd715,False,False,False,False,False,False
2021-07-29,2021-07-28,0.05,0.05,0.0,0.0,1,proc_sha256:75bbb1c8efaa12e0d5c5fe1095b9ef0853bf979dc087afb5f869edf6cdfe4f4d,proc_sha256:6432068dff8fa1fcc77045e33dd6fa49f4e240a6da5a1b7b7fe0d92934fe7aaf,False,False,False,True,False,False
2021-07-30,2021-07-29,0.05,0.05,0.0,0.0,1,proc_sha256:98287b04b9486a58c6df46cc67377bc3373dae0a2ac84d9fdfd4037c6f208ef5,proc_sha256:75bbb1c8efaa12e0d5c5fe1095b9ef0853bf979dc087afb5f869edf6cdfe4f4d,True,False,False,True,False,False
2021-08-02,2021-07-30,0.05,0.05,0.0,0.0,3,proc_sha256:ab1caf1b7e6abc88c2237c6de3263134b6ba3523eeeab679139f2d90e482060b,proc_sha256:98287b04b9486a58c6df46cc67377bc3373dae0a2ac84d9fdfd4037c6f208ef5,False,False,False,True,False,False
2021-08-03,2021-08-02,0.05,0.05,0.0,0.0,1,proc_sha256:9979de011769eff19a6542db6b4bba4b510c6ff092e741b783aa8f3355376c93,proc_sha256:ab1caf1b7e6abc88c2237c6de3263134b6ba3523eeeab679139f2d90e482060b,False,False,False,False,False,False
2021-08-04,2021-08-03,0.05,0.05,0.0,0.0,1,proc_sha256:7afee93f0162fd90dd3033670306b82ea6a45e73a074b53ad5c39206b83ae09a,proc_sha256:9979de011769eff19a6542db6b4bba4b510c6ff092e741b783aa8f3355376c93,False,False,False,False,False,False
2021-08-05,2021-08-04,0.05,0.05,0.0,0.0,1,proc_sha256:70e52d3877a8269ef8cc2c1d82f547063a440acffc94a5c8eef87986d41a4033,proc_sha256:7afee93f0162fd90dd3033670306b82ea6a45e73a074b53ad5c39206b83ae09a,False,False,False,False,False,False
2021-08-06,2021-08-05,0.05,0.05,0.0,0.0,1,proc_sha256:a3e17e0e2551c4fad1af4c3e03844ef87e0ad29170c4a72e196e67b2fc3a8b27,proc_sha256:70e52d3877a8269ef8cc2c1d82f547063a440acffc94a5c8eef87986d41a4033,False,False,False,False,False,False
2021-08-09,2021-08-06,0.05,0.05,0.0,0.0,3,proc_sha256:4b4753100266e5255f63c0f047ea09cb78f94561d693026bca259b0a6cc0f5a1,proc_sha256:a3e17e0e2551c4fad1af4c3e03844ef87e0ad29170c4a72e196e67b2fc3a8b27,False,False,False,False,False,False
2021-08-10,2021-08-09,0.05,0.05,0.0,0.0,1,proc_sha256:6c039329df897f6b86df2e4f9e9213ed78b77cbf31743e67f3923a7511bc1a69,proc_sha256:4b4753100266e5255f63c0f047ea09cb78f94561d693026bca259b0a6cc0f5a1,False,False,False,False,False,False
2021-08-11,2021-08-10,0.05,0.05,0.0,0.0,1,proc_sha256:546f06bed48821f065ee6ee59223e6d06839a3a416f41728902a4b904e0f93ca,proc_sha256:6c039329df897f6b86df2e4f9e9213ed78b77cbf31743e67f3923a7511bc1a69,False,False,False,False,False,False
2021-08-12,2021-08-11,0.05,0.05,0.0,0.0,1,proc_sha256:7b7da9ef34f7063e065a2e9005eea24e657e06c1504724f1602335ceab7eba99,proc_sha256:546f06bed48821f065ee6ee59223e6d06839a3a416f41728902a4b904e0f93ca,False,False,False,False,False,False
2021-08-13,2021-08-12,0.05,0.05,0.0,0.0,1,proc_sha256:75343794a7a28cd7a632636e56ff790a10f9b5e9f01530e28733bd9f62d18e26,proc_sha256:7b7da9ef34f7063e065a2e9005eea24e657e06c1504724f1602335ceab7eba99,False,False,False,False,False,False
2021-08-16,2021-08-13,0.05,0.05,0.0,0.0,3,proc_sha256:874795e620319a7a0404f894704e15e2b7e8db85e8ba319c3fd5b5139739bbfa,proc_sha256:75343794a7a28cd7a632636e56ff790a10f9b5e9f01530e28733bd9f62d18e26,False,False,False,False,False,False
2021-08-17,2021-08-16,0.05,0.05,0.0,0.0,1,proc_sha256:cc52208b30c216c6519c443c3a6dafd22bfff8747a8cf6d13c6529bf7687d8f5,proc_sha256:874795e620319a7a0404f894704e15e2b7e8db85e8ba319c3fd5b5139739bbfa,False,False,False,False,False,False
2021-08-18,2021-08-17,0.05,0.05,0.0,0.0,1,proc_sha256:43a1f94311075ad0842cdfb3b87efcf35b3ca9de10ad7ec63022f8c3e48dd5e4,proc_sha256:cc52208b30c216c6519c443c3a6dafd22bfff8747a8cf6d13c6529bf7687d8f5,False,False,False,False,False,False
2021-08-19,2021-08-18,0.05,0.05,0.0,0.0,1,proc_sha256:d950c04073a8c1a82add441488c2062692f2eceba8f9984dcf51e4e354b44e90,proc_sha256:43a1f94311075ad0842cdfb3b87efcf35b3ca9de10ad7ec63022f8c3e48dd5e4,False,False,False,False,False,False
2021-08-20,2021-08-19,0.05,0.05,0.0,0.0,1,proc_sha256:6e5d7bc6507907198b0dfb6f4066dfd444195d224a199a95dfa3021f1b04bf3b,proc_sha256:d950c04073a8c1a82add441488c2062692f2eceba8f9984dcf51e4e354b44e90,False,False,False,False,False,False
2021-08-23,2021-08-20,0.05,0.05,0.0,0.0,3,proc_sha256:29974b4140fa3095104fc62faf28342dd703792b6f44aa077137a7fdca303159,proc_sha256:6e5d7bc6507907198b0dfb6f4066dfd444195d224a199a95dfa3021f1b04bf3b,False,False,False,False,False,False
2021-08-24,2021-08-23,0.05,0.05,0.0,0.0,1,proc_sha256:eac93431cd3523f80ccd7e10d0fbe9d5dbe46f8976e17bc6005c5d904fb360ca,proc_sha256:29974b4140fa3095104fc62faf28342dd703792b6f44aa077137a7fdca303159,False,False,False,False,False,False
2021-08-25,2021-08-24,0.05,0.05,0.0,0.0,1,proc_sha256:30dfcd8bee178d1989d0391db1edaa7cac2aece15a36ad48d052880312001f7f,proc_sha256:eac93431cd3523f80ccd7e10d0fbe9d5dbe46f8976e17bc6005c5d904fb360ca,False,False,False,False,False,False
2021-08-26,2021-08-25,0.05,0.05,0.0,0.0,1,proc_sha256:239ae12b68f4f2a230e46d0d8d1f77e781e2f027b50f157a1d2965d053dfb797,proc_sha256:30dfcd8bee178d1989d0391db1edaa7cac2aece15a36ad48d052880312001f7f,False,False,False,False,False,False
2021-08-27,2021-08-26,0.05,0.05,0.0,0.0,1,proc_sha256:aee5d60a6d7fd4434c92679bc940ba2d3aa130ea84e6303b6cba62dd617cc933,proc_sha256:239ae12b68f4f2a230e46d0d8d1f77e781e2f027b50f157a1d2965d053dfb797,False,False,False,False,False,False
2021-08-30,2021-08-27,0.05,0.05,0.0,0.0,3,proc_sha256:4f9477779b046325a9833186172347fcb3e7e86258a1ec9698bc2117a1a6f0c1,proc_sha256:aee5d60a6d7fd4434c92679bc940ba2d3aa130ea84e6303b6cba62dd617cc933,False,False,False,True,False,False
2021-08-31,2021-08-30,0.05,0.05,0.0,0.0,1,proc_sha256:746f9ddef10be5ff0409d39cf3290c5cffc5356f19704b86bf3574e4554bd26f,proc_sha256:4f9477779b046325a9833186172347fcb3e7e86258a1ec9698bc2117a1a6f0c1,True,False,False,True,False,False
2021-09-01,2021-08-31,0.05,0.05,0.0,0.0,1,proc_sha256:19d3757ca2ef5643f5b38c2a3b1f3e71d5ad352cc5b28f03e8fdf58cea8712ff,proc_sha256:746f9ddef10be5ff0409d39cf3290c5cffc5356f19704b86bf3574e4554bd26f,False,False,False,True,False,False
2021-09-02,2021-09-01,0.05,0.05,0.0,0.0,1,proc_sha256:d59e792914d2816b9ad59c60909a96f029cece91faefb692d7140534aa0402de,proc_sha256:19d3757ca2ef5643f5b38c2a3b1f3e71d5ad352cc5b28f03e8fdf58cea8712ff,False,False,False,False,False,False
2021-09-03,2021-09-02,0.05,0.05,0.0,0.0,1,proc_sha256:21057ce6a13d6d8430288f8cf5602bffbd521a99fc93853ec8b5199cbf27d60a,proc_sha256:d59e792914d2816b9ad59c60909a96f029cece91faefb692d7140534aa0402de,False,False,False,False,False,False
2021-09-07,2021-09-03,0.05,0.05,0.0,0.0,4,proc_sha256:ab30aa5b8c87189e1dd30edd32b16bed16827d477c35ffcb51bf51d4855e137b,proc_sha256:21057ce6a13d6d8430288f8cf5602bffbd521a99fc93853ec8b5199cbf27d60a,False,False,False,False,False,False
2021-09-08,2021-09-07,0.05,0.05,0.0,0.0,1,proc_sha256:8c7407030425e806f1101533a5ab0cb171b150292e34258fe10bf6c15bd7e5cd,proc_sha256:ab30aa5b8c87189e1dd30edd32b16bed16827d477c35ffcb51bf51d4855e137b,False,False,False,False,False,False
2021-09-09,2021-09-08,0.05,0.05,0.0,0.0,1,proc_sha256:b3d74c9ed3906d1e6da860b01e17150fcd513a85372dbdb7351d6c04a50563e1,proc_sha256:8c7407030425e806f1101533a5ab0cb171b150292e34258fe10bf6c15bd7e5cd,False,False,False,False,False,False
2021-09-10,2021-09-09,0.05,0.05,0.0,0.0,1,proc_sha256:ac616b0f93443e7a3e9b6aceefa7575b6d38c2627dda5b63141f5873add6847d,proc_sha256:b3d74c9ed3906d1e6da860b01e17150fcd513a85372dbdb7351d6c04a50563e1,False,False,False,False,False,False
2021-09-13,2021-09-10,0.05,0.05,0.0,0.0,3,proc_sha256:0705af477adf5bc42109cc28f175e1569c2c09469c145e690bcd72e700cb742d,proc_sha256:ac616b0f93443e7a3e9b6aceefa7575b6d38c2627dda5b63141f5873add6847d,False,False,False,False,False,False
2021-09-14,2021-09-13,0.05,0.05,0.0,0.0,1,proc_sha256:48a8a95ddc22dfb5700489e18850061400232567ff4b57750deff09a3b890810,proc_sha256:0705af477adf5bc42109cc28f175e1569c2c09469c145e690bcd72e700cb742d,False,False,False,False,False,False
2021-09-15,2021-09-14,0.05,0.05,0.0,0.0,1,proc_sha256:d2d339ef6c6927535124ac305e72974c4926a0a195763c848e6a65c697729215,proc_sha256:48a8a95ddc22dfb5700489e18850061400232567ff4b57750deff09a3b890810,False,False,False,False,False,False
2021-09-16,2021-09-15,0.05,0.05,0.0,0.0,1,proc_sha256:6f760bce1fcde532af0ff24a81538f1cd7172959e1fa0d127da717769f1092e1,proc_sha256:d2d339ef6c6927535124ac305e72974c4926a0a195763c848e6a65c697729215,False,False,False,False,False,False
2021-09-17,2021-09-16,0.05,0.05,0.0,0.0,1,proc_sha256:a17f2970798732b58f4f37b27d2acce449490aac47da024c0fb90a7b0ce16dbc,proc_sha256:6f760bce1fcde532af0ff24a81538f1cd7172959e1fa0d127da717769f1092e1,False,False,False,False,False,False
2021-09-20,2021-09-17,0.05,0.05,0.0,0.0,3,proc_sha256:a05ac292405a269fc8aa3eeb093969c2014a3c17b7427c1d22ab38c03b175e38,proc_sha256:a17f2970798732b58f4f37b27d2acce449490aac47da024c0fb90a7b0ce16dbc,False,False,False,False,False,False
2021-09-21,2021-09-20,0.05,0.05,0.0,0.0,1,proc_sha256:e5a0ffde826ec7cc78451b8b3d39608fab6bcb92bd155dd0a00aa7550d2bc696,proc_sha256:a05ac292405a269fc8aa3eeb093969c2014a3c17b7427c1d22ab38c03b175e38,False,False,False,False,False,False
2021-09-22,2021-09-21,0.05,0.05,0.0,0.0,1,proc_sha256:b73ceb07133ae556d42a9f450ffd4af4b7d89ea5102bc8f66991be41fc71fabf,proc_sha256:e5a0ffde826ec7cc78451b8b3d39608fab6bcb92bd155dd0a00aa7550d2bc696,False,False,False,False,False,False
2021-09-23,2021-09-22,0.05,0.05,0.0,0.0,1,proc_sha256:39508cd327bba475e416dd4d3eaed2bcf3706a674dd071d6dc26be7496667be2,proc_sha256:b73ceb07133ae556d42a9f450ffd4af4b7d89ea5102bc8f66991be41fc71fabf,False,False,False,False,False,False
2021-09-24,2021-09-23,0.05,0.05,0.0,0.0,1,proc_sha256:f8d3a09986160042c3fed28f7c0587d8dda81ea0aea25d5d897f2525fe3136fa,proc_sha256:39508cd327bba475e416dd4d3eaed2bcf3706a674dd071d6dc26be7496667be2,False,False,False,False,False,False
2021-09-27,2021-09-24,0.05,0.05,0.0,0.0,3,proc_sha256:963078467e8a4e28144f0fe68768e4895f2d546bef645df333258e3a5df824ef,proc_sha256:f8d3a09986160042c3fed28f7c0587d8dda81ea0aea25d5d897f2525fe3136fa,False,False,False,False,False,False
2021-09-28,2021-09-27,0.05,0.05,0.0,0.0,1,proc_sha256:9725d473e03889604e0ac6356d7d18fa0fc795a8f069bc8df438d4aa38b33894,proc_sha256:963078467e8a4e28144f0fe68768e4895f2d546bef645df333258e3a5df824ef,False,False,False,False,False,False
2021-09-29,2021-09-28,0.05,0.05,0.0,0.0,1,proc_sha256:e4fe55d22e7029c98aab2ba092a7d09617fbff87fa4d53e7600e76154631f195,proc_sha256:9725d473e03889604e0ac6356d7d18fa0fc795a8f069bc8df438d4aa38b33894,False,False,False,True,True,False
2021-09-30,2021-09-29,0.05,0.05,0.0,0.0,1,proc_sha256:b20b0db58b7a37808bb4f02877bc15c1555bf93aa35e8329373789437eb164f3,proc_sha256:e4fe55d22e7029c98aab2ba092a7d09617fbff87fa4d53e7600e76154631f195,True,True,False,True,True,False
2021-10-01,2021-09-30,0.05,0.05,0.0,0.0,1,proc_sha256:b59a41bef3dbbdbee0db5085484a6a9757ccf96429e30764677d14abfa562643,proc_sha256:b20b0db58b7a37808bb4f02877bc15c1555bf93aa35e8329373789437eb164f3,False,False,False,True,True,False
2021-10-04,2021-10-01,0.05,0.05,0.0,0.0,3,proc_sha256:fbf408b6dbbb8a9ecf819fae31612ee338a8bac8b247490a489905506d017915,proc_sha256:b59a41bef3dbbdbee0db5085484a6a9757ccf96429e30764677d14abfa562643,False,False,False,False,False,False
2021-10-05,2021-10-04,0.05,0.05,0.0,0.0,1,proc_sha256:ef0b7f4356522cd1f4a05509d2b23542d9f5ab1410395fcdf40d843950760558,proc_sha256:fbf408b6dbbb8a9ecf819fae31612ee338a8bac8b247490a489905506d017915,False,False,False,False,False,False
2021-10-06,2021-10-05,0.05,0.05,0.0,0.0,1,proc_sha256:051332903a853b87ecda958687e2de8f4e376fd062f8b0bf47adbb91633ff784,proc_sha256:ef0b7f4356522cd1f4a05509d2b23542d9f5ab1410395fcdf40d843950760558,False,False,False,False,False,False
2021-10-07,2021-10-06,0.05,0.05,0.0,0.0,1,proc_sha256:2344ae024829df1d2d1f52d2c79ac09aa30a8de6f0ce314283179746a77e3a74,proc_sha256:051332903a853b87ecda958687e2de8f4e376fd062f8b0bf47adbb91633ff784,False,False,False,False,False,False
2021-10-08,2021-10-07,0.05,0.05,0.0,0.0,1,proc_sha256:1bed01caf0fe9a0b782e8ffa2821d5378294ed1bba6856cf51270e2e926a47b3,proc_sha256:2344ae024829df1d2d1f52d2c79ac09aa30a8de6f0ce314283179746a77e3a74,False,False,False,False,False,False
2021-10-12,2021-10-08,0.05,0.05,0.0,0.0,4,proc_sha256:b078bffbf006303e6d0c232466ec40dd3488c9bc336488b735afd025ee2573a0,proc_sha256:1bed01caf0fe9a0b782e8ffa2821d5378294ed1bba6856cf51270e2e926a47b3,False,False,False,False,False,False
2021-10-13,2021-10-12,0.05,0.05,0.0,0.0,1,proc_sha256:b5c2e22e6c1c2a6c989dc82f0e9830453241ada75b55bbdc95f3de975222a535,proc_sha256:b078bffbf006303e6d0c232466ec40dd3488c9bc336488b735afd025ee2573a0,False,False,False,False,False,False
2021-10-14,2021-10-13,0.05,0.05,0.0,0.0,1,proc_sha256:6522e85e30c5d6fba66776c6e05a1504f4c92f6e0b0ad6b2c237e1d0ea773d7f,proc_sha256:b5c2e22e6c1c2a6c989dc82f0e9830453241ada75b55bbdc95f3de975222a535,False,False,False,False,False,False
2021-10-15,2021-10-14,0.05,0.05,0.0,0.0,1,proc_sha256:44fd1cfa4163c6fe6a8b3bcfe03d3f8b970144126557e0b55e9ee8c10b1dd604,proc_sha256:6522e85e30c5d6fba66776c6e05a1504f4c92f6e0b0ad6b2c237e1d0ea773d7f,False,False,False,False,False,False
2021-10-18,2021-10-15,0.05,0.05,0.0,0.0,3,proc_sha256:7caf624a4b9303e079ff3bd7c4ba16011c95d7bdceb9c07d76d1d3ba0826cedf,proc_sha256:44fd1cfa4163c6fe6a8b3bcfe03d3f8b970144126557e0b55e9ee8c10b1dd604,False,False,False,False,False,False
2021-10-19,2021-10-18,0.03,0.05,-2.0,2.0,1,proc_sha256:7e7bae1ab8ed85b7aedb1198991e55a4b6636bae5ab975a8c1d7f451272eb054,proc_sha256:7caf624a4b9303e079ff3bd7c4ba16011c95d7bdceb9c07d76d1d3ba0826cedf,False,False,False,False,False,False
2021-10-20,2021-10-19,0.03,0.03,0.0,0.0,1,proc_sha256:28d1de6268e5ee1ab26dfbbc1f23f01e479606d1a391b8a35e827ba5f732dead,proc_sha256:7e7bae1ab8ed85b7aedb1198991e55a4b6636bae5ab975a8c1d7f451272eb054,False,False,False,False,False,False
2021-10-21,2021-10-20,0.03,0.03,0.0,0.0,1,proc_sha256:61b0522040cd797878f31c249cfb3bfa5354330bc09c41682e7cdc1aaf02bd53,proc_sha256:28d1de6268e5ee1ab26dfbbc1f23f01e479606d1a391b8a35e827ba5f732dead,False,False,False,False,False,False
2021-10-22,2021-10-21,0.05,0.03,2.0,2.0,1,proc_sha256:8aaf50985181457e21fc508043cdca31f022a3236f36030a399ff2cbaa62c110,proc_sha256:61b0522040cd797878f31c249cfb3bfa5354330bc09c41682e7cdc1aaf02bd53,False,False,False,False,False,False
2021-10-25,2021-10-22,0.04,0.05,-1.0,1.0,3,proc_sha256:14ee2f99cdcbd4c79d8279204b8f84b2cfc820f7f6c241a1438d8a7e5d59eff5,proc_sha256:8aaf50985181457e21fc508043cdca31f022a3236f36030a399ff2cbaa62c110,False,False,False,False,False,False
2021-10-26,2021-10-25,0.05,0.04,1.0,1.0,1,proc_sha256:5e4fc939a691bd0640ee99a69fbd7955122d4eade35e7a8c636bb8ed20312150,proc_sha256:14ee2f99cdcbd4c79d8279204b8f84b2cfc820f7f6c241a1438d8a7e5d59eff5,False,False,False,False,False,False
2021-10-27,2021-10-26,0.05,0.05,0.0,0.0,1,proc_sha256:902fa62e24a9e5762b9c1b883e12bc710f4337ec08fa86b65907bf1bb2b9e10d,proc_sha256:5e4fc939a691bd0640ee99a69fbd7955122d4eade35e7a8c636bb8ed20312150,False,False,False,False,False,False
2021-10-28,2021-10-27,0.05,0.05,0.0,0.0,1,proc_sha256:cc285d557ba23465b5af126ae5a675761ed200624513a709d0ea176d8e4fc9ea,proc_sha256:902fa62e24a9e5762b9c1b883e12bc710f4337ec08fa86b65907bf1bb2b9e10d,False,False,False,True,False,False
2021-10-29,2021-10-28,0.05,0.05,0.0,0.0,1,proc_sha256:c34aca21ef3ad4b41da45897cf3b1404bc79ad1b889674a1ac72971cb0d7a37e,proc_sha256:cc285d557ba23465b5af126ae5a675761ed200624513a709d0ea176d8e4fc9ea,True,False,False,True,False,False
2021-11-01,2021-10-29,0.05,0.05,0.0,0.0,3,proc_sha256:84b7dc2d1df2c19b17de37b5bbbccfc61b86bcca5bfd96236345bd2a7e5b1d87,proc_sha256:c34aca21ef3ad4b41da45897cf3b1404bc79ad1b889674a1ac72971cb0d7a37e,False,False,False,True,False,False
2021-11-02,2021-11-01,0.05,0.05,0.0,0.0,1,proc_sha256:482d161b021870627808a042d24f481927e826b9689cfa14aeda673d1d7fe5ae,proc_sha256:84b7dc2d1df2c19b17de37b5bbbccfc61b86bcca5bfd96236345bd2a7e5b1d87,False,False,False,False,False,False
2021-11-03,2021-11-02,0.05,0.05,0.0,0.0,1,proc_sha256:4df890d6a383efe55508aa0b46521ace42844efe7ef0c593ed2a16b36c1e676e,proc_sha256:482d161b021870627808a042d24f481927e826b9689cfa14aeda673d1d7fe5ae,False,False,False,False,False,False
2021-11-04,2021-11-03,0.05,0.05,0.0,0.0,1,proc_sha256:73e41ca38989a4795306fadd24f80a9d6a063fa7d38cc4d968099d440e42d137,proc_sha256:4df890d6a383efe55508aa0b46521ace42844efe7ef0c593ed2a16b36c1e676e,False,False,False,False,False,False
2021-11-05,2021-11-04,0.05,0.05,0.0,0.0,1,proc_sha256:446138a5bc5bd0c4ea59330d19f5e8fe4a5034d59883d0f45808bba022da3368,proc_sha256:73e41ca38989a4795306fadd24f80a9d6a063fa7d38cc4d968099d440e42d137,False,False,False,False,False,False
2021-11-08,2021-11-05,0.05,0.05,0.0,0.0,3,proc_sha256:d27b86aa0e51232dcb5e5b1d0ea896a4e58e01f81b4b9c833abd25c6aede954c,proc_sha256:446138a5bc5bd0c4ea59330d19f5e8fe4a5034d59883d0f45808bba022da3368,False,False,False,False,False,False
2021-11-09,2021-11-08,0.05,0.05,0.0,0.0,1,proc_sha256:3944dcc9f42f8a41d70bb5a7ffd3f85cbd80f741f3d688c988914344774c717a,proc_sha256:d27b86aa0e51232dcb5e5b1d0ea896a4e58e01f81b4b9c833abd25c6aede954c,False,False,False,False,False,False
2021-11-10,2021-11-09,0.05,0.05,0.0,0.0,1,proc_sha256:3f23d584a444f6d63e06d26f5c3fbf32f72618be3c28b301951e798c9c474c85,proc_sha256:3944dcc9f42f8a41d70bb5a7ffd3f85cbd80f741f3d688c988914344774c717a,False,False,False,False,False,False
2021-11-12,2021-11-10,0.05,0.05,0.0,0.0,2,proc_sha256:9738ac0c6897d4debda14bf0a0d96903753d88b7a6fba0790eb0b6bc712635b2,proc_sha256:3f23d584a444f6d63e06d26f5c3fbf32f72618be3c28b301951e798c9c474c85,False,False,False,False,False,False
2021-11-15,2021-11-12,0.05,0.05,0.0,0.0,3,proc_sha256:e8389722fd6125f2cd714d43fa558dcc44643373c6dab197f6586550dea102ec,proc_sha256:9738ac0c6897d4debda14bf0a0d96903753d88b7a6fba0790eb0b6bc712635b2,False,False,False,False,False,False
2021-11-16,2021-11-15,0.05,0.05,0.0,0.0,1,proc_sha256:f750b88a76a189aff47bfe091f39ee343aac893df961a24f284ca10199ce06b1,proc_sha256:e8389722fd6125f2cd714d43fa558dcc44643373c6dab197f6586550dea102ec,False,False,False,False,False,False
2021-11-17,2021-11-16,0.05,0.05,0.0,0.0,1,proc_sha256:4faa57b54979bd6fb33b34b3ad727bc197f88cc8c53f4719d93c67e875c4f296,proc_sha256:f750b88a76a189aff47bfe091f39ee343aac893df961a24f284ca10199ce06b1,False,False,False,False,False,False
2021-11-18,2021-11-17,0.05,0.05,0.0,0.0,1,proc_sha256:2c8ff4d9fb48898a40aeaaa03312c80b6de6aa16832e34d3fc42cadb5556ba0c,proc_sha256:4faa57b54979bd6fb33b34b3ad727bc197f88cc8c53f4719d93c67e875c4f296,False,False,False,False,False,False
2021-11-19,2021-11-18,0.05,0.05,0.0,0.0,1,proc_sha256:b782fd62f68e5aa38f4954ce920d827b8b689a9dffe566e8a2e05b1ddf7a17c9,proc_sha256:2c8ff4d9fb48898a40aeaaa03312c80b6de6aa16832e34d3fc42cadb5556ba0c,False,False,False,False,False,False
2021-11-22,2021-11-19,0.05,0.05,0.0,0.0,3,proc_sha256:69986488ca3d15aa69300d6930bcc64030bb1209a1244994befe9cc644d05be9,proc_sha256:b782fd62f68e5aa38f4954ce920d827b8b689a9dffe566e8a2e05b1ddf7a17c9,False,False,False,False,False,False
2021-11-23,2021-11-22,0.05,0.05,0.0,0.0,1,proc_sha256:79dfeeb5958a47f543db076b224a0a3bc694b146a902b8222a2dc95ece6e80e0,proc_sha256:69986488ca3d15aa69300d6930bcc64030bb1209a1244994befe9cc644d05be9,False,False,False,False,False,False
2021-11-24,2021-11-23,0.05,0.05,0.0,0.0,1,proc_sha256:7f8f23bf28c5047a570415ae53e01c813c405330a953eb5c7ec413cc3f0800dc,proc_sha256:79dfeeb5958a47f543db076b224a0a3bc694b146a902b8222a2dc95ece6e80e0,False,False,False,False,False,False
2021-11-26,2021-11-24,0.05,0.05,0.0,0.0,2,proc_sha256:78bd25a9de72a2b0fe8a0aeafa5e6b899aa9b70f3ba609c347e78b7157ef0a4b,proc_sha256:7f8f23bf28c5047a570415ae53e01c813c405330a953eb5c7ec413cc3f0800dc,False,False,False,False,False,False
2021-11-29,2021-11-26,0.05,0.05,0.0,0.0,3,proc_sha256:a4803cc5c519535d88d65746613878a19e36169651e9b546a30e8bdd570223d8,proc_sha256:78bd25a9de72a2b0fe8a0aeafa5e6b899aa9b70f3ba609c347e78b7157ef0a4b,False,False,False,True,False,False
2021-11-30,2021-11-29,0.05,0.05,0.0,0.0,1,proc_sha256:1032d76e8c43934ebdba68f5c44675cc68e8f7da3a0939ccea38f6d113b5b29b,proc_sha256:a4803cc5c519535d88d65746613878a19e36169651e9b546a30e8bdd570223d8,True,False,False,True,False,False
2021-12-01,2021-11-30,0.05,0.05,0.0,0.0,1,proc_sha256:55ee564ed78c2fe1ea27a37a5670f6a5a5318dd50974fad3636de474e3711da4,proc_sha256:1032d76e8c43934ebdba68f5c44675cc68e8f7da3a0939ccea38f6d113b5b29b,False,False,False,True,False,False
2021-12-02,2021-12-01,0.05,0.05,0.0,0.0,1,proc_sha256:209c63b3346161464550494305e714e22bcb0aa5da735f880c35b8241810573c,proc_sha256:55ee564ed78c2fe1ea27a37a5670f6a5a5318dd50974fad3636de474e3711da4,False,False,False,False,False,False
2021-12-03,2021-12-02,0.05,0.05,0.0,0.0,1,proc_sha256:3b6dea47a19250fd2b0aa0c09f9952ae665b2b030292e1a9f2864f6e60d39785,proc_sha256:209c63b3346161464550494305e714e22bcb0aa5da735f880c35b8241810573c,False,False,False,False,False,False
2021-12-06,2021-12-03,0.05,0.05,0.0,0.0,3,proc_sha256:771bc154f04b4925836c1e6973b25ffab2eb4e98fbfadf827af541c758bec881,proc_sha256:3b6dea47a19250fd2b0aa0c09f9952ae665b2b030292e1a9f2864f6e60d39785,False,False,False,False,False,False
2021-12-07,2021-12-06,0.05,0.05,0.0,0.0,1,proc_sha256:da896235c3a46591d74a3a89f09e82a5159cda0da23e92f6b879c137cc3b86e6,proc_sha256:771bc154f04b4925836c1e6973b25ffab2eb4e98fbfadf827af541c758bec881,False,False,False,False,False,False
2021-12-08,2021-12-07,0.05,0.05,0.0,0.0,1,proc_sha256:1ba4ab29eefa154c0942d1389048d921f84b0cd44479f3a44dea720059edee04,proc_sha256:da896235c3a46591d74a3a89f09e82a5159cda0da23e92f6b879c137cc3b86e6,False,False,False,False,False,False
2021-12-09,2021-12-08,0.05,0.05,0.0,0.0,1,proc_sha256:428c02315a843483679ee758aad976b80f2c12087b2f22aebdf90249d721acf5,proc_sha256:1ba4ab29eefa154c0942d1389048d921f84b0cd44479f3a44dea720059edee04,False,False,False,False,False,False
2021-12-10,2021-12-09,0.05,0.05,0.0,0.0,1,proc_sha256:5c12715ff197987f945ad26feb80ad153ab9502b87bb4a3de6f18b9db15e2f0c,proc_sha256:428c02315a843483679ee758aad976b80f2c12087b2f22aebdf90249d721acf5,False,False,False,False,False,False
2021-12-13,2021-12-10,0.05,0.05,0.0,0.0,3,proc_sha256:068541e01f86388b22988636cec8416464ec6e4c9885b755f8d70cb7ea0279ce,proc_sha256:5c12715ff197987f945ad26feb80ad153ab9502b87bb4a3de6f18b9db15e2f0c,False,False,False,False,False,False
2021-12-14,2021-12-13,0.05,0.05,0.0,0.0,1,proc_sha256:b5e6d12abbb409c4046cfddce89835a3c54ded665ec7d5c2fae086695bb9dfd6,proc_sha256:068541e01f86388b22988636cec8416464ec6e4c9885b755f8d70cb7ea0279ce,False,False,False,False,False,False
2021-12-15,2021-12-14,0.05,0.05,0.0,0.0,1,proc_sha256:f40580992dd11667ccb988e0990a37e40b1b862d739b66a1c5438b56ca34c47f,proc_sha256:b5e6d12abbb409c4046cfddce89835a3c54ded665ec7d5c2fae086695bb9dfd6,False,False,False,False,False,False
2021-12-16,2021-12-15,0.05,0.05,0.0,0.0,1,proc_sha256:f021f576a58230a3dfcce4c80e9c43538e5d53558a7c731c866ecc51cba0e67d,proc_sha256:f40580992dd11667ccb988e0990a37e40b1b862d739b66a1c5438b56ca34c47f,False,False,False,False,False,False
2021-12-17,2021-12-16,0.05,0.05,0.0,0.0,1,proc_sha256:72347ea4d5b196789da80ba0d92401d9b4873ea042c15d5802f073c5a33cc2da,proc_sha256:f021f576a58230a3dfcce4c80e9c43538e5d53558a7c731c866ecc51cba0e67d,False,False,False,False,False,False
2021-12-20,2021-12-17,0.04,0.05,-1.0,1.0,3,proc_sha256:626f4b0d375ad0ce54908e991e7da4e17267afe331fdb0710da7559944bc5aed,proc_sha256:72347ea4d5b196789da80ba0d92401d9b4873ea042c15d5802f073c5a33cc2da,False,False,False,False,False,False
2021-12-21,2021-12-20,0.05,0.04,1.0,1.0,1,proc_sha256:1fba4305424efc4c88cca98ec82a0722bc115d503276f6d0df57c25eb4f7c457,proc_sha256:626f4b0d375ad0ce54908e991e7da4e17267afe331fdb0710da7559944bc5aed,False,False,False,False,False,False
2021-12-22,2021-12-21,0.05,0.05,0.0,0.0,1,proc_sha256:613f4af5f3dea3ad083e8e6de41116cf5c54ead53e146cef4467850b8ead5e13,proc_sha256:1fba4305424efc4c88cca98ec82a0722bc115d503276f6d0df57c25eb4f7c457,False,False,False,False,False,False
2021-12-23,2021-12-22,0.05,0.05,0.0,0.0,1,proc_sha256:f6719e645e801e2c8ccf563432940c6929f834a5996dc99decb8469b6f4fbdb2,proc_sha256:613f4af5f3dea3ad083e8e6de41116cf5c54ead53e146cef4467850b8ead5e13,False,False,False,False,False,False
2021-12-27,2021-12-23,0.05,0.05,0.0,0.0,4,proc_sha256:4bdd074be6138ac2bf8489430c86c61903638415dee2946fda7d4d74eefa7434,proc_sha256:f6719e645e801e2c8ccf563432940c6929f834a5996dc99decb8469b6f4fbdb2,False,False,False,False,False,False
2021-12-28,2021-12-27,0.05,0.05,0.0,0.0,1,proc_sha256:cc782fbfbd7177bd4fead635507ced20352a7308de20c0c33298781152620854,proc_sha256:4bdd074be6138ac2bf8489430c86c61903638415dee2946fda7d4d74eefa7434,False,False,False,False,False,False
2021-12-29,2021-12-28,0.05,0.05,0.0,0.0,1,proc_sha256:c9045dccfa8d31d7d98e99be5ce82009054072a60c2c2643a93dca595570cced,proc_sha256:cc782fbfbd7177bd4fead635507ced20352a7308de20c0c33298781152620854,False,False,False,False,False,False
2021-12-30,2021-12-29,0.05,0.05,0.0,0.0,1,proc_sha256:3ad6934e1c779e9e2b5192dd5479724a91bbd780d9d37c8aa1fdb594290d996a,proc_sha256:c9045dccfa8d31d7d98e99be5ce82009054072a60c2c2643a93dca595570cced,False,False,False,True,True,True
2021-12-31,2021-12-30,0.05,0.05,0.0,0.0,1,proc_sha256:daf123a597c192f6140b702b5f1b07189800756b90498ccf6bcc1384614a2b95,proc_sha256:3ad6934e1c779e9e2b5192dd5479724a91bbd780d9d37c8aa1fdb594290d996a,True,True,True,True,True,True
2022-01-03,2021-12-31,0.05,0.05,0.0,0.0,3,proc_sha256:2212255b37b4c4acca3c3ab546ed1176bf47c9566caa550587184861cec6bf56,proc_sha256:daf123a597c192f6140b702b5f1b07189800756b90498ccf6bcc1384614a2b95,False,False,False,True,True,True
2022-01-04,2022-01-03,0.05,0.05,0.0,0.0,1,proc_sha256:af167f5c75efd0a381bbaf1866d2ccfd0e7d879c7e73baa0e25873f3b5fce2a4,proc_sha256:2212255b37b4c4acca3c3ab546ed1176bf47c9566caa550587184861cec6bf56,False,False,False,False,False,False
2022-01-05,2022-01-04,0.05,0.05,0.0,0.0,1,proc_sha256:f8c6e28b90d09c7a626af822eba70df4987f1dd8a466197e89541a97bb8981e5,proc_sha256:af167f5c75efd0a381bbaf1866d2ccfd0e7d879c7e73baa0e25873f3b5fce2a4,False,False,False,False,False,False
2022-01-06,2022-01-05,0.05,0.05,0.0,0.0,1,proc_sha256:5d21b14d44f478d33f635da05f64b97a8caa82e6b17cd4d70f8ff84c6ca0d696,proc_sha256:f8c6e28b90d09c7a626af822eba70df4987f1dd8a466197e89541a97bb8981e5,False,False,False,False,False,False
2022-01-07,2022-01-06,0.05,0.05,0.0,0.0,1,proc_sha256:0226d7b189e9b2ea35d3ca67cdc979415647dac8463d5b592cbddbe7d1d74870,proc_sha256:5d21b14d44f478d33f635da05f64b97a8caa82e6b17cd4d70f8ff84c6ca0d696,False,False,False,False,False,False
2022-01-10,2022-01-07,0.05,0.05,0.0,0.0,3,proc_sha256:f2a2f586c74c48caae9bbd5383c94fad9f7e140978d59186e80a9b16d4337c4d,proc_sha256:0226d7b189e9b2ea35d3ca67cdc979415647dac8463d5b592cbddbe7d1d74870,False,False,False,False,False,False
2022-01-11,2022-01-10,0.05,0.05,0.0,0.0,1,proc_sha256:401862013f89f8195246e60a696938d8834d2a446685ebfdff554affff1f9595,proc_sha256:f2a2f586c74c48caae9bbd5383c94fad9f7e140978d59186e80a9b16d4337c4d,False,False,False,False,False,False
2022-01-12,2022-01-11,0.05,0.05,0.0,0.0,1,proc_sha256:fcf4a09f8b6a4d17025b21766055776753e4a8210a2b4fb0b3ef94f106dec841,proc_sha256:401862013f89f8195246e60a696938d8834d2a446685ebfdff554affff1f9595,False,False,False,False,False,False
2022-01-13,2022-01-12,0.05,0.05,0.0,0.0,1,proc_sha256:4274b940c853ec9e7d740e5eff54c93eec2148678d2085bc7892a49dadd1535a,proc_sha256:fcf4a09f8b6a4d17025b21766055776753e4a8210a2b4fb0b3ef94f106dec841,False,False,False,False,False,False
2022-01-14,2022-01-13,0.05,0.05,0.0,0.0,1,proc_sha256:12c0c5760e1950581740c17b5d47e4e2f40349ea4e35273bba5d25e774c5aa1c,proc_sha256:4274b940c853ec9e7d740e5eff54c93eec2148678d2085bc7892a49dadd1535a,False,False,False,False,False,False
2022-01-18,2022-01-14,0.05,0.05,0.0,0.0,4,proc_sha256:50c198c8e402743dcb033f96271221bda370e6d0147fa4aead0a8d31b2e92150,proc_sha256:12c0c5760e1950581740c17b5d47e4e2f40349ea4e35273bba5d25e774c5aa1c,False,False,False,False,False,False
2022-01-19,2022-01-18,0.05,0.05,0.0,0.0,1,proc_sha256:1288a4c134192775398215e295994bee025a7d5816bb7cd80f9074a750fa3152,proc_sha256:50c198c8e402743dcb033f96271221bda370e6d0147fa4aead0a8d31b2e92150,False,False,False,False,False,False
2022-01-20,2022-01-19,0.04,0.05,-1.0,1.0,1,proc_sha256:7c9218b20d56ca3057da643c88f0272d120c3a14e241ea2a9f9a72183f952993,proc_sha256:1288a4c134192775398215e295994bee025a7d5816bb7cd80f9074a750fa3152,False,False,False,False,False,False
2022-01-21,2022-01-20,0.05,0.04,1.0,1.0,1,proc_sha256:e1b5f361080a2c36f44bd3a6786d102949dbd3b7efa7c7548e38b2cd70367a12,proc_sha256:7c9218b20d56ca3057da643c88f0272d120c3a14e241ea2a9f9a72183f952993,False,False,False,False,False,False
2022-01-24,2022-01-21,0.04,0.05,-1.0,1.0,3,proc_sha256:966efcef7330d0a31e3400b23e64074953694e29d903a5af0ed80a30ca3356a5,proc_sha256:e1b5f361080a2c36f44bd3a6786d102949dbd3b7efa7c7548e38b2cd70367a12,False,False,False,False,False,False
2022-01-25,2022-01-24,0.05,0.04,1.0,1.0,1,proc_sha256:a33658249b13bc65d729ac6158bf6f876a46e11a96d41e7419601dd31afea063,proc_sha256:966efcef7330d0a31e3400b23e64074953694e29d903a5af0ed80a30ca3356a5,False,False,False,False,False,False
2022-01-26,2022-01-25,0.04,0.05,-1.0,1.0,1,proc_sha256:22699c93ac0b8d61e1e1517c68971984ab4a2793c0ee086edd5449652fa4c788,proc_sha256:a33658249b13bc65d729ac6158bf6f876a46e11a96d41e7419601dd31afea063,False,False,False,False,False,False
2022-01-27,2022-01-26,0.04,0.04,0.0,0.0,1,proc_sha256:a0113dce510f22e7c555ab80b6caa317896b8f6dab8fd06d4fef276698cc2628,proc_sha256:22699c93ac0b8d61e1e1517c68971984ab4a2793c0ee086edd5449652fa4c788,False,False,False,False,False,False
2022-01-28,2022-01-27,0.05,0.04,1.0,1.0,1,proc_sha256:43abd4358eb62e615b289d4bd4b4bec5eff37968a93de9f02bd8b32942c127ee,proc_sha256:a0113dce510f22e7c555ab80b6caa317896b8f6dab8fd06d4fef276698cc2628,False,False,False,True,False,False
2022-01-31,2022-01-28,0.05,0.05,0.0,0.0,3,proc_sha256:80f8aa7958bdc1aa834429dde37f8a72b33bbdbb4a9bd3b067f2abe37343efb9,proc_sha256:43abd4358eb62e615b289d4bd4b4bec5eff37968a93de9f02bd8b32942c127ee,True,False,False,True,False,False
2022-02-01,2022-01-31,0.05,0.05,0.0,0.0,1,proc_sha256:f0440dc56fd20ade0142b770727e481458fd9e65921321b15ec85bf8b8f7ae0e,proc_sha256:80f8aa7958bdc1aa834429dde37f8a72b33bbdbb4a9bd3b067f2abe37343efb9,False,False,False,True,False,False
2022-02-02,2022-02-01,0.05,0.05,0.0,0.0,1,proc_sha256:367d2aa9a86d08f6a5826b7ea8afe2c6e383d8973ade6136be7c35fae9c98876,proc_sha256:f0440dc56fd20ade0142b770727e481458fd9e65921321b15ec85bf8b8f7ae0e,False,False,False,False,False,False
2022-02-03,2022-02-02,0.05,0.05,0.0,0.0,1,proc_sha256:e8705daf93786aa29734c69708c28a9d5c81930dc433218734fab58018ef8a8e,proc_sha256:367d2aa9a86d08f6a5826b7ea8afe2c6e383d8973ade6136be7c35fae9c98876,False,False,False,False,False,False
2022-02-04,2022-02-03,0.05,0.05,0.0,0.0,1,proc_sha256:f59c394bddba48670ae6ac838d8b5b91812c351c7cac36764c04647b01acf4ff,proc_sha256:e8705daf93786aa29734c69708c28a9d5c81930dc433218734fab58018ef8a8e,False,False,False,False,False,False
2022-02-07,2022-02-04,0.05,0.05,0.0,0.0,3,proc_sha256:9d27a10c89a475796d03a2ba385a4320a6b1d461ca43fcef8c3bcb1ba945b21c,proc_sha256:f59c394bddba48670ae6ac838d8b5b91812c351c7cac36764c04647b01acf4ff,False,False,False,False,False,False
2022-02-08,2022-02-07,0.05,0.05,0.0,0.0,1,proc_sha256:99f972892969c3d2bd4d030a6ee440a40acc0bc58ccd7210d3a2f8a2dcb23223,proc_sha256:9d27a10c89a475796d03a2ba385a4320a6b1d461ca43fcef8c3bcb1ba945b21c,False,False,False,False,False,False
2022-02-09,2022-02-08,0.04,0.05,-1.0,1.0,1,proc_sha256:1b17e66dcedc75567eef30cd441b55ee8b78accb4aebe50dba8f4e0c7a62d0d3,proc_sha256:99f972892969c3d2bd4d030a6ee440a40acc0bc58ccd7210d3a2f8a2dcb23223,False,False,False,False,False,False
2022-02-10,2022-02-09,0.05,0.04,1.0,1.0,1,proc_sha256:257b073ef85131d5e7c7698821161e41b534e395751ab9609be8378f67fd712b,proc_sha256:1b17e66dcedc75567eef30cd441b55ee8b78accb4aebe50dba8f4e0c7a62d0d3,False,False,False,False,False,False
2022-02-11,2022-02-10,0.05,0.05,0.0,0.0,1,proc_sha256:46923dd97fc590ddcb566d93f49f8658903bcd978e9f43fc0e3ba2de2d689add,proc_sha256:257b073ef85131d5e7c7698821161e41b534e395751ab9609be8378f67fd712b,False,False,False,False,False,False
2022-02-14,2022-02-11,0.05,0.05,0.0,0.0,3,proc_sha256:9395168b24df3117ae029516c85765e0e04892c1b5aa6f1dffbe1d9ceb71cfb8,proc_sha256:46923dd97fc590ddcb566d93f49f8658903bcd978e9f43fc0e3ba2de2d689add,False,False,False,False,False,False
2022-02-15,2022-02-14,0.05,0.05,0.0,0.0,1,proc_sha256:6780bc8241084fc57aff891f46e351280a782d0d1a98b9dd768c48c4e02ae609,proc_sha256:9395168b24df3117ae029516c85765e0e04892c1b5aa6f1dffbe1d9ceb71cfb8,False,False,False,False,False,False
2022-02-16,2022-02-15,0.05,0.05,0.0,0.0,1,proc_sha256:10449f02f2bfcd8f06613be38d4f3cafee08a547e7a9f841f104c1b97152cfdf,proc_sha256:6780bc8241084fc57aff891f46e351280a782d0d1a98b9dd768c48c4e02ae609,False,False,False,False,False,False
2022-02-17,2022-02-16,0.05,0.05,0.0,0.0,1,proc_sha256:9ce21fb6c59266b24645d2b81969bacd7db55f529d6d4d0038c37add91a7502d,proc_sha256:10449f02f2bfcd8f06613be38d4f3cafee08a547e7a9f841f104c1b97152cfdf,False,False,False,False,False,False
2022-02-18,2022-02-17,0.05,0.05,0.0,0.0,1,proc_sha256:0cf5284c468352f9888d2f7aaa84b9e62a513c30c2360bf5ae901b72a02a0d52,proc_sha256:9ce21fb6c59266b24645d2b81969bacd7db55f529d6d4d0038c37add91a7502d,False,False,False,False,False,False
2022-02-22,2022-02-18,0.05,0.05,0.0,0.0,4,proc_sha256:26ef4c35c9e295db2a5bb63db170821b9b7090d2e756c53f5d64c4b29e1fbab5,proc_sha256:0cf5284c468352f9888d2f7aaa84b9e62a513c30c2360bf5ae901b72a02a0d52,False,False,False,False,False,False
2022-02-23,2022-02-22,0.05,0.05,0.0,0.0,1,proc_sha256:00a8c119dece719b6c69e57ee076ce31e6fab73896e4eadca7302cf02f80f308,proc_sha256:26ef4c35c9e295db2a5bb63db170821b9b7090d2e756c53f5d64c4b29e1fbab5,False,False,False,False,False,False
2022-02-24,2022-02-23,0.05,0.05,0.0,0.0,1,proc_sha256:70acd4c38a79682e0ff5c4dca1e2afc52aeacef4747cb3dccee77ada54ebff1f,proc_sha256:00a8c119dece719b6c69e57ee076ce31e6fab73896e4eadca7302cf02f80f308,False,False,False,False,False,False
2022-02-25,2022-02-24,0.05,0.05,0.0,0.0,1,proc_sha256:fbb17fbfa0fcb204098b5ce33096c6a187ebe864f8dcc8df0fe8f403d70e747a,proc_sha256:70acd4c38a79682e0ff5c4dca1e2afc52aeacef4747cb3dccee77ada54ebff1f,False,False,False,True,False,False
2022-02-28,2022-02-25,0.05,0.05,0.0,0.0,3,proc_sha256:48a94edcc3bc166d46ddbea70894cdc55791286dbe3a67d8855696f9c7f03183,proc_sha256:fbb17fbfa0fcb204098b5ce33096c6a187ebe864f8dcc8df0fe8f403d70e747a,True,False,False,True,False,False
2022-03-01,2022-02-28,0.05,0.05,0.0,0.0,1,proc_sha256:87820f085d6411e74fd1c057852594d8302848544f4b81a914d0c14d74f13160,proc_sha256:48a94edcc3bc166d46ddbea70894cdc55791286dbe3a67d8855696f9c7f03183,False,False,False,True,False,False
2022-03-02,2022-03-01,0.05,0.05,0.0,0.0,1,proc_sha256:4ecc4b1b6703c0a107539630546b73ea5145169ba095a7f57dba6ac124c945ed,proc_sha256:87820f085d6411e74fd1c057852594d8302848544f4b81a914d0c14d74f13160,False,False,False,False,False,False
2022-03-03,2022-03-02,0.05,0.05,0.0,0.0,1,proc_sha256:f3182957dccd322e1db600d16444988d876c4d55e957b6a0f863eec680965a19,proc_sha256:4ecc4b1b6703c0a107539630546b73ea5145169ba095a7f57dba6ac124c945ed,False,False,False,False,False,False
2022-03-04,2022-03-03,0.05,0.05,0.0,0.0,1,proc_sha256:6b10e324f1aadc187274f0d7ef30afd5a4404b2a6b5cd6baebd04baeaf2ad891,proc_sha256:f3182957dccd322e1db600d16444988d876c4d55e957b6a0f863eec680965a19,False,False,False,False,False,False
2022-03-07,2022-03-04,0.05,0.05,0.0,0.0,3,proc_sha256:06dbd77953dbe8cc85931308c900e097acd208e7b1c21a01c13ba46fa3760e23,proc_sha256:6b10e324f1aadc187274f0d7ef30afd5a4404b2a6b5cd6baebd04baeaf2ad891,False,False,False,False,False,False
2022-03-08,2022-03-07,0.05,0.05,0.0,0.0,1,proc_sha256:f8d70bfe7117988f3a339a8c0ac1bada14bde69548f62fd5057c9e3969986c4f,proc_sha256:06dbd77953dbe8cc85931308c900e097acd208e7b1c21a01c13ba46fa3760e23,False,False,False,False,False,False
2022-03-09,2022-03-08,0.05,0.05,0.0,0.0,1,proc_sha256:7e92cecb5c4202709bb364a60590308e7b2a8db66fcebd70c72573b7cb401586,proc_sha256:f8d70bfe7117988f3a339a8c0ac1bada14bde69548f62fd5057c9e3969986c4f,False,False,False,False,False,False
2022-03-10,2022-03-09,0.05,0.05,0.0,0.0,1,proc_sha256:251226ec4727255c64e9771e34d398518c1f06b36f9ee82e9942880462631511,proc_sha256:7e92cecb5c4202709bb364a60590308e7b2a8db66fcebd70c72573b7cb401586,False,False,False,False,False,False
2022-03-11,2022-03-10,0.05,0.05,0.0,0.0,1,proc_sha256:574bf4883e561a3d18b1e346f7699277b7dc3a151e187aa8c6c4105a133d8e43,proc_sha256:251226ec4727255c64e9771e34d398518c1f06b36f9ee82e9942880462631511,False,False,False,False,False,False
2022-03-14,2022-03-11,0.05,0.05,0.0,0.0,3,proc_sha256:69afedc1d480d83b86a7a4296ee3c4726c3ef0ae8f1d8783e208b5d94424590e,proc_sha256:574bf4883e561a3d18b1e346f7699277b7dc3a151e187aa8c6c4105a133d8e43,False,False,False,False,False,False
2022-03-15,2022-03-14,0.05,0.05,0.0,0.0,1,proc_sha256:6224572bcff99334ba1d7d49c89330db97155e73f3928ed54a7d5617fa16b0ea,proc_sha256:69afedc1d480d83b86a7a4296ee3c4726c3ef0ae8f1d8783e208b5d94424590e,False,False,False,False,False,False
2022-03-16,2022-03-15,0.05,0.05,0.0,0.0,1,proc_sha256:a70b569b30bba5db24597ad18b68de96dafc7198f8af731a648ae700f6b66525,proc_sha256:6224572bcff99334ba1d7d49c89330db97155e73f3928ed54a7d5617fa16b0ea,False,False,False,False,False,False
2022-03-17,2022-03-16,0.3,0.05,25.0,25.0,1,proc_sha256:24a4d1b1f37ba69368ff6f35c17246539c4220153cc79a6910d4ac9c8ec26a93,proc_sha256:a70b569b30bba5db24597ad18b68de96dafc7198f8af731a648ae700f6b66525,False,False,False,False,False,False
2022-03-18,2022-03-17,0.3,0.3,0.0,0.0,1,proc_sha256:5a661918f79101479fee1374bcfcefa67df5d22528744e3e8fdd176d4cf029cc,proc_sha256:24a4d1b1f37ba69368ff6f35c17246539c4220153cc79a6910d4ac9c8ec26a93,False,False,False,False,False,False
2022-03-21,2022-03-18,0.29,0.3,-1.0,1.0,3,proc_sha256:3f254d70116d4b293ad5a955cdfd132c31a933f26e3b136c0800d81e6d9835d3,proc_sha256:5a661918f79101479fee1374bcfcefa67df5d22528744e3e8fdd176d4cf029cc,False,False,False,False,False,False
2022-03-22,2022-03-21,0.28,0.29,-1.0,1.0,1,proc_sha256:f1f48ab22c50d3aa8b6dc0588171d9cbacb3e3316e69b21ab977864fdf24108e,proc_sha256:3f254d70116d4b293ad5a955cdfd132c31a933f26e3b136c0800d81e6d9835d3,False,False,False,False,False,False
2022-03-23,2022-03-22,0.27,0.28,-1.0,1.0,1,proc_sha256:ddb0312636aa6606bc78d007f090e103048c87ce06eb9ea56bdc8d1799987a55,proc_sha256:f1f48ab22c50d3aa8b6dc0588171d9cbacb3e3316e69b21ab977864fdf24108e,False,False,False,False,False,False
2022-03-24,2022-03-23,0.27,0.27,0.0,0.0,1,proc_sha256:c2bac1448e1429402a718adbf54bc36a711dd3dee8bd4eae42d32856f8136c31,proc_sha256:ddb0312636aa6606bc78d007f090e103048c87ce06eb9ea56bdc8d1799987a55,False,False,False,False,False,False
2022-03-25,2022-03-24,0.28,0.27,1.0,1.0,1,proc_sha256:fccbca3883c332fe5f030635485be5228cf7da2fc1c63e9c1abcec7fc6999bc3,proc_sha256:c2bac1448e1429402a718adbf54bc36a711dd3dee8bd4eae42d32856f8136c31,False,False,False,False,False,False
2022-03-28,2022-03-25,0.28,0.28,0.0,0.0,3,proc_sha256:5187f20bcce92a9429881d4d6642e2e0c9221edf1c122ee423e8275e3965bb47,proc_sha256:fccbca3883c332fe5f030635485be5228cf7da2fc1c63e9c1abcec7fc6999bc3,False,False,False,False,False,False
2022-03-29,2022-03-28,0.28,0.28,0.0,0.0,1,proc_sha256:ba52c956deeb27835b512e70b100677f2c069091f008bbda1f1703417c74eeb3,proc_sha256:5187f20bcce92a9429881d4d6642e2e0c9221edf1c122ee423e8275e3965bb47,False,False,False,False,False,False
2022-03-30,2022-03-29,0.27,0.28,-1.0,1.0,1,proc_sha256:97589be704b2583d048b8e388e7ee46af4d440ae2a69711c8f0dbca2f6a71728,proc_sha256:ba52c956deeb27835b512e70b100677f2c069091f008bbda1f1703417c74eeb3,False,False,False,True,True,False
2022-03-31,2022-03-30,0.29,0.27,2.0,2.0,1,proc_sha256:1717631ff2dd7c751745d9ba6655d321c3213a611e551a1561180b0eab8e4dc5,proc_sha256:97589be704b2583d048b8e388e7ee46af4d440ae2a69711c8f0dbca2f6a71728,True,True,False,True,True,False
2022-04-01,2022-03-31,0.3,0.29,1.0,1.0,1,proc_sha256:9ca086b68214254037ca2097715208ff39f1403283a87e60f5e5692d0643aad7,proc_sha256:1717631ff2dd7c751745d9ba6655d321c3213a611e551a1561180b0eab8e4dc5,False,False,False,True,True,False
2022-04-04,2022-04-01,0.3,0.3,0.0,0.0,3,proc_sha256:f29754b571be70e7670c9b578ce5f490621ccfe322aa0020127e91c5e99eaa5f,proc_sha256:9ca086b68214254037ca2097715208ff39f1403283a87e60f5e5692d0643aad7,False,False,False,False,False,False
2022-04-05,2022-04-04,0.3,0.3,0.0,0.0,1,proc_sha256:cb30c5aa1332fcc6b225b8d02d03338c0d3aa5db8f619d3e4671e8708080dbea,proc_sha256:f29754b571be70e7670c9b578ce5f490621ccfe322aa0020127e91c5e99eaa5f,False,False,False,False,False,False
2022-04-06,2022-04-05,0.3,0.3,0.0,0.0,1,proc_sha256:049cae6e5a5a5956da8c5d415a5e8d391cfdd51900eba0dc1cedfcc32a9cf682,proc_sha256:cb30c5aa1332fcc6b225b8d02d03338c0d3aa5db8f619d3e4671e8708080dbea,False,False,False,False,False,False
2022-04-07,2022-04-06,0.3,0.3,0.0,0.0,1,proc_sha256:ce0cfa0753765b450870131c97e7a03b7c216e9147b15c02974bbe1171451880,proc_sha256:049cae6e5a5a5956da8c5d415a5e8d391cfdd51900eba0dc1cedfcc32a9cf682,False,False,False,False,False,False
2022-04-08,2022-04-07,0.3,0.3,0.0,0.0,1,proc_sha256:7418f8d45f46a07e91eb3ad33d063827994544922bb4b86ff705d20e6330d7d1,proc_sha256:ce0cfa0753765b450870131c97e7a03b7c216e9147b15c02974bbe1171451880,False,False,False,False,False,False
2022-04-11,2022-04-08,0.3,0.3,0.0,0.0,3,proc_sha256:ea64fe1fc4223984299b8a764300e4c88ddd63dcdd668da79c014c469dc21285,proc_sha256:7418f8d45f46a07e91eb3ad33d063827994544922bb4b86ff705d20e6330d7d1,False,False,False,False,False,False
2022-04-12,2022-04-11,0.29,0.3,-1.0,1.0,1,proc_sha256:0a7ef9b7b3a7e13e4302f11d434b1da08141ce1c5b1179acf962b230a3e94ef8,proc_sha256:ea64fe1fc4223984299b8a764300e4c88ddd63dcdd668da79c014c469dc21285,False,False,False,False,False,False
2022-04-13,2022-04-12,0.29,0.29,0.0,0.0,1,proc_sha256:64d642aee35d59f1ca6cc23cd59f7dd35af7166fc0a18b29c7a1a01a78e49f79,proc_sha256:0a7ef9b7b3a7e13e4302f11d434b1da08141ce1c5b1179acf962b230a3e94ef8,False,False,False,False,False,False
2022-04-14,2022-04-13,0.29,0.29,0.0,0.0,1,proc_sha256:8f85426e16cf1689fe0e2bb7c3c73326c91d25664d8f7447d8f894e7b00c2e7c,proc_sha256:64d642aee35d59f1ca6cc23cd59f7dd35af7166fc0a18b29c7a1a01a78e49f79,False,False,False,False,False,False
2022-04-18,2022-04-14,0.29,0.29,0.0,0.0,4,proc_sha256:f1b427f881942d09515f47fbbb2836618222e012ee4f63d2a42ec976d1a4ee96,proc_sha256:8f85426e16cf1689fe0e2bb7c3c73326c91d25664d8f7447d8f894e7b00c2e7c,False,False,False,False,False,False
2022-04-19,2022-04-18,0.28,0.29,-1.0,1.0,1,proc_sha256:42d03959d6468ef7aab50859725d099bd07e9969c681bdaf17773ed487438656,proc_sha256:f1b427f881942d09515f47fbbb2836618222e012ee4f63d2a42ec976d1a4ee96,False,False,False,False,False,False
2022-04-20,2022-04-19,0.27,0.28,-1.0,1.0,1,proc_sha256:0c59a160e769c128d958dd5f9d23d0d6d01c4ad0fe168613aeeb150e0cb77fab,proc_sha256:42d03959d6468ef7aab50859725d099bd07e9969c681bdaf17773ed487438656,False,False,False,False,False,False
2022-04-21,2022-04-20,0.26,0.27,-1.0,1.0,1,proc_sha256:7150ac2631b1373b67c28ebb0412c12541e94d1a83d45cdf5e99a1d6ce53d8c4,proc_sha256:0c59a160e769c128d958dd5f9d23d0d6d01c4ad0fe168613aeeb150e0cb77fab,False,False,False,False,False,False
2022-04-22,2022-04-21,0.27,0.26,1.0,1.0,1,proc_sha256:ff8fd23ab9c0abe988d60e3dda55f75375c835be918aa137c8a5eb63f9171e90,proc_sha256:7150ac2631b1373b67c28ebb0412c12541e94d1a83d45cdf5e99a1d6ce53d8c4,False,False,False,False,False,False
2022-04-25,2022-04-22,0.27,0.27,0.0,0.0,3,proc_sha256:d7da0becd72b60c4ec560d74706e5e6bc532c14c447884bf36cbbdd7f9724056,proc_sha256:ff8fd23ab9c0abe988d60e3dda55f75375c835be918aa137c8a5eb63f9171e90,False,False,False,False,False,False
2022-04-26,2022-04-25,0.27,0.27,0.0,0.0,1,proc_sha256:fa2362d676957895ab53df53b160e05243adce82795e85a35715917288d78416,proc_sha256:d7da0becd72b60c4ec560d74706e5e6bc532c14c447884bf36cbbdd7f9724056,False,False,False,False,False,False
2022-04-27,2022-04-26,0.28,0.27,1.0,1.0,1,proc_sha256:ec2e8f5dd23d3642912b8af12fdddf27536191936f989598cf5276a6e96eec79,proc_sha256:fa2362d676957895ab53df53b160e05243adce82795e85a35715917288d78416,False,False,False,False,False,False
2022-04-28,2022-04-27,0.28,0.28,0.0,0.0,1,proc_sha256:d051b257dd3d2778104d46e43912ddf448cf0ba53741159c33bf4c7cbf8bc611,proc_sha256:ec2e8f5dd23d3642912b8af12fdddf27536191936f989598cf5276a6e96eec79,False,False,False,True,False,False
2022-04-29,2022-04-28,0.28,0.28,0.0,0.0,1,proc_sha256:c7183ca8b9548d8bf065d96bcd9bfde21720c9adb0cd6731050b96c47a7d96df,proc_sha256:d051b257dd3d2778104d46e43912ddf448cf0ba53741159c33bf4c7cbf8bc611,True,False,False,True,False,False
2022-05-02,2022-04-29,0.3,0.28,2.0,2.0,3,proc_sha256:28c08e6274d5a1f0bd207f0e06880813ff3fd4517c53b04526c5ab3f1bea4de0,proc_sha256:c7183ca8b9548d8bf065d96bcd9bfde21720c9adb0cd6731050b96c47a7d96df,False,False,False,True,False,False
2022-05-03,2022-05-02,0.3,0.3,0.0,0.0,1,proc_sha256:74125c158aa821b349d21b682479199c1af0f79ae2ba1e84bc2f4757de28cf9f,proc_sha256:28c08e6274d5a1f0bd207f0e06880813ff3fd4517c53b04526c5ab3f1bea4de0,False,False,False,False,False,False
2022-05-04,2022-05-03,0.3,0.3,0.0,0.0,1,proc_sha256:85235a728c3d14547aa56bd3a824a161b29315af4b68f05c5cd9012ded9c7586,proc_sha256:74125c158aa821b349d21b682479199c1af0f79ae2ba1e84bc2f4757de28cf9f,False,False,False,False,False,False
2022-05-05,2022-05-04,0.79,0.3,49.0,49.0,1,proc_sha256:1f740fe739f6b9cec51f720ea3acb73e40faad39547ad2ce30323aa87178fb20,proc_sha256:85235a728c3d14547aa56bd3a824a161b29315af4b68f05c5cd9012ded9c7586,False,False,False,False,False,False
2022-05-06,2022-05-05,0.78,0.79,-1.0,1.0,1,proc_sha256:054b26e277e98ee2b97614a65c2e9a9d74e9ecffef88afb251aa01f82d5fc2a7,proc_sha256:1f740fe739f6b9cec51f720ea3acb73e40faad39547ad2ce30323aa87178fb20,False,False,False,False,False,False
2022-05-09,2022-05-06,0.78,0.78,0.0,0.0,3,proc_sha256:425328b413b9fced7082c785479ba6e8a484179dd4749bfd8f2b868e5e9fb4c7,proc_sha256:054b26e277e98ee2b97614a65c2e9a9d74e9ecffef88afb251aa01f82d5fc2a7,False,False,False,False,False,False
2022-05-10,2022-05-09,0.78,0.78,0.0,0.0,1,proc_sha256:ab5750af12c857ba38d7a854396655d7715a3bf60c425bcfa3cfa49dbec1ab67,proc_sha256:425328b413b9fced7082c785479ba6e8a484179dd4749bfd8f2b868e5e9fb4c7,False,False,False,False,False,False
2022-05-11,2022-05-10,0.78,0.78,0.0,0.0,1,proc_sha256:62224f2106d8cb4c45d61e6df4a73aa215a0fff9ecf3f2f016f3c46b08e0270e,proc_sha256:ab5750af12c857ba38d7a854396655d7715a3bf60c425bcfa3cfa49dbec1ab67,False,False,False,False,False,False
2022-05-12,2022-05-11,0.79,0.78,1.0,1.0,1,proc_sha256:f3c1c29047177e445a272cc2407c7099db8ca2b2e125fbd4b55f47c97d524a9c,proc_sha256:62224f2106d8cb4c45d61e6df4a73aa215a0fff9ecf3f2f016f3c46b08e0270e,False,False,False,False,False,False
2022-05-13,2022-05-12,0.79,0.79,0.0,0.0,1,proc_sha256:b238b02f053edcb38ee04339807b649a1d3eb88f4cf218ff1a3707077b3aeef1,proc_sha256:f3c1c29047177e445a272cc2407c7099db8ca2b2e125fbd4b55f47c97d524a9c,False,False,False,False,False,False
2022-05-16,2022-05-13,0.8,0.79,1.0,1.0,3,proc_sha256:0f6aa2a23083afc6ba280d2d871ab6575e660104edef37527307a941c3d7da87,proc_sha256:b238b02f053edcb38ee04339807b649a1d3eb88f4cf218ff1a3707077b3aeef1,False,False,False,False,False,False
2022-05-17,2022-05-16,0.8,0.8,0.0,0.0,1,proc_sha256:3d7b12ecfa56067ad16a9e1379e2ab2849d659f3420ed6127a44e897c3e8bba7,proc_sha256:0f6aa2a23083afc6ba280d2d871ab6575e660104edef37527307a941c3d7da87,False,False,False,False,False,False
2022-05-18,2022-05-17,0.79,0.8,-1.0,1.0,1,proc_sha256:720be4a6bb5aa16ddbe5859c91193d6c485916808b0cf9c0b9034f32d712be85,proc_sha256:3d7b12ecfa56067ad16a9e1379e2ab2849d659f3420ed6127a44e897c3e8bba7,False,False,False,False,False,False
2022-05-19,2022-05-18,0.79,0.79,0.0,0.0,1,proc_sha256:32bea41f14f5c208bfe1fc17174c8980fb0f735dc5a60ad5f39e74c96e956e9c,proc_sha256:720be4a6bb5aa16ddbe5859c91193d6c485916808b0cf9c0b9034f32d712be85,False,False,False,False,False,False
2022-05-20,2022-05-19,0.78,0.79,-1.0,1.0,1,proc_sha256:b5ae92f43df9df8765d3f826320aeb2595dd238caddd047f5a9169603f0ec9e6,proc_sha256:32bea41f14f5c208bfe1fc17174c8980fb0f735dc5a60ad5f39e74c96e956e9c,False,False,False,False,False,False
2022-05-23,2022-05-20,0.78,0.78,0.0,0.0,3,proc_sha256:4534865e28eb421ccb136b18d0c0fe01bd8e4580f4c155989a9811c08fb4581d,proc_sha256:b5ae92f43df9df8765d3f826320aeb2595dd238caddd047f5a9169603f0ec9e6,False,False,False,False,False,False
2022-05-24,2022-05-23,0.78,0.78,0.0,0.0,1,proc_sha256:1ffead8595496b440325a14dde26d1c2c5c153ee953f6af25f4e0fc3c966dd97,proc_sha256:4534865e28eb421ccb136b18d0c0fe01bd8e4580f4c155989a9811c08fb4581d,False,False,False,False,False,False
2022-05-25,2022-05-24,0.78,0.78,0.0,0.0,1,proc_sha256:7d80e7560a578bbcaa468a5df8e079c943bc480191cecf0aca50e00f5af8f7cb,proc_sha256:1ffead8595496b440325a14dde26d1c2c5c153ee953f6af25f4e0fc3c966dd97,False,False,False,False,False,False
2022-05-26,2022-05-25,0.78,0.78,0.0,0.0,1,proc_sha256:61448aebef6024f763d23eab022ae6871ab6bb77a43ae9e46b17e2c2d4373b2d,proc_sha256:7d80e7560a578bbcaa468a5df8e079c943bc480191cecf0aca50e00f5af8f7cb,False,False,False,False,False,False
2022-05-27,2022-05-26,0.78,0.78,0.0,0.0,1,proc_sha256:12a41fd202ddf596f12f074d7a0108a87a4835780a77de6817b192e090a120b5,proc_sha256:61448aebef6024f763d23eab022ae6871ab6bb77a43ae9e46b17e2c2d4373b2d,False,False,False,True,False,False
2022-05-31,2022-05-27,0.79,0.78,1.0,1.0,4,proc_sha256:e75213001ae2f07c71c4350ad4d7d8584c18ab4d8f17876cdc9bce435cfb8973,proc_sha256:12a41fd202ddf596f12f074d7a0108a87a4835780a77de6817b192e090a120b5,True,False,False,True,False,False
2022-06-01,2022-05-31,0.8,0.79,1.0,1.0,1,proc_sha256:43f78d7a7ee4da94a5ec7462eb50271dc9715228e6ed6ce354c95ac85df7fda6,proc_sha256:e75213001ae2f07c71c4350ad4d7d8584c18ab4d8f17876cdc9bce435cfb8973,False,False,False,True,False,False
2022-06-02,2022-06-01,0.79,0.8,-1.0,1.0,1,proc_sha256:2406dfea527e23f0b5e9672a1d05068fbc7443b95522c7cdb15c181fb80d3672,proc_sha256:43f78d7a7ee4da94a5ec7462eb50271dc9715228e6ed6ce354c95ac85df7fda6,False,False,False,False,False,False
2022-06-03,2022-06-02,0.78,0.79,-1.0,1.0,1,proc_sha256:a1078ca1481d3780f13188da4182aefc8f6393abea56958090e41c3339083a22,proc_sha256:2406dfea527e23f0b5e9672a1d05068fbc7443b95522c7cdb15c181fb80d3672,False,False,False,False,False,False
2022-06-06,2022-06-03,0.78,0.78,0.0,0.0,3,proc_sha256:be35fdddfb236f83ad4114dba55227aa7a4c03286628988e5697ff0cad941955,proc_sha256:a1078ca1481d3780f13188da4182aefc8f6393abea56958090e41c3339083a22,False,False,False,False,False,False
2022-06-07,2022-06-06,0.77,0.78,-1.0,1.0,1,proc_sha256:c6768acd05b9cd1a1c40605b13a8e92207ba035967de5a030174df99c8478bc3,proc_sha256:be35fdddfb236f83ad4114dba55227aa7a4c03286628988e5697ff0cad941955,False,False,False,False,False,False
2022-06-08,2022-06-07,0.76,0.77,-1.0,1.0,1,proc_sha256:a22e8aba43659aa211a16ab6154bbead8f997116607caa3eadb625c18acc1113,proc_sha256:c6768acd05b9cd1a1c40605b13a8e92207ba035967de5a030174df99c8478bc3,False,False,False,False,False,False
2022-06-09,2022-06-08,0.75,0.76,-1.0,1.0,1,proc_sha256:d2a1d4060f2b432845f9f499b0152dd067682318dc0747944b598fa23fa0e157,proc_sha256:a22e8aba43659aa211a16ab6154bbead8f997116607caa3eadb625c18acc1113,False,False,False,False,False,False
2022-06-10,2022-06-09,0.75,0.75,0.0,0.0,1,proc_sha256:b701badb6cf9e4963ded561b269f06cf5d38d2830b9fcd81db9d8875b93759cf,proc_sha256:d2a1d4060f2b432845f9f499b0152dd067682318dc0747944b598fa23fa0e157,False,False,False,False,False,False
2022-06-13,2022-06-10,0.73,0.75,-2.0,2.0,3,proc_sha256:e1b90daeea37662bc97482fff36a59c272f14594856d43b5f50b19c7279a3f74,proc_sha256:b701badb6cf9e4963ded561b269f06cf5d38d2830b9fcd81db9d8875b93759cf,False,False,False,False,False,False
2022-06-14,2022-06-13,0.69,0.73,-4.0,4.0,1,proc_sha256:82e5cccd39a33f61ae1c3621b1055d8953f41d99e2f14ddbeb9e2fac45a0b6b1,proc_sha256:e1b90daeea37662bc97482fff36a59c272f14594856d43b5f50b19c7279a3f74,False,False,False,False,False,False
2022-06-15,2022-06-14,0.7,0.69,1.0,1.0,1,proc_sha256:8801656f3eda29f2d578b3f9c65ca662f8e5f3d4fc655e5679f3cc32f01e9a26,proc_sha256:82e5cccd39a33f61ae1c3621b1055d8953f41d99e2f14ddbeb9e2fac45a0b6b1,False,False,False,False,False,False
2022-06-16,2022-06-15,1.45,0.7,75.0,75.0,1,proc_sha256:5db00b21651185617ad01c2afa6f5ee25fef4aa3cc021b057769cc442b8a1035,proc_sha256:8801656f3eda29f2d578b3f9c65ca662f8e5f3d4fc655e5679f3cc32f01e9a26,False,False,False,False,False,False
2022-06-17,2022-06-16,1.45,1.45,0.0,0.0,1,proc_sha256:6ef8308d76b32366abb3c35040a5b7aa8cc983ba9d146961c77dd1e58e2652e3,proc_sha256:5db00b21651185617ad01c2afa6f5ee25fef4aa3cc021b057769cc442b8a1035,False,False,False,False,False,False
2022-06-21,2022-06-17,1.45,1.45,0.0,0.0,4,proc_sha256:25133978848ebf4863bda7f30f0b350f9973e4ac81cc010124767aa757dc41cc,proc_sha256:6ef8308d76b32366abb3c35040a5b7aa8cc983ba9d146961c77dd1e58e2652e3,False,False,False,False,False,False
2022-06-22,2022-06-21,1.45,1.45,0.0,0.0,1,proc_sha256:5996f48c47af1533ea07d08e6b449c9d17302f957c29005da09276eb1e56c246,proc_sha256:25133978848ebf4863bda7f30f0b350f9973e4ac81cc010124767aa757dc41cc,False,False,False,False,False,False
2022-06-23,2022-06-22,1.44,1.45,-1.0,1.0,1,proc_sha256:ea97eb4d54306f9b7f3f04f0f47bf459263ca85083564fc88b4f3ec0d59b4d80,proc_sha256:5996f48c47af1533ea07d08e6b449c9d17302f957c29005da09276eb1e56c246,False,False,False,False,False,False
2022-06-24,2022-06-23,1.46,1.44,2.0,2.0,1,proc_sha256:c0a9c61b3532c8275f5213b354520ab2e1e8821c2e3a016d937391f46ce7c935,proc_sha256:ea97eb4d54306f9b7f3f04f0f47bf459263ca85083564fc88b4f3ec0d59b4d80,False,False,False,False,False,False
2022-06-27,2022-06-24,1.5,1.46,4.0,4.0,3,proc_sha256:3945060c3f9703a8c03bb2e365921728d952ad510b0e74e0fd0800e3ea9818c2,proc_sha256:c0a9c61b3532c8275f5213b354520ab2e1e8821c2e3a016d937391f46ce7c935,False,False,False,False,False,False
2022-06-28,2022-06-27,1.52,1.5,2.0,2.0,1,proc_sha256:0c049847808e95fd2e047aeae89f3d0aa6ca1986169cefbeb5c5d12455b4f449,proc_sha256:3945060c3f9703a8c03bb2e365921728d952ad510b0e74e0fd0800e3ea9818c2,False,False,False,False,False,False
2022-06-29,2022-06-28,1.51,1.52,-1.0,1.0,1,proc_sha256:dd24d2e2d977f855408f01613ba49106fb388020173dac057cccbeb39c21ca8a,proc_sha256:0c049847808e95fd2e047aeae89f3d0aa6ca1986169cefbeb5c5d12455b4f449,False,False,False,True,True,False
2022-06-30,2022-06-29,1.5,1.51,-1.0,1.0,1,proc_sha256:fb6bdd1260a162b7db3b0efc669eb50c427f9a7d501e5738e67dd9da8835920a,proc_sha256:dd24d2e2d977f855408f01613ba49106fb388020173dac057cccbeb39c21ca8a,True,True,False,True,True,False
2022-07-01,2022-06-30,1.52,1.5,2.0,2.0,1,proc_sha256:531d281d62114547c4650065f80ebddf259349988df48b4f78b684069beff342,proc_sha256:fb6bdd1260a162b7db3b0efc669eb50c427f9a7d501e5738e67dd9da8835920a,False,False,False,True,True,False
2022-07-05,2022-07-01,1.54,1.52,2.0,2.0,4,proc_sha256:5859bccc01f777436b10600ff27c3a40ea30423c74a072e89a492ec193aedfb7,proc_sha256:531d281d62114547c4650065f80ebddf259349988df48b4f78b684069beff342,False,False,False,False,False,False
2022-07-06,2022-07-05,1.54,1.54,0.0,0.0,1,proc_sha256:5e9c5254d6ec5f35555c51935048aa04b84a8c4cc32b1943a73553e85f477adc,proc_sha256:5859bccc01f777436b10600ff27c3a40ea30423c74a072e89a492ec193aedfb7,False,False,False,False,False,False
2022-07-07,2022-07-06,1.54,1.54,0.0,0.0,1,proc_sha256:7d0d5154e7688dfcb4b6127a6689ccab871dec075f89e063ececf421e381ba58,proc_sha256:5e9c5254d6ec5f35555c51935048aa04b84a8c4cc32b1943a73553e85f477adc,False,False,False,False,False,False
2022-07-08,2022-07-07,1.53,1.54,-1.0,1.0,1,proc_sha256:796f48df45855a47ef66669fbcc8d5ed136fda28fa0208b15a2a0e59b3eef66f,proc_sha256:7d0d5154e7688dfcb4b6127a6689ccab871dec075f89e063ececf421e381ba58,False,False,False,False,False,False
2022-07-11,2022-07-08,1.53,1.53,0.0,0.0,3,proc_sha256:ce9a2717eb453f5c0b97c538539ee6c095e90929fa2d70c48389bbb8eced039a,proc_sha256:796f48df45855a47ef66669fbcc8d5ed136fda28fa0208b15a2a0e59b3eef66f,False,False,False,False,False,False
2022-07-12,2022-07-11,1.54,1.53,1.0,1.0,1,proc_sha256:bb0546b58e802e51aa12593d2ee6f850b080681d3eab425225ba3be471cabe8a,proc_sha256:ce9a2717eb453f5c0b97c538539ee6c095e90929fa2d70c48389bbb8eced039a,False,False,False,False,False,False
2022-07-13,2022-07-12,1.53,1.54,-1.0,1.0,1,proc_sha256:af4ddb7b5aecb8b6e94a9fddd9eb1b32a4a48484d125b6ec27ae550855b66a4f,proc_sha256:bb0546b58e802e51aa12593d2ee6f850b080681d3eab425225ba3be471cabe8a,False,False,False,False,False,False
2022-07-14,2022-07-13,1.53,1.53,0.0,0.0,1,proc_sha256:26090249b4d701bd8bbd9a129a8bd639eeb637b62f4b5aec078899eb0df5fd4d,proc_sha256:af4ddb7b5aecb8b6e94a9fddd9eb1b32a4a48484d125b6ec27ae550855b66a4f,False,False,False,False,False,False
2022-07-15,2022-07-14,1.54,1.53,1.0,1.0,1,proc_sha256:d6b6d895d94ac899acfd378fdf5a031de0c13166aff054bc46caf796c9082c2d,proc_sha256:26090249b4d701bd8bbd9a129a8bd639eeb637b62f4b5aec078899eb0df5fd4d,False,False,False,False,False,False
2022-07-18,2022-07-15,1.54,1.54,0.0,0.0,3,proc_sha256:b5f691c28ef28b4014ead93b58e48b0de5b0f48b87acead09ff49c1d8e92c568,proc_sha256:d6b6d895d94ac899acfd378fdf5a031de0c13166aff054bc46caf796c9082c2d,False,False,False,False,False,False
2022-07-19,2022-07-18,1.54,1.54,0.0,0.0,1,proc_sha256:3dd0e3f6986433f535bc8c4fbeb14b4a0b1a45416846f1acd2ad19a4e7477592,proc_sha256:b5f691c28ef28b4014ead93b58e48b0de5b0f48b87acead09ff49c1d8e92c568,False,False,False,False,False,False
2022-07-20,2022-07-19,1.53,1.54,-1.0,1.0,1,proc_sha256:209c6171e629c64830eb49fe6a92325ed511eb95e193c756aa01629082ad0d4e,proc_sha256:3dd0e3f6986433f535bc8c4fbeb14b4a0b1a45416846f1acd2ad19a4e7477592,False,False,False,False,False,False
2022-07-21,2022-07-20,1.53,1.53,0.0,0.0,1,proc_sha256:85c75c638adb13e26ea4aa6590bc67f37cfb0838664df9273f5def29a9109688,proc_sha256:209c6171e629c64830eb49fe6a92325ed511eb95e193c756aa01629082ad0d4e,False,False,False,False,False,False
2022-07-22,2022-07-21,1.52,1.53,-1.0,1.0,1,proc_sha256:249ed541b01dfdebe37bdd5f57a12d46644097bba23cd3b9b4d0aa80e0911c8c,proc_sha256:85c75c638adb13e26ea4aa6590bc67f37cfb0838664df9273f5def29a9109688,False,False,False,False,False,False
2022-07-25,2022-07-22,1.53,1.52,1.0,1.0,3,proc_sha256:1f7bd9da51aec828a9cfeb85434b294e371727e32e3ba399204393e0f87cd362,proc_sha256:249ed541b01dfdebe37bdd5f57a12d46644097bba23cd3b9b4d0aa80e0911c8c,False,False,False,False,False,False
2022-07-26,2022-07-25,1.53,1.53,0.0,0.0,1,proc_sha256:7195fe88ed06102e2be841cd55e8f5e8ed6e30c25ff42b4231546454b314b11f,proc_sha256:1f7bd9da51aec828a9cfeb85434b294e371727e32e3ba399204393e0f87cd362,False,False,False,False,False,False
2022-07-27,2022-07-26,1.53,1.53,0.0,0.0,1,proc_sha256:40858b87b637835d800afd60155ba0ade7155842a6fee81111b92325563e6b85,proc_sha256:7195fe88ed06102e2be841cd55e8f5e8ed6e30c25ff42b4231546454b314b11f,False,False,False,False,False,False
2022-07-28,2022-07-27,2.28,1.53,75.0,75.0,1,proc_sha256:5ffa6184300415e88df6284a4fcbcb0d3bac0b96dd03041e5eabacb73195dfe7,proc_sha256:40858b87b637835d800afd60155ba0ade7155842a6fee81111b92325563e6b85,False,False,False,True,False,False
2022-07-29,2022-07-28,2.27,2.28,-1.0,1.0,1,proc_sha256:8080d75269542b004c0b94539ffd93e3244161b271cc3ea3ea40aa922c2c617d,proc_sha256:5ffa6184300415e88df6284a4fcbcb0d3bac0b96dd03041e5eabacb73195dfe7,True,False,False,True,False,False
2022-08-01,2022-07-29,2.28,2.27,1.0,1.0,3,proc_sha256:36763cba00e9427e21ca801fdb716186e8dde76d068abfec9d5c7f948c1da81b,proc_sha256:8080d75269542b004c0b94539ffd93e3244161b271cc3ea3ea40aa922c2c617d,False,False,False,True,False,False
2022-08-02,2022-08-01,2.3,2.28,2.0,2.0,1,proc_sha256:04f28e2570c7d1c539771207c63981b42cda9b29fd10c6ed8174ffebc5ed4a24,proc_sha256:36763cba00e9427e21ca801fdb716186e8dde76d068abfec9d5c7f948c1da81b,False,False,False,False,False,False
2022-08-03,2022-08-02,2.29,2.3,-1.0,1.0,1,proc_sha256:b236de4bb20f8f3ba1d3bb4d3a453b5ca6a78bd0df9828d6cc61e908d63a5a3c,proc_sha256:04f28e2570c7d1c539771207c63981b42cda9b29fd10c6ed8174ffebc5ed4a24,False,False,False,False,False,False
2022-08-04,2022-08-03,2.29,2.29,0.0,0.0,1,proc_sha256:218fc16b38a6928ddc033657344e6242f47f20ba7bc6867fad3609b8a82b8f95,proc_sha256:b236de4bb20f8f3ba1d3bb4d3a453b5ca6a78bd0df9828d6cc61e908d63a5a3c,False,False,False,False,False,False
2022-08-05,2022-08-04,2.28,2.29,-1.0,1.0,1,proc_sha256:af986cd11408e93966d17c025ae2c5f6bee6a664b78ce47e9915dfa22a4dabbf,proc_sha256:218fc16b38a6928ddc033657344e6242f47f20ba7bc6867fad3609b8a82b8f95,False,False,False,False,False,False
2022-08-08,2022-08-05,2.28,2.28,0.0,0.0,3,proc_sha256:730bfa99fa48fd5ad2449c31b24186c542e458c4dbaf6120239ded6bda84d66a,proc_sha256:af986cd11408e93966d17c025ae2c5f6bee6a664b78ce47e9915dfa22a4dabbf,False,False,False,False,False,False
2022-08-09,2022-08-08,2.29,2.28,1.0,1.0,1,proc_sha256:3f9e765aac1989e2dd608c025222454f969e205d9f1831c4476b012ba8e86fba,proc_sha256:730bfa99fa48fd5ad2449c31b24186c542e458c4dbaf6120239ded6bda84d66a,False,False,False,False,False,False
2022-08-10,2022-08-09,2.28,2.29,-1.0,1.0,1,proc_sha256:45a4e4761b6fd0a2e82faa0f0ab968d7f033427cc46dafd4fc5b8582f2685006,proc_sha256:3f9e765aac1989e2dd608c025222454f969e205d9f1831c4476b012ba8e86fba,False,False,False,False,False,False
2022-08-11,2022-08-10,2.28,2.28,0.0,0.0,1,proc_sha256:fc7f2aae4d0b65de08f70631e2e19557ff64c13c1a377c32baca4ed1211c0aea,proc_sha256:45a4e4761b6fd0a2e82faa0f0ab968d7f033427cc46dafd4fc5b8582f2685006,False,False,False,False,False,False
2022-08-12,2022-08-11,2.28,2.28,0.0,0.0,1,proc_sha256:650090bb06086fa9081119981660fa98d3d04fba08cb9e642ddd5b0cfefb2f97,proc_sha256:fc7f2aae4d0b65de08f70631e2e19557ff64c13c1a377c32baca4ed1211c0aea,False,False,False,False,False,False
2022-08-15,2022-08-12,2.29,2.28,1.0,1.0,3,proc_sha256:a005046290f8f6c380e6850a8beb5f1ab177833aac012746babda1880dbed5bf,proc_sha256:650090bb06086fa9081119981660fa98d3d04fba08cb9e642ddd5b0cfefb2f97,False,False,False,False,False,False
2022-08-16,2022-08-15,2.29,2.29,0.0,0.0,1,proc_sha256:77ae2fa2173d1f3b3b7d5df13f23395bd8cdc5b4f2316d3b51a59e3496d5ba07,proc_sha256:a005046290f8f6c380e6850a8beb5f1ab177833aac012746babda1880dbed5bf,False,False,False,False,False,False
2022-08-17,2022-08-16,2.29,2.29,0.0,0.0,1,proc_sha256:38d0668a625a4ecc16327bdda3a3f29b94cc9f7c6fabfc5929e8393b274af40c,proc_sha256:77ae2fa2173d1f3b3b7d5df13f23395bd8cdc5b4f2316d3b51a59e3496d5ba07,False,False,False,False,False,False
2022-08-18,2022-08-17,2.28,2.29,-1.0,1.0,1,proc_sha256:b1a03567a23a2c525981f91c3c14ffb47510d3c8d3f2628700ccea590b4a8406,proc_sha256:38d0668a625a4ecc16327bdda3a3f29b94cc9f7c6fabfc5929e8393b274af40c,False,False,False,False,False,False
2022-08-19,2022-08-18,2.28,2.28,0.0,0.0,1,proc_sha256:13f42e116101bfea1ca0269fc331929355519dfc6984c86cb4a4cfd315db7700,proc_sha256:b1a03567a23a2c525981f91c3c14ffb47510d3c8d3f2628700ccea590b4a8406,False,False,False,False,False,False
2022-08-22,2022-08-19,2.28,2.28,0.0,0.0,3,proc_sha256:fec8e139dc553b813f01c3ae261d25ccfb577465abdbe00ab0cff380c0563e01,proc_sha256:13f42e116101bfea1ca0269fc331929355519dfc6984c86cb4a4cfd315db7700,False,False,False,False,False,False
2022-08-23,2022-08-22,2.27,2.28,-1.0,1.0,1,proc_sha256:8a8f69ebbc3cb21c82063b7467c08715cf0068f4d90b299c3794ed94299b0bf3,proc_sha256:fec8e139dc553b813f01c3ae261d25ccfb577465abdbe00ab0cff380c0563e01,False,False,False,False,False,False
2022-08-24,2022-08-23,2.27,2.27,0.0,0.0,1,proc_sha256:13a3ab9a35cdb396c972db0215bb58774d74986dcd845488be1bc58df7978b1c,proc_sha256:8a8f69ebbc3cb21c82063b7467c08715cf0068f4d90b299c3794ed94299b0bf3,False,False,False,False,False,False
2022-08-25,2022-08-24,2.28,2.27,1.0,1.0,1,proc_sha256:cc48ab53613b5d05dc65635631f7e7c629c8a75b8679174220351a21c2bdf1c8,proc_sha256:13a3ab9a35cdb396c972db0215bb58774d74986dcd845488be1bc58df7978b1c,False,False,False,False,False,False
2022-08-26,2022-08-25,2.28,2.28,0.0,0.0,1,proc_sha256:acacaa203bc388425f918fa99f449680d559da5df7b9d946dd5b06cd0bf16988,proc_sha256:cc48ab53613b5d05dc65635631f7e7c629c8a75b8679174220351a21c2bdf1c8,False,False,False,False,False,False
2022-08-29,2022-08-26,2.28,2.28,0.0,0.0,3,proc_sha256:ae7adfea7bb07c1d4b0fd94ec97999b386f70fd21f16e468cea2fcffe16225dd,proc_sha256:acacaa203bc388425f918fa99f449680d559da5df7b9d946dd5b06cd0bf16988,False,False,False,False,False,False
2022-08-30,2022-08-29,2.29,2.28,1.0,1.0,1,proc_sha256:13471909a9325a3e15876e6d0dcd887280a8d40d1d1a21cea413f904940c2d22,proc_sha256:ae7adfea7bb07c1d4b0fd94ec97999b386f70fd21f16e468cea2fcffe16225dd,False,False,False,True,False,False
2022-08-31,2022-08-30,2.29,2.29,0.0,0.0,1,proc_sha256:35963991ceb708c683dc1d25b26108991da0b50b0cd5faf3f9020fee07957dde,proc_sha256:13471909a9325a3e15876e6d0dcd887280a8d40d1d1a21cea413f904940c2d22,True,False,False,True,False,False
2022-09-01,2022-08-31,2.29,2.29,0.0,0.0,1,proc_sha256:baf9e1c11a1c8af51aff758a67e7ca65405911f2068cd97d096771de055da12b,proc_sha256:35963991ceb708c683dc1d25b26108991da0b50b0cd5faf3f9020fee07957dde,False,False,False,True,False,False
2022-09-02,2022-09-01,2.29,2.29,0.0,0.0,1,proc_sha256:40b4336067470eaeaef4660f45fca39f3b17fd9b94e16b8268f6dbb554bf7484,proc_sha256:baf9e1c11a1c8af51aff758a67e7ca65405911f2068cd97d096771de055da12b,False,False,False,False,False,False
2022-09-06,2022-09-02,2.29,2.29,0.0,0.0,4,proc_sha256:92fa3669778fbd713c560dd5a4c21ccc5a186b751008f6b3fa8ac20ed43b2d5a,proc_sha256:40b4336067470eaeaef4660f45fca39f3b17fd9b94e16b8268f6dbb554bf7484,False,False,False,False,False,False
2022-09-07,2022-09-06,2.28,2.29,-1.0,1.0,1,proc_sha256:82d180b234bd5532dbae3d0a3813208d7e737f3a9decbae8ebb515f91a027533,proc_sha256:92fa3669778fbd713c560dd5a4c21ccc5a186b751008f6b3fa8ac20ed43b2d5a,False,False,False,False,False,False
2022-09-08,2022-09-07,2.28,2.28,0.0,0.0,1,proc_sha256:870e8b55545bac24727e6e8c106d68ad59f8ea5b6fe2021529a2b924f3c351da,proc_sha256:82d180b234bd5532dbae3d0a3813208d7e737f3a9decbae8ebb515f91a027533,False,False,False,False,False,False
2022-09-09,2022-09-08,2.28,2.28,0.0,0.0,1,proc_sha256:d3ede2af7d4b1b558721c3315bce724a3c86013e40f2e03b590deafa879d8ebe,proc_sha256:870e8b55545bac24727e6e8c106d68ad59f8ea5b6fe2021529a2b924f3c351da,False,False,False,False,False,False
2022-09-12,2022-09-09,2.28,2.28,0.0,0.0,3,proc_sha256:f01a89dcdd46d878e3eb8b18f46e42f7046a4779d028347ad324fb8a59141c83,proc_sha256:d3ede2af7d4b1b558721c3315bce724a3c86013e40f2e03b590deafa879d8ebe,False,False,False,False,False,False
2022-09-13,2022-09-12,2.28,2.28,0.0,0.0,1,proc_sha256:f92d4de41369963f5d03406fcda80424e6753aff16ea8b06ea0f4840e950c283,proc_sha256:f01a89dcdd46d878e3eb8b18f46e42f7046a4779d028347ad324fb8a59141c83,False,False,False,False,False,False
2022-09-14,2022-09-13,2.27,2.28,-1.0,1.0,1,proc_sha256:fa8c16e21d30f714d96745c2dd8b83c3df9182fca40ca91bf166c44f0bce487c,proc_sha256:f92d4de41369963f5d03406fcda80424e6753aff16ea8b06ea0f4840e950c283,False,False,False,False,False,False
2022-09-15,2022-09-14,2.28,2.27,1.0,1.0,1,proc_sha256:5b6b896a18f445f9864fbf001e471debbdbba9bd0bf168a792f29d5110d01348,proc_sha256:fa8c16e21d30f714d96745c2dd8b83c3df9182fca40ca91bf166c44f0bce487c,False,False,False,False,False,False
2022-09-16,2022-09-15,2.27,2.28,-1.0,1.0,1,proc_sha256:a61fb89de34e3d616c1011364e20c08064e84405f63e486256638afcbb2b54e5,proc_sha256:5b6b896a18f445f9864fbf001e471debbdbba9bd0bf168a792f29d5110d01348,False,False,False,False,False,False
2022-09-19,2022-09-16,2.27,2.27,0.0,0.0,3,proc_sha256:14498234d3f1aa73762df9aa72db46596da175e4a2b893bf45236296e71d7546,proc_sha256:a61fb89de34e3d616c1011364e20c08064e84405f63e486256638afcbb2b54e5,False,False,False,False,False,False
2022-09-20,2022-09-19,2.26,2.27,-1.0,1.0,1,proc_sha256:7c312f559bc8e38d7ec93c6451d6e1ceb8f638900ef0fe2b25259e66b203bb5b,proc_sha256:14498234d3f1aa73762df9aa72db46596da175e4a2b893bf45236296e71d7546,False,False,False,False,False,False
2022-09-21,2022-09-20,2.25,2.26,-1.0,1.0,1,proc_sha256:918a9fc6c9aa5d850bc5680b58a17dd6d0a018d11e045bb0ade1612d82ec65e7,proc_sha256:7c312f559bc8e38d7ec93c6451d6e1ceb8f638900ef0fe2b25259e66b203bb5b,False,False,False,False,False,False
2022-09-22,2022-09-21,2.99,2.25,74.0,74.0,1,proc_sha256:baf7b173009fe627e70767c29d1a62f45ef3e746901fb96191bf9ed2eade3224,proc_sha256:918a9fc6c9aa5d850bc5680b58a17dd6d0a018d11e045bb0ade1612d82ec65e7,False,False,False,False,False,False
2022-09-23,2022-09-22,2.99,2.99,0.0,0.0,1,proc_sha256:a0e4cc5f72ca5372e874e11646bdb9437e24c94c6eb86353278716c033eb1d7b,proc_sha256:baf7b173009fe627e70767c29d1a62f45ef3e746901fb96191bf9ed2eade3224,False,False,False,False,False,False
2022-09-26,2022-09-23,2.99,2.99,0.0,0.0,3,proc_sha256:69d32e12450d1df6be68763419cf0713b11eef3667e0e4dc95579b0dc5840a5b,proc_sha256:a0e4cc5f72ca5372e874e11646bdb9437e24c94c6eb86353278716c033eb1d7b,False,False,False,False,False,False
2022-09-27,2022-09-26,2.98,2.99,-1.0,1.0,1,proc_sha256:51e4f4385be65464f943b8aedac44dbf231d23f4ded8ac297044a722d515b627,proc_sha256:69d32e12450d1df6be68763419cf0713b11eef3667e0e4dc95579b0dc5840a5b,False,False,False,False,False,False
2022-09-28,2022-09-27,2.98,2.98,0.0,0.0,1,proc_sha256:7e95669c68911f2aa118f46927effd228ee2c1083ddaba1029c025ec43d1d1c4,proc_sha256:51e4f4385be65464f943b8aedac44dbf231d23f4ded8ac297044a722d515b627,False,False,False,False,False,False
2022-09-29,2022-09-28,2.96,2.98,-2.0,2.0,1,proc_sha256:7431f39b1c55417ed9aca7298a24b7b4930f4f1b2549f82366b1d9cae96866e0,proc_sha256:7e95669c68911f2aa118f46927effd228ee2c1083ddaba1029c025ec43d1d1c4,False,False,False,True,True,False
2022-09-30,2022-09-29,2.98,2.96,2.0,2.0,1,proc_sha256:3c4b6cec8d71764371dbc1ae24ad72dd2ce6880d6ec8e4534e9eae4d61a3f178,proc_sha256:7431f39b1c55417ed9aca7298a24b7b4930f4f1b2549f82366b1d9cae96866e0,True,True,False,True,True,False
2022-10-03,2022-09-30,3.0,2.98,2.0,2.0,3,proc_sha256:4ac43cb8e0a791159eec7ee3e5e3b69d027ce2b1a0c8d452d1f68db33f452e67,proc_sha256:3c4b6cec8d71764371dbc1ae24ad72dd2ce6880d6ec8e4534e9eae4d61a3f178,False,False,False,True,True,False
2022-10-04,2022-10-03,3.04,3.0,4.0,4.0,1,proc_sha256:cf819006b972677d379982980deb6705ca7e990db6df5a16174673e4aec712ec,proc_sha256:4ac43cb8e0a791159eec7ee3e5e3b69d027ce2b1a0c8d452d1f68db33f452e67,False,False,False,False,False,False
2022-10-05,2022-10-04,3.04,3.04,0.0,0.0,1,proc_sha256:0e537620ecdcc8fa6d5b62c90a7b532aacc95d0787fba4106d18a9bb09a1b8fb,proc_sha256:cf819006b972677d379982980deb6705ca7e990db6df5a16174673e4aec712ec,False,False,False,False,False,False
2022-10-06,2022-10-05,3.05,3.04,1.0,1.0,1,proc_sha256:5dec9202e2e816566b680b4e8f57b6367c587ff3cc02e143c35b25a3e176f3d5,proc_sha256:0e537620ecdcc8fa6d5b62c90a7b532aacc95d0787fba4106d18a9bb09a1b8fb,False,False,False,False,False,False
2022-10-07,2022-10-06,3.05,3.05,0.0,0.0,1,proc_sha256:d58fbdb9d2ebab7515b40d7744442af61cf05056da6d0521035292c0c14f65e7,proc_sha256:5dec9202e2e816566b680b4e8f57b6367c587ff3cc02e143c35b25a3e176f3d5,False,False,False,False,False,False
2022-10-11,2022-10-07,3.05,3.05,0.0,0.0,4,proc_sha256:d022eb0d6046f124a420e3ffa6caf472391068cb3628701c1852e1c8dff4ded9,proc_sha256:d58fbdb9d2ebab7515b40d7744442af61cf05056da6d0521035292c0c14f65e7,False,False,False,False,False,False
2022-10-12,2022-10-11,3.04,3.05,-1.0,1.0,1,proc_sha256:ea28d24b1487adb92f02f9fb686fa74f7de7c6e5138a82ee72d2c9eaa88f23aa,proc_sha256:d022eb0d6046f124a420e3ffa6caf472391068cb3628701c1852e1c8dff4ded9,False,False,False,False,False,False
2022-10-13,2022-10-12,3.04,3.04,0.0,0.0,1,proc_sha256:9ca0c46e118dc3e80418cd887d99bfe73c1c89efc3dd88c933718a363f5d7406,proc_sha256:ea28d24b1487adb92f02f9fb686fa74f7de7c6e5138a82ee72d2c9eaa88f23aa,False,False,False,False,False,False
2022-10-14,2022-10-13,3.04,3.04,0.0,0.0,1,proc_sha256:7bf0e87ff6ba8a6d9e6578554c5830fb762c353b9b72ce8bf1500c852db69e87,proc_sha256:9ca0c46e118dc3e80418cd887d99bfe73c1c89efc3dd88c933718a363f5d7406,False,False,False,False,False,False
2022-10-17,2022-10-14,3.05,3.04,1.0,1.0,3,proc_sha256:3db9c0214322f4aeb6e43943f14838382ac410b686d2ca73ff53f9edec832632,proc_sha256:7bf0e87ff6ba8a6d9e6578554c5830fb762c353b9b72ce8bf1500c852db69e87,False,False,False,False,False,False
2022-10-18,2022-10-17,3.04,3.05,-1.0,1.0,1,proc_sha256:7cd3bfc0dd46be4cc049c715ca90fd05bf8ef5c6cac403ed92a2b4aa412dacf1,proc_sha256:3db9c0214322f4aeb6e43943f14838382ac410b686d2ca73ff53f9edec832632,False,False,False,False,False,False
2022-10-19,2022-10-18,3.04,3.04,0.0,0.0,1,proc_sha256:abb1b2ca80cb56f02a1fa3c946df9c4adec2314a9dfce058d641812163dda162,proc_sha256:7cd3bfc0dd46be4cc049c715ca90fd05bf8ef5c6cac403ed92a2b4aa412dacf1,False,False,False,False,False,False
2022-10-20,2022-10-19,3.03,3.04,-1.0,1.0,1,proc_sha256:97e3c8c3cfd3eb34cc9e5f37d9bbc4a1e432e66b967312ccfb7fa8529d83841a,proc_sha256:abb1b2ca80cb56f02a1fa3c946df9c4adec2314a9dfce058d641812163dda162,False,False,False,False,False,False
2022-10-21,2022-10-20,3.02,3.03,-1.0,1.0,1,proc_sha256:2a798ef79432b7215024c1a64065de7cefd941831a4aacf45cf8a736ec505c1e,proc_sha256:97e3c8c3cfd3eb34cc9e5f37d9bbc4a1e432e66b967312ccfb7fa8529d83841a,False,False,False,False,False,False
2022-10-24,2022-10-21,3.01,3.02,-1.0,1.0,3,proc_sha256:2180d8cab8ec4638ba14c2ba269a7505ba5956615e69c53d705dd0f7a48e077a,proc_sha256:2a798ef79432b7215024c1a64065de7cefd941831a4aacf45cf8a736ec505c1e,False,False,False,False,False,False
2022-10-25,2022-10-24,3.02,3.01,1.0,1.0,1,proc_sha256:22e2241dcd542d8132a7315293cd621428273c70d1745eac879c41736ba86a72,proc_sha256:2180d8cab8ec4638ba14c2ba269a7505ba5956615e69c53d705dd0f7a48e077a,False,False,False,False,False,False
2022-10-26,2022-10-25,3.03,3.02,1.0,1.0,1,proc_sha256:0c57428fd42c1627a9d6d677c9e99670047ab66d3b6c3c491040e0ef5b22c905,proc_sha256:22e2241dcd542d8132a7315293cd621428273c70d1745eac879c41736ba86a72,False,False,False,False,False,False
2022-10-27,2022-10-26,3.04,3.03,1.0,1.0,1,proc_sha256:0b8a2dfaa47c9ef2db46bfe6ef026d42a1fdfb0a0c1e821465929b0d84322b18,proc_sha256:0c57428fd42c1627a9d6d677c9e99670047ab66d3b6c3c491040e0ef5b22c905,False,False,False,False,False,False
2022-10-28,2022-10-27,3.05,3.04,1.0,1.0,1,proc_sha256:3deec0760cc5445b6ccf69b3d70a95fbc2b48f39635329a63fad9fafe7b19fba,proc_sha256:0b8a2dfaa47c9ef2db46bfe6ef026d42a1fdfb0a0c1e821465929b0d84322b18,False,False,False,True,False,False
2022-10-31,2022-10-28,3.05,3.05,0.0,0.0,3,proc_sha256:b9c01a724ee7a61a37e65bbbbfb756b3cd88df0e4634eec862c74a578df25bfe,proc_sha256:3deec0760cc5445b6ccf69b3d70a95fbc2b48f39635329a63fad9fafe7b19fba,True,False,False,True,False,False
2022-11-01,2022-10-31,3.05,3.05,0.0,0.0,1,proc_sha256:183e2e974c4bfd39c011ca07e1aaebc8a778ad55e09f40b01a166757565cac10,proc_sha256:b9c01a724ee7a61a37e65bbbbfb756b3cd88df0e4634eec862c74a578df25bfe,False,False,False,True,False,False
2022-11-02,2022-11-01,3.05,3.05,0.0,0.0,1,proc_sha256:65bc5d5036c1a81695ffdd6ea4a57cd06ffce2cae9a6c86651caca4b11f2162f,proc_sha256:183e2e974c4bfd39c011ca07e1aaebc8a778ad55e09f40b01a166757565cac10,False,False,False,False,False,False
2022-11-03,2022-11-02,3.8,3.05,75.0,75.0,1,proc_sha256:fe5c81cc733dfaa5a02753cb029d852acd2a58dc282a5e4db463db2d3d71492d,proc_sha256:65bc5d5036c1a81695ffdd6ea4a57cd06ffce2cae9a6c86651caca4b11f2162f,False,False,False,False,False,False
2022-11-04,2022-11-03,3.8,3.8,0.0,0.0,1,proc_sha256:830834e8674d9b163ffa68a35b60983c1f650710db60aed7b0009b2ff99fccde,proc_sha256:fe5c81cc733dfaa5a02753cb029d852acd2a58dc282a5e4db463db2d3d71492d,False,False,False,False,False,False
2022-11-07,2022-11-04,3.78,3.8,-2.0,2.0,3,proc_sha256:63bf77b1c6809220d3fb3176ad311f266ea07e81944157f8e0846f78c611d75c,proc_sha256:830834e8674d9b163ffa68a35b60983c1f650710db60aed7b0009b2ff99fccde,False,False,False,False,False,False
2022-11-08,2022-11-07,3.78,3.78,0.0,0.0,1,proc_sha256:85da07256ff6ba3d0362d507df2bc3a4a7c67b0e9b3fab85d0b879a19aca93e7,proc_sha256:63bf77b1c6809220d3fb3176ad311f266ea07e81944157f8e0846f78c611d75c,False,False,False,False,False,False
2022-11-09,2022-11-08,3.78,3.78,0.0,0.0,1,proc_sha256:665231e98fa1a68c5e0a02d87c6c08be4b0e47614fecb473edbfc69a90f3a747,proc_sha256:85da07256ff6ba3d0362d507df2bc3a4a7c67b0e9b3fab85d0b879a19aca93e7,False,False,False,False,False,False
2022-11-10,2022-11-09,3.78,3.78,0.0,0.0,1,proc_sha256:65f8cf92a32f7cfca267dafbde547934d88da5d09147710212180c4551389d83,proc_sha256:665231e98fa1a68c5e0a02d87c6c08be4b0e47614fecb473edbfc69a90f3a747,False,False,False,False,False,False
2022-11-14,2022-11-10,3.79,3.78,1.0,1.0,4,proc_sha256:fee53946448d2445c7e55592f24e02ba6e5079477d2ae7b4a50c604b99ae46ce,proc_sha256:65f8cf92a32f7cfca267dafbde547934d88da5d09147710212180c4551389d83,False,False,False,False,False,False
2022-11-15,2022-11-14,3.8,3.79,1.0,1.0,1,proc_sha256:9599e0363f8880a4ba4e838298e6da1de179d759604c4757cb2ce37d92502bbf,proc_sha256:fee53946448d2445c7e55592f24e02ba6e5079477d2ae7b4a50c604b99ae46ce,False,False,False,False,False,False
2022-11-16,2022-11-15,3.81,3.8,1.0,1.0,1,proc_sha256:243ab38fa79dc09b2e38de88bc8f66d467b180898247f85481c3fe4197e4bb7b,proc_sha256:9599e0363f8880a4ba4e838298e6da1de179d759604c4757cb2ce37d92502bbf,False,False,False,False,False,False
2022-11-17,2022-11-16,3.8,3.81,-1.0,1.0,1,proc_sha256:389bc3f0a1bfc75d03ca17616cb024a7d76b0bc6465cde3a80534195ebec530f,proc_sha256:243ab38fa79dc09b2e38de88bc8f66d467b180898247f85481c3fe4197e4bb7b,False,False,False,False,False,False
2022-11-18,2022-11-17,3.8,3.8,0.0,0.0,1,proc_sha256:2a97693da085964f322876bd3f4b7e2985e24148295c312bdbfb9307d928b514,proc_sha256:389bc3f0a1bfc75d03ca17616cb024a7d76b0bc6465cde3a80534195ebec530f,False,False,False,False,False,False
2022-11-21,2022-11-18,3.8,3.8,0.0,0.0,3,proc_sha256:d38684c391fd3e5913c2fbf1f19f33458eb7378abf81a69f14583def1fa76b21,proc_sha256:2a97693da085964f322876bd3f4b7e2985e24148295c312bdbfb9307d928b514,False,False,False,False,False,False
2022-11-22,2022-11-21,3.8,3.8,0.0,0.0,1,proc_sha256:414f92fa49d600d1bb1d489df0abd04ac76112fa6bbce04e9a9bb22653068749,proc_sha256:d38684c391fd3e5913c2fbf1f19f33458eb7378abf81a69f14583def1fa76b21,False,False,False,False,False,False
2022-11-23,2022-11-22,3.79,3.8,-1.0,1.0,1,proc_sha256:66fadbf18d896754f1b672c735d82b20f43d8d4cc3d953f6bbd85c440e30d118,proc_sha256:414f92fa49d600d1bb1d489df0abd04ac76112fa6bbce04e9a9bb22653068749,False,False,False,False,False,False
2022-11-25,2022-11-23,3.8,3.79,1.0,1.0,2,proc_sha256:017ae4481076a3ef7d438c0c02d5aec66185812edd913fb3b1ccc3e5962f6427,proc_sha256:66fadbf18d896754f1b672c735d82b20f43d8d4cc3d953f6bbd85c440e30d118,False,False,False,False,False,False
2022-11-28,2022-11-25,3.8,3.8,0.0,0.0,3,proc_sha256:6b31c452073aa0d40e4f8fca02c9f49305fb8babce3f780cfac3e6ea6b2ebb74,proc_sha256:017ae4481076a3ef7d438c0c02d5aec66185812edd913fb3b1ccc3e5962f6427,False,False,False,False,False,False
2022-11-29,2022-11-28,3.81,3.8,1.0,1.0,1,proc_sha256:7d321b27fb6fc76a2755ef57d60d173b86e349b67539e139df305cd5d41979d6,proc_sha256:6b31c452073aa0d40e4f8fca02c9f49305fb8babce3f780cfac3e6ea6b2ebb74,False,False,False,True,False,False
2022-11-30,2022-11-29,3.82,3.81,1.0,1.0,1,proc_sha256:37675b9ef544db0546676eb05d34ca23a4aa228804d18082218b8bca56d896d8,proc_sha256:7d321b27fb6fc76a2755ef57d60d173b86e349b67539e139df305cd5d41979d6,True,False,False,True,False,False
2022-12-01,2022-11-30,3.82,3.82,0.0,0.0,1,proc_sha256:796f1233c3aafa48de6720ba6d589b4b16eb96cb92a821b0d3d642a74fd197bc,proc_sha256:37675b9ef544db0546676eb05d34ca23a4aa228804d18082218b8bca56d896d8,False,False,False,True,False,False
2022-12-02,2022-12-01,3.81,3.82,-1.0,1.0,1,proc_sha256:cfa02e3a4ed4f7b9b5e7aa3eca22c1d838107b65340326138b66272753de887a,proc_sha256:796f1233c3aafa48de6720ba6d589b4b16eb96cb92a821b0d3d642a74fd197bc,False,False,False,False,False,False
2022-12-05,2022-12-02,3.81,3.81,0.0,0.0,3,proc_sha256:493abfada19530ef1cc67d375922433e3b2b05a36ca3cf39e1d7df99a2624be6,proc_sha256:cfa02e3a4ed4f7b9b5e7aa3eca22c1d838107b65340326138b66272753de887a,False,False,False,False,False,False
2022-12-06,2022-12-05,3.8,3.81,-1.0,1.0,1,proc_sha256:26bd50c7e90e392a2e6ae6c0ba89cc5041c68789827e7b628b3af125beb9cf4c,proc_sha256:493abfada19530ef1cc67d375922433e3b2b05a36ca3cf39e1d7df99a2624be6,False,False,False,False,False,False
2022-12-07,2022-12-06,3.8,3.8,0.0,0.0,1,proc_sha256:ecaf98fc079164b0174b042e56a6079a69b58790cd04c984ef63636446653a97,proc_sha256:26bd50c7e90e392a2e6ae6c0ba89cc5041c68789827e7b628b3af125beb9cf4c,False,False,False,False,False,False
2022-12-08,2022-12-07,3.8,3.8,0.0,0.0,1,proc_sha256:42d7af5d84746e737a370380a337cb31920ac906a13a71b0a9780661bb9e2f1d,proc_sha256:ecaf98fc079164b0174b042e56a6079a69b58790cd04c984ef63636446653a97,False,False,False,False,False,False
2022-12-09,2022-12-08,3.8,3.8,0.0,0.0,1,proc_sha256:88c5246ceef28db113f5a7b5dfd088ab7c5b2df41854324aa29c52ce3fb0cf91,proc_sha256:42d7af5d84746e737a370380a337cb31920ac906a13a71b0a9780661bb9e2f1d,False,False,False,False,False,False
2022-12-12,2022-12-09,3.8,3.8,0.0,0.0,3,proc_sha256:2ebfcb54eb90395f8d128ddba2f6c0e40145b75f9d60a862bb495ec1db8348e3,proc_sha256:88c5246ceef28db113f5a7b5dfd088ab7c5b2df41854324aa29c52ce3fb0cf91,False,False,False,False,False,False
2022-12-13,2022-12-12,3.8,3.8,0.0,0.0,1,proc_sha256:0413cd0872e0dbe5fdb14a0a0b81e9fab2ef9509cc648c219779631d76d99b63,proc_sha256:2ebfcb54eb90395f8d128ddba2f6c0e40145b75f9d60a862bb495ec1db8348e3,False,False,False,False,False,False
2022-12-14,2022-12-13,3.8,3.8,0.0,0.0,1,proc_sha256:e3ba26ac0956bcfa3b218e43cb7d0692776b1fb368bc0dbfc1394603ce342e8b,proc_sha256:0413cd0872e0dbe5fdb14a0a0b81e9fab2ef9509cc648c219779631d76d99b63,False,False,False,False,False,False
2022-12-15,2022-12-14,4.32,3.8,52.0,52.0,1,proc_sha256:ef3ba03ce8b86ff044e8b8b0f37126c851afac07a2cd341bf9dbfc255f8ca9dc,proc_sha256:e3ba26ac0956bcfa3b218e43cb7d0692776b1fb368bc0dbfc1394603ce342e8b,False,False,False,False,False,False
2022-12-16,2022-12-15,4.32,4.32,0.0,0.0,1,proc_sha256:2dfd628a036994a368795e3af3754168f7603b51eae2de513fc1152df5294636,proc_sha256:ef3ba03ce8b86ff044e8b8b0f37126c851afac07a2cd341bf9dbfc255f8ca9dc,False,False,False,False,False,False
2022-12-19,2022-12-16,4.3,4.32,-2.0,2.0,3,proc_sha256:63148e4d1c87dc5510467acb1e83ccef50f1d786d4faa6a28c98ee442b2a51fa,proc_sha256:2dfd628a036994a368795e3af3754168f7603b51eae2de513fc1152df5294636,False,False,False,False,False,False
2022-12-20,2022-12-19,4.3,4.3,0.0,0.0,1,proc_sha256:ccd6521f0796393acbdaf3c5fe116783cbd00b7b19421d1f5f4c2880504d0898,proc_sha256:63148e4d1c87dc5510467acb1e83ccef50f1d786d4faa6a28c98ee442b2a51fa,False,False,False,False,False,False
2022-12-21,2022-12-20,4.3,4.3,0.0,0.0,1,proc_sha256:783a8216d79e819c5baf7460f76807b1d5aed1fa7ddc1f9ca0201a8782086e76,proc_sha256:ccd6521f0796393acbdaf3c5fe116783cbd00b7b19421d1f5f4c2880504d0898,False,False,False,False,False,False
2022-12-22,2022-12-21,4.3,4.3,0.0,0.0,1,proc_sha256:63c67b4864782a1b17d2de01614e34f0f30c0f68f311631a64f5a859a397024d,proc_sha256:783a8216d79e819c5baf7460f76807b1d5aed1fa7ddc1f9ca0201a8782086e76,False,False,False,False,False,False
2022-12-23,2022-12-22,4.3,4.3,0.0,0.0,1,proc_sha256:b78a347c4a0734ef765aafcefb8c51ea97b9382b8274f691f609aee0b47df206,proc_sha256:63c67b4864782a1b17d2de01614e34f0f30c0f68f311631a64f5a859a397024d,False,False,False,False,False,False
2022-12-27,2022-12-23,4.3,4.3,0.0,0.0,4,proc_sha256:dab7ecc8ff8f83c61576b154f0893889c714a653deba2156ba2414ca16f2c80d,proc_sha256:b78a347c4a0734ef765aafcefb8c51ea97b9382b8274f691f609aee0b47df206,False,False,False,False,False,False
2022-12-28,2022-12-27,4.3,4.3,0.0,0.0,1,proc_sha256:adb552143affadbcfcc75d207b100e385581171449528aadf92dd1ef9a807115,proc_sha256:dab7ecc8ff8f83c61576b154f0893889c714a653deba2156ba2414ca16f2c80d,False,False,False,False,False,False
2022-12-29,2022-12-28,4.3,4.3,0.0,0.0,1,proc_sha256:4d994dac544a152097d341081a19e7319b9548f2dc4b0d71790c3f33a55a11b4,proc_sha256:adb552143affadbcfcc75d207b100e385581171449528aadf92dd1ef9a807115,False,False,False,True,True,True
2022-12-30,2022-12-29,4.3,4.3,0.0,0.0,1,proc_sha256:54d9d7b8c60fd9a5a15f64d3fb56be07d18dd0363eb4a2af0d32f95935cff806,proc_sha256:4d994dac544a152097d341081a19e7319b9548f2dc4b0d71790c3f33a55a11b4,True,True,True,True,True,True
2023-01-03,2022-12-30,4.31,4.3,1.0,1.0,4,proc_sha256:28fbc9da46a0ba02efe54e4b5e11a347f196f6dcb98f8477024b1164ba2d1f70,proc_sha256:54d9d7b8c60fd9a5a15f64d3fb56be07d18dd0363eb4a2af0d32f95935cff806,False,False,False,True,True,True
2023-01-04,2023-01-03,4.3,4.31,-1.0,1.0,1,proc_sha256:d6814c65697f081e021c2daff3e564bd8ae29862617a1626cf9aa6a1512e0b96,proc_sha256:28fbc9da46a0ba02efe54e4b5e11a347f196f6dcb98f8477024b1164ba2d1f70,False,False,False,False,False,False
2023-01-05,2023-01-04,4.31,4.3,1.0,1.0,1,proc_sha256:b2098ed2f0c3db9811747f967a784f7622639bb12e6521cbcdf913574df18896,proc_sha256:d6814c65697f081e021c2daff3e564bd8ae29862617a1626cf9aa6a1512e0b96,False,False,False,False,False,False
2023-01-06,2023-01-05,4.31,4.31,0.0,0.0,1,proc_sha256:f1f32b4be1ca3065e0f73ef9fbdd35fdc4ec7df407fa4cb45c41cd9e7b258544,proc_sha256:b2098ed2f0c3db9811747f967a784f7622639bb12e6521cbcdf913574df18896,False,False,False,False,False,False
2023-01-09,2023-01-06,4.31,4.31,0.0,0.0,3,proc_sha256:221147bc95b455c79ba68855d47b891577cdd443fb7c68355c77a2f624108ec0,proc_sha256:f1f32b4be1ca3065e0f73ef9fbdd35fdc4ec7df407fa4cb45c41cd9e7b258544,False,False,False,False,False,False
2023-01-10,2023-01-09,4.31,4.31,0.0,0.0,1,proc_sha256:31863d951e66777370558e22247ff1b221084ed15d7444da3c15268158289cf7,proc_sha256:221147bc95b455c79ba68855d47b891577cdd443fb7c68355c77a2f624108ec0,False,False,False,False,False,False
2023-01-11,2023-01-10,4.3,4.31,-1.0,1.0,1,proc_sha256:0bb454f7dcd9b68e563954acd84d5d97f9d8126317067efe3c7b3425628952e2,proc_sha256:31863d951e66777370558e22247ff1b221084ed15d7444da3c15268158289cf7,False,False,False,False,False,False
2023-01-12,2023-01-11,4.3,4.3,0.0,0.0,1,proc_sha256:463fbedfeca3318bf1f68a95ce89c2b8b0c481f22921eda01f6741378468e241,proc_sha256:0bb454f7dcd9b68e563954acd84d5d97f9d8126317067efe3c7b3425628952e2,False,False,False,False,False,False
2023-01-13,2023-01-12,4.3,4.3,0.0,0.0,1,proc_sha256:24ed89f40221be3d73072f1f993db6e4815292c1974bcc1ca2325d119e292f3e,proc_sha256:463fbedfeca3318bf1f68a95ce89c2b8b0c481f22921eda01f6741378468e241,False,False,False,False,False,False
2023-01-17,2023-01-13,4.31,4.3,1.0,1.0,4,proc_sha256:cca5f07848e1446f8139f5a48e68a0863e33545a50e002556e92d1293fc17801,proc_sha256:24ed89f40221be3d73072f1f993db6e4815292c1974bcc1ca2325d119e292f3e,False,False,False,False,False,False
2023-01-18,2023-01-17,4.3,4.31,-1.0,1.0,1,proc_sha256:e0c7bca5e5ae6a029e582ba0139eb1655243304fb66d823cd938eb3dc3308a0f,proc_sha256:cca5f07848e1446f8139f5a48e68a0863e33545a50e002556e92d1293fc17801,False,False,False,False,False,False
2023-01-19,2023-01-18,4.31,4.3,1.0,1.0,1,proc_sha256:56b769a1b96621c04c2629edd380a4961d13f58ed5098da39e461729c30b2813,proc_sha256:e0c7bca5e5ae6a029e582ba0139eb1655243304fb66d823cd938eb3dc3308a0f,False,False,False,False,False,False
2023-01-20,2023-01-19,4.3,4.31,-1.0,1.0,1,proc_sha256:66196b9f4e5bc48b640b1857fe3d110f24708e9540fda5e9ff12d92fac00b8c9,proc_sha256:56b769a1b96621c04c2629edd380a4961d13f58ed5098da39e461729c30b2813,False,False,False,False,False,False
2023-01-23,2023-01-20,4.3,4.3,0.0,0.0,3,proc_sha256:48619547a9983ab36f1802c3ddc0e1fbeac6b718fd3b3803eb0551d27c7238fe,proc_sha256:66196b9f4e5bc48b640b1857fe3d110f24708e9540fda5e9ff12d92fac00b8c9,False,False,False,False,False,False
2023-01-24,2023-01-23,4.3,4.3,0.0,0.0,1,proc_sha256:432f8970d09259feac9b650d82ea5fdbcf00dcf650a1f6100cc97b1dd18d7515,proc_sha256:48619547a9983ab36f1802c3ddc0e1fbeac6b718fd3b3803eb0551d27c7238fe,False,False,False,False,False,False
2023-01-25,2023-01-24,4.31,4.3,1.0,1.0,1,proc_sha256:36e7f6761da418620e3864570afff35e3e08cf6751d54612e0c7363a9235ef57,proc_sha256:432f8970d09259feac9b650d82ea5fdbcf00dcf650a1f6100cc97b1dd18d7515,False,False,False,False,False,False
2023-01-26,2023-01-25,4.3,4.31,-1.0,1.0,1,proc_sha256:401dd6b7e700678a91e7128e93d0b862bd9c8388c10dc45c7eb499f5f91b958f,proc_sha256:36e7f6761da418620e3864570afff35e3e08cf6751d54612e0c7363a9235ef57,False,False,False,False,False,False
2023-01-27,2023-01-26,4.3,4.3,0.0,0.0,1,proc_sha256:ab7ecd49d037bb9e514433a3ab41f3e33c2416a824ae617c83eb9cd4022cf93a,proc_sha256:401dd6b7e700678a91e7128e93d0b862bd9c8388c10dc45c7eb499f5f91b958f,False,False,False,False,False,False
2023-01-30,2023-01-27,4.3,4.3,0.0,0.0,3,proc_sha256:7ea4d4d8d712d083e870983655735127c112baa15718992da0d048db5aba5d5f,proc_sha256:ab7ecd49d037bb9e514433a3ab41f3e33c2416a824ae617c83eb9cd4022cf93a,False,False,False,True,False,False
2023-01-31,2023-01-30,4.31,4.3,1.0,1.0,1,proc_sha256:b35aba04278e325e22c1d01a1afdb265b9e17f0ffba99eccb6695595d41d1b59,proc_sha256:7ea4d4d8d712d083e870983655735127c112baa15718992da0d048db5aba5d5f,True,False,False,True,False,False
2023-02-01,2023-01-31,4.31,4.31,0.0,0.0,1,proc_sha256:31259c3fb82e5b85ed23f4e34822b2d7dfa7436d2e7ffcc1767f8364df8285fd,proc_sha256:b35aba04278e325e22c1d01a1afdb265b9e17f0ffba99eccb6695595d41d1b59,False,False,False,True,False,False
2023-02-02,2023-02-01,4.56,4.31,25.0,25.0,1,proc_sha256:e4df3ddac78c8e4a07ed5ccf7906468d70f999af33abcb757af1e65d16ff3833,proc_sha256:31259c3fb82e5b85ed23f4e34822b2d7dfa7436d2e7ffcc1767f8364df8285fd,False,False,False,False,False,False
2023-02-03,2023-02-02,4.55,4.56,-1.0,1.0,1,proc_sha256:46ad62a63031b540ad85149ba916c8138d469a887c6babafc0a6129a3272e047,proc_sha256:e4df3ddac78c8e4a07ed5ccf7906468d70f999af33abcb757af1e65d16ff3833,False,False,False,False,False,False
2023-02-06,2023-02-03,4.55,4.55,0.0,0.0,3,proc_sha256:959870abec7af5829a92af3c0c64b1c9d361f76097b692bae0ed7abfc0e12069,proc_sha256:46ad62a63031b540ad85149ba916c8138d469a887c6babafc0a6129a3272e047,False,False,False,False,False,False
2023-02-07,2023-02-06,4.55,4.55,0.0,0.0,1,proc_sha256:37a8d0c236be2f7b1aadfa9a71298f0db3faac497591b8ceab122f31da09f027,proc_sha256:959870abec7af5829a92af3c0c64b1c9d361f76097b692bae0ed7abfc0e12069,False,False,False,False,False,False
2023-02-08,2023-02-07,4.55,4.55,0.0,0.0,1,proc_sha256:9df7fdaa2aa156ebaab3c247768881021ac3086e49f590d2919a8881f9699d74,proc_sha256:37a8d0c236be2f7b1aadfa9a71298f0db3faac497591b8ceab122f31da09f027,False,False,False,False,False,False
2023-02-09,2023-02-08,4.55,4.55,0.0,0.0,1,proc_sha256:3763cb5f8d9595c4c8a63fed69c5b647658ce56ce712a4015bbaaae96db2ead5,proc_sha256:9df7fdaa2aa156ebaab3c247768881021ac3086e49f590d2919a8881f9699d74,False,False,False,False,False,False
2023-02-10,2023-02-09,4.55,4.55,0.0,0.0,1,proc_sha256:9d92b7ec7b1257684af0f654ad7b7f5e041d82d1e1388dd31c408c36da207b37,proc_sha256:3763cb5f8d9595c4c8a63fed69c5b647658ce56ce712a4015bbaaae96db2ead5,False,False,False,False,False,False
2023-02-13,2023-02-10,4.55,4.55,0.0,0.0,3,proc_sha256:5dd938f41311e6a7e1e70339df63830fed87b5dd40d66ad749b2753f823108b9,proc_sha256:9d92b7ec7b1257684af0f654ad7b7f5e041d82d1e1388dd31c408c36da207b37,False,False,False,False,False,False
2023-02-14,2023-02-13,4.55,4.55,0.0,0.0,1,proc_sha256:625209030c2fa0d2407b1120f6008d727f932d06743f79b66a2acafaede937c6,proc_sha256:5dd938f41311e6a7e1e70339df63830fed87b5dd40d66ad749b2753f823108b9,False,False,False,False,False,False
2023-02-15,2023-02-14,4.55,4.55,0.0,0.0,1,proc_sha256:5b59c62bdc53d284c23f993bd559f9d77c6a3343043389792965542778c5f37a,proc_sha256:625209030c2fa0d2407b1120f6008d727f932d06743f79b66a2acafaede937c6,False,False,False,False,False,False
2023-02-16,2023-02-15,4.55,4.55,0.0,0.0,1,proc_sha256:322ab161271b0769db921b3d56c3178d8b747831d60a4fbb9c4875b9cf7b05e8,proc_sha256:5b59c62bdc53d284c23f993bd559f9d77c6a3343043389792965542778c5f37a,False,False,False,False,False,False
2023-02-17,2023-02-16,4.55,4.55,0.0,0.0,1,proc_sha256:041a58e9a9b9a435b593606df2067b1fedf87277bc3ddc27166d11c661b60b02,proc_sha256:322ab161271b0769db921b3d56c3178d8b747831d60a4fbb9c4875b9cf7b05e8,False,False,False,False,False,False
2023-02-21,2023-02-17,4.55,4.55,0.0,0.0,4,proc_sha256:79b4f24defca6b0f413cb78b7b2776a68a68f678a8439c49c77ad3db7e4f632a,proc_sha256:041a58e9a9b9a435b593606df2067b1fedf87277bc3ddc27166d11c661b60b02,False,False,False,False,False,False
2023-02-22,2023-02-21,4.55,4.55,0.0,0.0,1,proc_sha256:db358c0692c615188c85e4ebaa1dd7bd49c39820b7e9e890605ea695d310f050,proc_sha256:79b4f24defca6b0f413cb78b7b2776a68a68f678a8439c49c77ad3db7e4f632a,False,False,False,False,False,False
2023-02-23,2023-02-22,4.55,4.55,0.0,0.0,1,proc_sha256:0fae5bf3ec757fd9525ba13e2816090539e7c2d54318fcd1f0fe5af46d1df0f4,proc_sha256:db358c0692c615188c85e4ebaa1dd7bd49c39820b7e9e890605ea695d310f050,False,False,False,False,False,False
2023-02-24,2023-02-23,4.55,4.55,0.0,0.0,1,proc_sha256:2e423cfc606ad037c93b701c5983e5054991dbd47d589b97f9d4b380b3a1fc52,proc_sha256:0fae5bf3ec757fd9525ba13e2816090539e7c2d54318fcd1f0fe5af46d1df0f4,False,False,False,False,False,False
2023-02-27,2023-02-24,4.55,4.55,0.0,0.0,3,proc_sha256:931b45a1dd2f0e42496426ea28d42a630149b7d2f86cbfa41e3df7ac6c1cd44f,proc_sha256:2e423cfc606ad037c93b701c5983e5054991dbd47d589b97f9d4b380b3a1fc52,False,False,False,True,False,False
2023-02-28,2023-02-27,4.55,4.55,0.0,0.0,1,proc_sha256:dc3f6f11ca6d33dd98b8d28a1f414281ac41a485fcac9f258ceb9a91c191aa70,proc_sha256:931b45a1dd2f0e42496426ea28d42a630149b7d2f86cbfa41e3df7ac6c1cd44f,True,False,False,True,False,False
2023-03-01,2023-02-28,4.55,4.55,0.0,0.0,1,proc_sha256:2ccd6fc42ea1825625c0dcd56a71a8fc547a90f81f590ff45970973393cbe96e,proc_sha256:dc3f6f11ca6d33dd98b8d28a1f414281ac41a485fcac9f258ceb9a91c191aa70,False,False,False,True,False,False
2023-03-02,2023-03-01,4.55,4.55,0.0,0.0,1,proc_sha256:4d37b5d0e5d02fadc08b9b2253579a5e2295551f9a1c6e6fa7e79f113328f54a,proc_sha256:2ccd6fc42ea1825625c0dcd56a71a8fc547a90f81f590ff45970973393cbe96e,False,False,False,False,False,False
2023-03-03,2023-03-02,4.55,4.55,0.0,0.0,1,proc_sha256:2d538888663e4d18bb73909a8c6a567ec47433332b2d75ee985395d14088f125,proc_sha256:4d37b5d0e5d02fadc08b9b2253579a5e2295551f9a1c6e6fa7e79f113328f54a,False,False,False,False,False,False
2023-03-06,2023-03-03,4.55,4.55,0.0,0.0,3,proc_sha256:31d4f12b16cec961295782cc8723bc01d074257e3f858c0b55e685670c40d239,proc_sha256:2d538888663e4d18bb73909a8c6a567ec47433332b2d75ee985395d14088f125,False,False,False,False,False,False
2023-03-07,2023-03-06,4.55,4.55,0.0,0.0,1,proc_sha256:826702b4f8add011338c3076b86ba974a7881ee343f9eb8f40d731cba8be5b12,proc_sha256:31d4f12b16cec961295782cc8723bc01d074257e3f858c0b55e685670c40d239,False,False,False,False,False,False
2023-03-08,2023-03-07,4.55,4.55,0.0,0.0,1,proc_sha256:582ae7161ee2cf4861052769c6a5751b3b22bde639cf89f2690243042dfa3482,proc_sha256:826702b4f8add011338c3076b86ba974a7881ee343f9eb8f40d731cba8be5b12,False,False,False,False,False,False
2023-03-09,2023-03-08,4.55,4.55,0.0,0.0,1,proc_sha256:58c53b9c1e974894fd826141360c18cf552f75a43c52524483f64ee33781e77d,proc_sha256:582ae7161ee2cf4861052769c6a5751b3b22bde639cf89f2690243042dfa3482,False,False,False,False,False,False
2023-03-10,2023-03-09,4.55,4.55,0.0,0.0,1,proc_sha256:72e1dd6a7c25424240e4617f20a4bfe7a6dd160baca7a230277cc07a1ffd39bc,proc_sha256:58c53b9c1e974894fd826141360c18cf552f75a43c52524483f64ee33781e77d,False,False,False,False,False,False
2023-03-13,2023-03-10,4.55,4.55,0.0,0.0,3,proc_sha256:4bb31419caae5786d683f64c91dd83c9fb6bc75516175b7a05f9b98dd2903d79,proc_sha256:72e1dd6a7c25424240e4617f20a4bfe7a6dd160baca7a230277cc07a1ffd39bc,False,False,False,False,False,False
2023-03-14,2023-03-13,4.55,4.55,0.0,0.0,1,proc_sha256:e84d9e337b6904c2c57a7f57cdecdbf377e9c00f6282a33c62cee36b41f50b57,proc_sha256:4bb31419caae5786d683f64c91dd83c9fb6bc75516175b7a05f9b98dd2903d79,False,False,False,False,False,False
2023-03-15,2023-03-14,4.58,4.55,3.0,3.0,1,proc_sha256:98e957f5ac67c3fccf36de1af3957e1b443dfbe03d3f407ae865634fe6895854,proc_sha256:e84d9e337b6904c2c57a7f57cdecdbf377e9c00f6282a33c62cee36b41f50b57,False,False,False,False,False,False
2023-03-16,2023-03-15,4.57,4.58,-1.0,1.0,1,proc_sha256:d2c8e80291da05c1eadbc34a4737ea5354ea919aabdd3f1850a4272d7767c4cb,proc_sha256:98e957f5ac67c3fccf36de1af3957e1b443dfbe03d3f407ae865634fe6895854,False,False,False,False,False,False
2023-03-17,2023-03-16,4.55,4.57,-2.0,2.0,1,proc_sha256:3e7b963bf96764992b54f0d33f42e2248336cd8166e0670f15adf7e756b2b213,proc_sha256:d2c8e80291da05c1eadbc34a4737ea5354ea919aabdd3f1850a4272d7767c4cb,False,False,False,False,False,False
2023-03-20,2023-03-17,4.55,4.55,0.0,0.0,3,proc_sha256:c9031603e0faab7ae92d177313dd6ce3049adef1ee36bf1fdfce37302e43c377,proc_sha256:3e7b963bf96764992b54f0d33f42e2248336cd8166e0670f15adf7e756b2b213,False,False,False,False,False,False
2023-03-21,2023-03-20,4.55,4.55,0.0,0.0,1,proc_sha256:716b571ab00cc0d11c3a1d850854fc86edb514489c567d77dfd510cb12898f81,proc_sha256:c9031603e0faab7ae92d177313dd6ce3049adef1ee36bf1fdfce37302e43c377,False,False,False,False,False,False
2023-03-22,2023-03-21,4.55,4.55,0.0,0.0,1,proc_sha256:7588039697ea1ec259c51df8f299118e8c98cd7a299f2fea2042d2e87491bd90,proc_sha256:716b571ab00cc0d11c3a1d850854fc86edb514489c567d77dfd510cb12898f81,False,False,False,False,False,False
2023-03-23,2023-03-22,4.8,4.55,25.0,25.0,1,proc_sha256:1df14b2c9e3fc681edc3270d3cff4994a0d1a24eac67e9b2fdcbbb7a0bbbe1c0,proc_sha256:7588039697ea1ec259c51df8f299118e8c98cd7a299f2fea2042d2e87491bd90,False,False,False,False,False,False
2023-03-24,2023-03-23,4.8,4.8,0.0,0.0,1,proc_sha256:fe41bf12503b4751567d207f032c478943fb3479bc237d179398a289e2e628b8,proc_sha256:1df14b2c9e3fc681edc3270d3cff4994a0d1a24eac67e9b2fdcbbb7a0bbbe1c0,False,False,False,False,False,False
2023-03-27,2023-03-24,4.81,4.8,1.0,1.0,3,proc_sha256:55a886d90163d09b719ae5bb542fe03cf27c721ca3a0419229cc4f292da277eb,proc_sha256:fe41bf12503b4751567d207f032c478943fb3479bc237d179398a289e2e628b8,False,False,False,False,False,False
2023-03-28,2023-03-27,4.84,4.81,3.0,3.0,1,proc_sha256:98cc8884056ade3a80c12a69aa4660bfc9f0c1a6cc3b328869ffa228d9afad8f,proc_sha256:55a886d90163d09b719ae5bb542fe03cf27c721ca3a0419229cc4f292da277eb,False,False,False,False,False,False
2023-03-29,2023-03-28,4.83,4.84,-1.0,1.0,1,proc_sha256:7ca635be43b67bac21e25cdad05a608b047a892fa877c003c5146d94d400e4d7,proc_sha256:98cc8884056ade3a80c12a69aa4660bfc9f0c1a6cc3b328869ffa228d9afad8f,False,False,False,False,False,False
2023-03-30,2023-03-29,4.82,4.83,-1.0,1.0,1,proc_sha256:ac9f8a3c3765d381c27f7740ef2b8d278dcaca81495384ad10dcfe9cdff18dd6,proc_sha256:7ca635be43b67bac21e25cdad05a608b047a892fa877c003c5146d94d400e4d7,False,False,False,True,True,False
2023-03-31,2023-03-30,4.87,4.82,5.0,5.0,1,proc_sha256:b58b086dcecd2d65707cf85115cccd9bc1973a0f5e3b3790a11fa40c81f619e3,proc_sha256:ac9f8a3c3765d381c27f7740ef2b8d278dcaca81495384ad10dcfe9cdff18dd6,True,True,False,True,True,False
2023-04-03,2023-03-31,4.84,4.87,-3.0,3.0,3,proc_sha256:f78c19c9b2bd05781246a03d56c70cf7cea1a7edacaee2b1f0c1b2439c33152c,proc_sha256:b58b086dcecd2d65707cf85115cccd9bc1973a0f5e3b3790a11fa40c81f619e3,False,False,False,True,True,False
2023-04-04,2023-04-03,4.83,4.84,-1.0,1.0,1,proc_sha256:d3d2443eb6504e21e4c030d523f24dfde2df0c0b9c0b85991dfee1f5c53c743e,proc_sha256:f78c19c9b2bd05781246a03d56c70cf7cea1a7edacaee2b1f0c1b2439c33152c,False,False,False,False,False,False
2023-04-05,2023-04-04,4.81,4.83,-2.0,2.0,1,proc_sha256:7e729a7b06f362ee1fb8a29810098f48ae86ccfe8a5cce3dee6ff437a22871fb,proc_sha256:d3d2443eb6504e21e4c030d523f24dfde2df0c0b9c0b85991dfee1f5c53c743e,False,False,False,False,False,False
2023-04-06,2023-04-05,4.81,4.81,0.0,0.0,1,proc_sha256:2bd979c6fc559608b3cb25f9f77f6505ee5f5e4b254beb23f822fa0f12850b52,proc_sha256:7e729a7b06f362ee1fb8a29810098f48ae86ccfe8a5cce3dee6ff437a22871fb,False,False,False,False,False,False
2023-04-10,2023-04-06,4.81,4.81,0.0,0.0,4,proc_sha256:9298259b9f27a116d41639369d6d6002cb66f5b2d09240f3fd7724ee830e6eba,proc_sha256:2bd979c6fc559608b3cb25f9f77f6505ee5f5e4b254beb23f822fa0f12850b52,False,False,False,False,False,False
2023-04-11,2023-04-10,4.8,4.81,-1.0,1.0,1,proc_sha256:26c3729bc05e312cae67ef8f76d8d8dc26c09d8f8c9466df7a67fa068a13ee39,proc_sha256:9298259b9f27a116d41639369d6d6002cb66f5b2d09240f3fd7724ee830e6eba,False,False,False,False,False,False
2023-04-12,2023-04-11,4.8,4.8,0.0,0.0,1,proc_sha256:6835aa1fd6f650af81e84a808a8892d18be282e837679d7260e884bc1b315e3e,proc_sha256:26c3729bc05e312cae67ef8f76d8d8dc26c09d8f8c9466df7a67fa068a13ee39,False,False,False,False,False,False
2023-04-13,2023-04-12,4.8,4.8,0.0,0.0,1,proc_sha256:c91ae6a03424fbbc067da192f614e33aeb016ad2f18cc16cc04da4f0752a7181,proc_sha256:6835aa1fd6f650af81e84a808a8892d18be282e837679d7260e884bc1b315e3e,False,False,False,False,False,False
2023-04-14,2023-04-13,4.8,4.8,0.0,0.0,1,proc_sha256:11ac26ba1c4184a780543509f64c59adafe17437e5bb96914a61bd1a4fe51481,proc_sha256:c91ae6a03424fbbc067da192f614e33aeb016ad2f18cc16cc04da4f0752a7181,False,False,False,False,False,False
2023-04-17,2023-04-14,4.8,4.8,0.0,0.0,3,proc_sha256:9d590a0531a0935485e08572ac21be4ded3910a705f1952110981ba82dce9f0d,proc_sha256:11ac26ba1c4184a780543509f64c59adafe17437e5bb96914a61bd1a4fe51481,False,False,False,False,False,False
2023-04-18,2023-04-17,4.8,4.8,0.0,0.0,1,proc_sha256:1f5d4aac5e851a5042bbf4017b54b994785cc0e8a0ada4b0773547b5f865c5c4,proc_sha256:9d590a0531a0935485e08572ac21be4ded3910a705f1952110981ba82dce9f0d,False,False,False,False,False,False
2023-04-19,2023-04-18,4.8,4.8,0.0,0.0,1,proc_sha256:8dde5bd4a6b34c314cf61ac29604753ce1b4b3d9a0a4c5267c70636434acabd2,proc_sha256:1f5d4aac5e851a5042bbf4017b54b994785cc0e8a0ada4b0773547b5f865c5c4,False,False,False,False,False,False
2023-04-20,2023-04-19,4.8,4.8,0.0,0.0,1,proc_sha256:7bfadff3237331fc12e129100d3236af5bc615044f1689f50c51d21bfc742b81,proc_sha256:8dde5bd4a6b34c314cf61ac29604753ce1b4b3d9a0a4c5267c70636434acabd2,False,False,False,False,False,False
2023-04-21,2023-04-20,4.8,4.8,0.0,0.0,1,proc_sha256:c0bdb4541bba6e62e8a81243829df1330f7955b91b74f784826a6325b01a9fed,proc_sha256:7bfadff3237331fc12e129100d3236af5bc615044f1689f50c51d21bfc742b81,False,False,False,False,False,False
2023-04-24,2023-04-21,4.8,4.8,0.0,0.0,3,proc_sha256:9f3bac7e12593adab4900e42f3801b6e87b8e8804ea6db2cdd48ba50a6c08564,proc_sha256:c0bdb4541bba6e62e8a81243829df1330f7955b91b74f784826a6325b01a9fed,False,False,False,False,False,False
2023-04-25,2023-04-24,4.8,4.8,0.0,0.0,1,proc_sha256:545955281385feb337085d2c283f64980565c093cfcca5356cacec72f42c8c45,proc_sha256:9f3bac7e12593adab4900e42f3801b6e87b8e8804ea6db2cdd48ba50a6c08564,False,False,False,False,False,False
2023-04-26,2023-04-25,4.8,4.8,0.0,0.0,1,proc_sha256:e66e5c59e629f136c15928b2cb551ffad85bbb48724cadf0a5d84be2e28213df,proc_sha256:545955281385feb337085d2c283f64980565c093cfcca5356cacec72f42c8c45,False,False,False,False,False,False
2023-04-27,2023-04-26,4.81,4.8,1.0,1.0,1,proc_sha256:a58b1e6248caa73e214fa972c9606b3291ffaf3db87a43693a1f2742c5f90aad,proc_sha256:e66e5c59e629f136c15928b2cb551ffad85bbb48724cadf0a5d84be2e28213df,False,False,False,True,False,False
2023-04-28,2023-04-27,4.81,4.81,0.0,0.0,1,proc_sha256:313dbb6885d2a50533d0c77197d4f9797b53d402bef402ed6a6945fa34f5f7d0,proc_sha256:a58b1e6248caa73e214fa972c9606b3291ffaf3db87a43693a1f2742c5f90aad,True,False,False,True,False,False
2023-05-01,2023-04-28,4.81,4.81,0.0,0.0,3,proc_sha256:5b1e59f49277551d53fc889ce19ed3d12abce2006f1ce3b25c02215168d706bf,proc_sha256:313dbb6885d2a50533d0c77197d4f9797b53d402bef402ed6a6945fa34f5f7d0,False,False,False,True,False,False
2023-05-02,2023-05-01,4.81,4.81,0.0,0.0,1,proc_sha256:681d99efcf974be9cc284a1d5fef3f9e801430f20fedc961684b4ef152daa445,proc_sha256:5b1e59f49277551d53fc889ce19ed3d12abce2006f1ce3b25c02215168d706bf,False,False,False,False,False,False
2023-05-03,2023-05-02,4.81,4.81,0.0,0.0,1,proc_sha256:55cc9c33def14d06f9a5146ad6dc094a3f8b4295d115e863f62578fdd0dfcd58,proc_sha256:681d99efcf974be9cc284a1d5fef3f9e801430f20fedc961684b4ef152daa445,False,False,False,False,False,False
2023-05-04,2023-05-03,5.06,4.81,25.0,25.0,1,proc_sha256:fc522011daebf8caff21b9b017587159b2a0bed2a3140dee85a174f7a6a4624d,proc_sha256:55cc9c33def14d06f9a5146ad6dc094a3f8b4295d115e863f62578fdd0dfcd58,False,False,False,False,False,False
2023-05-05,2023-05-04,5.06,5.06,0.0,0.0,1,proc_sha256:affcd0d973d29022ee9cf99edb9b88544b7d9a794ddb23c0739fdc7576f7a6ff,proc_sha256:fc522011daebf8caff21b9b017587159b2a0bed2a3140dee85a174f7a6a4624d,False,False,False,False,False,False
2023-05-08,2023-05-05,5.06,5.06,0.0,0.0,3,proc_sha256:52d8de4dd21741966f19e34b837dcdbe1d0a50572634bc7376d16e53862b3c20,proc_sha256:affcd0d973d29022ee9cf99edb9b88544b7d9a794ddb23c0739fdc7576f7a6ff,False,False,False,False,False,False
2023-05-09,2023-05-08,5.06,5.06,0.0,0.0,1,proc_sha256:7685e442c910218d83fefdf3e71acf483172254f843a0c57767a163c508d52dd,proc_sha256:52d8de4dd21741966f19e34b837dcdbe1d0a50572634bc7376d16e53862b3c20,False,False,False,False,False,False
2023-05-10,2023-05-09,5.06,5.06,0.0,0.0,1,proc_sha256:eae4b4cbb70ef46eb99104a027fc020bfc1c0f71ded3ca1fdf624a7ac815497b,proc_sha256:7685e442c910218d83fefdf3e71acf483172254f843a0c57767a163c508d52dd,False,False,False,False,False,False
2023-05-11,2023-05-10,5.05,5.06,-1.0,1.0,1,proc_sha256:a9af2407cda0dc8cf4b2681c0ca8678f98147b4a7ac25ebe9281d53d4a3f3db0,proc_sha256:eae4b4cbb70ef46eb99104a027fc020bfc1c0f71ded3ca1fdf624a7ac815497b,False,False,False,False,False,False
2023-05-12,2023-05-11,5.05,5.05,0.0,0.0,1,proc_sha256:cf7f5c43e7cf0f08e32e424e6c2a04b699ee4588ff9a34b84826efae07cbdb10,proc_sha256:a9af2407cda0dc8cf4b2681c0ca8678f98147b4a7ac25ebe9281d53d4a3f3db0,False,False,False,False,False,False
2023-05-15,2023-05-12,5.06,5.05,1.0,1.0,3,proc_sha256:204fe1f7de07b1928ff79dbb384cd1e933a6549c972f0ed1a595919cbd694600,proc_sha256:cf7f5c43e7cf0f08e32e424e6c2a04b699ee4588ff9a34b84826efae07cbdb10,False,False,False,False,False,False
2023-05-16,2023-05-15,5.05,5.06,-1.0,1.0,1,proc_sha256:08f8659c065e8c16d1e23cc097653a3e9ffe940b446cc48a801960f809facee7,proc_sha256:204fe1f7de07b1928ff79dbb384cd1e933a6549c972f0ed1a595919cbd694600,False,False,False,False,False,False
2023-05-17,2023-05-16,5.05,5.05,0.0,0.0,1,proc_sha256:485dc796c57cfd67fa33d94eaa82d3f2278399282deec02c3b0a5cddfe1d98a0,proc_sha256:08f8659c065e8c16d1e23cc097653a3e9ffe940b446cc48a801960f809facee7,False,False,False,False,False,False
2023-05-18,2023-05-17,5.05,5.05,0.0,0.0,1,proc_sha256:5cb81271d2dad54d6ffdf5dfeb3b22f62a2fc629e4da462b4a9036cf2f994a61,proc_sha256:485dc796c57cfd67fa33d94eaa82d3f2278399282deec02c3b0a5cddfe1d98a0,False,False,False,False,False,False
2023-05-19,2023-05-18,5.05,5.05,0.0,0.0,1,proc_sha256:b74464ea97b5e57bf407f95ac5cac443bc9fcee9a93236e1f5a422dd57d3a826,proc_sha256:5cb81271d2dad54d6ffdf5dfeb3b22f62a2fc629e4da462b4a9036cf2f994a61,False,False,False,False,False,False
2023-05-22,2023-05-19,5.05,5.05,0.0,0.0,3,proc_sha256:7ca4a1435e26de4740bb30672df20aab162d2b4ecd2362b657793170dce2ed74,proc_sha256:b74464ea97b5e57bf407f95ac5cac443bc9fcee9a93236e1f5a422dd57d3a826,False,False,False,False,False,False
2023-05-23,2023-05-22,5.05,5.05,0.0,0.0,1,proc_sha256:cd06d346bac96dcbd0d31d2a357730f82a9ba2d32b196c21a46097920c21baf2,proc_sha256:7ca4a1435e26de4740bb30672df20aab162d2b4ecd2362b657793170dce2ed74,False,False,False,False,False,False
2023-05-24,2023-05-23,5.05,5.05,0.0,0.0,1,proc_sha256:c34a5b52bcbc155c9955ffc132e3d0ca52fa281c995c38ba352b13bc363c1673,proc_sha256:cd06d346bac96dcbd0d31d2a357730f82a9ba2d32b196c21a46097920c21baf2,False,False,False,False,False,False
2023-05-25,2023-05-24,5.06,5.05,1.0,1.0,1,proc_sha256:cf349337ffd097781d025adacd28065c65dcaf263efc67ffed61d1aa9d406f69,proc_sha256:c34a5b52bcbc155c9955ffc132e3d0ca52fa281c995c38ba352b13bc363c1673,False,False,False,False,False,False
2023-05-26,2023-05-25,5.06,5.06,0.0,0.0,1,proc_sha256:5d340098f057df7413981c43946846ed1654d5ad7037ddf44d233d6b8bff0f5d,proc_sha256:cf349337ffd097781d025adacd28065c65dcaf263efc67ffed61d1aa9d406f69,False,False,False,False,False,False
2023-05-30,2023-05-26,5.06,5.06,0.0,0.0,4,proc_sha256:4aeb745b5c95fa25ebcdd172c89d14ec57cdc6d28b87d1000e32110411967339,proc_sha256:5d340098f057df7413981c43946846ed1654d5ad7037ddf44d233d6b8bff0f5d,False,False,False,True,False,False
2023-05-31,2023-05-30,5.08,5.06,2.0,2.0,1,proc_sha256:fc20a8422f6df893eb73fca43d2d32b3bb01d653ad6a00f6ccc24c2d2d3805df,proc_sha256:4aeb745b5c95fa25ebcdd172c89d14ec57cdc6d28b87d1000e32110411967339,True,False,False,True,False,False
2023-06-01,2023-05-31,5.08,5.08,0.0,0.0,1,proc_sha256:6ee7d1ec52cf83120a4a54be0240cd6f6825a48bab3b86f7d680fa062122bd09,proc_sha256:fc20a8422f6df893eb73fca43d2d32b3bb01d653ad6a00f6ccc24c2d2d3805df,False,False,False,True,False,False
2023-06-02,2023-06-01,5.07,5.08,-1.0,1.0,1,proc_sha256:fbd28d3cf24501d41f97f86b71de98b07caefda761f619210413772cd644abae,proc_sha256:6ee7d1ec52cf83120a4a54be0240cd6f6825a48bab3b86f7d680fa062122bd09,False,False,False,False,False,False
2023-06-05,2023-06-02,5.06,5.07,-1.0,1.0,3,proc_sha256:0d5026b05beae12bb4e1df95e985c014dcc54acc026df533fccf87c675de2e8a,proc_sha256:fbd28d3cf24501d41f97f86b71de98b07caefda761f619210413772cd644abae,False,False,False,False,False,False
2023-06-06,2023-06-05,5.05,5.06,-1.0,1.0,1,proc_sha256:44554ef5f2419ce0c975780fb3858cad0aeef68a7cd552dd729fef79a8e7db31,proc_sha256:0d5026b05beae12bb4e1df95e985c014dcc54acc026df533fccf87c675de2e8a,False,False,False,False,False,False
2023-06-07,2023-06-06,5.05,5.05,0.0,0.0,1,proc_sha256:1814227a90fe4d5e3bd008965290e81f191e93a08efccb6c28a450847a5d975c,proc_sha256:44554ef5f2419ce0c975780fb3858cad0aeef68a7cd552dd729fef79a8e7db31,False,False,False,False,False,False
2023-06-08,2023-06-07,5.05,5.05,0.0,0.0,1,proc_sha256:c0e7383421f0c003c1a1ff8a1cfb31d8cff19f3da27ad111e8e2944211672873,proc_sha256:1814227a90fe4d5e3bd008965290e81f191e93a08efccb6c28a450847a5d975c,False,False,False,False,False,False
2023-06-09,2023-06-08,5.05,5.05,0.0,0.0,1,proc_sha256:9063fbea8189a0d6565cf443480a4153d9014512976c0db744921b1ef158af64,proc_sha256:c0e7383421f0c003c1a1ff8a1cfb31d8cff19f3da27ad111e8e2944211672873,False,False,False,False,False,False
2023-06-12,2023-06-09,5.05,5.05,0.0,0.0,3,proc_sha256:84e2ebcfee74eead638a7691d4a5f26d11a6194f54b74df842582cb1cf34b9b5,proc_sha256:9063fbea8189a0d6565cf443480a4153d9014512976c0db744921b1ef158af64,False,False,False,False,False,False
2023-06-13,2023-06-12,5.05,5.05,0.0,0.0,1,proc_sha256:8511a3386933071bd15036e64322b862d4336eee7740dab9b84b5176dc398de4,proc_sha256:84e2ebcfee74eead638a7691d4a5f26d11a6194f54b74df842582cb1cf34b9b5,False,False,False,False,False,False
2023-06-14,2023-06-13,5.05,5.05,0.0,0.0,1,proc_sha256:f270a8264a5e4154b0b9f8fabe32dedad8dcc3e5ebdf4bc38348ce41a28650f1,proc_sha256:8511a3386933071bd15036e64322b862d4336eee7740dab9b84b5176dc398de4,False,False,False,False,False,False
2023-06-15,2023-06-14,5.06,5.05,1.0,1.0,1,proc_sha256:f2a8c0ebc79eb0ba674f6ced81798a43640dd21f4fb1e4b90c48c6921a8c1dc3,proc_sha256:f270a8264a5e4154b0b9f8fabe32dedad8dcc3e5ebdf4bc38348ce41a28650f1,False,False,False,False,False,False
2023-06-16,2023-06-15,5.05,5.06,-1.0,1.0,1,proc_sha256:55781108c140e7f53dd941ce3205949fe2ee7fff074d983988850829336fc12a,proc_sha256:f2a8c0ebc79eb0ba674f6ced81798a43640dd21f4fb1e4b90c48c6921a8c1dc3,False,False,False,False,False,False
2023-06-20,2023-06-16,5.05,5.05,0.0,0.0,4,proc_sha256:ef990d50b21460b8ea42227d0c66c68289aabd7d169d80c9c41c9a04f42bde37,proc_sha256:55781108c140e7f53dd941ce3205949fe2ee7fff074d983988850829336fc12a,False,False,False,False,False,False
2023-06-21,2023-06-20,5.05,5.05,0.0,0.0,1,proc_sha256:0bcc832f553fd4be2c41e09329aa47260c3f94c23c543d6859eaf5a1717780ff,proc_sha256:ef990d50b21460b8ea42227d0c66c68289aabd7d169d80c9c41c9a04f42bde37,False,False,False,False,False,False
2023-06-22,2023-06-21,5.05,5.05,0.0,0.0,1,proc_sha256:35be79b83274a5ed0d450a5db3243da1f584732b08c179febc8c419a6a9b0e01,proc_sha256:0bcc832f553fd4be2c41e09329aa47260c3f94c23c543d6859eaf5a1717780ff,False,False,False,False,False,False
2023-06-23,2023-06-22,5.05,5.05,0.0,0.0,1,proc_sha256:f5608fadedd7a15fa694d08ec43cb277175d21e853547cb5079979e8ddff7f0f,proc_sha256:35be79b83274a5ed0d450a5db3243da1f584732b08c179febc8c419a6a9b0e01,False,False,False,False,False,False
2023-06-26,2023-06-23,5.05,5.05,0.0,0.0,3,proc_sha256:8f4cef700d4677d78f9facb15a47643fad2ba137153c146f59c31175e2aacbf9,proc_sha256:f5608fadedd7a15fa694d08ec43cb277175d21e853547cb5079979e8ddff7f0f,False,False,False,False,False,False
2023-06-27,2023-06-26,5.05,5.05,0.0,0.0,1,proc_sha256:92618685b6b350eae8d7392f2211fc00fb800c026b9bbf5f402afe9253b2300a,proc_sha256:8f4cef700d4677d78f9facb15a47643fad2ba137153c146f59c31175e2aacbf9,False,False,False,False,False,False
2023-06-28,2023-06-27,5.06,5.05,1.0,1.0,1,proc_sha256:51b7004998b36a598f3a54a2e424377b30888bccf136262150fe08329ba49776,proc_sha256:92618685b6b350eae8d7392f2211fc00fb800c026b9bbf5f402afe9253b2300a,False,False,False,False,False,False
2023-06-29,2023-06-28,5.06,5.06,0.0,0.0,1,proc_sha256:b372bb2eac0624351919ba96edb599df5c17faad294dc34dcbefdb2fb376cbd4,proc_sha256:51b7004998b36a598f3a54a2e424377b30888bccf136262150fe08329ba49776,False,False,False,True,True,False
2023-06-30,2023-06-29,5.09,5.06,3.0,3.0,1,proc_sha256:0c370c0f622346542e2fd0c2619e7557ff69a4059d01bd24263f21347926d880,proc_sha256:b372bb2eac0624351919ba96edb599df5c17faad294dc34dcbefdb2fb376cbd4,True,True,False,True,True,False
2023-07-03,2023-06-30,5.06,5.09,-3.0,3.0,3,proc_sha256:e925b63a7532bf746803cfc129ca31fda04595ae0c5634e3ca8a93124e63f633,proc_sha256:0c370c0f622346542e2fd0c2619e7557ff69a4059d01bd24263f21347926d880,False,False,False,True,True,False
2023-07-05,2023-07-03,5.06,5.06,0.0,0.0,2,proc_sha256:6db4c546a516dcffa83b068dc08bbbaa57ce34b3baffa996c27e055158785e22,proc_sha256:e925b63a7532bf746803cfc129ca31fda04595ae0c5634e3ca8a93124e63f633,False,False,False,False,False,False
2023-07-06,2023-07-05,5.06,5.06,0.0,0.0,1,proc_sha256:80e52cdd7063885e6bee7847120105cd7af8d5b2dbcb28fc61c14152f9bb2dc8,proc_sha256:6db4c546a516dcffa83b068dc08bbbaa57ce34b3baffa996c27e055158785e22,False,False,False,False,False,False
2023-07-07,2023-07-06,5.06,5.06,0.0,0.0,1,proc_sha256:d57112cacd3d0f98f5f4f9fe715f6d719d4b507036e69bfebb91e89b6fd98ee6,proc_sha256:80e52cdd7063885e6bee7847120105cd7af8d5b2dbcb28fc61c14152f9bb2dc8,False,False,False,False,False,False
2023-07-10,2023-07-07,5.06,5.06,0.0,0.0,3,proc_sha256:762b0651b7c76929042133b1999e0c8441aabd6ada5f433ae4158d89812e0691,proc_sha256:d57112cacd3d0f98f5f4f9fe715f6d719d4b507036e69bfebb91e89b6fd98ee6,False,False,False,False,False,False
2023-07-11,2023-07-10,5.06,5.06,0.0,0.0,1,proc_sha256:e03c72aa77c8e422826f63da4abf8c6fb2ac0e15fd7c1ea66a268ea8b3e029ae,proc_sha256:762b0651b7c76929042133b1999e0c8441aabd6ada5f433ae4158d89812e0691,False,False,False,False,False,False
2023-07-12,2023-07-11,5.05,5.06,-1.0,1.0,1,proc_sha256:a314c1daaf95974fa7ca9e1be8691ddd974f98c8dc0ba6fecf083a53428da442,proc_sha256:e03c72aa77c8e422826f63da4abf8c6fb2ac0e15fd7c1ea66a268ea8b3e029ae,False,False,False,False,False,False
2023-07-13,2023-07-12,5.06,5.05,1.0,1.0,1,proc_sha256:0f427ecec467987ea84e31c90aa2ee3083f7c0b51595a39312dca5e50fe12e1a,proc_sha256:a314c1daaf95974fa7ca9e1be8691ddd974f98c8dc0ba6fecf083a53428da442,False,False,False,False,False,False
2023-07-14,2023-07-13,5.05,5.06,-1.0,1.0,1,proc_sha256:2581c33cd3ae4c240edbb01e103499821102f91ac80b04260ae82b8b176a0c10,proc_sha256:0f427ecec467987ea84e31c90aa2ee3083f7c0b51595a39312dca5e50fe12e1a,False,False,False,False,False,False
2023-07-17,2023-07-14,5.06,5.05,1.0,1.0,3,proc_sha256:b5b8b838084a8baa77c9fb3253debf3c65a54882f769acfbc7ac791a7ab08455,proc_sha256:2581c33cd3ae4c240edbb01e103499821102f91ac80b04260ae82b8b176a0c10,False,False,False,False,False,False
2023-07-18,2023-07-17,5.06,5.06,0.0,0.0,1,proc_sha256:a99d3be5e232be783cf1831cb517339b45cc6da4d22a3f5fb5c672732dc63f23,proc_sha256:b5b8b838084a8baa77c9fb3253debf3c65a54882f769acfbc7ac791a7ab08455,False,False,False,False,False,False
2023-07-19,2023-07-18,5.05,5.06,-1.0,1.0,1,proc_sha256:9ca342189510021dee514cfcd2e8bbe395c80daaa9679e54761748066e4f29ce,proc_sha256:a99d3be5e232be783cf1831cb517339b45cc6da4d22a3f5fb5c672732dc63f23,False,False,False,False,False,False
2023-07-20,2023-07-19,5.06,5.05,1.0,1.0,1,proc_sha256:e436e2b1fd846d8deecbe9bf93a22c212f6ae87dc18066fbbae7c63d0e884420,proc_sha256:9ca342189510021dee514cfcd2e8bbe395c80daaa9679e54761748066e4f29ce,False,False,False,False,False,False
2023-07-21,2023-07-20,5.05,5.06,-1.0,1.0,1,proc_sha256:6b43fb9345efc4a8d3532171d2b77b95ecf65193384a9b6f3b2625a45d848fe3,proc_sha256:e436e2b1fd846d8deecbe9bf93a22c212f6ae87dc18066fbbae7c63d0e884420,False,False,False,False,False,False
2023-07-24,2023-07-21,5.05,5.05,0.0,0.0,3,proc_sha256:5ede0fca6b098cbff0517f999acbb438c29b4af813331d22e5f12c022cd473f3,proc_sha256:6b43fb9345efc4a8d3532171d2b77b95ecf65193384a9b6f3b2625a45d848fe3,False,False,False,False,False,False
2023-07-25,2023-07-24,5.06,5.05,1.0,1.0,1,proc_sha256:9b9f5d032981317909a5b7db34cc32c281882fe7b8e1b48620f5b68328fbb7de,proc_sha256:5ede0fca6b098cbff0517f999acbb438c29b4af813331d22e5f12c022cd473f3,False,False,False,False,False,False
2023-07-26,2023-07-25,5.06,5.06,0.0,0.0,1,proc_sha256:8e4c84015e62a2ea44c8e743f9f644659ea6008e5809088e3d05d7b5f169d0dd,proc_sha256:9b9f5d032981317909a5b7db34cc32c281882fe7b8e1b48620f5b68328fbb7de,False,False,False,False,False,False
2023-07-27,2023-07-26,5.31,5.06,25.0,25.0,1,proc_sha256:122dbaf8652c49e21bb5d0862bf20fad408aa33d99a3d9f4847082465085fb27,proc_sha256:8e4c84015e62a2ea44c8e743f9f644659ea6008e5809088e3d05d7b5f169d0dd,False,False,False,False,False,False
2023-07-28,2023-07-27,5.3,5.31,-1.0,1.0,1,proc_sha256:70d1fa05411db57d5c935135245f91b9a5e82b0cd622ebcf9c0d2f7b171e1712,proc_sha256:122dbaf8652c49e21bb5d0862bf20fad408aa33d99a3d9f4847082465085fb27,False,False,False,True,False,False
2023-07-31,2023-07-28,5.31,5.3,1.0,1.0,3,proc_sha256:0479880c47607a085174a6f905a2b5230874f1815cfc919712cd9cebcd031915,proc_sha256:70d1fa05411db57d5c935135245f91b9a5e82b0cd622ebcf9c0d2f7b171e1712,True,False,False,True,False,False
2023-08-01,2023-07-31,5.31,5.31,0.0,0.0,1,proc_sha256:4e0e6584429fa43d10ca0d035f272327f8a477f7e56c725a75de7bf81ad267df,proc_sha256:0479880c47607a085174a6f905a2b5230874f1815cfc919712cd9cebcd031915,False,False,False,True,False,False
2023-08-02,2023-08-01,5.3,5.31,-1.0,1.0,1,proc_sha256:405ae6077c4837b8575f093ee368a2c1a98c522ef9502db8b16409b9c1e21852,proc_sha256:4e0e6584429fa43d10ca0d035f272327f8a477f7e56c725a75de7bf81ad267df,False,False,False,False,False,False
2023-08-03,2023-08-02,5.3,5.3,0.0,0.0,1,proc_sha256:084059a7691b086eff75ae0ff5624fd138b09f7e0772285f7e51260f193cfe1c,proc_sha256:405ae6077c4837b8575f093ee368a2c1a98c522ef9502db8b16409b9c1e21852,False,False,False,False,False,False
2023-08-04,2023-08-03,5.3,5.3,0.0,0.0,1,proc_sha256:73f4ed36987d088b952b580ff1286211f78cef78e9391565346e166bb201431e,proc_sha256:084059a7691b086eff75ae0ff5624fd138b09f7e0772285f7e51260f193cfe1c,False,False,False,False,False,False
2023-08-07,2023-08-04,5.3,5.3,0.0,0.0,3,proc_sha256:e32e8a12da45b270e028eb4954dd81044ccefc5f7b9b3141625ce828b486d7b2,proc_sha256:73f4ed36987d088b952b580ff1286211f78cef78e9391565346e166bb201431e,False,False,False,False,False,False
2023-08-08,2023-08-07,5.3,5.3,0.0,0.0,1,proc_sha256:6ca1143095ef9c66d2c821f74d6d6467f4f96c22220915f5f6293b3edbc7a26e,proc_sha256:e32e8a12da45b270e028eb4954dd81044ccefc5f7b9b3141625ce828b486d7b2,False,False,False,False,False,False
2023-08-09,2023-08-08,5.3,5.3,0.0,0.0,1,proc_sha256:7996bfbf59c12f255b0758433a7ff7409597b2a3e8ed1985e4043848923c22fa,proc_sha256:6ca1143095ef9c66d2c821f74d6d6467f4f96c22220915f5f6293b3edbc7a26e,False,False,False,False,False,False
2023-08-10,2023-08-09,5.3,5.3,0.0,0.0,1,proc_sha256:08d3a2772085f4c85b6ffbed204538b0621310da927c421ad7c5e61ca5a51425,proc_sha256:7996bfbf59c12f255b0758433a7ff7409597b2a3e8ed1985e4043848923c22fa,False,False,False,False,False,False
2023-08-11,2023-08-10,5.3,5.3,0.0,0.0,1,proc_sha256:c46bb4014b26c192154f94888ca9c5af9ca55ff3673baee1aa6aba0048652025,proc_sha256:08d3a2772085f4c85b6ffbed204538b0621310da927c421ad7c5e61ca5a51425,False,False,False,False,False,False
2023-08-14,2023-08-11,5.3,5.3,0.0,0.0,3,proc_sha256:592b6188a5fa63ac84ae88d1c50356850a5f7c460b4ef9f0e00707ebedb9568a,proc_sha256:c46bb4014b26c192154f94888ca9c5af9ca55ff3673baee1aa6aba0048652025,False,False,False,False,False,False
2023-08-15,2023-08-14,5.3,5.3,0.0,0.0,1,proc_sha256:34987a62ea0a1610744299b829f5ca503b0aa55ed8157ed8d5ea828b5e5d72f2,proc_sha256:592b6188a5fa63ac84ae88d1c50356850a5f7c460b4ef9f0e00707ebedb9568a,False,False,False,False,False,False
2023-08-16,2023-08-15,5.3,5.3,0.0,0.0,1,proc_sha256:fcf1c352a411695065be7ce5b524e9e5b4da23e57a2281fe39f5ff346c6e275d,proc_sha256:34987a62ea0a1610744299b829f5ca503b0aa55ed8157ed8d5ea828b5e5d72f2,False,False,False,False,False,False
2023-08-17,2023-08-16,5.3,5.3,0.0,0.0,1,proc_sha256:09e5f8f483c3a84415104a2ae63e8d38f27634fbc705aad91f669e93fe6b4e0d,proc_sha256:fcf1c352a411695065be7ce5b524e9e5b4da23e57a2281fe39f5ff346c6e275d,False,False,False,False,False,False
2023-08-18,2023-08-17,5.3,5.3,0.0,0.0,1,proc_sha256:bc0d18ef6f55e4e70839c1bad8d629ac5551e440bdb3dcf2f5c9789f05fc9bed,proc_sha256:09e5f8f483c3a84415104a2ae63e8d38f27634fbc705aad91f669e93fe6b4e0d,False,False,False,False,False,False
2023-08-21,2023-08-18,5.3,5.3,0.0,0.0,3,proc_sha256:414c8faa60f0b4f62018c3ddb39d9c23dedb92a4854cb314378577d1d57f3b4d,proc_sha256:bc0d18ef6f55e4e70839c1bad8d629ac5551e440bdb3dcf2f5c9789f05fc9bed,False,False,False,False,False,False
2023-08-22,2023-08-21,5.3,5.3,0.0,0.0,1,proc_sha256:6e29eb803d8656d3bbe0c2a90f745e1bbb00bcdcd039938909b0d18bcc7c0f97,proc_sha256:414c8faa60f0b4f62018c3ddb39d9c23dedb92a4854cb314378577d1d57f3b4d,False,False,False,False,False,False
2023-08-23,2023-08-22,5.3,5.3,0.0,0.0,1,proc_sha256:680b1c665c699df72328631548bc556d9342722527c3914b77afe06f6650f26a,proc_sha256:6e29eb803d8656d3bbe0c2a90f745e1bbb00bcdcd039938909b0d18bcc7c0f97,False,False,False,False,False,False
2023-08-24,2023-08-23,5.3,5.3,0.0,0.0,1,proc_sha256:c291c067470ba1d2a651f3e94c490c12cd4a603b754c82d59ff5991c2d255cf8,proc_sha256:680b1c665c699df72328631548bc556d9342722527c3914b77afe06f6650f26a,False,False,False,False,False,False
2023-08-25,2023-08-24,5.3,5.3,0.0,0.0,1,proc_sha256:5bb71d5bc4630325c608683f085d2459ae62cceac3ee60e85d043856a9c20737,proc_sha256:c291c067470ba1d2a651f3e94c490c12cd4a603b754c82d59ff5991c2d255cf8,False,False,False,False,False,False
2023-08-28,2023-08-25,5.3,5.3,0.0,0.0,3,proc_sha256:065f420b4f0e0d81f88f72af58658156ebd62f17c019517bddbe6188647ea5bf,proc_sha256:5bb71d5bc4630325c608683f085d2459ae62cceac3ee60e85d043856a9c20737,False,False,False,False,False,False
2023-08-29,2023-08-28,5.3,5.3,0.0,0.0,1,proc_sha256:411194b034586368d2765dadac205fb3bbe60420522ea6d5e0aecfc13350b119,proc_sha256:065f420b4f0e0d81f88f72af58658156ebd62f17c019517bddbe6188647ea5bf,False,False,False,False,False,False
2023-08-30,2023-08-29,5.3,5.3,0.0,0.0,1,proc_sha256:bb8e4119295e5575b47030517d895ef91739107926aa40f817af600b01ff5c74,proc_sha256:411194b034586368d2765dadac205fb3bbe60420522ea6d5e0aecfc13350b119,False,False,False,True,False,False
2023-08-31,2023-08-30,5.31,5.3,1.0,1.0,1,proc_sha256:8592619db3a385b0f57b35c2bc9c0ca11a4dbf8492185e7f014d474ea75f3485,proc_sha256:bb8e4119295e5575b47030517d895ef91739107926aa40f817af600b01ff5c74,True,False,False,True,False,False
2023-09-01,2023-08-31,5.31,5.31,0.0,0.0,1,proc_sha256:22519169b5fb372f3d801d81d89cd7c3f71e78bd948c287431bfc684d32b1bd7,proc_sha256:8592619db3a385b0f57b35c2bc9c0ca11a4dbf8492185e7f014d474ea75f3485,False,False,False,True,False,False
2023-09-05,2023-09-01,5.31,5.31,0.0,0.0,4,proc_sha256:ada75611662ec49eb2b188d212edbd8271c5c48361e65c6eb42b033fd4477423,proc_sha256:22519169b5fb372f3d801d81d89cd7c3f71e78bd948c287431bfc684d32b1bd7,False,False,False,False,False,False
2023-09-06,2023-09-05,5.3,5.31,-1.0,1.0,1,proc_sha256:ba81d85d3f736861fe843911f15b8b4f92a694462882393e1fd26cf6dec0c527,proc_sha256:ada75611662ec49eb2b188d212edbd8271c5c48361e65c6eb42b033fd4477423,False,False,False,False,False,False
2023-09-07,2023-09-06,5.31,5.3,1.0,1.0,1,proc_sha256:fd8d87f934d199a36024589886961932f468eae5f44dfa4d9180d25ea787ae47,proc_sha256:ba81d85d3f736861fe843911f15b8b4f92a694462882393e1fd26cf6dec0c527,False,False,False,False,False,False
2023-09-08,2023-09-07,5.3,5.31,-1.0,1.0,1,proc_sha256:8f5bffa58366c9cee34259dd0cccf6337b45d28760824dfa4ce1a991eff47c34,proc_sha256:fd8d87f934d199a36024589886961932f468eae5f44dfa4d9180d25ea787ae47,False,False,False,False,False,False
2023-09-11,2023-09-08,5.3,5.3,0.0,0.0,3,proc_sha256:9786090aa6b7eb013525e9df7047ea070f63f15cccbf7ace04eaa815ae479718,proc_sha256:8f5bffa58366c9cee34259dd0cccf6337b45d28760824dfa4ce1a991eff47c34,False,False,False,False,False,False
2023-09-12,2023-09-11,5.3,5.3,0.0,0.0,1,proc_sha256:23661ba238901f77e58181ea68112cf4032ef5df34568ed18f9da3bfa49daee0,proc_sha256:9786090aa6b7eb013525e9df7047ea070f63f15cccbf7ace04eaa815ae479718,False,False,False,False,False,False
2023-09-13,2023-09-12,5.3,5.3,0.0,0.0,1,proc_sha256:9d37a554441ad74d776a53b78ed6045bcbf8fe9a8c4dc53adc77ab4ee04e8ac4,proc_sha256:23661ba238901f77e58181ea68112cf4032ef5df34568ed18f9da3bfa49daee0,False,False,False,False,False,False
2023-09-14,2023-09-13,5.3,5.3,0.0,0.0,1,proc_sha256:773b24207c6199c8962e9bdceadc632a7de89642f012b2f000ac1aeda2302902,proc_sha256:9d37a554441ad74d776a53b78ed6045bcbf8fe9a8c4dc53adc77ab4ee04e8ac4,False,False,False,False,False,False
2023-09-15,2023-09-14,5.31,5.3,1.0,1.0,1,proc_sha256:472ff47785bbc92af93e3712f55e9e01478d3842bc3c784c7381885f313e4f41,proc_sha256:773b24207c6199c8962e9bdceadc632a7de89642f012b2f000ac1aeda2302902,False,False,False,False,False,False
2023-09-18,2023-09-15,5.31,5.31,0.0,0.0,3,proc_sha256:a76a5d92e1d5e3f525c2628075f24a36e715a0e9deb3f5225af97e86ee4dbc0d,proc_sha256:472ff47785bbc92af93e3712f55e9e01478d3842bc3c784c7381885f313e4f41,False,False,False,False,False,False
2023-09-19,2023-09-18,5.31,5.31,0.0,0.0,1,proc_sha256:214b27f5121002777aa014ed2c6348461e78cf4d9e71d846c447783152c04905,proc_sha256:a76a5d92e1d5e3f525c2628075f24a36e715a0e9deb3f5225af97e86ee4dbc0d,False,False,False,False,False,False
2023-09-20,2023-09-19,5.3,5.31,-1.0,1.0,1,proc_sha256:d638feefbc6d49133999c5628b9a2595fafb2fedbbe458de7fde4d7d268a34c7,proc_sha256:214b27f5121002777aa014ed2c6348461e78cf4d9e71d846c447783152c04905,False,False,False,False,False,False
2023-09-21,2023-09-20,5.3,5.3,0.0,0.0,1,proc_sha256:8144d3c74542d24db32de0e63006f7c7a65f5c8684f4afb7f04d204789b6540e,proc_sha256:d638feefbc6d49133999c5628b9a2595fafb2fedbbe458de7fde4d7d268a34c7,False,False,False,False,False,False
2023-09-22,2023-09-21,5.3,5.3,0.0,0.0,1,proc_sha256:a99214b7cf29d12a65d3066f6c88e9fd0abd19d9e02080a1d28bf6bc4cbc8cdb,proc_sha256:8144d3c74542d24db32de0e63006f7c7a65f5c8684f4afb7f04d204789b6540e,False,False,False,False,False,False
2023-09-25,2023-09-22,5.31,5.3,1.0,1.0,3,proc_sha256:c46769a0ac2c82f7759d7534bbc7e951375b60caee8e342e9fb78c603948b395,proc_sha256:a99214b7cf29d12a65d3066f6c88e9fd0abd19d9e02080a1d28bf6bc4cbc8cdb,False,False,False,False,False,False
2023-09-26,2023-09-25,5.31,5.31,0.0,0.0,1,proc_sha256:fe4c9f8ac8b3b0b88ef0e62a552363f6db2452cd8c4e7f4984418b188343e9e3,proc_sha256:c46769a0ac2c82f7759d7534bbc7e951375b60caee8e342e9fb78c603948b395,False,False,False,False,False,False
2023-09-27,2023-09-26,5.32,5.31,1.0,1.0,1,proc_sha256:320441c8afa0c4f158e016c627fab7da1a3edb9183bbc2e3ce0d37cbbdf9d79c,proc_sha256:fe4c9f8ac8b3b0b88ef0e62a552363f6db2452cd8c4e7f4984418b188343e9e3,False,False,False,False,False,False
2023-09-28,2023-09-27,5.31,5.32,-1.0,1.0,1,proc_sha256:6e3ba72cf7dc9efa3478c81747481913817ba9ea9536ec7deab2da2331c2948c,proc_sha256:320441c8afa0c4f158e016c627fab7da1a3edb9183bbc2e3ce0d37cbbdf9d79c,False,False,False,True,True,False
2023-09-29,2023-09-28,5.31,5.31,0.0,0.0,1,proc_sha256:13cd56bd697a710539c2f8ef0ca51589757962eee6f896174faf131d3323d07c,proc_sha256:6e3ba72cf7dc9efa3478c81747481913817ba9ea9536ec7deab2da2331c2948c,True,True,False,True,True,False
2023-10-02,2023-09-29,5.32,5.31,1.0,1.0,3,proc_sha256:02f4be5c8c785539fdc17a0840d767917d84776aa6f11b6e33d4f83a4a8c85d3,proc_sha256:13cd56bd697a710539c2f8ef0ca51589757962eee6f896174faf131d3323d07c,False,False,False,True,True,False
2023-10-03,2023-10-02,5.33,5.32,1.0,1.0,1,proc_sha256:f2c6749544589e587f3b22061c17c2e015755c246c7fd0e662402582d36b1228,proc_sha256:02f4be5c8c785539fdc17a0840d767917d84776aa6f11b6e33d4f83a4a8c85d3,False,False,False,False,False,False
2023-10-04,2023-10-03,5.32,5.33,-1.0,1.0,1,proc_sha256:701d57db8808ccdd57a13ebb6ce442a94e206f1ebe861818709c3ff7f720ea97,proc_sha256:f2c6749544589e587f3b22061c17c2e015755c246c7fd0e662402582d36b1228,False,False,False,False,False,False
2023-10-05,2023-10-04,5.32,5.32,0.0,0.0,1,proc_sha256:fd54e1cef0c545ce470e0566d3d9816e889e66f9c026444ba26a9e821e481baa,proc_sha256:701d57db8808ccdd57a13ebb6ce442a94e206f1ebe861818709c3ff7f720ea97,False,False,False,False,False,False
2023-10-06,2023-10-05,5.31,5.32,-1.0,1.0,1,proc_sha256:525b0d0f5b9ba671af42d2decd922efd98948e1cde70846fbddf2371e0e34622,proc_sha256:fd54e1cef0c545ce470e0566d3d9816e889e66f9c026444ba26a9e821e481baa,False,False,False,False,False,False
2023-10-10,2023-10-06,5.31,5.31,0.0,0.0,4,proc_sha256:554f180fdda9c038f20b394100e1f14c10f6ebfd1ac7a20453fa7772036ff6e3,proc_sha256:525b0d0f5b9ba671af42d2decd922efd98948e1cde70846fbddf2371e0e34622,False,False,False,False,False,False
2023-10-11,2023-10-10,5.31,5.31,0.0,0.0,1,proc_sha256:851b413c1cb587cc5a08803ffcb16c3bc4d44c3651650580245ee01a4a804c3a,proc_sha256:554f180fdda9c038f20b394100e1f14c10f6ebfd1ac7a20453fa7772036ff6e3,False,False,False,False,False,False
2023-10-12,2023-10-11,5.31,5.31,0.0,0.0,1,proc_sha256:8de76159b742e92310b8ff27c066b05cee988b4c77058676e490c1be99253618,proc_sha256:851b413c1cb587cc5a08803ffcb16c3bc4d44c3651650580245ee01a4a804c3a,False,False,False,False,False,False
2023-10-13,2023-10-12,5.31,5.31,0.0,0.0,1,proc_sha256:26d28845ca9aca43101aa266d753ac32af6e1ac188a6b437f5c68e82e367489e,proc_sha256:8de76159b742e92310b8ff27c066b05cee988b4c77058676e490c1be99253618,False,False,False,False,False,False
2023-10-16,2023-10-13,5.31,5.31,0.0,0.0,3,proc_sha256:e074af8e51630656d6c79e1894910cb39f459988f5af9d542d86e53d0b679da6,proc_sha256:26d28845ca9aca43101aa266d753ac32af6e1ac188a6b437f5c68e82e367489e,False,False,False,False,False,False
2023-10-17,2023-10-16,5.31,5.31,0.0,0.0,1,proc_sha256:459c4afa75d9e2ff4320712e2dcf2f9c9e3a05b5112d8d7d7fb6b3abc3c82b67,proc_sha256:e074af8e51630656d6c79e1894910cb39f459988f5af9d542d86e53d0b679da6,False,False,False,False,False,False
2023-10-18,2023-10-17,5.3,5.31,-1.0,1.0,1,proc_sha256:af8e077e1936a244a10dd1e70bec9435970c6744d6f24de7d244c4529b2899bb,proc_sha256:459c4afa75d9e2ff4320712e2dcf2f9c9e3a05b5112d8d7d7fb6b3abc3c82b67,False,False,False,False,False,False
2023-10-19,2023-10-18,5.3,5.3,0.0,0.0,1,proc_sha256:490916fd8b1bf89b87dd0cfc11e3a3d25657a54651bf81d07b6773ece6d27ca4,proc_sha256:af8e077e1936a244a10dd1e70bec9435970c6744d6f24de7d244c4529b2899bb,False,False,False,False,False,False
2023-10-20,2023-10-19,5.3,5.3,0.0,0.0,1,proc_sha256:5075e4f078688139f191d655781eb93ba296ef445c36b392816ea7f1e51a83c8,proc_sha256:490916fd8b1bf89b87dd0cfc11e3a3d25657a54651bf81d07b6773ece6d27ca4,False,False,False,False,False,False
2023-10-23,2023-10-20,5.3,5.3,0.0,0.0,3,proc_sha256:aca3a7922068fa998ca49ba3e35de01ba170379c722abfcb57ad6f29a25cdf95,proc_sha256:5075e4f078688139f191d655781eb93ba296ef445c36b392816ea7f1e51a83c8,False,False,False,False,False,False
2023-10-24,2023-10-23,5.3,5.3,0.0,0.0,1,proc_sha256:1a199585b6ea66729c27a05bfae101102d38355590faa682c27eea7726a85762,proc_sha256:aca3a7922068fa998ca49ba3e35de01ba170379c722abfcb57ad6f29a25cdf95,False,False,False,False,False,False
2023-10-25,2023-10-24,5.3,5.3,0.0,0.0,1,proc_sha256:5b7d9a42cb1cedd384bb59f08407ead27139a6598c01c5a893ed9545ead5b04c,proc_sha256:1a199585b6ea66729c27a05bfae101102d38355590faa682c27eea7726a85762,False,False,False,False,False,False
2023-10-26,2023-10-25,5.31,5.3,1.0,1.0,1,proc_sha256:989ff968220ca57fb8bca7bba0e85084a466b2fde14e0ef0011476ed770c9dd0,proc_sha256:5b7d9a42cb1cedd384bb59f08407ead27139a6598c01c5a893ed9545ead5b04c,False,False,False,False,False,False
2023-10-27,2023-10-26,5.31,5.31,0.0,0.0,1,proc_sha256:2e93f33dac877348bc7968e4fbae4584c20da51ba86a0957464bf57696ccb480,proc_sha256:989ff968220ca57fb8bca7bba0e85084a466b2fde14e0ef0011476ed770c9dd0,False,False,False,False,False,False
2023-10-30,2023-10-27,5.31,5.31,0.0,0.0,3,proc_sha256:72387a4fb43f7a0536ada4916b26c7741f9093fb4cdf0d177274b9fe884d5419,proc_sha256:2e93f33dac877348bc7968e4fbae4584c20da51ba86a0957464bf57696ccb480,False,False,False,True,False,False
2023-10-31,2023-10-30,5.35,5.31,4.0,4.0,1,proc_sha256:8eb169d472dfbb75e75df6b08570fa7c5276c223f9a3522d8f8870fc736938ba,proc_sha256:72387a4fb43f7a0536ada4916b26c7741f9093fb4cdf0d177274b9fe884d5419,True,False,False,True,False,False
2023-11-01,2023-10-31,5.32,5.35,-3.0,3.0,1,proc_sha256:680a17a146f3faed48fc6479d950407311a01a3ce4222da5ab0e2df566278b19,proc_sha256:8eb169d472dfbb75e75df6b08570fa7c5276c223f9a3522d8f8870fc736938ba,False,False,False,True,False,False
2023-11-02,2023-11-01,5.33,5.32,1.0,1.0,1,proc_sha256:0ca7b7aff67ab3ee25c631a833a062ca02dc82230cdf7aa14c9daed967fd9f54,proc_sha256:680a17a146f3faed48fc6479d950407311a01a3ce4222da5ab0e2df566278b19,False,False,False,False,False,False
2023-11-03,2023-11-02,5.32,5.33,-1.0,1.0,1,proc_sha256:1ec94b6aa0633331bb25f43e258f42e8ae070e92b270cf246adc97440c723acc,proc_sha256:0ca7b7aff67ab3ee25c631a833a062ca02dc82230cdf7aa14c9daed967fd9f54,False,False,False,False,False,False
2023-11-06,2023-11-03,5.32,5.32,0.0,0.0,3,proc_sha256:6f12b45ac59938964c84285d1ecf788bc66ddb6d2b32cd2caff152a5858ea34d,proc_sha256:1ec94b6aa0633331bb25f43e258f42e8ae070e92b270cf246adc97440c723acc,False,False,False,False,False,False
2023-11-07,2023-11-06,5.32,5.32,0.0,0.0,1,proc_sha256:2f3402d24569ff19e41a46ddb2f79a4953a8f4cf20808814e1ebc6da9b996cf2,proc_sha256:6f12b45ac59938964c84285d1ecf788bc66ddb6d2b32cd2caff152a5858ea34d,False,False,False,False,False,False
2023-11-08,2023-11-07,5.32,5.32,0.0,0.0,1,proc_sha256:140d38222e93fc8e4d252d175bdedc9ff7a99f124bc122bc9b77bddc0a4d5bda,proc_sha256:2f3402d24569ff19e41a46ddb2f79a4953a8f4cf20808814e1ebc6da9b996cf2,False,False,False,False,False,False
2023-11-09,2023-11-08,5.32,5.32,0.0,0.0,1,proc_sha256:c58301b1d534b30ff622384a0cf5ab1cc1b25af92b7807844824d8dccdbf22c5,proc_sha256:140d38222e93fc8e4d252d175bdedc9ff7a99f124bc122bc9b77bddc0a4d5bda,False,False,False,False,False,False
2023-11-10,2023-11-09,5.32,5.32,0.0,0.0,1,proc_sha256:55670ca000e7af981fc0adcebe7cb02f56ebb5e3349200e827662c4481c6ffb2,proc_sha256:c58301b1d534b30ff622384a0cf5ab1cc1b25af92b7807844824d8dccdbf22c5,False,False,False,False,False,False
2023-11-13,2023-11-10,5.32,5.32,0.0,0.0,3,proc_sha256:3f73ab00caa2e9813eb77985b2c04c9ad4b137338b86c996b52ef32c76a44efc,proc_sha256:55670ca000e7af981fc0adcebe7cb02f56ebb5e3349200e827662c4481c6ffb2,False,False,False,False,False,False
2023-11-14,2023-11-13,5.32,5.32,0.0,0.0,1,proc_sha256:3e51599804748bf79c974dd26ae0930d5d7a631efb87d9b955b65400a8de9dd3,proc_sha256:3f73ab00caa2e9813eb77985b2c04c9ad4b137338b86c996b52ef32c76a44efc,False,False,False,False,False,False
2023-11-15,2023-11-14,5.32,5.32,0.0,0.0,1,proc_sha256:d79db3aa437082ddb55aaeed816767f5b74a7d3c29f2c380a30c1c71816987bf,proc_sha256:3e51599804748bf79c974dd26ae0930d5d7a631efb87d9b955b65400a8de9dd3,False,False,False,False,False,False
2023-11-16,2023-11-15,5.32,5.32,0.0,0.0,1,proc_sha256:8825ee3c8703bac05f1c67e8d6d0000a8a8d8f5d37cd77b65ae6559f9a733b9b,proc_sha256:d79db3aa437082ddb55aaeed816767f5b74a7d3c29f2c380a30c1c71816987bf,False,False,False,False,False,False
2023-11-17,2023-11-16,5.32,5.32,0.0,0.0,1,proc_sha256:b252924530edd0a70a3079d32176af333f6abf1aa6c35580259d4c42b789e111,proc_sha256:8825ee3c8703bac05f1c67e8d6d0000a8a8d8f5d37cd77b65ae6559f9a733b9b,False,False,False,False,False,False
2023-11-20,2023-11-17,5.31,5.32,-1.0,1.0,3,proc_sha256:68e74e633a0a61c5a6752356cfed6380dc3ebb7e5ade7d7b0480910a3520b696,proc_sha256:b252924530edd0a70a3079d32176af333f6abf1aa6c35580259d4c42b789e111,False,False,False,False,False,False
2023-11-21,2023-11-20,5.31,5.31,0.0,0.0,1,proc_sha256:71b467300221baf0b1cbea1a7753d76c71623b28ed10a4d85d7968e560cb5aa5,proc_sha256:68e74e633a0a61c5a6752356cfed6380dc3ebb7e5ade7d7b0480910a3520b696,False,False,False,False,False,False
2023-11-22,2023-11-21,5.31,5.31,0.0,0.0,1,proc_sha256:64c300e8089249a74dd6fc370f0e4242dcc7bb7a419e6b5dca3fe6051fa9aea9,proc_sha256:71b467300221baf0b1cbea1a7753d76c71623b28ed10a4d85d7968e560cb5aa5,False,False,False,False,False,False
2023-11-24,2023-11-22,5.32,5.31,1.0,1.0,2,proc_sha256:7be5f225739e7cbd72ea253d8db8f5dff3ce78e476d33598271596446acbc3ef,proc_sha256:64c300e8089249a74dd6fc370f0e4242dcc7bb7a419e6b5dca3fe6051fa9aea9,False,False,False,False,False,False
2023-11-27,2023-11-24,5.32,5.32,0.0,0.0,3,proc_sha256:99c89e7402c2ab92cd39eb6623a40829bac8ac5fa2395fc0e2857f800019e54c,proc_sha256:7be5f225739e7cbd72ea253d8db8f5dff3ce78e476d33598271596446acbc3ef,False,False,False,False,False,False
2023-11-28,2023-11-27,5.32,5.32,0.0,0.0,1,proc_sha256:83e8d5ae0cad7995de0e40edc86bf69cb0e9f85dec54e086fdfbd4b195e37ae0,proc_sha256:99c89e7402c2ab92cd39eb6623a40829bac8ac5fa2395fc0e2857f800019e54c,False,False,False,False,False,False
2023-11-29,2023-11-28,5.31,5.32,-1.0,1.0,1,proc_sha256:71b84c7ee7aa048c7c6a767e8e8c6ba22470d1fc07827d38f3259f2125dbd4dc,proc_sha256:83e8d5ae0cad7995de0e40edc86bf69cb0e9f85dec54e086fdfbd4b195e37ae0,False,False,False,True,False,False
2023-11-30,2023-11-29,5.33,5.31,2.0,2.0,1,proc_sha256:b648b6e678e8182e378dd7cc28ee480b23d2793cf91ab47627d04f8092830eaf,proc_sha256:71b84c7ee7aa048c7c6a767e8e8c6ba22470d1fc07827d38f3259f2125dbd4dc,True,False,False,True,False,False
2023-12-01,2023-11-30,5.39,5.33,6.0,6.0,1,proc_sha256:1a5ceaa891b068753417ed5d53eceb161612f69f5754fe8a7d6832f80a4503f6,proc_sha256:b648b6e678e8182e378dd7cc28ee480b23d2793cf91ab47627d04f8092830eaf,False,False,False,True,False,False
2023-12-04,2023-12-01,5.37,5.39,-2.0,2.0,3,proc_sha256:0364b1edee46957527ed0f5903ba93ce688bdd99ef8b38e1c2f71cfd50b230e8,proc_sha256:1a5ceaa891b068753417ed5d53eceb161612f69f5754fe8a7d6832f80a4503f6,False,False,False,False,False,False
2023-12-05,2023-12-04,5.33,5.37,-4.0,4.0,1,proc_sha256:1a544d55ac2a32d95a2648dee10073db38e5ebdc8fb849973326854028b8d9c3,proc_sha256:0364b1edee46957527ed0f5903ba93ce688bdd99ef8b38e1c2f71cfd50b230e8,False,False,False,False,False,False
2023-12-06,2023-12-05,5.32,5.33,-1.0,1.0,1,proc_sha256:a90c489e1d59ef461e32ae66612d60a63a09fd714e444cea07fa74fbbc4a286d,proc_sha256:1a544d55ac2a32d95a2648dee10073db38e5ebdc8fb849973326854028b8d9c3,False,False,False,False,False,False
2023-12-07,2023-12-06,5.32,5.32,0.0,0.0,1,proc_sha256:baf94b9e015e889f9f413a272f874c99dac718208689f617cea2f84d771622e1,proc_sha256:a90c489e1d59ef461e32ae66612d60a63a09fd714e444cea07fa74fbbc4a286d,False,False,False,False,False,False
2023-12-08,2023-12-07,5.32,5.32,0.0,0.0,1,proc_sha256:c0de35558211d22e5bfc293946c37da70672145ef140880cded6bca7140791a6,proc_sha256:baf94b9e015e889f9f413a272f874c99dac718208689f617cea2f84d771622e1,False,False,False,False,False,False
2023-12-11,2023-12-08,5.32,5.32,0.0,0.0,3,proc_sha256:96d8d98bf413d14f9d287ef68830598506ba627ea786a163709f9163e63e927c,proc_sha256:c0de35558211d22e5bfc293946c37da70672145ef140880cded6bca7140791a6,False,False,False,False,False,False
2023-12-12,2023-12-11,5.31,5.32,-1.0,1.0,1,proc_sha256:9e87df24d35fd4e9d2c41ae778ffe00163bd51151bceca17edaba3b460b92e48,proc_sha256:96d8d98bf413d14f9d287ef68830598506ba627ea786a163709f9163e63e927c,False,False,False,False,False,False
2023-12-13,2023-12-12,5.31,5.31,0.0,0.0,1,proc_sha256:a707cb05783671a1c7e3b2462c9bf6b9a4bbf71184a63b2f6d90fa3791d5e307,proc_sha256:9e87df24d35fd4e9d2c41ae778ffe00163bd51151bceca17edaba3b460b92e48,False,False,False,False,False,False
2023-12-14,2023-12-13,5.31,5.31,0.0,0.0,1,proc_sha256:de313a4722e465ca119dcd57df0f4f1d9c1aa2ce84377d6ee33106128ab10914,proc_sha256:a707cb05783671a1c7e3b2462c9bf6b9a4bbf71184a63b2f6d90fa3791d5e307,False,False,False,False,False,False
2023-12-15,2023-12-14,5.32,5.31,1.0,1.0,1,proc_sha256:250309fc0b4df3245006edd0522167794f650a98d4782163efebec95e68a60ef,proc_sha256:de313a4722e465ca119dcd57df0f4f1d9c1aa2ce84377d6ee33106128ab10914,False,False,False,False,False,False
2023-12-18,2023-12-15,5.32,5.32,0.0,0.0,3,proc_sha256:2968ed440251b47a315e1d010468688dabbc1cfec8edaab558229443140cb1f2,proc_sha256:250309fc0b4df3245006edd0522167794f650a98d4782163efebec95e68a60ef,False,False,False,False,False,False
2023-12-19,2023-12-18,5.31,5.32,-1.0,1.0,1,proc_sha256:bed9acf1dd2d7df882c4ee12c1efd87aa6d0edc723441c8f673b18442ae72115,proc_sha256:2968ed440251b47a315e1d010468688dabbc1cfec8edaab558229443140cb1f2,False,False,False,False,False,False
2023-12-20,2023-12-19,5.31,5.31,0.0,0.0,1,proc_sha256:c79a1473ce66f2cf63c942040b68c0f3756ca583d03b316410c63e9b40f62132,proc_sha256:bed9acf1dd2d7df882c4ee12c1efd87aa6d0edc723441c8f673b18442ae72115,False,False,False,False,False,False
2023-12-21,2023-12-20,5.31,5.31,0.0,0.0,1,proc_sha256:b0cc8551d2bfa1d1e1410e714275b80770dedfd35c3a9bd7e73420b814fff402,proc_sha256:c79a1473ce66f2cf63c942040b68c0f3756ca583d03b316410c63e9b40f62132,False,False,False,False,False,False
2023-12-22,2023-12-21,5.32,5.31,1.0,1.0,1,proc_sha256:199b386b23ecc060ffe3289547eb06c1d64b9c9c38b37953966ae5e0f0c6da6b,proc_sha256:b0cc8551d2bfa1d1e1410e714275b80770dedfd35c3a9bd7e73420b814fff402,False,False,False,False,False,False
2023-12-26,2023-12-22,5.35,5.32,3.0,3.0,4,proc_sha256:39a2649507be516df00d2e995244976df1477024ca117e84d54ec44ba6111164,proc_sha256:199b386b23ecc060ffe3289547eb06c1d64b9c9c38b37953966ae5e0f0c6da6b,False,False,False,False,False,False
2023-12-27,2023-12-26,5.39,5.35,4.0,4.0,1,proc_sha256:9050336e2ec466f3e44e0751c4c8af05bd72103d309dacce8f0f0b68819868ca,proc_sha256:39a2649507be516df00d2e995244976df1477024ca117e84d54ec44ba6111164,False,False,False,False,False,False
2023-12-28,2023-12-27,5.4,5.39,1.0,1.0,1,proc_sha256:77f461b07b636a36e76882037314338ce6d1e8c1825f62ed7b117c4b53b4b197,proc_sha256:9050336e2ec466f3e44e0751c4c8af05bd72103d309dacce8f0f0b68819868ca,False,False,False,True,True,True
2023-12-29,2023-12-28,5.38,5.4,-2.0,2.0,1,proc_sha256:46c2251e5cf5f736f5b12b2aaa60940f7d2380830daa4d83823bda500ddaad6b,proc_sha256:77f461b07b636a36e76882037314338ce6d1e8c1825f62ed7b117c4b53b4b197,True,True,True,True,True,True
2024-01-02,2023-12-29,5.4,5.38,2.0,2.0,4,proc_sha256:6216e1a663a5422d7878cd62f671e3d76e071c89e4549cd99945b4e60732fc87,proc_sha256:46c2251e5cf5f736f5b12b2aaa60940f7d2380830daa4d83823bda500ddaad6b,False,False,False,True,True,True
2024-01-03,2024-01-02,5.39,5.4,-1.0,1.0,1,proc_sha256:c1168e82a64680c1252049b5e19aac01458ef088e04eb27d6d293f27464af186,proc_sha256:6216e1a663a5422d7878cd62f671e3d76e071c89e4549cd99945b4e60732fc87,False,False,False,False,False,False
2024-01-04,2024-01-03,5.32,5.39,-7.0,7.0,1,proc_sha256:0813626a7ee291bb00dcc82f0243d14453a731a7c645c804a2086616e50e619b,proc_sha256:c1168e82a64680c1252049b5e19aac01458ef088e04eb27d6d293f27464af186,False,False,False,False,False,False
2024-01-05,2024-01-04,5.31,5.32,-1.0,1.0,1,proc_sha256:112a73722fb96f2e9402cbcae522c072b8c2dffad17f45945ef8b6e4581f2411,proc_sha256:0813626a7ee291bb00dcc82f0243d14453a731a7c645c804a2086616e50e619b,False,False,False,False,False,False
2024-01-08,2024-01-05,5.31,5.31,0.0,0.0,3,proc_sha256:362dc247e6e87f259f6353400190795d626a9a7ef767ca9dce63445d7d385faa,proc_sha256:112a73722fb96f2e9402cbcae522c072b8c2dffad17f45945ef8b6e4581f2411,False,False,False,False,False,False
2024-01-09,2024-01-08,5.31,5.31,0.0,0.0,1,proc_sha256:efc4f76268199a0e13df563748f80fad366b28903713f687a5726abb8707d66d,proc_sha256:362dc247e6e87f259f6353400190795d626a9a7ef767ca9dce63445d7d385faa,False,False,False,False,False,False
2024-01-10,2024-01-09,5.31,5.31,0.0,0.0,1,proc_sha256:847bdfd2f60a6067b0cabf9c3d41c5e4bbb9db0fc9db90332b7f77c19b34adab,proc_sha256:efc4f76268199a0e13df563748f80fad366b28903713f687a5726abb8707d66d,False,False,False,False,False,False
2024-01-11,2024-01-10,5.31,5.31,0.0,0.0,1,proc_sha256:4ae13e6a6378f0f224b1d3cd549ca54fe53cb129657fbdab5a74030f94137658,proc_sha256:847bdfd2f60a6067b0cabf9c3d41c5e4bbb9db0fc9db90332b7f77c19b34adab,False,False,False,False,False,False
2024-01-12,2024-01-11,5.31,5.31,0.0,0.0,1,proc_sha256:04c13e4e9a2f40e702926b912a7a3711e39b3a1ac0e097a8e3d408b03748600f,proc_sha256:4ae13e6a6378f0f224b1d3cd549ca54fe53cb129657fbdab5a74030f94137658,False,False,False,False,False,False
2024-01-16,2024-01-12,5.32,5.31,1.0,1.0,4,proc_sha256:a5130219b5c5acd18d7ba9dead6135fff2fc6404e810d58b261acef478e8e3f6,proc_sha256:04c13e4e9a2f40e702926b912a7a3711e39b3a1ac0e097a8e3d408b03748600f,False,False,False,False,False,False
2024-01-17,2024-01-16,5.32,5.32,0.0,0.0,1,proc_sha256:61704315d799ab8800fa044d3d79f1a989907b2da8c718d6984695a3b186b6bb,proc_sha256:a5130219b5c5acd18d7ba9dead6135fff2fc6404e810d58b261acef478e8e3f6,False,False,False,False,False,False
2024-01-18,2024-01-17,5.31,5.32,-1.0,1.0,1,proc_sha256:6c2f00f0a4452695a5bac26701bc0aeba74233bb8256147ed780bac6b8dc7f20,proc_sha256:61704315d799ab8800fa044d3d79f1a989907b2da8c718d6984695a3b186b6bb,False,False,False,False,False,False
2024-01-19,2024-01-18,5.31,5.31,0.0,0.0,1,proc_sha256:25821415b13dbce2edea0ef64e6021374f5db70f15c1a529d2cd898507b6a473,proc_sha256:6c2f00f0a4452695a5bac26701bc0aeba74233bb8256147ed780bac6b8dc7f20,False,False,False,False,False,False
2024-01-22,2024-01-19,5.31,5.31,0.0,0.0,3,proc_sha256:2e2e895d15eae83bf25959dd821d151cb9f7f461dd20e1d89e1d6052e4aff5a5,proc_sha256:25821415b13dbce2edea0ef64e6021374f5db70f15c1a529d2cd898507b6a473,False,False,False,False,False,False
2024-01-23,2024-01-22,5.31,5.31,0.0,0.0,1,proc_sha256:1bb99a479420d606ba6cbf1cff9e5963fffb88dec1348d73331ccab66318aebe,proc_sha256:2e2e895d15eae83bf25959dd821d151cb9f7f461dd20e1d89e1d6052e4aff5a5,False,False,False,False,False,False
2024-01-24,2024-01-23,5.31,5.31,0.0,0.0,1,proc_sha256:191e27f0329e7db71ddcc36ed64d31d34d50466f81bdd44727bf17aa40e8f4e6,proc_sha256:1bb99a479420d606ba6cbf1cff9e5963fffb88dec1348d73331ccab66318aebe,False,False,False,False,False,False
2024-01-25,2024-01-24,5.32,5.31,1.0,1.0,1,proc_sha256:42644a2d24d2c271ba55e1f200409d9e679ce74d4cbfddf72a364f452278e917,proc_sha256:191e27f0329e7db71ddcc36ed64d31d34d50466f81bdd44727bf17aa40e8f4e6,False,False,False,False,False,False
2024-01-26,2024-01-25,5.32,5.32,0.0,0.0,1,proc_sha256:6dc4b1ec773fc4cf69a7f8a7ee059add491e6c310b48ad194a1147b844c7327a,proc_sha256:42644a2d24d2c271ba55e1f200409d9e679ce74d4cbfddf72a364f452278e917,False,False,False,False,False,False
2024-01-29,2024-01-26,5.31,5.32,-1.0,1.0,3,proc_sha256:422554e781ea685a0613bccc0fe8e878a5aa6c25172c7807a71024402ce23d9a,proc_sha256:6dc4b1ec773fc4cf69a7f8a7ee059add491e6c310b48ad194a1147b844c7327a,False,False,False,False,False,False
2024-01-30,2024-01-29,5.31,5.31,0.0,0.0,1,proc_sha256:7ac045fd75d65d1a9482c7bc028ab68b0017de40057ab7bb308124a966de100e,proc_sha256:422554e781ea685a0613bccc0fe8e878a5aa6c25172c7807a71024402ce23d9a,False,False,False,True,False,False
2024-01-31,2024-01-30,5.32,5.31,1.0,1.0,1,proc_sha256:c7bbcaf8f50023773b62d221feeebbdbb2cabb70d8616bfcea3a09d74893f060,proc_sha256:7ac045fd75d65d1a9482c7bc028ab68b0017de40057ab7bb308124a966de100e,True,False,False,True,False,False
2024-02-01,2024-01-31,5.32,5.32,0.0,0.0,1,proc_sha256:c587c872048dcbe4a1b296002b36b4101e5eb6a9de9a30d055b251947ddef97a,proc_sha256:c7bbcaf8f50023773b62d221feeebbdbb2cabb70d8616bfcea3a09d74893f060,False,False,False,True,False,False
2024-02-02,2024-02-01,5.32,5.32,0.0,0.0,1,proc_sha256:1f8308b24570298e1e70867f94836d3fe536c16456c0ed811611aeca5dbe3934,proc_sha256:c587c872048dcbe4a1b296002b36b4101e5eb6a9de9a30d055b251947ddef97a,False,False,False,False,False,False
2024-02-05,2024-02-02,5.31,5.32,-1.0,1.0,3,proc_sha256:4e6af70eea7391c6569f3159bf33c67952d5603b0d893d6c19258fd1abaf01b6,proc_sha256:1f8308b24570298e1e70867f94836d3fe536c16456c0ed811611aeca5dbe3934,False,False,False,False,False,False
2024-02-06,2024-02-05,5.31,5.31,0.0,0.0,1,proc_sha256:f94a1bdfc5462e5bf6dca655fbf45bfa075443794b934c17d45bf998130e5524,proc_sha256:4e6af70eea7391c6569f3159bf33c67952d5603b0d893d6c19258fd1abaf01b6,False,False,False,False,False,False
2024-02-07,2024-02-06,5.31,5.31,0.0,0.0,1,proc_sha256:a5619670f7cf7a22649a21cd44aec73d96f4f30b3f082bad374d5ff9ad2045c2,proc_sha256:f94a1bdfc5462e5bf6dca655fbf45bfa075443794b934c17d45bf998130e5524,False,False,False,False,False,False
2024-02-08,2024-02-07,5.31,5.31,0.0,0.0,1,proc_sha256:cfd3b83b7d0b116636b091e897854b28a06fc4ae6afbe7aa3541ea6004e532c6,proc_sha256:a5619670f7cf7a22649a21cd44aec73d96f4f30b3f082bad374d5ff9ad2045c2,False,False,False,False,False,False
2024-02-09,2024-02-08,5.31,5.31,0.0,0.0,1,proc_sha256:bc585360378d905db16b1a44d012de73d5abbdf175180c45da2d0dc18d589166,proc_sha256:cfd3b83b7d0b116636b091e897854b28a06fc4ae6afbe7aa3541ea6004e532c6,False,False,False,False,False,False
2024-02-12,2024-02-09,5.31,5.31,0.0,0.0,3,proc_sha256:9c183d7e9030bb59dd36c21881a7ad353e343b9454650baba3e3014fc1d70f8d,proc_sha256:bc585360378d905db16b1a44d012de73d5abbdf175180c45da2d0dc18d589166,False,False,False,False,False,False
2024-02-13,2024-02-12,5.31,5.31,0.0,0.0,1,proc_sha256:aac65f6476b2f0e936bb2cb2f540c1462b90956c2b501071e341ec8446f4aa10,proc_sha256:9c183d7e9030bb59dd36c21881a7ad353e343b9454650baba3e3014fc1d70f8d,False,False,False,False,False,False
2024-02-14,2024-02-13,5.3,5.31,-1.0,1.0,1,proc_sha256:ddb883b0963a6c5a77ee30202d093c09bc5f8ffb55462353e5acf825269f4110,proc_sha256:aac65f6476b2f0e936bb2cb2f540c1462b90956c2b501071e341ec8446f4aa10,False,False,False,False,False,False
2024-02-15,2024-02-14,5.31,5.3,1.0,1.0,1,proc_sha256:fbd74ac675634b768428adac9749a40e1d5d3d2aa01775214a0823ec55e69fab,proc_sha256:ddb883b0963a6c5a77ee30202d093c09bc5f8ffb55462353e5acf825269f4110,False,False,False,False,False,False
2024-02-16,2024-02-15,5.3,5.31,-1.0,1.0,1,proc_sha256:c88589f7dfdace15eb12bf0eb555d53c03a15af7a973eb9ef6cd72c57fede30f,proc_sha256:fbd74ac675634b768428adac9749a40e1d5d3d2aa01775214a0823ec55e69fab,False,False,False,False,False,False
2024-02-20,2024-02-16,5.3,5.3,0.0,0.0,4,proc_sha256:a3f805a911811a814efc4ab0731627892b9f518a7d6f0bc51a1b5296b11483c8,proc_sha256:c88589f7dfdace15eb12bf0eb555d53c03a15af7a973eb9ef6cd72c57fede30f,False,False,False,False,False,False
2024-02-21,2024-02-20,5.3,5.3,0.0,0.0,1,proc_sha256:5d0b752aeb714bc43e3349b855c76cd090b94f4beb91219f353dfec58c90a357,proc_sha256:a3f805a911811a814efc4ab0731627892b9f518a7d6f0bc51a1b5296b11483c8,False,False,False,False,False,False
2024-02-22,2024-02-21,5.3,5.3,0.0,0.0,1,proc_sha256:83a727c7f30b723a9a50d740508f432a4c24f4f589581d3d991d99d9e00b0813,proc_sha256:5d0b752aeb714bc43e3349b855c76cd090b94f4beb91219f353dfec58c90a357,False,False,False,False,False,False
2024-02-23,2024-02-22,5.31,5.3,1.0,1.0,1,proc_sha256:cfb6636d5b5290a5433cf6050e2ab1e6e403ae863d7c46f7d0b48d0ee32e1a03,proc_sha256:83a727c7f30b723a9a50d740508f432a4c24f4f589581d3d991d99d9e00b0813,False,False,False,False,False,False
2024-02-26,2024-02-23,5.31,5.31,0.0,0.0,3,proc_sha256:704d2fb710aed693ff6fe350c9e3256711b673b3e48f0807556be6035de2b1e9,proc_sha256:cfb6636d5b5290a5433cf6050e2ab1e6e403ae863d7c46f7d0b48d0ee32e1a03,False,False,False,False,False,False
2024-02-27,2024-02-26,5.31,5.31,0.0,0.0,1,proc_sha256:90581ed6b3c4ba19cba85178e3f71a4e4511dcd57af9c25d8c8f1b7102c72330,proc_sha256:704d2fb710aed693ff6fe350c9e3256711b673b3e48f0807556be6035de2b1e9,False,False,False,False,False,False
2024-02-28,2024-02-27,5.31,5.31,0.0,0.0,1,proc_sha256:b67a4bf1ebfb668f5699eac57f23c54563f246e4da271ce07a50b81511eb285c,proc_sha256:90581ed6b3c4ba19cba85178e3f71a4e4511dcd57af9c25d8c8f1b7102c72330,False,False,False,True,False,False
2024-02-29,2024-02-28,5.32,5.31,1.0,1.0,1,proc_sha256:be4c96b4c8a735df06630c1315a036ea24c53bbc595b830b9c81ff1f9fa04b98,proc_sha256:b67a4bf1ebfb668f5699eac57f23c54563f246e4da271ce07a50b81511eb285c,True,False,False,True,False,False
2024-03-01,2024-02-29,5.31,5.32,-1.0,1.0,1,proc_sha256:eae7636c5acf30613ea94bd907de492a03c5530a1e535bbe209bba880c0bb57e,proc_sha256:be4c96b4c8a735df06630c1315a036ea24c53bbc595b830b9c81ff1f9fa04b98,False,False,False,True,False,False
2024-03-04,2024-03-01,5.31,5.31,0.0,0.0,3,proc_sha256:cb639cdfe0359be7c9b5162d2834e3481f8607b48cfa8549ad4f28d931fa66a6,proc_sha256:eae7636c5acf30613ea94bd907de492a03c5530a1e535bbe209bba880c0bb57e,False,False,False,False,False,False
2024-03-05,2024-03-04,5.31,5.31,0.0,0.0,1,proc_sha256:132cfe617b50ace462f9917af3ad9c9fa8ad3f94691a1dd28b4ef4755a4e772e,proc_sha256:cb639cdfe0359be7c9b5162d2834e3481f8607b48cfa8549ad4f28d931fa66a6,False,False,False,False,False,False
2024-03-06,2024-03-05,5.31,5.31,0.0,0.0,1,proc_sha256:f37b6d73680e92369361683572f172daf74d1bdcda2e6e790894184d00da92a0,proc_sha256:132cfe617b50ace462f9917af3ad9c9fa8ad3f94691a1dd28b4ef4755a4e772e,False,False,False,False,False,False
2024-03-07,2024-03-06,5.31,5.31,0.0,0.0,1,proc_sha256:6d3113031eb046d2cbcb3f46b33c381e17651966351896ca2b182bf900b906c8,proc_sha256:f37b6d73680e92369361683572f172daf74d1bdcda2e6e790894184d00da92a0,False,False,False,False,False,False
2024-03-08,2024-03-07,5.31,5.31,0.0,0.0,1,proc_sha256:2c86cc51e64487329f5bfc4ff5d2936c62afafd66d4b8e2b3d87c6a4091a0289,proc_sha256:6d3113031eb046d2cbcb3f46b33c381e17651966351896ca2b182bf900b906c8,False,False,False,False,False,False
2024-03-11,2024-03-08,5.31,5.31,0.0,0.0,3,proc_sha256:d46415b229425215943715bc79ecdea615212a94dfd69b194bd98287fed27ba6,proc_sha256:2c86cc51e64487329f5bfc4ff5d2936c62afafd66d4b8e2b3d87c6a4091a0289,False,False,False,False,False,False
2024-03-12,2024-03-11,5.31,5.31,0.0,0.0,1,proc_sha256:e893299e89d9e6e94ac31aa984e23dece2586e0e965d5dbbeffa34ea676dbe14,proc_sha256:d46415b229425215943715bc79ecdea615212a94dfd69b194bd98287fed27ba6,False,False,False,False,False,False
2024-03-13,2024-03-12,5.31,5.31,0.0,0.0,1,proc_sha256:32e252e247f77ebe1f7f87a1da8e2268b781751f5b6f41f969d971e2cc1a192a,proc_sha256:e893299e89d9e6e94ac31aa984e23dece2586e0e965d5dbbeffa34ea676dbe14,False,False,False,False,False,False
2024-03-14,2024-03-13,5.31,5.31,0.0,0.0,1,proc_sha256:fce729196c020af3fd460f73e4a37d0f565d53f21bddf0daa7bfb4b3afb6cc54,proc_sha256:32e252e247f77ebe1f7f87a1da8e2268b781751f5b6f41f969d971e2cc1a192a,False,False,False,False,False,False
2024-03-15,2024-03-14,5.31,5.31,0.0,0.0,1,proc_sha256:3e9c757022fff62fb902a413f2e9329225941dce0c88de26bb434ed9a5e9cf8b,proc_sha256:fce729196c020af3fd460f73e4a37d0f565d53f21bddf0daa7bfb4b3afb6cc54,False,False,False,False,False,False
2024-03-18,2024-03-15,5.31,5.31,0.0,0.0,3,proc_sha256:6b7b4a4b2ecc0b99bf7e405dac1a07bd6f92654901e141cb14b98122f96572d5,proc_sha256:3e9c757022fff62fb902a413f2e9329225941dce0c88de26bb434ed9a5e9cf8b,False,False,False,False,False,False
2024-03-19,2024-03-18,5.31,5.31,0.0,0.0,1,proc_sha256:9b6640e17da0e59290ab8239c0faa72832af5efd82a57ae8910819427eed19a4,proc_sha256:6b7b4a4b2ecc0b99bf7e405dac1a07bd6f92654901e141cb14b98122f96572d5,False,False,False,False,False,False
2024-03-20,2024-03-19,5.31,5.31,0.0,0.0,1,proc_sha256:036592dc2a7c8bf1089c247a925326b52a76b0a6227b495ea2fc55c7bcef7a9b,proc_sha256:9b6640e17da0e59290ab8239c0faa72832af5efd82a57ae8910819427eed19a4,False,False,False,False,False,False
2024-03-21,2024-03-20,5.31,5.31,0.0,0.0,1,proc_sha256:29526f4b17f5cf7dd442d457c753905be81043eb26d53f729ad4e64fd09bbd4c,proc_sha256:036592dc2a7c8bf1089c247a925326b52a76b0a6227b495ea2fc55c7bcef7a9b,False,False,False,False,False,False
2024-03-22,2024-03-21,5.31,5.31,0.0,0.0,1,proc_sha256:9291b93dfe28e4b0925845f1cc196b8848023e1d244e6b9b778ce8131f916a3a,proc_sha256:29526f4b17f5cf7dd442d457c753905be81043eb26d53f729ad4e64fd09bbd4c,False,False,False,False,False,False
2024-03-25,2024-03-22,5.31,5.31,0.0,0.0,3,proc_sha256:5eac5f805965edd681b2139d5049d0f1c02c88b4c2dc54b3fc5643254d787c93,proc_sha256:9291b93dfe28e4b0925845f1cc196b8848023e1d244e6b9b778ce8131f916a3a,False,False,False,False,False,False
2024-03-26,2024-03-25,5.32,5.31,1.0,1.0,1,proc_sha256:178531832279112e739e9ee459060f6a01c2455b0fec1acda4b30b9e9205d2b0,proc_sha256:5eac5f805965edd681b2139d5049d0f1c02c88b4c2dc54b3fc5643254d787c93,False,False,False,False,False,False
2024-03-27,2024-03-26,5.33,5.32,1.0,1.0,1,proc_sha256:a4e0c16498d18cbda699f005fc9ff481bbdfd7c96f840c2ad05fda80963c97f9,proc_sha256:178531832279112e739e9ee459060f6a01c2455b0fec1acda4b30b9e9205d2b0,False,False,False,False,False,False
2024-03-28,2024-03-27,5.34,5.33,1.0,1.0,1,proc_sha256:d58413c37c27235e40074458b19368e50fef6c610fcf4db4e3f986270a32d271,proc_sha256:a4e0c16498d18cbda699f005fc9ff481bbdfd7c96f840c2ad05fda80963c97f9,False,False,False,False,False,False
2024-04-01,2024-03-28,5.35,5.34,1.0,1.0,4,proc_sha256:527559b736ab162dd98534dc22de24c73c3fb20c618b72ee90161dfe56bb6c11,proc_sha256:d58413c37c27235e40074458b19368e50fef6c610fcf4db4e3f986270a32d271,False,False,False,False,False,False
2024-04-02,2024-04-01,5.34,5.35,-1.0,1.0,1,proc_sha256:e32fd8a914fbf88aca906caff799eec1f25a907d662b02c45da64d9a33fe02b5,proc_sha256:527559b736ab162dd98534dc22de24c73c3fb20c618b72ee90161dfe56bb6c11,False,False,False,False,False,False
2024-04-03,2024-04-02,5.32,5.34,-2.0,2.0,1,proc_sha256:625281e66f057967f03d72435df03402d7d342fbb385ba053714666f89892ec1,proc_sha256:e32fd8a914fbf88aca906caff799eec1f25a907d662b02c45da64d9a33fe02b5,False,False,False,False,False,False
2024-04-04,2024-04-03,5.32,5.32,0.0,0.0,1,proc_sha256:888d5bd10a37835dc064c6875917078fdbc2749547ef1566402ede18713c385f,proc_sha256:625281e66f057967f03d72435df03402d7d342fbb385ba053714666f89892ec1,False,False,False,False,False,False
2024-04-05,2024-04-04,5.32,5.32,0.0,0.0,1,proc_sha256:3dc9f419e9972dc2fb74d9705f1bfa94ae824a0cefd429c97514b236e9214c29,proc_sha256:888d5bd10a37835dc064c6875917078fdbc2749547ef1566402ede18713c385f,False,False,False,False,False,False
2024-04-08,2024-04-05,5.31,5.32,-1.0,1.0,3,proc_sha256:0a4772418ed114ac25075cd5c150ffa81cf4e55c5f12e31831fe69f0bbf8eacc,proc_sha256:3dc9f419e9972dc2fb74d9705f1bfa94ae824a0cefd429c97514b236e9214c29,False,False,False,False,False,False
2024-04-09,2024-04-08,5.31,5.31,0.0,0.0,1,proc_sha256:44c5fca18a73fe59c47ca2490a3e000d685f6f6ac7e59b02093c5fc652e9f461,proc_sha256:0a4772418ed114ac25075cd5c150ffa81cf4e55c5f12e31831fe69f0bbf8eacc,False,False,False,False,False,False
2024-04-10,2024-04-09,5.31,5.31,0.0,0.0,1,proc_sha256:8162e44752833d9823d491ccc588166a112e80482e7bd0f3c1881dae52ded384,proc_sha256:44c5fca18a73fe59c47ca2490a3e000d685f6f6ac7e59b02093c5fc652e9f461,False,False,False,False,False,False
2024-04-11,2024-04-10,5.31,5.31,0.0,0.0,1,proc_sha256:1f86a209ca0e49882cc8e1e29211f5f15df97b81a7a998032ae5102668a7f71f,proc_sha256:8162e44752833d9823d491ccc588166a112e80482e7bd0f3c1881dae52ded384,False,False,False,False,False,False
2024-04-12,2024-04-11,5.31,5.31,0.0,0.0,1,proc_sha256:6f946128eebdbe6695ca7e1658c1341b347387e4d8f7503c8769ea04da70a68f,proc_sha256:1f86a209ca0e49882cc8e1e29211f5f15df97b81a7a998032ae5102668a7f71f,False,False,False,False,False,False
2024-04-15,2024-04-12,5.32,5.31,1.0,1.0,3,proc_sha256:00c3e91c4ff0522506be45958cd090c5d6f9ddc8c96e422e3950c95a928ebab2,proc_sha256:6f946128eebdbe6695ca7e1658c1341b347387e4d8f7503c8769ea04da70a68f,False,False,False,False,False,False
2024-04-16,2024-04-15,5.31,5.32,-1.0,1.0,1,proc_sha256:348ef6c478de485765732db4d3adaf43e6aed31b33a77eade2630167536f1f6d,proc_sha256:00c3e91c4ff0522506be45958cd090c5d6f9ddc8c96e422e3950c95a928ebab2,False,False,False,False,False,False
2024-04-17,2024-04-16,5.31,5.31,0.0,0.0,1,proc_sha256:aef2dfb02d67e7d24fb605a1788de7c755aa68f4669292eaa87f766432719886,proc_sha256:348ef6c478de485765732db4d3adaf43e6aed31b33a77eade2630167536f1f6d,False,False,False,False,False,False
2024-04-18,2024-04-17,5.3,5.31,-1.0,1.0,1,proc_sha256:26c233fb83b365916c39ce2ec39addfe85185e92c6c3203f7a36ebb186e86259,proc_sha256:aef2dfb02d67e7d24fb605a1788de7c755aa68f4669292eaa87f766432719886,False,False,False,False,False,False
2024-04-19,2024-04-18,5.31,5.3,1.0,1.0,1,proc_sha256:4510297c9c3ad5f7c6acfd7ca147f584d7cbd7039866e887226c0063af1fe1bb,proc_sha256:26c233fb83b365916c39ce2ec39addfe85185e92c6c3203f7a36ebb186e86259,False,False,False,False,False,False
2024-04-22,2024-04-19,5.31,5.31,0.0,0.0,3,proc_sha256:fc19b977bf1e65192381dfe0451eab4b7d95ed07f9c497f82e5d3ad58bda28ed,proc_sha256:4510297c9c3ad5f7c6acfd7ca147f584d7cbd7039866e887226c0063af1fe1bb,False,False,False,False,False,False
2024-04-23,2024-04-22,5.31,5.31,0.0,0.0,1,proc_sha256:7336d6d112f840c2e4fd2237d9f2c386d58dc7a7b3a17fa6e586319eb38d0bf5,proc_sha256:fc19b977bf1e65192381dfe0451eab4b7d95ed07f9c497f82e5d3ad58bda28ed,False,False,False,False,False,False
2024-04-24,2024-04-23,5.31,5.31,0.0,0.0,1,proc_sha256:36fb9cf8c212ee2bc018ca961ee167af629148a10f93e04b8f20d28f2ea92d28,proc_sha256:7336d6d112f840c2e4fd2237d9f2c386d58dc7a7b3a17fa6e586319eb38d0bf5,False,False,False,False,False,False
2024-04-25,2024-04-24,5.31,5.31,0.0,0.0,1,proc_sha256:f455b75857d2ed03ba46386401a98dc8e8c6c1e66ddb0065da5a77e2f08fe160,proc_sha256:36fb9cf8c212ee2bc018ca961ee167af629148a10f93e04b8f20d28f2ea92d28,False,False,False,False,False,False
2024-04-26,2024-04-25,5.32,5.31,1.0,1.0,1,proc_sha256:28c7e5a21bf602bfc2a1728ae62a7e7d2dacacd8285762afbf64e58bcc574bba,proc_sha256:f455b75857d2ed03ba46386401a98dc8e8c6c1e66ddb0065da5a77e2f08fe160,False,False,False,False,False,False
2024-04-29,2024-04-26,5.32,5.32,0.0,0.0,3,proc_sha256:bf907e41bb140636e26ac02786ce3315f21add4ac74dc85c20e34b2098766146,proc_sha256:28c7e5a21bf602bfc2a1728ae62a7e7d2dacacd8285762afbf64e58bcc574bba,False,False,False,True,False,False
2024-04-30,2024-04-29,5.34,5.32,2.0,2.0,1,proc_sha256:34e9975834cc884456cef876f406b3779d4dfc7f25102b241d63e65ce4b077e1,proc_sha256:bf907e41bb140636e26ac02786ce3315f21add4ac74dc85c20e34b2098766146,True,False,False,True,False,False
2024-05-01,2024-04-30,5.32,5.34,-2.0,2.0,1,proc_sha256:1da637bf4b1322d27e5d5f45cd5922eea7993209ae9c79d0d55b1e0319af4a87,proc_sha256:34e9975834cc884456cef876f406b3779d4dfc7f25102b241d63e65ce4b077e1,False,False,False,True,False,False
2024-05-02,2024-05-01,5.31,5.32,-1.0,1.0,1,proc_sha256:6205b8a8eafc0b7bdd83ec77fced7f5858c5b83df18c25879df29d0c6a994e20,proc_sha256:1da637bf4b1322d27e5d5f45cd5922eea7993209ae9c79d0d55b1e0319af4a87,False,False,False,False,False,False
2024-05-03,2024-05-02,5.31,5.31,0.0,0.0,1,proc_sha256:fef2eb9265dcc8a1ce80b59ce9ca42e958aa86096456055cb236a8c744eabf46,proc_sha256:6205b8a8eafc0b7bdd83ec77fced7f5858c5b83df18c25879df29d0c6a994e20,False,False,False,False,False,False
2024-05-06,2024-05-03,5.31,5.31,0.0,0.0,3,proc_sha256:fff89f874c98cb085d09ae68f1be3f45b508beb69dcafa765625f1eb64835fae,proc_sha256:fef2eb9265dcc8a1ce80b59ce9ca42e958aa86096456055cb236a8c744eabf46,False,False,False,False,False,False
2024-05-07,2024-05-06,5.31,5.31,0.0,0.0,1,proc_sha256:f4e32a05d1e4ce374559dc2565df188447c3dcd58420bb3cd490871440c161dc,proc_sha256:fff89f874c98cb085d09ae68f1be3f45b508beb69dcafa765625f1eb64835fae,False,False,False,False,False,False
2024-05-08,2024-05-07,5.31,5.31,0.0,0.0,1,proc_sha256:873c5398626b98a22ac1347c430cf1e47d11a06a2d500e764fbc2492263622b0,proc_sha256:f4e32a05d1e4ce374559dc2565df188447c3dcd58420bb3cd490871440c161dc,False,False,False,False,False,False
2024-05-09,2024-05-08,5.31,5.31,0.0,0.0,1,proc_sha256:f2fafcd79dbfd4a7e911913b82dea3c0c0a9dcfdeeb30d08f3ca59a852dd0a80,proc_sha256:873c5398626b98a22ac1347c430cf1e47d11a06a2d500e764fbc2492263622b0,False,False,False,False,False,False
2024-05-10,2024-05-09,5.31,5.31,0.0,0.0,1,proc_sha256:c243c21f75b5445ed82dd3cbbe14bdb8e79b56b45cb61d032332de99f09ba5ea,proc_sha256:f2fafcd79dbfd4a7e911913b82dea3c0c0a9dcfdeeb30d08f3ca59a852dd0a80,False,False,False,False,False,False
2024-05-13,2024-05-10,5.31,5.31,0.0,0.0,3,proc_sha256:3f27523aae7f20f959818236c3bbca69a591a341dc69036044723cf45635c82b,proc_sha256:c243c21f75b5445ed82dd3cbbe14bdb8e79b56b45cb61d032332de99f09ba5ea,False,False,False,False,False,False
2024-05-14,2024-05-13,5.31,5.31,0.0,0.0,1,proc_sha256:d54ccb666c7e1f09ba12c26b8e4e7621713143855026faeec55c861596cb1da7,proc_sha256:3f27523aae7f20f959818236c3bbca69a591a341dc69036044723cf45635c82b,False,False,False,False,False,False
2024-05-15,2024-05-14,5.31,5.31,0.0,0.0,1,proc_sha256:6da5454f9e6c96e9cc8c8729c16c215d793f45688205be28e3ccc648b09bc694,proc_sha256:d54ccb666c7e1f09ba12c26b8e4e7621713143855026faeec55c861596cb1da7,False,False,False,False,False,False
2024-05-16,2024-05-15,5.31,5.31,0.0,0.0,1,proc_sha256:570237b82eccb73d4c7fbef877af81c47b8133f8d4cc8afeda549f93ee6c614c,proc_sha256:6da5454f9e6c96e9cc8c8729c16c215d793f45688205be28e3ccc648b09bc694,False,False,False,False,False,False
2024-05-17,2024-05-16,5.31,5.31,0.0,0.0,1,proc_sha256:374763142b964fb38cab47083a0937b44f18e955bc1dec8b66257dbd36d9e73c,proc_sha256:570237b82eccb73d4c7fbef877af81c47b8133f8d4cc8afeda549f93ee6c614c,False,False,False,False,False,False
2024-05-20,2024-05-17,5.31,5.31,0.0,0.0,3,proc_sha256:5a900c3b92db5858e3c01435741f909516d4d75f510071bf992a06f9b35ccae9,proc_sha256:374763142b964fb38cab47083a0937b44f18e955bc1dec8b66257dbd36d9e73c,False,False,False,False,False,False
2024-05-21,2024-05-20,5.31,5.31,0.0,0.0,1,proc_sha256:d68c7e14ef92dd56d0bb99d5ddc684aaa1796e0e6c150f96f9c76ab90f37adcd,proc_sha256:5a900c3b92db5858e3c01435741f909516d4d75f510071bf992a06f9b35ccae9,False,False,False,False,False,False
2024-05-22,2024-05-21,5.31,5.31,0.0,0.0,1,proc_sha256:fd548853ed2e216980314529df68cd17f5a9cb44ae77a8a8663ad23f23ed925e,proc_sha256:d68c7e14ef92dd56d0bb99d5ddc684aaa1796e0e6c150f96f9c76ab90f37adcd,False,False,False,False,False,False
2024-05-23,2024-05-22,5.31,5.31,0.0,0.0,1,proc_sha256:353a4dbe9b016c2ba2ed432e75aa28d8914172cde4e7a0894a8254a1c954ba08,proc_sha256:fd548853ed2e216980314529df68cd17f5a9cb44ae77a8a8663ad23f23ed925e,False,False,False,False,False,False
2024-05-24,2024-05-23,5.32,5.31,1.0,1.0,1,proc_sha256:8128ecbebc30889221d5853d74fc910acc414dac35f6cfef5a7b1ab25ef546af,proc_sha256:353a4dbe9b016c2ba2ed432e75aa28d8914172cde4e7a0894a8254a1c954ba08,False,False,False,False,False,False
2024-05-28,2024-05-24,5.32,5.32,0.0,0.0,4,proc_sha256:f20e761b3c33f7367a32d5b6c0afd0347cac03347b66d901da8e393bec18fbbe,proc_sha256:8128ecbebc30889221d5853d74fc910acc414dac35f6cfef5a7b1ab25ef546af,False,False,False,False,False,False
2024-05-29,2024-05-28,5.33,5.32,1.0,1.0,1,proc_sha256:b594ad262bfc5d5531c085dd5e9bc1c903b441392db7e8312434eea399ce9162,proc_sha256:f20e761b3c33f7367a32d5b6c0afd0347cac03347b66d901da8e393bec18fbbe,False,False,False,False,False,False
2024-05-30,2024-05-29,5.33,5.33,0.0,0.0,1,proc_sha256:266f584a6d7795f6708386ab7536d455b8288555923ca43b1cc91538868881d6,proc_sha256:b594ad262bfc5d5531c085dd5e9bc1c903b441392db7e8312434eea399ce9162,False,False,False,True,False,False
2024-05-31,2024-05-30,5.34,5.33,1.0,1.0,1,proc_sha256:6397f95c08bf50518a0948f940c76c979ba00f26864d9de4ac0b1640e7c15c2b,proc_sha256:266f584a6d7795f6708386ab7536d455b8288555923ca43b1cc91538868881d6,True,False,False,True,False,False
2024-06-03,2024-05-31,5.35,5.34,1.0,1.0,3,proc_sha256:93c3f2e044fc3011d67b91f04e9b3efbdb522682e130a805086d8ea525da7728,proc_sha256:6397f95c08bf50518a0948f940c76c979ba00f26864d9de4ac0b1640e7c15c2b,False,False,False,True,False,False
2024-06-04,2024-06-03,5.33,5.35,-2.0,2.0,1,proc_sha256:ca43ac6c642831fdc5f47c502173d6c826780358e85d517b2b92257c4ae599bf,proc_sha256:93c3f2e044fc3011d67b91f04e9b3efbdb522682e130a805086d8ea525da7728,False,False,False,False,False,False
2024-06-05,2024-06-04,5.33,5.33,0.0,0.0,1,proc_sha256:d051de331cd081042d5be18e6f2dd53231f3585ccafbb5b22ca3b307566adf99,proc_sha256:ca43ac6c642831fdc5f47c502173d6c826780358e85d517b2b92257c4ae599bf,False,False,False,False,False,False
2024-06-06,2024-06-05,5.33,5.33,0.0,0.0,1,proc_sha256:42be521d8597d3438530eff535983e27eef638e9dd30dee77a791eb60bd41803,proc_sha256:d051de331cd081042d5be18e6f2dd53231f3585ccafbb5b22ca3b307566adf99,False,False,False,False,False,False
2024-06-07,2024-06-06,5.33,5.33,0.0,0.0,1,proc_sha256:ea54770335c989684bb7d9228c4cbf8e3245fe63aa93c3e2ac015e8b7cbd5eb0,proc_sha256:42be521d8597d3438530eff535983e27eef638e9dd30dee77a791eb60bd41803,False,False,False,False,False,False
2024-06-10,2024-06-07,5.32,5.33,-1.0,1.0,3,proc_sha256:9fa54586dfe758ba406e8e22209d897b9f3ce948ba84ca0b4a71a5699dfb5729,proc_sha256:ea54770335c989684bb7d9228c4cbf8e3245fe63aa93c3e2ac015e8b7cbd5eb0,False,False,False,False,False,False
2024-06-11,2024-06-10,5.32,5.32,0.0,0.0,1,proc_sha256:f7b6107e4287d17f6c7c51940ca07636c928ee3ffffd4b35f4ff00e0f1b66f4b,proc_sha256:9fa54586dfe758ba406e8e22209d897b9f3ce948ba84ca0b4a71a5699dfb5729,False,False,False,False,False,False
2024-06-12,2024-06-11,5.31,5.32,-1.0,1.0,1,proc_sha256:53a31ae5588cbc5fd73bde58b8def695807e5755eaca37713364b40fb7d0dfc7,proc_sha256:f7b6107e4287d17f6c7c51940ca07636c928ee3ffffd4b35f4ff00e0f1b66f4b,False,False,False,False,False,False
2024-06-13,2024-06-12,5.31,5.31,0.0,0.0,1,proc_sha256:5191929b3332fd9aa5c5e4ef0ee0989005f3c22acf9156c02200191448afa7b3,proc_sha256:53a31ae5588cbc5fd73bde58b8def695807e5755eaca37713364b40fb7d0dfc7,False,False,False,False,False,False
2024-06-14,2024-06-13,5.31,5.31,0.0,0.0,1,proc_sha256:38334b120cf0cbe666b41d914d8e25ae5893cc30632364a41df7d746a3684e84,proc_sha256:5191929b3332fd9aa5c5e4ef0ee0989005f3c22acf9156c02200191448afa7b3,False,False,False,False,False,False
2024-06-17,2024-06-14,5.33,5.31,2.0,2.0,3,proc_sha256:7d6c6fcc827a6f79ab68b82802f4a2d19fefe104a861a4881ad53dec284cc328,proc_sha256:38334b120cf0cbe666b41d914d8e25ae5893cc30632364a41df7d746a3684e84,False,False,False,False,False,False
2024-06-18,2024-06-17,5.33,5.33,0.0,0.0,1,proc_sha256:d1c35ee86b7e4793f6c02c9b676e9532207698ed39a89b6b2ab31bf42df04cc1,proc_sha256:7d6c6fcc827a6f79ab68b82802f4a2d19fefe104a861a4881ad53dec284cc328,False,False,False,False,False,False
2024-06-20,2024-06-18,5.32,5.33,-1.0,1.0,2,proc_sha256:1cf3f10bcd67ca829a94531a5b3f198d30f01054c0f89e8fe7df067eedadb04a,proc_sha256:d1c35ee86b7e4793f6c02c9b676e9532207698ed39a89b6b2ab31bf42df04cc1,False,False,False,False,False,False
2024-06-21,2024-06-20,5.31,5.32,-1.0,1.0,1,proc_sha256:761ba17a2eb39e58d3f5a1df0a8a4cd64e76e8fd006029639646459a34f49327,proc_sha256:1cf3f10bcd67ca829a94531a5b3f198d30f01054c0f89e8fe7df067eedadb04a,False,False,False,False,False,False
2024-06-24,2024-06-21,5.31,5.31,0.0,0.0,3,proc_sha256:455f3d3745f710c2e2bc8a5d8934d20fe0aff4b5da8e5db596ee638b13ff211e,proc_sha256:761ba17a2eb39e58d3f5a1df0a8a4cd64e76e8fd006029639646459a34f49327,False,False,False,False,False,False
2024-06-25,2024-06-24,5.33,5.31,2.0,2.0,1,proc_sha256:1a926d08b4bab99638ead6265f67ffee42fda1f85434bafabee3bbe6895c16b3,proc_sha256:455f3d3745f710c2e2bc8a5d8934d20fe0aff4b5da8e5db596ee638b13ff211e,False,False,False,False,False,False
2024-06-26,2024-06-25,5.34,5.33,1.0,1.0,1,proc_sha256:fe8beaebfef25793008cd333b5b859018c294bf22a379da3cbcad4346bdaaaa7,proc_sha256:1a926d08b4bab99638ead6265f67ffee42fda1f85434bafabee3bbe6895c16b3,False,False,False,False,False,False
2024-06-27,2024-06-26,5.34,5.34,0.0,0.0,1,proc_sha256:c2928123d8c4f9706489f779fd5872862c8ef1d257d67d72ffcab55cf44bb944,proc_sha256:fe8beaebfef25793008cd333b5b859018c294bf22a379da3cbcad4346bdaaaa7,False,False,False,True,True,False
2024-06-28,2024-06-27,5.33,5.34,-1.0,1.0,1,proc_sha256:ea978c2430dbfb677aea35ecc0a7adc612dd0806ce79f856ba936fed00d9d739,proc_sha256:c2928123d8c4f9706489f779fd5872862c8ef1d257d67d72ffcab55cf44bb944,True,True,False,True,True,False
2024-07-01,2024-06-28,5.4,5.33,7.0,7.0,3,proc_sha256:6df65ba3ae2d7a83f838596392e17b43db8d3ba4a8afea7495e3551e0b74fdfd,proc_sha256:ea978c2430dbfb677aea35ecc0a7adc612dd0806ce79f856ba936fed00d9d739,False,False,False,True,True,False
2024-07-02,2024-07-01,5.35,5.4,-5.0,5.0,1,proc_sha256:3c738e42d22a8e570f49f6bda0f0494821f2f382b7a2438efa9d27ffb17f1440,proc_sha256:6df65ba3ae2d7a83f838596392e17b43db8d3ba4a8afea7495e3551e0b74fdfd,False,False,False,False,False,False
2024-07-03,2024-07-02,5.33,5.35,-2.0,2.0,1,proc_sha256:6a9b492f90f762cf9bf49bf348c8b36bf20bccd437f3a4ca023e9ec5ccf64ff1,proc_sha256:3c738e42d22a8e570f49f6bda0f0494821f2f382b7a2438efa9d27ffb17f1440,False,False,False,False,False,False
2024-07-05,2024-07-03,5.32,5.33,-1.0,1.0,2,proc_sha256:59f83246b8945d976860c33659ed4f192136fc524a06cad0e1ad8f4ca4acd9e6,proc_sha256:6a9b492f90f762cf9bf49bf348c8b36bf20bccd437f3a4ca023e9ec5ccf64ff1,False,False,False,False,False,False
2024-07-08,2024-07-05,5.32,5.32,0.0,0.0,3,proc_sha256:bc6755216fa504e0d243aaccd0df94e49f7d706e27a1493a7bb3e4dc61b52c43,proc_sha256:59f83246b8945d976860c33659ed4f192136fc524a06cad0e1ad8f4ca4acd9e6,False,False,False,False,False,False
2024-07-09,2024-07-08,5.34,5.32,2.0,2.0,1,proc_sha256:ce7a65170967f4fa00c6cae2c27ea80bd1d7909f235795510aa22045c2dd75f4,proc_sha256:bc6755216fa504e0d243aaccd0df94e49f7d706e27a1493a7bb3e4dc61b52c43,False,False,False,False,False,False
2024-07-10,2024-07-09,5.34,5.34,0.0,0.0,1,proc_sha256:5500b2bb60e7bc910e0d16db2d8aaf58d8471e20697ac60a4f5b65d429c536e1,proc_sha256:ce7a65170967f4fa00c6cae2c27ea80bd1d7909f235795510aa22045c2dd75f4,False,False,False,False,False,False
2024-07-11,2024-07-10,5.34,5.34,0.0,0.0,1,proc_sha256:d97a759975610e268979e47121b23530b05b0a2b4e7e3e53c7241dab02e67a71,proc_sha256:5500b2bb60e7bc910e0d16db2d8aaf58d8471e20697ac60a4f5b65d429c536e1,False,False,False,False,False,False
2024-07-12,2024-07-11,5.34,5.34,0.0,0.0,1,proc_sha256:331d6d32c371d3d591f95ac5ab15083b003adcf3ff74409c7bd3eb6121c35b18,proc_sha256:d97a759975610e268979e47121b23530b05b0a2b4e7e3e53c7241dab02e67a71,False,False,False,False,False,False
2024-07-15,2024-07-12,5.34,5.34,0.0,0.0,3,proc_sha256:52586d932b3916084a17947282cd62a15f868fd37b374873f8cc0d9f94feeef9,proc_sha256:331d6d32c371d3d591f95ac5ab15083b003adcf3ff74409c7bd3eb6121c35b18,False,False,False,False,False,False
2024-07-16,2024-07-15,5.35,5.34,1.0,1.0,1,proc_sha256:2b2d61e016f7789a2d6e9ee010d4798aad4d9d71c14cb02a1512e909f2e47bbf,proc_sha256:52586d932b3916084a17947282cd62a15f868fd37b374873f8cc0d9f94feeef9,False,False,False,False,False,False
2024-07-17,2024-07-16,5.35,5.35,0.0,0.0,1,proc_sha256:efd12d165322c8e68940e09731f8e8af085c129079bc5545e87f2bce0a8ef74e,proc_sha256:2b2d61e016f7789a2d6e9ee010d4798aad4d9d71c14cb02a1512e909f2e47bbf,False,False,False,False,False,False
2024-07-18,2024-07-17,5.34,5.35,-1.0,1.0,1,proc_sha256:b392687c246e4c1811e59043e28aa254db665633fc2d1e9ea4279a1638e36b35,proc_sha256:efd12d165322c8e68940e09731f8e8af085c129079bc5545e87f2bce0a8ef74e,False,False,False,False,False,False
2024-07-19,2024-07-18,5.34,5.34,0.0,0.0,1,proc_sha256:e4be0209f072a8c31d578408bc1808b24f2bdfe57ea427f223a01ee82731600e,proc_sha256:b392687c246e4c1811e59043e28aa254db665633fc2d1e9ea4279a1638e36b35,False,False,False,False,False,False
2024-07-22,2024-07-19,5.33,5.34,-1.0,1.0,3,proc_sha256:149946458c00a1ec2bf2ba34995641f538730422acbc810e89de49a8ee2e0c0b,proc_sha256:e4be0209f072a8c31d578408bc1808b24f2bdfe57ea427f223a01ee82731600e,False,False,False,False,False,False
2024-07-23,2024-07-22,5.34,5.33,1.0,1.0,1,proc_sha256:0c20926bbefd316a46d59e947f97f2429473a0817317f0de06e55edce4c0856c,proc_sha256:149946458c00a1ec2bf2ba34995641f538730422acbc810e89de49a8ee2e0c0b,False,False,False,False,False,False
2024-07-24,2024-07-23,5.34,5.34,0.0,0.0,1,proc_sha256:6b5d305e92686ef220fbcec2dff69a133f0bf6c6997f9d2a6a138d66eda6aa74,proc_sha256:0c20926bbefd316a46d59e947f97f2429473a0817317f0de06e55edce4c0856c,False,False,False,False,False,False
2024-07-25,2024-07-24,5.35,5.34,1.0,1.0,1,proc_sha256:7cf84e057f92dcc8e94d6195b128e96a939535128c38dcdcc49522a088866d98,proc_sha256:6b5d305e92686ef220fbcec2dff69a133f0bf6c6997f9d2a6a138d66eda6aa74,False,False,False,False,False,False
2024-07-26,2024-07-25,5.35,5.35,0.0,0.0,1,proc_sha256:09bd1e77e70d9e2d64290bbeade72fe2a71828b3ee9ec8fcc7a97ceead26a276,proc_sha256:7cf84e057f92dcc8e94d6195b128e96a939535128c38dcdcc49522a088866d98,False,False,False,False,False,False
2024-07-29,2024-07-26,5.33,5.35,-2.0,2.0,3,proc_sha256:238d3451d5061563b9f5866676b6f3ff918103e43cf04aaffe6e750d19cc720b,proc_sha256:09bd1e77e70d9e2d64290bbeade72fe2a71828b3ee9ec8fcc7a97ceead26a276,False,False,False,False,False,False
2024-07-30,2024-07-29,5.33,5.33,0.0,0.0,1,proc_sha256:2f2304a1e46b6d374d129bc2f9b087197bbf04ade0a4c01577c558d23b705849,proc_sha256:238d3451d5061563b9f5866676b6f3ff918103e43cf04aaffe6e750d19cc720b,False,False,False,True,False,False
2024-07-31,2024-07-30,5.38,5.33,5.0,5.0,1,proc_sha256:785d76d37f9dbf2245e6f758e4ee16e6baad085f38e2e724f9b4e5b13428209b,proc_sha256:2f2304a1e46b6d374d129bc2f9b087197bbf04ade0a4c01577c558d23b705849,True,False,False,True,False,False
2024-08-01,2024-07-31,5.35,5.38,-3.0,3.0,1,proc_sha256:3aa4ae8edefd4fef4dfa19342a4e253052bdf57690737a9bf575d440e76fb7c0,proc_sha256:785d76d37f9dbf2245e6f758e4ee16e6baad085f38e2e724f9b4e5b13428209b,False,False,False,True,False,False
2024-08-02,2024-08-01,5.35,5.35,0.0,0.0,1,proc_sha256:feda866ee720d6ae6b7bdf608d4cd104b1d43bc1bf45fa796bb37961246a43ef,proc_sha256:3aa4ae8edefd4fef4dfa19342a4e253052bdf57690737a9bf575d440e76fb7c0,False,False,False,False,False,False
2024-08-05,2024-08-02,5.32,5.35,-3.0,3.0,3,proc_sha256:77305ceb0673258fc118416e7d1a424efdf52b065f2e17e02a04b6f346b4e21f,proc_sha256:feda866ee720d6ae6b7bdf608d4cd104b1d43bc1bf45fa796bb37961246a43ef,False,False,False,False,False,False
2024-08-06,2024-08-05,5.33,5.32,1.0,1.0,1,proc_sha256:f5c3407e320f6abf6681c5da77dbeacc80ec97b733f02359e48173ec132d5103,proc_sha256:77305ceb0673258fc118416e7d1a424efdf52b065f2e17e02a04b6f346b4e21f,False,False,False,False,False,False
2024-08-07,2024-08-06,5.33,5.33,0.0,0.0,1,proc_sha256:1fe5be1d067ee25413335cc5717fb2efa1440e6e4b116ad287184b7304553db4,proc_sha256:f5c3407e320f6abf6681c5da77dbeacc80ec97b733f02359e48173ec132d5103,False,False,False,False,False,False
2024-08-08,2024-08-07,5.34,5.33,1.0,1.0,1,proc_sha256:5563af0b49a2622d70ae2b715dd538566141c3508f074df858f663319858e9d6,proc_sha256:1fe5be1d067ee25413335cc5717fb2efa1440e6e4b116ad287184b7304553db4,False,False,False,False,False,False
2024-08-09,2024-08-08,5.34,5.34,0.0,0.0,1,proc_sha256:71569ceeb06ece13cd873512321330be8f1821effab9473605dff5712e79aeb9,proc_sha256:5563af0b49a2622d70ae2b715dd538566141c3508f074df858f663319858e9d6,False,False,False,False,False,False
2024-08-12,2024-08-09,5.34,5.34,0.0,0.0,3,proc_sha256:9186e9159b8c3b604df7dab85478d80ab01336c2f52ea44bcc355c9e45dde09b,proc_sha256:71569ceeb06ece13cd873512321330be8f1821effab9473605dff5712e79aeb9,False,False,False,False,False,False
2024-08-13,2024-08-12,5.34,5.34,0.0,0.0,1,proc_sha256:095ac7a4ef10211bb8a5ba3082b3feb46ce9d32e030766caf32db2c2b6c71a1f,proc_sha256:9186e9159b8c3b604df7dab85478d80ab01336c2f52ea44bcc355c9e45dde09b,False,False,False,False,False,False
2024-08-14,2024-08-13,5.33,5.34,-1.0,1.0,1,proc_sha256:7bb9cc02a026fcb4bca0949d11490890816d556e8af6501ed3f482c1af7838da,proc_sha256:095ac7a4ef10211bb8a5ba3082b3feb46ce9d32e030766caf32db2c2b6c71a1f,False,False,False,False,False,False
2024-08-15,2024-08-14,5.35,5.33,2.0,2.0,1,proc_sha256:0ce0d75c4c50c02c82d89cfd5bc1489b3bf0c34b5e86b28a7b0ddc1371e7c02a,proc_sha256:7bb9cc02a026fcb4bca0949d11490890816d556e8af6501ed3f482c1af7838da,False,False,False,False,False,False
2024-08-16,2024-08-15,5.32,5.35,-3.0,3.0,1,proc_sha256:3fa39e71cb64a5f770f9ad98b0481c94788e2efb04d60f7f4117f875ee9b9c92,proc_sha256:0ce0d75c4c50c02c82d89cfd5bc1489b3bf0c34b5e86b28a7b0ddc1371e7c02a,False,False,False,False,False,False
2024-08-19,2024-08-16,5.32,5.32,0.0,0.0,3,proc_sha256:760008d334ce17fc1a7819dafe6eaf8e3e4e0f863129ecd038e2806faf5f3766,proc_sha256:3fa39e71cb64a5f770f9ad98b0481c94788e2efb04d60f7f4117f875ee9b9c92,False,False,False,False,False,False
2024-08-20,2024-08-19,5.32,5.32,0.0,0.0,1,proc_sha256:61c50c74bff06a7c50b204a3279d0558d19ed853254d7032838477dc5f0cfabb,proc_sha256:760008d334ce17fc1a7819dafe6eaf8e3e4e0f863129ecd038e2806faf5f3766,False,False,False,False,False,False
2024-08-21,2024-08-20,5.31,5.32,-1.0,1.0,1,proc_sha256:e4bf5bdfbf3d97c4ff35564b63e9e83a8cad020002ed390a241b9df12b7fbea9,proc_sha256:61c50c74bff06a7c50b204a3279d0558d19ed853254d7032838477dc5f0cfabb,False,False,False,False,False,False
2024-08-22,2024-08-21,5.31,5.31,0.0,0.0,1,proc_sha256:98ed97ca59a7ebdbecc554cc70497c2f27ff610b93e32d2b03d44f404c2c9535,proc_sha256:e4bf5bdfbf3d97c4ff35564b63e9e83a8cad020002ed390a241b9df12b7fbea9,False,False,False,False,False,False
2024-08-23,2024-08-22,5.33,5.31,2.0,2.0,1,proc_sha256:50c089b1158ce6a605ada1048f14361d7e05f357b85843ff59fcc7e86016223a,proc_sha256:98ed97ca59a7ebdbecc554cc70497c2f27ff610b93e32d2b03d44f404c2c9535,False,False,False,False,False,False
2024-08-26,2024-08-23,5.34,5.33,1.0,1.0,3,proc_sha256:46a80c1e087f215e7659f68dfa5090c2c91b1136dd8ba65ec05a99eac8f825c6,proc_sha256:50c089b1158ce6a605ada1048f14361d7e05f357b85843ff59fcc7e86016223a,False,False,False,False,False,False
2024-08-27,2024-08-26,5.35,5.34,1.0,1.0,1,proc_sha256:364fdafc16f4f502e703aff9256067767ee164eaf1e14fefd0bb6247d06bb7b3,proc_sha256:46a80c1e087f215e7659f68dfa5090c2c91b1136dd8ba65ec05a99eac8f825c6,False,False,False,False,False,False
2024-08-28,2024-08-27,5.35,5.35,0.0,0.0,1,proc_sha256:6dc30d8019b1f2cac70d54de6b4e0e2aa97061c50b8c4f39da120aab76276994,proc_sha256:364fdafc16f4f502e703aff9256067767ee164eaf1e14fefd0bb6247d06bb7b3,False,False,False,False,False,False
2024-08-29,2024-08-28,5.33,5.35,-2.0,2.0,1,proc_sha256:a5f8b6e1c4b9a287c2a5d1d643756f077aa1c7576520aa705ac1f8f48f704cc1,proc_sha256:6dc30d8019b1f2cac70d54de6b4e0e2aa97061c50b8c4f39da120aab76276994,False,False,False,True,False,False
2024-08-30,2024-08-29,5.32,5.33,-1.0,1.0,1,proc_sha256:db686699de8ed822b5f1f45386556796d935ff1aab9684907a795ed1ff7b0a6e,proc_sha256:a5f8b6e1c4b9a287c2a5d1d643756f077aa1c7576520aa705ac1f8f48f704cc1,True,False,False,True,False,False
2024-09-03,2024-08-30,5.34,5.32,2.0,2.0,4,proc_sha256:da291a0f6eea1b3a05530befc578c7272566d42577d9578c3889e1dde4fa7644,proc_sha256:db686699de8ed822b5f1f45386556796d935ff1aab9684907a795ed1ff7b0a6e,False,False,False,True,False,False
2024-09-04,2024-09-03,5.35,5.34,1.0,1.0,1,proc_sha256:2b02d8273db6eaf6af7d9118f58a3dab1717cc48ac215107c4bdbfb60863b2fe,proc_sha256:da291a0f6eea1b3a05530befc578c7272566d42577d9578c3889e1dde4fa7644,False,False,False,False,False,False
2024-09-05,2024-09-04,5.35,5.35,0.0,0.0,1,proc_sha256:7162475af5b18b4d6a2607841b6de98c2af8ae546964e9146b7f317046b1c4d5,proc_sha256:2b02d8273db6eaf6af7d9118f58a3dab1717cc48ac215107c4bdbfb60863b2fe,False,False,False,False,False,False
2024-09-06,2024-09-05,5.34,5.35,-1.0,1.0,1,proc_sha256:ecb85c072fd3fbba6a07ee4846b0e1efe478240b30d923e0362c692967a62eed,proc_sha256:7162475af5b18b4d6a2607841b6de98c2af8ae546964e9146b7f317046b1c4d5,False,False,False,False,False,False
2024-09-09,2024-09-06,5.34,5.34,0.0,0.0,3,proc_sha256:55e40a7c184b67a461b5838556cdd68f51eda2f4f8f7f2f99cdb9bcf951adaf6,proc_sha256:ecb85c072fd3fbba6a07ee4846b0e1efe478240b30d923e0362c692967a62eed,False,False,False,False,False,False
2024-09-10,2024-09-09,5.33,5.34,-1.0,1.0,1,proc_sha256:f546e60f6ad2fe9904630bb7a9d9cfc46df503682c391955ba4212117ffbccf7,proc_sha256:55e40a7c184b67a461b5838556cdd68f51eda2f4f8f7f2f99cdb9bcf951adaf6,False,False,False,False,False,False
2024-09-11,2024-09-10,5.32,5.33,-1.0,1.0,1,proc_sha256:ff043cc96382110cf4a85850c4cf68f3105329259184aa4ef251730834a3079b,proc_sha256:f546e60f6ad2fe9904630bb7a9d9cfc46df503682c391955ba4212117ffbccf7,False,False,False,False,False,False
2024-09-12,2024-09-11,5.33,5.32,1.0,1.0,1,proc_sha256:d8e948ddd21ac1a414a3f85b0ff741e6d1c1a263b9cba1b4f525c35ad3381598,proc_sha256:ff043cc96382110cf4a85850c4cf68f3105329259184aa4ef251730834a3079b,False,False,False,False,False,False
2024-09-13,2024-09-12,5.33,5.33,0.0,0.0,1,proc_sha256:c67f10c22d4435ef9077c91afb1b7c3f3670fc9305e83214a7a88992bbdc19ec,proc_sha256:d8e948ddd21ac1a414a3f85b0ff741e6d1c1a263b9cba1b4f525c35ad3381598,False,False,False,False,False,False
2024-09-16,2024-09-13,5.38,5.33,5.0,5.0,3,proc_sha256:fc78922d2e7e95197a9a07130bb117e8b95247e9a7796cbab29b1c749d98728d,proc_sha256:c67f10c22d4435ef9077c91afb1b7c3f3670fc9305e83214a7a88992bbdc19ec,False,False,False,False,False,False
2024-09-17,2024-09-16,5.38,5.38,0.0,0.0,1,proc_sha256:6c0d95828139942ce4600cbe2aeb1d3d6db2c683f33d6c8e44b4859dc86096b3,proc_sha256:fc78922d2e7e95197a9a07130bb117e8b95247e9a7796cbab29b1c749d98728d,False,False,False,False,False,False
2024-09-18,2024-09-17,5.33,5.38,-5.0,5.0,1,proc_sha256:261c4cd2dbc19b689fbeb8ef33563edc3b7fac2f7ccec23e20b53ba5fcead950,proc_sha256:6c0d95828139942ce4600cbe2aeb1d3d6db2c683f33d6c8e44b4859dc86096b3,False,False,False,False,False,False
2024-09-19,2024-09-18,4.82,5.33,-51.0,51.0,1,proc_sha256:038f4b202f127e4887dcc6327358e8761b4bf98a31e99a590f7323d1d97540d5,proc_sha256:261c4cd2dbc19b689fbeb8ef33563edc3b7fac2f7ccec23e20b53ba5fcead950,False,False,False,False,False,False
2024-09-20,2024-09-19,4.83,4.82,1.0,1.0,1,proc_sha256:9c1e3bd49c7667130061b3e600acc415a6b7049e33511962487743a0c587a839,proc_sha256:038f4b202f127e4887dcc6327358e8761b4bf98a31e99a590f7323d1d97540d5,False,False,False,False,False,False
2024-09-23,2024-09-20,4.83,4.83,0.0,0.0,3,proc_sha256:e5f670b59ac8e4ed503a21c8f6523a0542edf290a2208b469fc8eb91d37821c0,proc_sha256:9c1e3bd49c7667130061b3e600acc415a6b7049e33511962487743a0c587a839,False,False,False,False,False,False
2024-09-24,2024-09-23,4.84,4.83,1.0,1.0,1,proc_sha256:4aa058dbc69efa7d2ac9c96e576ca384cb46c065e13319e77131d9f339fb75d3,proc_sha256:e5f670b59ac8e4ed503a21c8f6523a0542edf290a2208b469fc8eb91d37821c0,False,False,False,False,False,False
2024-09-25,2024-09-24,4.84,4.84,0.0,0.0,1,proc_sha256:239eee866df554533f720b5aa6e951661f2674070854fcc19310f9a511f6d215,proc_sha256:4aa058dbc69efa7d2ac9c96e576ca384cb46c065e13319e77131d9f339fb75d3,False,False,False,False,False,False
2024-09-26,2024-09-25,4.83,4.84,-1.0,1.0,1,proc_sha256:3617a40ab615c32251d79e051f3dd5153e1299fe82967668258ed0144c6a5347,proc_sha256:239eee866df554533f720b5aa6e951661f2674070854fcc19310f9a511f6d215,False,False,False,False,False,False
2024-09-27,2024-09-26,4.84,4.83,1.0,1.0,1,proc_sha256:806b9b96415d3f9b87aa4e0f23e11ee30ccddbe429993f76fab80ddc25756030,proc_sha256:3617a40ab615c32251d79e051f3dd5153e1299fe82967668258ed0144c6a5347,False,False,False,True,True,False
2024-09-30,2024-09-27,4.96,4.84,12.0,12.0,3,proc_sha256:32441d3a9c1c5b517072bdcdc2df1e1bb629d71c63b436abee9981645875c369,proc_sha256:806b9b96415d3f9b87aa4e0f23e11ee30ccddbe429993f76fab80ddc25756030,True,True,False,True,True,False
2024-10-01,2024-09-30,5.05,4.96,9.0,9.0,1,proc_sha256:84a15c5480a6c5861e3da2752fc95c82e24bd18d361f810b459859daf94b211b,proc_sha256:32441d3a9c1c5b517072bdcdc2df1e1bb629d71c63b436abee9981645875c369,False,False,False,True,True,False
2024-10-02,2024-10-01,4.92,5.05,-13.0,13.0,1,proc_sha256:7c4834be93d05c20cfb5664438bf9082f21019a2cae9e1250f57f96515729eb0,proc_sha256:84a15c5480a6c5861e3da2752fc95c82e24bd18d361f810b459859daf94b211b,False,False,False,False,False,False
2024-10-03,2024-10-02,4.85,4.92,-7.0,7.0,1,proc_sha256:ec9f9ab47bfa7fdb081d7b55378c0f45e90a8b4030665e9fcaf3a8de9e145e84,proc_sha256:7c4834be93d05c20cfb5664438bf9082f21019a2cae9e1250f57f96515729eb0,False,False,False,False,False,False
2024-10-04,2024-10-03,4.83,4.85,-2.0,2.0,1,proc_sha256:672a7fd5d7c6cdb92913ec6e603f37d963648cb55cdf6f6c68dd4d368f9033cc,proc_sha256:ec9f9ab47bfa7fdb081d7b55378c0f45e90a8b4030665e9fcaf3a8de9e145e84,False,False,False,False,False,False
2024-10-07,2024-10-04,4.83,4.83,0.0,0.0,3,proc_sha256:744a32533ec696317ef2717628a87a0013083443ed06a182048ff675683152ec,proc_sha256:672a7fd5d7c6cdb92913ec6e603f37d963648cb55cdf6f6c68dd4d368f9033cc,False,False,False,False,False,False
2024-10-08,2024-10-07,4.84,4.83,1.0,1.0,1,proc_sha256:00bcc34c040fcafcaf8008b0878797622f47791604ebea29b61502378ffe6eea,proc_sha256:744a32533ec696317ef2717628a87a0013083443ed06a182048ff675683152ec,False,False,False,False,False,False
2024-10-09,2024-10-08,4.83,4.84,-1.0,1.0,1,proc_sha256:7d37c0f6814a5a74e56e93fd8de30e81efc54e15c1f4af1d945b65c14de3b4da,proc_sha256:00bcc34c040fcafcaf8008b0878797622f47791604ebea29b61502378ffe6eea,False,False,False,False,False,False
2024-10-10,2024-10-09,4.82,4.83,-1.0,1.0,1,proc_sha256:f48bb3c2ab7a23440042bcefe9512fd6a8ba0e3dd69d031a0c2d1804ac0c4b5f,proc_sha256:7d37c0f6814a5a74e56e93fd8de30e81efc54e15c1f4af1d945b65c14de3b4da,False,False,False,False,False,False
2024-10-11,2024-10-10,4.81,4.82,-1.0,1.0,1,proc_sha256:439d4327d2e191cde7a81eb1dc2741a0ba5f59456ff9dc2adffe77818e0dd6fb,proc_sha256:f48bb3c2ab7a23440042bcefe9512fd6a8ba0e3dd69d031a0c2d1804ac0c4b5f,False,False,False,False,False,False
2024-10-15,2024-10-11,4.86,4.81,5.0,5.0,4,proc_sha256:b9f10c3adef89afc744623c7a990a694edccb53e213c2642b5522f239347dade,proc_sha256:439d4327d2e191cde7a81eb1dc2741a0ba5f59456ff9dc2adffe77818e0dd6fb,False,False,False,False,False,False
2024-10-16,2024-10-15,4.86,4.86,0.0,0.0,1,proc_sha256:cc7315d9223419b16a47e8e2919af3f134149f9854c14744f4e1058f390cbe60,proc_sha256:b9f10c3adef89afc744623c7a990a694edccb53e213c2642b5522f239347dade,False,False,False,False,False,False
2024-10-17,2024-10-16,4.85,4.86,-1.0,1.0,1,proc_sha256:2c0503e510623df2a7219b4995441daf8de9b5c8945a034a6d4375fad87ee04e,proc_sha256:cc7315d9223419b16a47e8e2919af3f134149f9854c14744f4e1058f390cbe60,False,False,False,False,False,False
2024-10-18,2024-10-17,4.84,4.85,-1.0,1.0,1,proc_sha256:476402b476fadc2e309c94589b433f3ce2d24fe9d29908fa456aedfc53a20cdc,proc_sha256:2c0503e510623df2a7219b4995441daf8de9b5c8945a034a6d4375fad87ee04e,False,False,False,False,False,False
2024-10-21,2024-10-18,4.82,4.84,-2.0,2.0,3,proc_sha256:092429884c787f4d963a5e7235f626487b96b9033a465333624d548b3a87e66c,proc_sha256:476402b476fadc2e309c94589b433f3ce2d24fe9d29908fa456aedfc53a20cdc,False,False,False,False,False,False
2024-10-22,2024-10-21,4.83,4.82,1.0,1.0,1,proc_sha256:7d7550f3aed65d37de8fc3da92fb708a1d2f8bbf0fd2f2ea3917bec4acd5776b,proc_sha256:092429884c787f4d963a5e7235f626487b96b9033a465333624d548b3a87e66c,False,False,False,False,False,False
2024-10-23,2024-10-22,4.83,4.83,0.0,0.0,1,proc_sha256:c35cb00a5e791fe256f8a6b58193443279255c017a2065ebc9c2de0318f712b5,proc_sha256:7d7550f3aed65d37de8fc3da92fb708a1d2f8bbf0fd2f2ea3917bec4acd5776b,False,False,False,False,False,False
2024-10-24,2024-10-23,4.83,4.83,0.0,0.0,1,proc_sha256:49af03f00e2d54e1c59087d1fc8033f31a20ff6bb369e456acb45278fba1c44f,proc_sha256:c35cb00a5e791fe256f8a6b58193443279255c017a2065ebc9c2de0318f712b5,False,False,False,False,False,False
2024-10-25,2024-10-24,4.83,4.83,0.0,0.0,1,proc_sha256:db14f920f6a528ffa6967d82ef2c4829b421342e5792136b73ee8a268759b423,proc_sha256:49af03f00e2d54e1c59087d1fc8033f31a20ff6bb369e456acb45278fba1c44f,False,False,False,False,False,False
2024-10-28,2024-10-25,4.82,4.83,-1.0,1.0,3,proc_sha256:c1071cbe833c1cc8205d0088b0bddc952092b3ca6d89c73178afe9879c1e18fc,proc_sha256:db14f920f6a528ffa6967d82ef2c4829b421342e5792136b73ee8a268759b423,False,False,False,False,False,False
2024-10-29,2024-10-28,4.82,4.82,0.0,0.0,1,proc_sha256:3f0fba504d336856fae37733898870304ebdc7f3fabc254a366e07ef7db4aeba,proc_sha256:c1071cbe833c1cc8205d0088b0bddc952092b3ca6d89c73178afe9879c1e18fc,False,False,False,False,False,False
2024-10-30,2024-10-29,4.81,4.82,-1.0,1.0,1,proc_sha256:7db1f475678a619a5d7926798290e63b39639cb32b0290457373e8d508bb9f88,proc_sha256:3f0fba504d336856fae37733898870304ebdc7f3fabc254a366e07ef7db4aeba,False,False,False,True,False,False
2024-10-31,2024-10-30,4.9,4.81,9.0,9.0,1,proc_sha256:ab7124e41d254c6e670ada0051294d25457765f08ba9dccc4330d15dc3ce749f,proc_sha256:7db1f475678a619a5d7926798290e63b39639cb32b0290457373e8d508bb9f88,True,False,False,True,False,False
2024-11-01,2024-10-31,4.86,4.9,-4.0,4.0,1,proc_sha256:31c297d68ded09ca150eabeb4bb78a033dbd947b4a7e091551ec0a3e7674e1af,proc_sha256:ab7124e41d254c6e670ada0051294d25457765f08ba9dccc4330d15dc3ce749f,False,False,False,True,False,False
2024-11-04,2024-11-01,4.82,4.86,-4.0,4.0,3,proc_sha256:fa1ff74a909b53511fc93edd071cfceaf2423e9439505bdfe076c12d1ad3e4f9,proc_sha256:31c297d68ded09ca150eabeb4bb78a033dbd947b4a7e091551ec0a3e7674e1af,False,False,False,False,False,False
2024-11-05,2024-11-04,4.82,4.82,0.0,0.0,1,proc_sha256:e57c9d2aaeec9b2bf52bc22fbdf7f786cd8d4aadd71a4c54cfb3118453b53ca8,proc_sha256:fa1ff74a909b53511fc93edd071cfceaf2423e9439505bdfe076c12d1ad3e4f9,False,False,False,False,False,False
2024-11-06,2024-11-05,4.81,4.82,-1.0,1.0,1,proc_sha256:6fb846edbd35d1082cd08d3eddebf61bfbaa11048ef60eadc038f41848fc5197,proc_sha256:e57c9d2aaeec9b2bf52bc22fbdf7f786cd8d4aadd71a4c54cfb3118453b53ca8,False,False,False,False,False,False
2024-11-07,2024-11-06,4.82,4.81,1.0,1.0,1,proc_sha256:6f84420aa912064115d60c62b8087737f5e98ad11bfef1de55849df44ff9b4aa,proc_sha256:6fb846edbd35d1082cd08d3eddebf61bfbaa11048ef60eadc038f41848fc5197,False,False,False,False,False,False
2024-11-08,2024-11-07,4.6,4.82,-22.0,22.0,1,proc_sha256:9ecdb77ade854575f832241ed721f98e35d50b38ee20eb42bf01e6bbe9f5092e,proc_sha256:6f84420aa912064115d60c62b8087737f5e98ad11bfef1de55849df44ff9b4aa,False,False,False,False,False,False
2024-11-12,2024-11-08,4.6,4.6,0.0,0.0,4,proc_sha256:28599d83251d18f67f19514912c82a708f6898829186c5080746561c94b71dbc,proc_sha256:9ecdb77ade854575f832241ed721f98e35d50b38ee20eb42bf01e6bbe9f5092e,False,False,False,False,False,False
2024-11-13,2024-11-12,4.59,4.6,-1.0,1.0,1,proc_sha256:967662e42b4336cf41f25149e847faa2f1e5763ea232be46aafa7f326d678751,proc_sha256:28599d83251d18f67f19514912c82a708f6898829186c5080746561c94b71dbc,False,False,False,False,False,False
2024-11-14,2024-11-13,4.58,4.59,-1.0,1.0,1,proc_sha256:ce13c414626ea29924c35b229f41588fc78305c120ef280f1c81db421637492d,proc_sha256:967662e42b4336cf41f25149e847faa2f1e5763ea232be46aafa7f326d678751,False,False,False,False,False,False
2024-11-15,2024-11-14,4.57,4.58,-1.0,1.0,1,proc_sha256:ee9081973d9a9d4e2fe0f0ae22b421a81b067fcd9b657c45ab3be262f2ea9767,proc_sha256:ce13c414626ea29924c35b229f41588fc78305c120ef280f1c81db421637492d,False,False,False,False,False,False
2024-11-18,2024-11-15,4.57,4.57,0.0,0.0,3,proc_sha256:e1c1de2b2608dae25d386cb55af5f3cf1b3f5e66811c7adcac84bd24eabb2686,proc_sha256:ee9081973d9a9d4e2fe0f0ae22b421a81b067fcd9b657c45ab3be262f2ea9767,False,False,False,False,False,False
2024-11-19,2024-11-18,4.57,4.57,0.0,0.0,1,proc_sha256:9863378cd5fc70d070fd9efd2d7399490b21cdcd0ed40a92d621c4d78b1fb5bd,proc_sha256:e1c1de2b2608dae25d386cb55af5f3cf1b3f5e66811c7adcac84bd24eabb2686,False,False,False,False,False,False
2024-11-20,2024-11-19,4.56,4.57,-1.0,1.0,1,proc_sha256:6635d7643240f3fad46fa536cd3ae1b2713c93aa3398d5842b560c1825f0b548,proc_sha256:9863378cd5fc70d070fd9efd2d7399490b21cdcd0ed40a92d621c4d78b1fb5bd,False,False,False,False,False,False
2024-11-21,2024-11-20,4.57,4.56,1.0,1.0,1,proc_sha256:afb3b94a1235ef76c9a5d62553e2e232c69f87b6fcb75ffc127e555a4a90dd6c,proc_sha256:6635d7643240f3fad46fa536cd3ae1b2713c93aa3398d5842b560c1825f0b548,False,False,False,False,False,False
2024-11-22,2024-11-21,4.57,4.57,0.0,0.0,1,proc_sha256:b6b013c6ceec32e8661d589b67f2cdcd581287e59b9ee046e91c5d214d4dd13e,proc_sha256:afb3b94a1235ef76c9a5d62553e2e232c69f87b6fcb75ffc127e555a4a90dd6c,False,False,False,False,False,False
2024-11-25,2024-11-22,4.58,4.57,1.0,1.0,3,proc_sha256:7241f8c072dc55ac23066892c257c276265947fded504369e3496308ca99c87a,proc_sha256:b6b013c6ceec32e8661d589b67f2cdcd581287e59b9ee046e91c5d214d4dd13e,False,False,False,False,False,False
2024-11-26,2024-11-25,4.58,4.58,0.0,0.0,1,proc_sha256:4bb9009ca81afd51993e739db0944ad565f749a2a4462b2f659a538fe06bd19f,proc_sha256:7241f8c072dc55ac23066892c257c276265947fded504369e3496308ca99c87a,False,False,False,False,False,False
2024-11-27,2024-11-26,4.57,4.58,-1.0,1.0,1,proc_sha256:e5a7ed98985c794a469bfc18a8e87ebfd2c8b7f349513fb10e731b051d61216d,proc_sha256:4bb9009ca81afd51993e739db0944ad565f749a2a4462b2f659a538fe06bd19f,False,False,False,True,False,False
2024-11-29,2024-11-27,4.59,4.57,2.0,2.0,2,proc_sha256:d4e7245592ec52a6ea45eaca6caa6ba9f94fe53e69a56ecca7be14bd118ee91c,proc_sha256:e5a7ed98985c794a469bfc18a8e87ebfd2c8b7f349513fb10e731b051d61216d,True,False,False,True,False,False
2024-12-02,2024-11-29,4.64,4.59,5.0,5.0,3,proc_sha256:29cdd187f058debc03f70de55b3ef4f13beacd46764f5edcf6248847c66263f6,proc_sha256:d4e7245592ec52a6ea45eaca6caa6ba9f94fe53e69a56ecca7be14bd118ee91c,False,False,False,True,False,False
2024-12-03,2024-12-02,4.64,4.64,0.0,0.0,1,proc_sha256:9743f269d91308021f4e7a4cab252d96eb3109bffa92bf5780d2b33272531d30,proc_sha256:29cdd187f058debc03f70de55b3ef4f13beacd46764f5edcf6248847c66263f6,False,False,False,False,False,False
2024-12-04,2024-12-03,4.59,4.64,-5.0,5.0,1,proc_sha256:1f49cf96584bb731d37f50d0f9b6f6eaf902f94a4c014da8028a2b3f87a25f0a,proc_sha256:9743f269d91308021f4e7a4cab252d96eb3109bffa92bf5780d2b33272531d30,False,False,False,False,False,False
2024-12-05,2024-12-04,4.59,4.59,0.0,0.0,1,proc_sha256:8d036b6c4d4f3e3a16ecfcba1bf0e6075251fcf832fc33b7068046c67357a1d5,proc_sha256:1f49cf96584bb731d37f50d0f9b6f6eaf902f94a4c014da8028a2b3f87a25f0a,False,False,False,False,False,False
2024-12-06,2024-12-05,4.6,4.59,1.0,1.0,1,proc_sha256:11b1868550aab8ab8dc08e6886531ffb97858b4e5e78b5d86478526f9ea2e7be,proc_sha256:8d036b6c4d4f3e3a16ecfcba1bf0e6075251fcf832fc33b7068046c67357a1d5,False,False,False,False,False,False
2024-12-09,2024-12-06,4.63,4.6,3.0,3.0,3,proc_sha256:8b02a491e968ff6689e2e262a186bd3810a00859675f5c1e9190c04ed4b1c7a8,proc_sha256:11b1868550aab8ab8dc08e6886531ffb97858b4e5e78b5d86478526f9ea2e7be,False,False,False,False,False,False
2024-12-10,2024-12-09,4.64,4.63,1.0,1.0,1,proc_sha256:a15720ef7395850da326f254cc8802a9624a80839ab51ab1b4e848251108427b,proc_sha256:8b02a491e968ff6689e2e262a186bd3810a00859675f5c1e9190c04ed4b1c7a8,False,False,False,False,False,False
2024-12-11,2024-12-10,4.62,4.64,-2.0,2.0,1,proc_sha256:7b70852a00423728d7738d58a2c24e42602c982ac128092b36a77dbe92bae0dd,proc_sha256:a15720ef7395850da326f254cc8802a9624a80839ab51ab1b4e848251108427b,False,False,False,False,False,False
2024-12-12,2024-12-11,4.62,4.62,0.0,0.0,1,proc_sha256:7e163842805da874b1b647f5c69b670ee086301f29962a8ebd1937a1bf457078,proc_sha256:7b70852a00423728d7738d58a2c24e42602c982ac128092b36a77dbe92bae0dd,False,False,False,False,False,False
2024-12-13,2024-12-12,4.6,4.62,-2.0,2.0,1,proc_sha256:0503a7e1db945c66b1ba4eb7f41c70ae93cbd6ec8e997278d7c9c450a89ab61c,proc_sha256:7e163842805da874b1b647f5c69b670ee086301f29962a8ebd1937a1bf457078,False,False,False,False,False,False
2024-12-16,2024-12-13,4.65,4.6,5.0,5.0,3,proc_sha256:f73bfeec68e4bb5875b6d6fec65b6c7bddbaa98c0d3ec1c37fff5535db3c47c0,proc_sha256:0503a7e1db945c66b1ba4eb7f41c70ae93cbd6ec8e997278d7c9c450a89ab61c,False,False,False,False,False,False
2024-12-17,2024-12-16,4.62,4.65,-3.0,3.0,1,proc_sha256:02e96f1f54446291d3ca3aeb20d0f4ee5787e588d442a9c8a96bb6c5dfff1ebe,proc_sha256:f73bfeec68e4bb5875b6d6fec65b6c7bddbaa98c0d3ec1c37fff5535db3c47c0,False,False,False,False,False,False
2024-12-18,2024-12-17,4.57,4.62,-5.0,5.0,1,proc_sha256:9bcfe0971486a646b0bc953dac5143b0318ab240023c782fd5e100772f86f162,proc_sha256:02e96f1f54446291d3ca3aeb20d0f4ee5787e588d442a9c8a96bb6c5dfff1ebe,False,False,False,False,False,False
2024-12-19,2024-12-18,4.3,4.57,-27.0,27.0,1,proc_sha256:54ac3e05293657982cc7bbb3d841382d4c39dc2b77bfc6585a89a8a3a6b679b5,proc_sha256:9bcfe0971486a646b0bc953dac5143b0318ab240023c782fd5e100772f86f162,False,False,False,False,False,False
2024-12-20,2024-12-19,4.3,4.3,0.0,0.0,1,proc_sha256:0c9ec02ade54b11ba22ee43b368fc24966ddf920f2facd23ec16039c3af74243,proc_sha256:54ac3e05293657982cc7bbb3d841382d4c39dc2b77bfc6585a89a8a3a6b679b5,False,False,False,False,False,False
2024-12-23,2024-12-20,4.31,4.3,1.0,1.0,3,proc_sha256:2c4c23ba9ce12134f03fcefce13d7aec4c9d8af1409cb0812cadc58ad2d2ad50,proc_sha256:0c9ec02ade54b11ba22ee43b368fc24966ddf920f2facd23ec16039c3af74243,False,False,False,False,False,False
2024-12-24,2024-12-23,4.4,4.31,9.0,9.0,1,proc_sha256:2a289cbef66d0d550316384c2dd3b6a594286168c3a381a332b0ef12bc5ada72,proc_sha256:2c4c23ba9ce12134f03fcefce13d7aec4c9d8af1409cb0812cadc58ad2d2ad50,False,False,False,False,False,False
2024-12-26,2024-12-24,4.53,4.4,13.0,13.0,2,proc_sha256:1b0caa4eebd78cbc4e56bc0ae47ec8379c3d6f68d0834938cb1a01de23771575,proc_sha256:2a289cbef66d0d550316384c2dd3b6a594286168c3a381a332b0ef12bc5ada72,False,False,False,False,False,False
2024-12-27,2024-12-26,4.46,4.53,-7.0,7.0,1,proc_sha256:f12be65cfe9013219171517d9b7dfb3dd01cad607d1e9a320542b1accf3901d7,proc_sha256:1b0caa4eebd78cbc4e56bc0ae47ec8379c3d6f68d0834938cb1a01de23771575,False,False,False,False,False,False
2024-12-30,2024-12-27,4.37,4.46,-9.0,9.0,3,proc_sha256:d64d7764467724cbddf78c80b7ec479a86248e1c33ad6e34ad2b048866688f11,proc_sha256:f12be65cfe9013219171517d9b7dfb3dd01cad607d1e9a320542b1accf3901d7,False,False,False,True,True,True
2024-12-31,2024-12-30,4.49,4.37,12.0,12.0,1,proc_sha256:353d31875465bccdea8c6185faac834fee27763df557e56398cb55901ebc3eaa,proc_sha256:d64d7764467724cbddf78c80b7ec479a86248e1c33ad6e34ad2b048866688f11,True,True,True,True,True,True
2025-01-02,2024-12-31,4.4,4.49,-9.0,9.0,2,proc_sha256:7014a4ef2a7a708d0be3e50621d5824aef6eb0f6730bc7b63a3da5425efee2b0,proc_sha256:353d31875465bccdea8c6185faac834fee27763df557e56398cb55901ebc3eaa,False,False,False,True,True,True
2025-01-03,2025-01-02,4.31,4.4,-9.0,9.0,1,proc_sha256:e649d19433484a1f4a46f45cd26ad7e6f86703ca926edea502cba2c99524f378,proc_sha256:7014a4ef2a7a708d0be3e50621d5824aef6eb0f6730bc7b63a3da5425efee2b0,False,False,False,False,False,False
2025-01-06,2025-01-03,4.27,4.31,-4.0,4.0,3,proc_sha256:60eeeff815b80e0b4ad8d4067ae83f8398cec3ee27ccfb4d109c7437ffca2658,proc_sha256:e649d19433484a1f4a46f45cd26ad7e6f86703ca926edea502cba2c99524f378,False,False,False,False,False,False
2025-01-07,2025-01-06,4.27,4.27,0.0,0.0,1,proc_sha256:058723faf4b7e5458b3c601b34273514b11e29bdba4ea3adb4418df52093a149,proc_sha256:60eeeff815b80e0b4ad8d4067ae83f8398cec3ee27ccfb4d109c7437ffca2658,False,False,False,False,False,False
2025-01-08,2025-01-07,4.29,4.27,2.0,2.0,1,proc_sha256:9b6afbb1409b2a893717ad20665d4da5546d978ab830ad856282cf6b4d84272d,proc_sha256:058723faf4b7e5458b3c601b34273514b11e29bdba4ea3adb4418df52093a149,False,False,False,False,False,False
2025-01-09,2025-01-08,4.3,4.29,1.0,1.0,1,proc_sha256:1a2b2c85fb8235b17400a0464ce17cedcce2847a8af6fd2bd8ccd4459ff1d7a9,proc_sha256:9b6afbb1409b2a893717ad20665d4da5546d978ab830ad856282cf6b4d84272d,False,False,False,False,False,False
2025-01-10,2025-01-09,4.3,4.3,0.0,0.0,1,proc_sha256:c575563425b0b927946a315fdf8cdc8be7b83c0c99ee868ebb564295d0fdb08f,proc_sha256:1a2b2c85fb8235b17400a0464ce17cedcce2847a8af6fd2bd8ccd4459ff1d7a9,False,False,False,False,False,False
2025-01-13,2025-01-10,4.29,4.3,-1.0,1.0,3,proc_sha256:0f3ca8131e8a813ca6cfc9be360a869e64f8efab7aa53103585e380762f729fd,proc_sha256:c575563425b0b927946a315fdf8cdc8be7b83c0c99ee868ebb564295d0fdb08f,False,False,False,False,False,False
2025-01-14,2025-01-13,4.28,4.29,-1.0,1.0,1,proc_sha256:13aef6189a0cb02645894566dd2bf7239b37979b0c8b2fa5079c9595a488d02e,proc_sha256:0f3ca8131e8a813ca6cfc9be360a869e64f8efab7aa53103585e380762f729fd,False,False,False,False,False,False
2025-01-15,2025-01-14,4.28,4.28,0.0,0.0,1,proc_sha256:af09a4238dd7b278086a0bf4be5ad8dd449cb22d096bce0077b0e45f88c845cc,proc_sha256:13aef6189a0cb02645894566dd2bf7239b37979b0c8b2fa5079c9595a488d02e,False,False,False,False,False,False
2025-01-16,2025-01-15,4.29,4.28,1.0,1.0,1,proc_sha256:9b3ffa7ef17158e1ebcb20189f18ac56911d24af0ee1719aad0f769efec86a81,proc_sha256:af09a4238dd7b278086a0bf4be5ad8dd449cb22d096bce0077b0e45f88c845cc,False,False,False,False,False,False
2025-01-17,2025-01-16,4.29,4.29,0.0,0.0,1,proc_sha256:1a6d0675866ce248620dd018bcc3beedb99723087e1376fbc8fa4baf4affe4b5,proc_sha256:9b3ffa7ef17158e1ebcb20189f18ac56911d24af0ee1719aad0f769efec86a81,False,False,False,False,False,False
2025-01-21,2025-01-17,4.29,4.29,0.0,0.0,4,proc_sha256:f6a0b405990104602aa167d2a458af01d33dcbd183ee62b40137d7cf42b305d5,proc_sha256:1a6d0675866ce248620dd018bcc3beedb99723087e1376fbc8fa4baf4affe4b5,False,False,False,False,False,False
2025-01-22,2025-01-21,4.3,4.29,1.0,1.0,1,proc_sha256:42fb711f5f4b1ba2aeb8c2d30fce23b2ef587289a3c7f6ae15c6942fa1b679f4,proc_sha256:f6a0b405990104602aa167d2a458af01d33dcbd183ee62b40137d7cf42b305d5,False,False,False,False,False,False
2025-01-23,2025-01-22,4.35,4.3,5.0,5.0,1,proc_sha256:5004b067545dbcabb10102bf63830c25c34fb08c506eb4d0b20a36be68d24a92,proc_sha256:42fb711f5f4b1ba2aeb8c2d30fce23b2ef587289a3c7f6ae15c6942fa1b679f4,False,False,False,False,False,False
2025-01-24,2025-01-23,4.34,4.35,-1.0,1.0,1,proc_sha256:b18d593eaab8c7e90317f582a5023bfa9ec25e1a25fa6671ed728221445ce73f,proc_sha256:5004b067545dbcabb10102bf63830c25c34fb08c506eb4d0b20a36be68d24a92,False,False,False,False,False,False
2025-01-27,2025-01-24,4.34,4.34,0.0,0.0,3,proc_sha256:ba922c977f6923c4fcbcf09103403e68a5895b110e37a9d137ab8bf6a3ca2f0e,proc_sha256:b18d593eaab8c7e90317f582a5023bfa9ec25e1a25fa6671ed728221445ce73f,False,False,False,False,False,False
2025-01-28,2025-01-27,4.35,4.34,1.0,1.0,1,proc_sha256:b4e548792a839a56b4a47cd7988c92a095449106b409af33af8117065ef0e39b,proc_sha256:ba922c977f6923c4fcbcf09103403e68a5895b110e37a9d137ab8bf6a3ca2f0e,False,False,False,False,False,False
2025-01-29,2025-01-28,4.35,4.35,0.0,0.0,1,proc_sha256:412a8d05867fb5ce06b12983f90a3486480dd7a53abcbf61d5d2d15ce7d1c1b8,proc_sha256:b4e548792a839a56b4a47cd7988c92a095449106b409af33af8117065ef0e39b,False,False,False,False,False,False
2025-01-30,2025-01-29,4.36,4.35,1.0,1.0,1,proc_sha256:5798537ce2cee34261fd99bd1ddee48c1a6e506a47de0a00297a1557455cf98f,proc_sha256:412a8d05867fb5ce06b12983f90a3486480dd7a53abcbf61d5d2d15ce7d1c1b8,False,False,False,True,False,False
2025-01-31,2025-01-30,4.38,4.36,2.0,2.0,1,proc_sha256:c36c77e4748e82f2c1374afbdff5908ff62db93220066e7adae523ff8a48c3e0,proc_sha256:5798537ce2cee34261fd99bd1ddee48c1a6e506a47de0a00297a1557455cf98f,True,False,False,True,False,False
2025-02-03,2025-01-31,4.35,4.38,-3.0,3.0,3,proc_sha256:a70d4ccffdba52964b0efdd5fe7bdb43b451a9fd10468fc6e76e5917453ed5c2,proc_sha256:c36c77e4748e82f2c1374afbdff5908ff62db93220066e7adae523ff8a48c3e0,False,False,False,True,False,False
2025-02-04,2025-02-03,4.33,4.35,-2.0,2.0,1,proc_sha256:f105c543058b5b15497ae50d0d54cf69b60c224d54ebd0090a6d208306ee22d4,proc_sha256:a70d4ccffdba52964b0efdd5fe7bdb43b451a9fd10468fc6e76e5917453ed5c2,False,False,False,False,False,False
2025-02-05,2025-02-04,4.33,4.33,0.0,0.0,1,proc_sha256:10585a3d41b52f2739c8db71ce6691572baa78912051252130216136f67f071d,proc_sha256:f105c543058b5b15497ae50d0d54cf69b60c224d54ebd0090a6d208306ee22d4,False,False,False,False,False,False
2025-02-06,2025-02-05,4.36,4.33,3.0,3.0,1,proc_sha256:8e770c871afb20c0a0cb0f586d6e12e479238c6d5b29680b2e0d7912bca45c85,proc_sha256:10585a3d41b52f2739c8db71ce6691572baa78912051252130216136f67f071d,False,False,False,False,False,False
2025-02-07,2025-02-06,4.35,4.36,-1.0,1.0,1,proc_sha256:fce88bf9fbbd449a2faf3b2fad162b8a1bda2aedfa88b467a4813bb723443d63,proc_sha256:8e770c871afb20c0a0cb0f586d6e12e479238c6d5b29680b2e0d7912bca45c85,False,False,False,False,False,False
2025-02-10,2025-02-07,4.35,4.35,0.0,0.0,3,proc_sha256:51d7fb248fb7cc9ff2efd482a366b28fb4001dc0173c4949feea346415e50f21,proc_sha256:fce88bf9fbbd449a2faf3b2fad162b8a1bda2aedfa88b467a4813bb723443d63,False,False,False,False,False,False
2025-02-11,2025-02-10,4.34,4.35,-1.0,1.0,1,proc_sha256:c8a33aa9b1e53858693ec173b0d14815d907c70c60b4a4424b703748fef8a076,proc_sha256:51d7fb248fb7cc9ff2efd482a366b28fb4001dc0173c4949feea346415e50f21,False,False,False,False,False,False
2025-02-12,2025-02-11,4.32,4.34,-2.0,2.0,1,proc_sha256:83191795589edbe47f5511715ce061635ff3aa7f63ac88ca9e2acc2c5048ef10,proc_sha256:c8a33aa9b1e53858693ec173b0d14815d907c70c60b4a4424b703748fef8a076,False,False,False,False,False,False
2025-02-13,2025-02-12,4.33,4.32,1.0,1.0,1,proc_sha256:02dcb89f808fc8b8e7dbb63cbe0104fa1a45e632088eb2aca6a8d159524b25c7,proc_sha256:83191795589edbe47f5511715ce061635ff3aa7f63ac88ca9e2acc2c5048ef10,False,False,False,False,False,False
2025-02-14,2025-02-13,4.33,4.33,0.0,0.0,1,proc_sha256:22ca20a55b6b728f48e13337bf7ae4592c728b35b11b3d6040c419e676d4181f,proc_sha256:02dcb89f808fc8b8e7dbb63cbe0104fa1a45e632088eb2aca6a8d159524b25c7,False,False,False,False,False,False
2025-02-18,2025-02-14,4.37,4.33,4.0,4.0,4,proc_sha256:1826a460319393e94ac53256791d0981a9d08411b5f660fc8293ce5f5b8cb59e,proc_sha256:22ca20a55b6b728f48e13337bf7ae4592c728b35b11b3d6040c419e676d4181f,False,False,False,False,False,False
2025-02-19,2025-02-18,4.35,4.37,-2.0,2.0,1,proc_sha256:d56d31744ac022216d30c5c50b5c7783a44d8082d9d270dc014b0e27b63f46ab,proc_sha256:1826a460319393e94ac53256791d0981a9d08411b5f660fc8293ce5f5b8cb59e,False,False,False,False,False,False
2025-02-20,2025-02-19,4.33,4.35,-2.0,2.0,1,proc_sha256:6ae0e26a67af394698ea6f43cf431c02ca30693a2d3256323bebce9fdd2586bd,proc_sha256:d56d31744ac022216d30c5c50b5c7783a44d8082d9d270dc014b0e27b63f46ab,False,False,False,False,False,False
2025-02-21,2025-02-20,4.34,4.33,1.0,1.0,1,proc_sha256:bac6d269f6ada5f49cbbb226dd6e7b13677fe0943551ab546f406ab888d36841,proc_sha256:6ae0e26a67af394698ea6f43cf431c02ca30693a2d3256323bebce9fdd2586bd,False,False,False,False,False,False
2025-02-24,2025-02-21,4.34,4.34,0.0,0.0,3,proc_sha256:ba7e703ccee3c6e6f8e191d2ffebeb572dcb1cb9c22c9a41340ffd95e963513e,proc_sha256:bac6d269f6ada5f49cbbb226dd6e7b13677fe0943551ab546f406ab888d36841,False,False,False,False,False,False
2025-02-25,2025-02-24,4.33,4.34,-1.0,1.0,1,proc_sha256:f055ddcb13750db9a3c1d14d8403a0ce667c98cfc662b6b1d1b828a31d40bb00,proc_sha256:ba7e703ccee3c6e6f8e191d2ffebeb572dcb1cb9c22c9a41340ffd95e963513e,False,False,False,False,False,False
2025-02-26,2025-02-25,4.33,4.33,0.0,0.0,1,proc_sha256:490592235ee67fd755d1b0342c0ad8a1e54e2fca2510876eda02c5002649586d,proc_sha256:f055ddcb13750db9a3c1d14d8403a0ce667c98cfc662b6b1d1b828a31d40bb00,False,False,False,False,False,False
2025-02-27,2025-02-26,4.36,4.33,3.0,3.0,1,proc_sha256:abcbd6dcbb2626cea94c1d112fd786e4c750d858d58ecb12f20691af2d0e93e4,proc_sha256:490592235ee67fd755d1b0342c0ad8a1e54e2fca2510876eda02c5002649586d,False,False,False,True,False,False
2025-02-28,2025-02-27,4.39,4.36,3.0,3.0,1,proc_sha256:ce755ddea9e459cf484ee9befa5f23eaf10beda12d1cd184427754e06f13735e,proc_sha256:abcbd6dcbb2626cea94c1d112fd786e4c750d858d58ecb12f20691af2d0e93e4,True,False,False,True,False,False
2025-03-03,2025-02-28,4.33,4.39,-6.0,6.0,3,proc_sha256:0e334c5f59558f0ac73a45bc23dda4adaaffab6253ca0cca43eb054efb19cbce,proc_sha256:ce755ddea9e459cf484ee9befa5f23eaf10beda12d1cd184427754e06f13735e,False,False,False,True,False,False
2025-03-04,2025-03-03,4.33,4.33,0.0,0.0,1,proc_sha256:87ff2b3fbe9a79515d689eb9e5160ea26d26e157c83360325f6b4aea117f431f,proc_sha256:0e334c5f59558f0ac73a45bc23dda4adaaffab6253ca0cca43eb054efb19cbce,False,False,False,False,False,False
2025-03-05,2025-03-04,4.34,4.33,1.0,1.0,1,proc_sha256:8a7c18686bdad5f3b6fdf8361d264bf695ce4d38ae24de76b76b1400cca80c34,proc_sha256:87ff2b3fbe9a79515d689eb9e5160ea26d26e157c83360325f6b4aea117f431f,False,False,False,False,False,False
2025-03-06,2025-03-05,4.35,4.34,1.0,1.0,1,proc_sha256:65f6eb605e25f056f8318fb582eeec26485de275332fc1dacdce202db60d73d5,proc_sha256:8a7c18686bdad5f3b6fdf8361d264bf695ce4d38ae24de76b76b1400cca80c34,False,False,False,False,False,False
2025-03-07,2025-03-06,4.34,4.35,-1.0,1.0,1,proc_sha256:683eb8193242f0f4db2f3b020768de4e2124086d6702e9234dea38059a70e4b9,proc_sha256:65f6eb605e25f056f8318fb582eeec26485de275332fc1dacdce202db60d73d5,False,False,False,False,False,False
2025-03-10,2025-03-07,4.33,4.34,-1.0,1.0,3,proc_sha256:5cb48ba0720a4841df787d47ff94591c933262de203af3732c26ce8875de5e03,proc_sha256:683eb8193242f0f4db2f3b020768de4e2124086d6702e9234dea38059a70e4b9,False,False,False,False,False,False
2025-03-11,2025-03-10,4.32,4.33,-1.0,1.0,1,proc_sha256:0d0e10dccfb047febc613cc21c718ae3801fab002289906f78d9c1f482e38b4b,proc_sha256:5cb48ba0720a4841df787d47ff94591c933262de203af3732c26ce8875de5e03,False,False,False,False,False,False
2025-03-12,2025-03-11,4.31,4.32,-1.0,1.0,1,proc_sha256:aa6169eb79c715be9281f79f27ae12e5733da9dac3be68f730435ef9b2589e7c,proc_sha256:0d0e10dccfb047febc613cc21c718ae3801fab002289906f78d9c1f482e38b4b,False,False,False,False,False,False
2025-03-13,2025-03-12,4.3,4.31,-1.0,1.0,1,proc_sha256:858d45306a5bbda9c07eb0772e348c15d8bc04dfa6f1c0e77b07a3769102005e,proc_sha256:aa6169eb79c715be9281f79f27ae12e5733da9dac3be68f730435ef9b2589e7c,False,False,False,False,False,False
2025-03-14,2025-03-13,4.3,4.3,0.0,0.0,1,proc_sha256:fe46f4c4534e34a40ad07957ac5328ad150bfb176046c4c0349c0a102c997036,proc_sha256:858d45306a5bbda9c07eb0772e348c15d8bc04dfa6f1c0e77b07a3769102005e,False,False,False,False,False,False
2025-03-17,2025-03-14,4.32,4.3,2.0,2.0,3,proc_sha256:fef77e25a59a8108ca137642a802016791a855bc6fc8889b1172ccb64ffefc4d,proc_sha256:fe46f4c4534e34a40ad07957ac5328ad150bfb176046c4c0349c0a102c997036,False,False,False,False,False,False
2025-03-18,2025-03-17,4.31,4.32,-1.0,1.0,1,proc_sha256:d2fd70553aaa7023c45f5296b2dc95c73657048effda504c727e19dfa34b22d8,proc_sha256:fef77e25a59a8108ca137642a802016791a855bc6fc8889b1172ccb64ffefc4d,False,False,False,False,False,False
2025-03-19,2025-03-18,4.29,4.31,-2.0,2.0,1,proc_sha256:937faab67eaf7046c21bf3dc4aa3445ce97864e11628581ac97d4dd30ad8ceb2,proc_sha256:d2fd70553aaa7023c45f5296b2dc95c73657048effda504c727e19dfa34b22d8,False,False,False,False,False,False
2025-03-20,2025-03-19,4.29,4.29,0.0,0.0,1,proc_sha256:fe5034c70854f9078fc31f93f93012469a7959edb40b011c94205028e8cd0e96,proc_sha256:937faab67eaf7046c21bf3dc4aa3445ce97864e11628581ac97d4dd30ad8ceb2,False,False,False,False,False,False
2025-03-21,2025-03-20,4.3,4.29,1.0,1.0,1,proc_sha256:26d975759df1da1e6c09adcbe5d66b5db5668b09974f58f228f38c00edaa36fc,proc_sha256:fe5034c70854f9078fc31f93f93012469a7959edb40b011c94205028e8cd0e96,False,False,False,False,False,False
2025-03-24,2025-03-21,4.31,4.3,1.0,1.0,3,proc_sha256:c32ab4d953f45a8054a328017ef2b442db639994a06b67841c03a8545ee231fe,proc_sha256:26d975759df1da1e6c09adcbe5d66b5db5668b09974f58f228f38c00edaa36fc,False,False,False,False,False,False
2025-03-25,2025-03-24,4.33,4.31,2.0,2.0,1,proc_sha256:16f48ef28618521b25990998225bb28f4f74497f946f04fb2db59bd7691af971,proc_sha256:c32ab4d953f45a8054a328017ef2b442db639994a06b67841c03a8545ee231fe,False,False,False,False,False,False
2025-03-26,2025-03-25,4.35,4.33,2.0,2.0,1,proc_sha256:746158d9bd6713104c3e9094498c65282aab54149ab282fa940760f4246578cb,proc_sha256:16f48ef28618521b25990998225bb28f4f74497f946f04fb2db59bd7691af971,False,False,False,False,False,False
2025-03-27,2025-03-26,4.36,4.35,1.0,1.0,1,proc_sha256:a1165763c4b863a0f3882e464ca6c5679682b70cb1fb17e532bcc6f673597691,proc_sha256:746158d9bd6713104c3e9094498c65282aab54149ab282fa940760f4246578cb,False,False,False,False,False,False
2025-03-28,2025-03-27,4.34,4.36,-2.0,2.0,1,proc_sha256:f4090b4550e0f943bfb8dec9e3d63ed8aa6c9715157eefe9a040b25bdf6e768d,proc_sha256:a1165763c4b863a0f3882e464ca6c5679682b70cb1fb17e532bcc6f673597691,False,False,False,True,True,False
2025-03-31,2025-03-28,4.41,4.34,7.0,7.0,3,proc_sha256:7408303705895cf15ba3c8741df19316a243e9f3889a237c43b7d80573d92284,proc_sha256:f4090b4550e0f943bfb8dec9e3d63ed8aa6c9715157eefe9a040b25bdf6e768d,True,True,False,True,True,False
2025-04-01,2025-03-31,4.39,4.41,-2.0,2.0,1,proc_sha256:a4c0f6edaa310bca6e2fc6b2c186bb886359bf0d09088eeb9f29eba5fd87227d,proc_sha256:7408303705895cf15ba3c8741df19316a243e9f3889a237c43b7d80573d92284,False,False,False,True,True,False
2025-04-02,2025-04-01,4.37,4.39,-2.0,2.0,1,proc_sha256:95ef1f12118a1f71659773e547faa98893ecd5e5928abc471a0d4f3ef36dadba,proc_sha256:a4c0f6edaa310bca6e2fc6b2c186bb886359bf0d09088eeb9f29eba5fd87227d,False,False,False,False,False,False
2025-04-03,2025-04-02,4.39,4.37,2.0,2.0,1,proc_sha256:a7a9c3d5b4ab682279cdc3b6963e20b1c57798f9672c8e95632286f7cdaf0dff,proc_sha256:95ef1f12118a1f71659773e547faa98893ecd5e5928abc471a0d4f3ef36dadba,False,False,False,False,False,False
2025-04-04,2025-04-03,4.35,4.39,-4.0,4.0,1,proc_sha256:af6abdcdb681d735bf2f9676b257ceb8f55f67c6f31afec0a8b35daba85cbac3,proc_sha256:a7a9c3d5b4ab682279cdc3b6963e20b1c57798f9672c8e95632286f7cdaf0dff,False,False,False,False,False,False
2025-04-07,2025-04-04,4.33,4.35,-2.0,2.0,3,proc_sha256:297de638b4c1012246b716a765f871951bedab4d65ce819e6662e2f1fe99b430,proc_sha256:af6abdcdb681d735bf2f9676b257ceb8f55f67c6f31afec0a8b35daba85cbac3,False,False,False,False,False,False
2025-04-08,2025-04-07,4.4,4.33,7.0,7.0,1,proc_sha256:dd41825349a508146ec2b92649a5e540c4e0a3a3e5ed14328b21f512e238b974,proc_sha256:297de638b4c1012246b716a765f871951bedab4d65ce819e6662e2f1fe99b430,False,False,False,False,False,False
2025-04-09,2025-04-08,4.42,4.4,2.0,2.0,1,proc_sha256:208c1e67da81bf45e23cb0c0c436e73c20462caa6dcb0d1c08e6a3bf45918294,proc_sha256:dd41825349a508146ec2b92649a5e540c4e0a3a3e5ed14328b21f512e238b974,False,False,False,False,False,False
2025-04-10,2025-04-09,4.37,4.42,-5.0,5.0,1,proc_sha256:8673a093c119b9db89384ac54c382c2dc4fe4cdd0af737018e3d782c7a73cb17,proc_sha256:208c1e67da81bf45e23cb0c0c436e73c20462caa6dcb0d1c08e6a3bf45918294,False,False,False,False,False,False
2025-04-11,2025-04-10,4.33,4.37,-4.0,4.0,1,proc_sha256:67456bb86d82e7b57833f0cdf4f8ff7c2b73b51a867eda9e528e40b42cecc80b,proc_sha256:8673a093c119b9db89384ac54c382c2dc4fe4cdd0af737018e3d782c7a73cb17,False,False,False,False,False,False
2025-04-14,2025-04-11,4.33,4.33,0.0,0.0,3,proc_sha256:6817ec6b6959ff3eae02fe8cd75ef3fc24c6e845491b2c6790fde58fd974d7eb,proc_sha256:67456bb86d82e7b57833f0cdf4f8ff7c2b73b51a867eda9e528e40b42cecc80b,False,False,False,False,False,False
2025-04-15,2025-04-14,4.36,4.33,3.0,3.0,1,proc_sha256:53ebebd84b65e75b4702682035fdbfc67ae23a2d0046cd38914462d97173be6b,proc_sha256:6817ec6b6959ff3eae02fe8cd75ef3fc24c6e845491b2c6790fde58fd974d7eb,False,False,False,False,False,False
2025-04-16,2025-04-15,4.31,4.36,-5.0,5.0,1,proc_sha256:357508572e8a9ca77f9cf6517b9ac9725fdfde7add9535227ceb3c5dd233a23a,proc_sha256:53ebebd84b65e75b4702682035fdbfc67ae23a2d0046cd38914462d97173be6b,False,False,False,False,False,False
2025-04-17,2025-04-16,4.32,4.31,1.0,1.0,1,proc_sha256:51e9e99e49f6aec87008e889ea97c45e55c001f74d82114f46eb915c9fd8acd9,proc_sha256:357508572e8a9ca77f9cf6517b9ac9725fdfde7add9535227ceb3c5dd233a23a,False,False,False,False,False,False
2025-04-21,2025-04-17,4.32,4.32,0.0,0.0,4,proc_sha256:ead10b7f87e57d144cf52ff3601bc6b4e6eccc4b6403c3a79a3e64321b8373b0,proc_sha256:51e9e99e49f6aec87008e889ea97c45e55c001f74d82114f46eb915c9fd8acd9,False,False,False,False,False,False
2025-04-22,2025-04-21,4.3,4.32,-2.0,2.0,1,proc_sha256:d879f84c18c509e5551fc9f67a76b96b7d64ea64d2a916f142336e57f4615b6d,proc_sha256:ead10b7f87e57d144cf52ff3601bc6b4e6eccc4b6403c3a79a3e64321b8373b0,False,False,False,False,False,False
2025-04-23,2025-04-22,4.28,4.3,-2.0,2.0,1,proc_sha256:d1ba4f6f426153acfa1a35e2b1e1444afd07e895b8d1126d1b567f7c5fe1ce8a,proc_sha256:d879f84c18c509e5551fc9f67a76b96b7d64ea64d2a916f142336e57f4615b6d,False,False,False,False,False,False
2025-04-24,2025-04-23,4.29,4.28,1.0,1.0,1,proc_sha256:1d33615e911e35b3df20a6f4e0589c701ce8b355b4ad7f63b6d152930a5fb332,proc_sha256:d1ba4f6f426153acfa1a35e2b1e1444afd07e895b8d1126d1b567f7c5fe1ce8a,False,False,False,False,False,False
2025-04-25,2025-04-24,4.33,4.29,4.0,4.0,1,proc_sha256:fcf0748c58ef9e114d0895672e2b33d1337284861820e448f29b2e38ab4e4ab7,proc_sha256:1d33615e911e35b3df20a6f4e0589c701ce8b355b4ad7f63b6d152930a5fb332,False,False,False,False,False,False
2025-04-28,2025-04-25,4.36,4.33,3.0,3.0,3,proc_sha256:ae3eba335ffbc0ce4dc6a01efd5075c745dc5cd039f089cdfe88450e07268e6b,proc_sha256:fcf0748c58ef9e114d0895672e2b33d1337284861820e448f29b2e38ab4e4ab7,False,False,False,False,False,False
2025-04-29,2025-04-28,4.36,4.36,0.0,0.0,1,proc_sha256:3e5436642921c4e70941eabb041ad802af09b011777f4d24af71f5ac854fab2c,proc_sha256:ae3eba335ffbc0ce4dc6a01efd5075c745dc5cd039f089cdfe88450e07268e6b,False,False,False,True,False,False
2025-04-30,2025-04-29,4.41,4.36,5.0,5.0,1,proc_sha256:948aae7333baacf9fae7f142b5d710729959889541ca190870afecfdaea72db8,proc_sha256:3e5436642921c4e70941eabb041ad802af09b011777f4d24af71f5ac854fab2c,True,False,False,True,False,False
2025-05-01,2025-04-30,4.39,4.41,-2.0,2.0,1,proc_sha256:bdcedebaff2e8ad2683fec842a79222a1f7d3a7fafa4e925b986faf183718cb9,proc_sha256:948aae7333baacf9fae7f142b5d710729959889541ca190870afecfdaea72db8,False,False,False,True,False,False
2025-05-02,2025-05-01,4.36,4.39,-3.0,3.0,1,proc_sha256:37ba46ef420c9dd8f46e754d3f744afa76d48c500564953996b7aa0785dacd45,proc_sha256:bdcedebaff2e8ad2683fec842a79222a1f7d3a7fafa4e925b986faf183718cb9,False,False,False,False,False,False
2025-05-05,2025-05-02,4.33,4.36,-3.0,3.0,3,proc_sha256:a354da396d121128ed3be7b94a7d6c89b7ba6e3a11f2559e1dcc87d06613c14b,proc_sha256:37ba46ef420c9dd8f46e754d3f744afa76d48c500564953996b7aa0785dacd45,False,False,False,False,False,False
2025-05-06,2025-05-05,4.32,4.33,-1.0,1.0,1,proc_sha256:a6d28fa9eb6b4de31210d27d5c943a86545afad783421cd5eae3e0c8d0b44b15,proc_sha256:a354da396d121128ed3be7b94a7d6c89b7ba6e3a11f2559e1dcc87d06613c14b,False,False,False,False,False,False
2025-05-07,2025-05-06,4.3,4.32,-2.0,2.0,1,proc_sha256:844fbf95e44905403b4a85b29a39a6edaf8eaa8f2066c4db96896c1a942cbf87,proc_sha256:a6d28fa9eb6b4de31210d27d5c943a86545afad783421cd5eae3e0c8d0b44b15,False,False,False,False,False,False
2025-05-08,2025-05-07,4.29,4.3,-1.0,1.0,1,proc_sha256:8088801cb818a9bc15327b39abb77b3f40e1fca88a1093f369b6f0a33b4a4410,proc_sha256:844fbf95e44905403b4a85b29a39a6edaf8eaa8f2066c4db96896c1a942cbf87,False,False,False,False,False,False
2025-05-09,2025-05-08,4.28,4.29,-1.0,1.0,1,proc_sha256:2a6cff7cf4e8f88ee5f764aca8cea951e3e31c4928679532b67cb47484fc9f5c,proc_sha256:8088801cb818a9bc15327b39abb77b3f40e1fca88a1093f369b6f0a33b4a4410,False,False,False,False,False,False
2025-05-12,2025-05-09,4.28,4.28,0.0,0.0,3,proc_sha256:ce93a2ac0e566a3a0448fce00136f5d0a3c98d04dcf66ccc35e69cddd0c45aaa,proc_sha256:2a6cff7cf4e8f88ee5f764aca8cea951e3e31c4928679532b67cb47484fc9f5c,False,False,False,False,False,False
2025-05-13,2025-05-12,4.3,4.28,2.0,2.0,1,proc_sha256:c930365917c99d948b5756c4c63f0c72d77f678a83ce9101e9b16b44c35027f6,proc_sha256:ce93a2ac0e566a3a0448fce00136f5d0a3c98d04dcf66ccc35e69cddd0c45aaa,False,False,False,False,False,False
2025-05-14,2025-05-13,4.29,4.3,-1.0,1.0,1,proc_sha256:1594dc1c3df6c4847e06dbcb1480fd4292e458dac5747fb4a4cbdd45fe931b40,proc_sha256:c930365917c99d948b5756c4c63f0c72d77f678a83ce9101e9b16b44c35027f6,False,False,False,False,False,False
2025-05-15,2025-05-14,4.31,4.29,2.0,2.0,1,proc_sha256:9b622cb9b1324c570ad4adaf59c9564b5f33c1ed25ddfdc5138db76bf805b6d6,proc_sha256:1594dc1c3df6c4847e06dbcb1480fd4292e458dac5747fb4a4cbdd45fe931b40,False,False,False,False,False,False
2025-05-16,2025-05-15,4.3,4.31,-1.0,1.0,1,proc_sha256:de4aa6adbaa48bb9a3c9ca691961c794021a326925951cfdd4f18c4f804c4257,proc_sha256:9b622cb9b1324c570ad4adaf59c9564b5f33c1ed25ddfdc5138db76bf805b6d6,False,False,False,False,False,False
2025-05-19,2025-05-16,4.29,4.3,-1.0,1.0,3,proc_sha256:658b7efd39372f81f8969220e1c1ba0496cbef32dfb0607eb4d7c9ae801578b5,proc_sha256:de4aa6adbaa48bb9a3c9ca691961c794021a326925951cfdd4f18c4f804c4257,False,False,False,False,False,False
2025-05-20,2025-05-19,4.27,4.29,-2.0,2.0,1,proc_sha256:5bce950564100ce97007437ba13b7db92e9f173920ed4edb6887a8797cfa2d9d,proc_sha256:658b7efd39372f81f8969220e1c1ba0496cbef32dfb0607eb4d7c9ae801578b5,False,False,False,False,False,False
2025-05-21,2025-05-20,4.26,4.27,-1.0,1.0,1,proc_sha256:769c8cfc319e7613723bebdb4f5ce39ae56afe4e5223c212b36e10276b240d40,proc_sha256:5bce950564100ce97007437ba13b7db92e9f173920ed4edb6887a8797cfa2d9d,False,False,False,False,False,False
2025-05-22,2025-05-21,4.26,4.26,0.0,0.0,1,proc_sha256:52dcd7bd727b1ea52c24d1f7946b803c6d023eaad10e3acd116c3f459f5b9c8c,proc_sha256:769c8cfc319e7613723bebdb4f5ce39ae56afe4e5223c212b36e10276b240d40,False,False,False,False,False,False
2025-05-23,2025-05-22,4.26,4.26,0.0,0.0,1,proc_sha256:0a0d3e3e91f030f58c1a881aa3e89d2d35dd171915bddbc5e56b7ad30896e0b3,proc_sha256:52dcd7bd727b1ea52c24d1f7946b803c6d023eaad10e3acd116c3f459f5b9c8c,False,False,False,False,False,False
2025-05-27,2025-05-23,4.31,4.26,5.0,5.0,4,proc_sha256:f6a0dd1c8892f5c1d9b44c0574d764c5974e4740a791b63df8d008075b74cc20,proc_sha256:0a0d3e3e91f030f58c1a881aa3e89d2d35dd171915bddbc5e56b7ad30896e0b3,False,False,False,False,False,False
2025-05-28,2025-05-27,4.33,4.31,2.0,2.0,1,proc_sha256:8d4b0f1dd6aa53e04324e0cfe3930f927ff3bfbae98153859d4f6cc8bd23e456,proc_sha256:f6a0dd1c8892f5c1d9b44c0574d764c5974e4740a791b63df8d008075b74cc20,False,False,False,False,False,False
2025-05-29,2025-05-28,4.33,4.33,0.0,0.0,1,proc_sha256:2fc982df243309fdfce3681f36facbd9bdcb128f0472cfa8e7b35f17da22da8a,proc_sha256:8d4b0f1dd6aa53e04324e0cfe3930f927ff3bfbae98153859d4f6cc8bd23e456,False,False,False,True,False,False
2025-05-30,2025-05-29,4.35,4.33,2.0,2.0,1,proc_sha256:cb20ab5e1ff06e090059d52d1d3109fafbf60dd05bb915327c45adcee14682b2,proc_sha256:2fc982df243309fdfce3681f36facbd9bdcb128f0472cfa8e7b35f17da22da8a,True,False,False,True,False,False
2025-06-02,2025-05-30,4.35,4.35,0.0,0.0,3,proc_sha256:d5c7a32b07cfa11254ee7137736ccf461859417c8c4db97a1ca727d54f7a9e02,proc_sha256:cb20ab5e1ff06e090059d52d1d3109fafbf60dd05bb915327c45adcee14682b2,False,False,False,True,False,False
2025-06-03,2025-06-02,4.32,4.35,-3.0,3.0,1,proc_sha256:f2e39d56a84a1945151d659c77b0510e6e671474fb7d07eb0a83390eebfab677,proc_sha256:d5c7a32b07cfa11254ee7137736ccf461859417c8c4db97a1ca727d54f7a9e02,False,False,False,False,False,False
2025-06-04,2025-06-03,4.28,4.32,-4.0,4.0,1,proc_sha256:be7b29d9b152462f98b45eb3960be947cb29f76733518a86126c0b680e4f0345,proc_sha256:f2e39d56a84a1945151d659c77b0510e6e671474fb7d07eb0a83390eebfab677,False,False,False,False,False,False
2025-06-05,2025-06-04,4.29,4.28,1.0,1.0,1,proc_sha256:703fb0365e8b26ecaaa2ced7d97b842ca56fabc6950b02c0889800f7d23d542b,proc_sha256:be7b29d9b152462f98b45eb3960be947cb29f76733518a86126c0b680e4f0345,False,False,False,False,False,False
2025-06-06,2025-06-05,4.29,4.29,0.0,0.0,1,proc_sha256:838368ff7e7b11cda02f862d93a7c021e69f3c685bd411e832d3addf123ca06f,proc_sha256:703fb0365e8b26ecaaa2ced7d97b842ca56fabc6950b02c0889800f7d23d542b,False,False,False,False,False,False
2025-06-09,2025-06-06,4.29,4.29,0.0,0.0,3,proc_sha256:706daec7b2f8e19c724333ee8d1cfaacb1cc054181c373cf75304e429dbfdfea,proc_sha256:838368ff7e7b11cda02f862d93a7c021e69f3c685bd411e832d3addf123ca06f,False,False,False,False,False,False
2025-06-10,2025-06-09,4.28,4.29,-1.0,1.0,1,proc_sha256:2abc75253debed8395069c707dc8aac1833ebb6007e1d521dd77c61285e7d0b0,proc_sha256:706daec7b2f8e19c724333ee8d1cfaacb1cc054181c373cf75304e429dbfdfea,False,False,False,False,False,False
2025-06-11,2025-06-10,4.28,4.28,0.0,0.0,1,proc_sha256:2086fea7eb9abe3a90644aa0cd4ce6f48f6963f54b4074c347ae0b4f579d76b2,proc_sha256:2abc75253debed8395069c707dc8aac1833ebb6007e1d521dd77c61285e7d0b0,False,False,False,False,False,False
2025-06-12,2025-06-11,4.28,4.28,0.0,0.0,1,proc_sha256:0e800a8d159fd616a1a619f1e35ca8cc645af559d657f8604b8fcb18bea99589,proc_sha256:2086fea7eb9abe3a90644aa0cd4ce6f48f6963f54b4074c347ae0b4f579d76b2,False,False,False,False,False,False
2025-06-13,2025-06-12,4.28,4.28,0.0,0.0,1,proc_sha256:1c985ae3a18e4f631961bc56956dee9ab1387336f6bead43b6230a3c5d81e203,proc_sha256:0e800a8d159fd616a1a619f1e35ca8cc645af559d657f8604b8fcb18bea99589,False,False,False,False,False,False
2025-06-16,2025-06-13,4.32,4.28,4.0,4.0,3,proc_sha256:2bbb088f00b3795f03a88286bb8342b8d4b7e5ec5ce579b8c0c62746971e11af,proc_sha256:1c985ae3a18e4f631961bc56956dee9ab1387336f6bead43b6230a3c5d81e203,False,False,False,False,False,False
2025-06-17,2025-06-16,4.31,4.32,-1.0,1.0,1,proc_sha256:769168fbe58b81a3c139a51ce7cc8c3bd0d151bb1df65c2796140a2963befdb8,proc_sha256:2bbb088f00b3795f03a88286bb8342b8d4b7e5ec5ce579b8c0c62746971e11af,False,False,False,False,False,False
2025-06-18,2025-06-17,4.28,4.31,-3.0,3.0,1,proc_sha256:2dffda947272a309133ca5d3e1e8b7f940f1b8bd9293463db45374418df8cea3,proc_sha256:769168fbe58b81a3c139a51ce7cc8c3bd0d151bb1df65c2796140a2963befdb8,False,False,False,False,False,False
2025-06-20,2025-06-18,4.29,4.28,1.0,1.0,2,proc_sha256:9aaf2dfa2a932072f7777ef2cd54b3da747902d05c4e4482a5e104be2d7902e5,proc_sha256:2dffda947272a309133ca5d3e1e8b7f940f1b8bd9293463db45374418df8cea3,False,False,False,False,False,False
2025-06-23,2025-06-20,4.29,4.29,0.0,0.0,3,proc_sha256:4ae5e47f1f7e577ecad4174714a41c348e31d8a87e58fcd97f1932836089de7a,proc_sha256:9aaf2dfa2a932072f7777ef2cd54b3da747902d05c4e4482a5e104be2d7902e5,False,False,False,False,False,False
2025-06-24,2025-06-23,4.3,4.29,1.0,1.0,1,proc_sha256:a9b7ee3165c7b617bd885d70d0fc5945ccfdcb652c9c18f28291486aa7257897,proc_sha256:4ae5e47f1f7e577ecad4174714a41c348e31d8a87e58fcd97f1932836089de7a,False,False,False,False,False,False
2025-06-25,2025-06-24,4.36,4.3,6.0,6.0,1,proc_sha256:481a9e59ea194c8ef3bc568189795d1c75492432c1f4912b9e81b3c4f4f55517,proc_sha256:a9b7ee3165c7b617bd885d70d0fc5945ccfdcb652c9c18f28291486aa7257897,False,False,False,False,False,False
2025-06-26,2025-06-25,4.4,4.36,4.0,4.0,1,proc_sha256:cff670efb413c25e5b357dc028a08e065fba624e52f84e606e799ec96ff3cae5,proc_sha256:481a9e59ea194c8ef3bc568189795d1c75492432c1f4912b9e81b3c4f4f55517,False,False,False,False,False,False
2025-06-27,2025-06-26,4.39,4.4,-1.0,1.0,1,proc_sha256:be005894e1a5945d487d6fc24bbaf41512e20188bf86cf97a03933578dcefd01,proc_sha256:cff670efb413c25e5b357dc028a08e065fba624e52f84e606e799ec96ff3cae5,False,False,False,True,True,False
2025-06-30,2025-06-27,4.45,4.39,6.0,6.0,3,proc_sha256:7283ac9f03d576248dd4bf0cddf81d613122e0dfdfc3f85a54f2697a93408965,proc_sha256:be005894e1a5945d487d6fc24bbaf41512e20188bf86cf97a03933578dcefd01,True,True,False,True,True,False
2025-07-01,2025-06-30,4.44,4.45,-1.0,1.0,1,proc_sha256:74ed8ee980f2d9b1dbade9d1a58a72ec64e3aa3b6960c267ccecb2bd6cbd3e01,proc_sha256:7283ac9f03d576248dd4bf0cddf81d613122e0dfdfc3f85a54f2697a93408965,False,False,False,True,True,False
2025-07-02,2025-07-01,4.4,4.44,-4.0,4.0,1,proc_sha256:cb3da0d779e63527316afa2e0a16821fae39129697fff274341df025cc5e4106,proc_sha256:74ed8ee980f2d9b1dbade9d1a58a72ec64e3aa3b6960c267ccecb2bd6cbd3e01,False,False,False,False,False,False
2025-07-03,2025-07-02,4.35,4.4,-5.0,5.0,1,proc_sha256:c52deedd6878bd550c33c7fc43f6b0d2345b0f76f6d23e4cf3cc3f577f92a405,proc_sha256:cb3da0d779e63527316afa2e0a16821fae39129697fff274341df025cc5e4106,False,False,False,False,False,False
2025-07-07,2025-07-03,4.33,4.35,-2.0,2.0,4,proc_sha256:decce2eb29d11deed6355850dc2171b051fcebc349d1bfa6e78e3930a18f5255,proc_sha256:c52deedd6878bd550c33c7fc43f6b0d2345b0f76f6d23e4cf3cc3f577f92a405,False,False,False,False,False,False
2025-07-08,2025-07-07,4.34,4.33,1.0,1.0,1,proc_sha256:af8c675e6a7b86ec7a6be9707d2dd117dca0b6817151a54a2288f71f11faceaf,proc_sha256:decce2eb29d11deed6355850dc2171b051fcebc349d1bfa6e78e3930a18f5255,False,False,False,False,False,False
2025-07-09,2025-07-08,4.32,4.34,-2.0,2.0,1,proc_sha256:c4498e3a3aa9c9535eff75a6b70d42b44fdbd519fc675421c86287025af6cbab,proc_sha256:af8c675e6a7b86ec7a6be9707d2dd117dca0b6817151a54a2288f71f11faceaf,False,False,False,False,False,False
2025-07-10,2025-07-09,4.31,4.32,-1.0,1.0,1,proc_sha256:4d725d3b793ce587f9a34207629967def3dca449689a6f1376f8ba6ed23d6e31,proc_sha256:c4498e3a3aa9c9535eff75a6b70d42b44fdbd519fc675421c86287025af6cbab,False,False,False,False,False,False
2025-07-11,2025-07-10,4.31,4.31,0.0,0.0,1,proc_sha256:deb81f1a8b4d627f5883e67d9123e54d4e8172c680fda12f967062a3a678e582,proc_sha256:4d725d3b793ce587f9a34207629967def3dca449689a6f1376f8ba6ed23d6e31,False,False,False,False,False,False
2025-07-14,2025-07-11,4.33,4.31,2.0,2.0,3,proc_sha256:88745f5461938bef5d9274baf18d7eb18a76a50758186d1295eb59ba9dd1e741,proc_sha256:deb81f1a8b4d627f5883e67d9123e54d4e8172c680fda12f967062a3a678e582,False,False,False,False,False,False
2025-07-15,2025-07-14,4.37,4.33,4.0,4.0,1,proc_sha256:534ade13e92744f2424d2b370911251c5c7fd1dc61533cec9f9cc192aca1d1ad,proc_sha256:88745f5461938bef5d9274baf18d7eb18a76a50758186d1295eb59ba9dd1e741,False,False,False,False,False,False
2025-07-16,2025-07-15,4.34,4.37,-3.0,3.0,1,proc_sha256:829f224f0d7a7e6e799831b97f42481dfe16141869d6963fee96b7f2be98c278,proc_sha256:534ade13e92744f2424d2b370911251c5c7fd1dc61533cec9f9cc192aca1d1ad,False,False,False,False,False,False
2025-07-17,2025-07-16,4.34,4.34,0.0,0.0,1,proc_sha256:01766bf85c13f7f7fc112c1383288e11ba08b0c8890e06906d9bf2e2d4d0ffef,proc_sha256:829f224f0d7a7e6e799831b97f42481dfe16141869d6963fee96b7f2be98c278,False,False,False,False,False,False
2025-07-18,2025-07-17,4.3,4.34,-4.0,4.0,1,proc_sha256:03194fefca7e7033032d473c0c86c985eca70a0f51a4b71d0c32afd566616aa0,proc_sha256:01766bf85c13f7f7fc112c1383288e11ba08b0c8890e06906d9bf2e2d4d0ffef,False,False,False,False,False,False
2025-07-21,2025-07-18,4.28,4.3,-2.0,2.0,3,proc_sha256:585933e2b5154ef9a57ab574287a5bafeb36a486d2121d22a4c070f887496de6,proc_sha256:03194fefca7e7033032d473c0c86c985eca70a0f51a4b71d0c32afd566616aa0,False,False,False,False,False,False
2025-07-22,2025-07-21,4.28,4.28,0.0,0.0,1,proc_sha256:84ae57c18db712434a1273dad4774b744d8ce52f4ff94159f19ecef5d3f3aa1a,proc_sha256:585933e2b5154ef9a57ab574287a5bafeb36a486d2121d22a4c070f887496de6,False,False,False,False,False,False
2025-07-23,2025-07-22,4.28,4.28,0.0,0.0,1,proc_sha256:aa8f46d29b3a2759d077667ab64126b47bd5dcaea287f1397ee71247c4d28fec,proc_sha256:84ae57c18db712434a1273dad4774b744d8ce52f4ff94159f19ecef5d3f3aa1a,False,False,False,False,False,False
2025-07-24,2025-07-23,4.3,4.28,2.0,2.0,1,proc_sha256:774fbb6d8f25145d53c2311eeb8adbc6927300d0a7993fe6aab945091c0da99f,proc_sha256:aa8f46d29b3a2759d077667ab64126b47bd5dcaea287f1397ee71247c4d28fec,False,False,False,False,False,False
2025-07-25,2025-07-24,4.36,4.3,6.0,6.0,1,proc_sha256:679260c3ad498c9492e3d5a3fe0d643a1b2c4008f91cebf5bb6d05d5e1deb978,proc_sha256:774fbb6d8f25145d53c2311eeb8adbc6927300d0a7993fe6aab945091c0da99f,False,False,False,False,False,False
2025-07-28,2025-07-25,4.36,4.36,0.0,0.0,3,proc_sha256:c076fd58fb7376f656c8047cd6314a7d561d14048e17b26646e58780e4a19e72,proc_sha256:679260c3ad498c9492e3d5a3fe0d643a1b2c4008f91cebf5bb6d05d5e1deb978,False,False,False,False,False,False
2025-07-29,2025-07-28,4.36,4.36,0.0,0.0,1,proc_sha256:d9b89218485661a65f20f2971fe57b9657cd874568c08e39b81b7cf7988be595,proc_sha256:c076fd58fb7376f656c8047cd6314a7d561d14048e17b26646e58780e4a19e72,False,False,False,False,False,False
2025-07-30,2025-07-29,4.32,4.36,-4.0,4.0,1,proc_sha256:a31c82c6b637d5c808718c2482dc4171fe9bf919437dba6f5d95f63dc126a880,proc_sha256:d9b89218485661a65f20f2971fe57b9657cd874568c08e39b81b7cf7988be595,False,False,False,True,False,False
2025-07-31,2025-07-30,4.39,4.32,7.0,7.0,1,proc_sha256:261d3687568e590d8d116590b27741da5ee47fbd2549bdd5561aa0885336d6b8,proc_sha256:a31c82c6b637d5c808718c2482dc4171fe9bf919437dba6f5d95f63dc126a880,True,False,False,True,False,False
2025-08-01,2025-07-31,4.34,4.39,-5.0,5.0,1,proc_sha256:80e56a3da42f53b715a7505f4dca50ac3189136c499bed195cdb0c26a7a26c6c,proc_sha256:261d3687568e590d8d116590b27741da5ee47fbd2549bdd5561aa0885336d6b8,False,False,False,True,False,False
2025-08-04,2025-08-01,4.33,4.34,-1.0,1.0,3,proc_sha256:4cd2086ae374ba8bc73e55f3f894bc0669ad64bf592d2a6226179ebd3bb325dd,proc_sha256:80e56a3da42f53b715a7505f4dca50ac3189136c499bed195cdb0c26a7a26c6c,False,False,False,False,False,False
2025-08-05,2025-08-04,4.34,4.33,1.0,1.0,1,proc_sha256:4c0e692c26ecc55d16cdf7c8f87cece503902d7bc70905e5c070115943a061b4,proc_sha256:4cd2086ae374ba8bc73e55f3f894bc0669ad64bf592d2a6226179ebd3bb325dd,False,False,False,False,False,False
2025-08-06,2025-08-05,4.34,4.34,0.0,0.0,1,proc_sha256:5cf7d4674470ed96f0c29cba0911828da55c625aebaf71c89f0482c9f163e973,proc_sha256:4c0e692c26ecc55d16cdf7c8f87cece503902d7bc70905e5c070115943a061b4,False,False,False,False,False,False
2025-08-07,2025-08-06,4.35,4.34,1.0,1.0,1,proc_sha256:6c88d167da591f7529b53c86e944bb5c347763c8a9b52a386f592715e846fa44,proc_sha256:5cf7d4674470ed96f0c29cba0911828da55c625aebaf71c89f0482c9f163e973,False,False,False,False,False,False
2025-08-08,2025-08-07,4.35,4.35,0.0,0.0,1,proc_sha256:e6a8a79c454c1f6cbdd140e80592ebc89e054ce25cd740440f7ff74c5c712f3b,proc_sha256:6c88d167da591f7529b53c86e944bb5c347763c8a9b52a386f592715e846fa44,False,False,False,False,False,False
2025-08-11,2025-08-08,4.34,4.35,-1.0,1.0,3,proc_sha256:6672271e4c0ef56f8ad5e03a09ccd13d832bcc247fcb0e4464ea54e531d05372,proc_sha256:e6a8a79c454c1f6cbdd140e80592ebc89e054ce25cd740440f7ff74c5c712f3b,False,False,False,False,False,False
2025-08-12,2025-08-11,4.36,4.34,2.0,2.0,1,proc_sha256:c70ec3dd721d0ebbc497e235ede304119645d876eacbcacdbb3fa60d3f7184e8,proc_sha256:6672271e4c0ef56f8ad5e03a09ccd13d832bcc247fcb0e4464ea54e531d05372,False,False,False,False,False,False
2025-08-13,2025-08-12,4.33,4.36,-3.0,3.0,1,proc_sha256:4a53fdec663af7ccbf73af38f11c75c796b47df41ec7d6a0447e440f24916f97,proc_sha256:c70ec3dd721d0ebbc497e235ede304119645d876eacbcacdbb3fa60d3f7184e8,False,False,False,False,False,False
2025-08-14,2025-08-13,4.34,4.33,1.0,1.0,1,proc_sha256:444f34154b4ef252fce63bc65dcf2daccbd45b1d45bebdbb2eed0d302bda8e54,proc_sha256:4a53fdec663af7ccbf73af38f11c75c796b47df41ec7d6a0447e440f24916f97,False,False,False,False,False,False
2025-08-15,2025-08-14,4.36,4.34,2.0,2.0,1,proc_sha256:138c3e5c559df90a35043e72d4c1daa8851e11edd95912e5b59fb882cd9fb8d7,proc_sha256:444f34154b4ef252fce63bc65dcf2daccbd45b1d45bebdbb2eed0d302bda8e54,False,False,False,False,False,False
2025-08-18,2025-08-15,4.34,4.36,-2.0,2.0,3,proc_sha256:264610d4510f290c1dac6d1e173f3c23e44cb9a4428e370e3e5aad14fdf22a9e,proc_sha256:138c3e5c559df90a35043e72d4c1daa8851e11edd95912e5b59fb882cd9fb8d7,False,False,False,False,False,False
2025-08-19,2025-08-18,4.33,4.34,-1.0,1.0,1,proc_sha256:04c4f31b2a5a4a7a46233ded5fc31e93c92f58e66215c76ece991929a40d728a,proc_sha256:264610d4510f290c1dac6d1e173f3c23e44cb9a4428e370e3e5aad14fdf22a9e,False,False,False,False,False,False
2025-08-20,2025-08-19,4.31,4.33,-2.0,2.0,1,proc_sha256:59587531549e21b11dbbd453709836d99c8ffc72e62a6e57ab107f2fa5438ded,proc_sha256:04c4f31b2a5a4a7a46233ded5fc31e93c92f58e66215c76ece991929a40d728a,False,False,False,False,False,False
2025-08-21,2025-08-20,4.32,4.31,1.0,1.0,1,proc_sha256:6001bb291c9bd636b23b97d61e2bcb8798231696ebe9815749c12d5cf0f563a4,proc_sha256:59587531549e21b11dbbd453709836d99c8ffc72e62a6e57ab107f2fa5438ded,False,False,False,False,False,False
2025-08-22,2025-08-21,4.36,4.32,4.0,4.0,1,proc_sha256:9aed63209c845304002fc5fd045b86b13bd38b7e6c8f8def1c08189529712ef3,proc_sha256:6001bb291c9bd636b23b97d61e2bcb8798231696ebe9815749c12d5cf0f563a4,False,False,False,False,False,False
2025-08-25,2025-08-22,4.37,4.36,1.0,1.0,3,proc_sha256:3dd039e38b77f265fe18e30ad70c99267a4efcb76f27e59f91dd58b2cd0641cc,proc_sha256:9aed63209c845304002fc5fd045b86b13bd38b7e6c8f8def1c08189529712ef3,False,False,False,False,False,False
2025-08-26,2025-08-25,4.38,4.37,1.0,1.0,1,proc_sha256:4cb2bb86faab4fc9c3d6f54f88082159d2ab3efb9831cb122ccb97935c351216,proc_sha256:3dd039e38b77f265fe18e30ad70c99267a4efcb76f27e59f91dd58b2cd0641cc,False,False,False,False,False,False
2025-08-27,2025-08-26,4.36,4.38,-2.0,2.0,1,proc_sha256:f5e283f0f3fe72ab3dc4520c2d79c4dff6eb0d1bc809c673b65a37e9ac455274,proc_sha256:4cb2bb86faab4fc9c3d6f54f88082159d2ab3efb9831cb122ccb97935c351216,False,False,False,False,False,False
2025-08-28,2025-08-27,4.34,4.36,-2.0,2.0,1,proc_sha256:1abe1794b75bd6454b341a479bd922b8858ed1f585083af5974589b041b5a38a,proc_sha256:f5e283f0f3fe72ab3dc4520c2d79c4dff6eb0d1bc809c673b65a37e9ac455274,False,False,False,True,False,False
2025-08-29,2025-08-28,4.34,4.34,0.0,0.0,1,proc_sha256:5fdc246c9cd36dec17ccb470d4783d906c74137331faeaf2ef56a90b10fb9f3c,proc_sha256:1abe1794b75bd6454b341a479bd922b8858ed1f585083af5974589b041b5a38a,True,False,False,True,False,False
2025-09-02,2025-08-29,4.39,4.34,5.0,5.0,4,proc_sha256:e020c03bba42a40f348af9d5c6c6f8ed14290cb7782c3e07cacdad7ac19c10ee,proc_sha256:5fdc246c9cd36dec17ccb470d4783d906c74137331faeaf2ef56a90b10fb9f3c,False,False,False,True,False,False
2025-09-03,2025-09-02,4.39,4.39,0.0,0.0,1,proc_sha256:25fb7cb92cde03d270ecd13847d5ab7bf269cf1413681716c389e167fb349ada,proc_sha256:e020c03bba42a40f348af9d5c6c6f8ed14290cb7782c3e07cacdad7ac19c10ee,False,False,False,False,False,False
2025-09-04,2025-09-03,4.41,4.39,2.0,2.0,1,proc_sha256:4df8bab0ace7cedb3bf9504367a54c4a1474e5bcd2768b741ed040e415c1a749,proc_sha256:25fb7cb92cde03d270ecd13847d5ab7bf269cf1413681716c389e167fb349ada,False,False,False,False,False,False
2025-09-05,2025-09-04,4.42,4.41,1.0,1.0,1,proc_sha256:84db6dab2027bd3e17d6b6db7d86dcfe24087d20065fdb722da65171b63dd14b,proc_sha256:4df8bab0ace7cedb3bf9504367a54c4a1474e5bcd2768b741ed040e415c1a749,False,False,False,False,False,False
2025-09-08,2025-09-05,4.4,4.42,-2.0,2.0,3,proc_sha256:a809687bae69b94b1aecf3d5810a6bb153616e1aa7ec120eff58022fc3709e16,proc_sha256:84db6dab2027bd3e17d6b6db7d86dcfe24087d20065fdb722da65171b63dd14b,False,False,False,False,False,False
2025-09-09,2025-09-08,4.4,4.4,0.0,0.0,1,proc_sha256:bcc6d33771045536d44bd497f255f344b9aa1b2db6899cfb55333dddf9f73ea2,proc_sha256:a809687bae69b94b1aecf3d5810a6bb153616e1aa7ec120eff58022fc3709e16,False,False,False,False,False,False
2025-09-10,2025-09-09,4.39,4.4,-1.0,1.0,1,proc_sha256:f5182b2c13a82bd3effdc62bf7eacf3cfc7f423aedd6b326bd2b9e71dda9f1a8,proc_sha256:bcc6d33771045536d44bd497f255f344b9aa1b2db6899cfb55333dddf9f73ea2,False,False,False,False,False,False
2025-09-11,2025-09-10,4.41,4.39,2.0,2.0,1,proc_sha256:b44e5e8a7493ab70b24ec3fa5b632c9ce088e4cc736609a0ae14c1b6e35bd653,proc_sha256:f5182b2c13a82bd3effdc62bf7eacf3cfc7f423aedd6b326bd2b9e71dda9f1a8,False,False,False,False,False,False
2025-09-12,2025-09-11,4.42,4.41,1.0,1.0,1,proc_sha256:95db7d357d1a64e87bcf0c9ebed1a5a164cebf665f5697bedb865b4b1323de10,proc_sha256:b44e5e8a7493ab70b24ec3fa5b632c9ce088e4cc736609a0ae14c1b6e35bd653,False,False,False,False,False,False
2025-09-15,2025-09-12,4.51,4.42,9.0,9.0,3,proc_sha256:28382f1c1d6a548366623d3ec35fb8a901ca05d802fc3d5af53d420e491f064b,proc_sha256:95db7d357d1a64e87bcf0c9ebed1a5a164cebf665f5697bedb865b4b1323de10,False,False,False,False,False,False
2025-09-16,2025-09-15,4.39,4.51,-12.0,12.0,1,proc_sha256:d2d02e752de930218c9c653e43fb8441d0203e400309945b0a865b45d8ee7d8a,proc_sha256:28382f1c1d6a548366623d3ec35fb8a901ca05d802fc3d5af53d420e491f064b,False,False,False,False,False,False
2025-09-17,2025-09-16,4.38,4.39,-1.0,1.0,1,proc_sha256:d9f682fdfef4b63901675ee4e2b19d122e9da888e08e32cd28e7ea4370b0d9c4,proc_sha256:d2d02e752de930218c9c653e43fb8441d0203e400309945b0a865b45d8ee7d8a,False,False,False,False,False,False
2025-09-18,2025-09-17,4.14,4.38,-24.0,24.0,1,proc_sha256:22d41dba2eb9c467658a9385745c8a03bd9ca90505f4d8bb7436717a39baf0eb,proc_sha256:d9f682fdfef4b63901675ee4e2b19d122e9da888e08e32cd28e7ea4370b0d9c4,False,False,False,False,False,False
2025-09-19,2025-09-18,4.14,4.14,0.0,0.0,1,proc_sha256:d9dccffabb06954533d9a3941f3ef9594b8aa2478491553ec5d448db99bc0374,proc_sha256:22d41dba2eb9c467658a9385745c8a03bd9ca90505f4d8bb7436717a39baf0eb,False,False,False,False,False,False
2025-09-22,2025-09-19,4.14,4.14,0.0,0.0,3,proc_sha256:bbe6500b9613fcce46eb267e8a201827dc91931e18faf9651f0d8fcd5b1cfa8b,proc_sha256:d9dccffabb06954533d9a3941f3ef9594b8aa2478491553ec5d448db99bc0374,False,False,False,False,False,False
2025-09-23,2025-09-22,4.12,4.14,-2.0,2.0,1,proc_sha256:381ecd8a867de849d469dcbd3905bd6e2bdd83e8acaa734fe89eae317ba4a88d,proc_sha256:bbe6500b9613fcce46eb267e8a201827dc91931e18faf9651f0d8fcd5b1cfa8b,False,False,False,False,False,False
2025-09-24,2025-09-23,4.13,4.12,1.0,1.0,1,proc_sha256:5a8df218fd6dee24c95bb87ce9db8fc05563c4eba42f8caddb9b5122eb3fbdd7,proc_sha256:381ecd8a867de849d469dcbd3905bd6e2bdd83e8acaa734fe89eae317ba4a88d,False,False,False,False,False,False
2025-09-25,2025-09-24,4.18,4.13,5.0,5.0,1,proc_sha256:7d60a006a9b3506e413883afa37c4bd9d9ecce4c56dfb856d979e1f61df7016a,proc_sha256:5a8df218fd6dee24c95bb87ce9db8fc05563c4eba42f8caddb9b5122eb3fbdd7,False,False,False,False,False,False
2025-09-26,2025-09-25,4.16,4.18,-2.0,2.0,1,proc_sha256:65aa580269f68199710ccb089610e433359107c9bf2e27584452f3199f1b4420,proc_sha256:7d60a006a9b3506e413883afa37c4bd9d9ecce4c56dfb856d979e1f61df7016a,False,False,False,False,False,False
2025-09-29,2025-09-26,4.13,4.16,-3.0,3.0,3,proc_sha256:8e27f923ac8bbd11b78e5f124968b43e572bf7e2c40f320ff94b79c8b0e16216,proc_sha256:65aa580269f68199710ccb089610e433359107c9bf2e27584452f3199f1b4420,False,False,False,True,True,False
2025-09-30,2025-09-29,4.24,4.13,11.0,11.0,1,proc_sha256:c54032b3b40c8e9bf3b00ee7ebd07e4428c2a50ca16ae45b28c1740d9824f954,proc_sha256:8e27f923ac8bbd11b78e5f124968b43e572bf7e2c40f320ff94b79c8b0e16216,True,True,False,True,True,False
2025-10-01,2025-09-30,4.2,4.24,-4.0,4.0,1,proc_sha256:8145f6169c06fb7438c32292e27002bcd9e56e96f3403f2cc7c9bf0dfdf6112b,proc_sha256:c54032b3b40c8e9bf3b00ee7ebd07e4428c2a50ca16ae45b28c1740d9824f954,False,False,False,True,True,False
2025-10-02,2025-10-01,4.2,4.2,0.0,0.0,1,proc_sha256:88aa236ffa64fb81ef5f3e2226b27a80ed8257568b3b65288feb1ad7db587bbe,proc_sha256:8145f6169c06fb7438c32292e27002bcd9e56e96f3403f2cc7c9bf0dfdf6112b,False,False,False,False,False,False
2025-10-03,2025-10-02,4.18,4.2,-2.0,2.0,1,proc_sha256:9ddc98a09df12780a6eb78a8a736e67ef47dc8bd7066c68dc8a6d2c9ad38567e,proc_sha256:88aa236ffa64fb81ef5f3e2226b27a80ed8257568b3b65288feb1ad7db587bbe,False,False,False,False,False,False
2025-10-06,2025-10-03,4.15,4.18,-3.0,3.0,3,proc_sha256:01f45fad96cd1fd90e4f63a00a9cd2f83cf4a9d0e9b945a433cabf510b7c64d3,proc_sha256:9ddc98a09df12780a6eb78a8a736e67ef47dc8bd7066c68dc8a6d2c9ad38567e,False,False,False,False,False,False
2025-10-07,2025-10-06,4.14,4.15,-1.0,1.0,1,proc_sha256:fcbc8116815acb77b1beef73930a401a5652bdaa91db49e32d2cb34dc4795008,proc_sha256:01f45fad96cd1fd90e4f63a00a9cd2f83cf4a9d0e9b945a433cabf510b7c64d3,False,False,False,False,False,False
2025-10-08,2025-10-07,4.12,4.14,-2.0,2.0,1,proc_sha256:315ad6b6a2c00c82ffc8ca05c0b76a9841802c0ecee718cdbc02bbe5a388b79e,proc_sha256:fcbc8116815acb77b1beef73930a401a5652bdaa91db49e32d2cb34dc4795008,False,False,False,False,False,False
2025-10-09,2025-10-08,4.13,4.12,1.0,1.0,1,proc_sha256:526b1a0a5e96581b0e64f7af3bbd616b117cc76ba2516ec5204e2272eea5e1c8,proc_sha256:315ad6b6a2c00c82ffc8ca05c0b76a9841802c0ecee718cdbc02bbe5a388b79e,False,False,False,False,False,False
2025-10-10,2025-10-09,4.15,4.13,2.0,2.0,1,proc_sha256:4e317394bf1c1ac283230065ad134516a9680253e2f7276cedee2af21a90c61b,proc_sha256:526b1a0a5e96581b0e64f7af3bbd616b117cc76ba2516ec5204e2272eea5e1c8,False,False,False,False,False,False
2025-10-14,2025-10-10,4.19,4.15,4.0,4.0,4,proc_sha256:dfcf4e0cdc84c582d9084fbfaf8c6bb594ab6a5a80c4fcd884319c18e5107c26,proc_sha256:4e317394bf1c1ac283230065ad134516a9680253e2f7276cedee2af21a90c61b,False,False,False,False,False,False
2025-10-15,2025-10-14,4.29,4.19,10.0,10.0,1,proc_sha256:155c3602704d8529fd0c4b3ce12ea61d6f6ef09f195c24650c92c72969bfe8c1,proc_sha256:dfcf4e0cdc84c582d9084fbfaf8c6bb594ab6a5a80c4fcd884319c18e5107c26,False,False,False,False,False,False
2025-10-16,2025-10-15,4.3,4.29,1.0,1.0,1,proc_sha256:22ec70c5304bf97d6b523ab05a9a792e2c057bacea21b14d43dbe47edbcd0f2a,proc_sha256:155c3602704d8529fd0c4b3ce12ea61d6f6ef09f195c24650c92c72969bfe8c1,False,False,False,False,False,False
2025-10-17,2025-10-16,4.18,4.3,-12.0,12.0,1,proc_sha256:152d032d7858665c0923671ed0eccdf0cf99b62b7cde714c8621540df829c824,proc_sha256:22ec70c5304bf97d6b523ab05a9a792e2c057bacea21b14d43dbe47edbcd0f2a,False,False,False,False,False,False
2025-10-20,2025-10-17,4.16,4.18,-2.0,2.0,3,proc_sha256:62b7807c0e981b70c87343970552c7fa4b84eecec7666c649efd3da630779054,proc_sha256:152d032d7858665c0923671ed0eccdf0cf99b62b7cde714c8621540df829c824,False,False,False,False,False,False
2025-10-21,2025-10-20,4.23,4.16,7.0,7.0,1,proc_sha256:d7ed25a9e18c59d2712321c86f6861deed4337d236b9d7b12267e98b08c3f491,proc_sha256:62b7807c0e981b70c87343970552c7fa4b84eecec7666c649efd3da630779054,False,False,False,False,False,False
2025-10-22,2025-10-21,4.21,4.23,-2.0,2.0,1,proc_sha256:fefd8b8f3f105d38f0fe5c486374233dcfa0fd9e4048262ddf6b226370a29f13,proc_sha256:d7ed25a9e18c59d2712321c86f6861deed4337d236b9d7b12267e98b08c3f491,False,False,False,False,False,False
2025-10-23,2025-10-22,4.24,4.21,3.0,3.0,1,proc_sha256:e4fca449570645edf6b02a8e81100fb38bd9ab8693be6555e87fffc3b7b96250,proc_sha256:fefd8b8f3f105d38f0fe5c486374233dcfa0fd9e4048262ddf6b226370a29f13,False,False,False,False,False,False
2025-10-24,2025-10-23,4.24,4.24,0.0,0.0,1,proc_sha256:69ba344e742f97c1207891c05a35acc499c1cc74447d9f1674bbbfb7a3d2d64a,proc_sha256:e4fca449570645edf6b02a8e81100fb38bd9ab8693be6555e87fffc3b7b96250,False,False,False,False,False,False
2025-10-27,2025-10-24,4.27,4.24,3.0,3.0,3,proc_sha256:252acbd81fd44b47d50b370dc724bfef880864cef288fd28313f7358a074a065,proc_sha256:69ba344e742f97c1207891c05a35acc499c1cc74447d9f1674bbbfb7a3d2d64a,False,False,False,False,False,False
2025-10-28,2025-10-27,4.31,4.27,4.0,4.0,1,proc_sha256:d0267f070caeef96e72198f91c0f9f4316eb28c4b015b00d8b7eec1104fdb00f,proc_sha256:252acbd81fd44b47d50b370dc724bfef880864cef288fd28313f7358a074a065,False,False,False,False,False,False
2025-10-29,2025-10-28,4.27,4.31,-4.0,4.0,1,proc_sha256:bf0572521500b5e2c86bd0a08fbbe57d74e83f1aa6fb888a04e3ff8e24537fc5,proc_sha256:d0267f070caeef96e72198f91c0f9f4316eb28c4b015b00d8b7eec1104fdb00f,False,False,False,False,False,False
2025-10-30,2025-10-29,4.04,4.27,-23.0,23.0,1,proc_sha256:9799747b146e89a211ae62aca172ba618b361c7d3bd1c8618643ad7614305a55,proc_sha256:bf0572521500b5e2c86bd0a08fbbe57d74e83f1aa6fb888a04e3ff8e24537fc5,False,False,False,True,False,False
2025-10-31,2025-10-30,4.22,4.04,18.0,18.0,1,proc_sha256:fd4d8287c13636a3cbdb9c99592a00a62fb1ec36108346b68ba1bd6ca0ecdb42,proc_sha256:9799747b146e89a211ae62aca172ba618b361c7d3bd1c8618643ad7614305a55,True,False,False,True,False,False
2025-11-03,2025-10-31,4.13,4.22,-9.0,9.0,3,proc_sha256:68a754cbe684ee73e63e720db75ef34c2cee67b942f5a324bb6a7e2d55225cd5,proc_sha256:fd4d8287c13636a3cbdb9c99592a00a62fb1ec36108346b68ba1bd6ca0ecdb42,False,False,False,True,False,False
2025-11-04,2025-11-03,4.0,4.13,-13.0,13.0,1,proc_sha256:dea46e0ee24e74e5c6622b65768271963392af367584614e63ca36fca330b29c,proc_sha256:68a754cbe684ee73e63e720db75ef34c2cee67b942f5a324bb6a7e2d55225cd5,False,False,False,False,False,False
2025-11-05,2025-11-04,3.91,4.0,-9.0,9.0,1,proc_sha256:ae448d318b9c584a25a6cf41138c3fab46b8b2f06ac9b634d57e00ef8837fdf3,proc_sha256:dea46e0ee24e74e5c6622b65768271963392af367584614e63ca36fca330b29c,False,False,False,False,False,False
2025-11-06,2025-11-05,3.92,3.91,1.0,1.0,1,proc_sha256:d63eac54db85aac98e2205c1b64585bddbb7f41f24a63db273af71fff167f380,proc_sha256:ae448d318b9c584a25a6cf41138c3fab46b8b2f06ac9b634d57e00ef8837fdf3,False,False,False,False,False,False
2025-11-07,2025-11-06,3.93,3.92,1.0,1.0,1,proc_sha256:85f780028afd0d820a5200b86b4bcdaafa2d94638998d365097bfc3cda9f365b,proc_sha256:d63eac54db85aac98e2205c1b64585bddbb7f41f24a63db273af71fff167f380,False,False,False,False,False,False
2025-11-10,2025-11-07,3.95,3.93,2.0,2.0,3,proc_sha256:854b88b53a7ec04c557e36c7b51e91b306befb93e04d76875e8a66d77630b17e,proc_sha256:85f780028afd0d820a5200b86b4bcdaafa2d94638998d365097bfc3cda9f365b,False,False,False,False,False,False
2025-11-12,2025-11-10,3.98,3.95,3.0,3.0,2,proc_sha256:1da5f71fb48093390f06259baeb7e924d6dc6b4e5c455dea1d5a2e445e8835d2,proc_sha256:854b88b53a7ec04c557e36c7b51e91b306befb93e04d76875e8a66d77630b17e,False,False,False,False,False,False
2025-11-13,2025-11-12,4.0,3.98,2.0,2.0,1,proc_sha256:8c80307a3fb19c614b932b02aadea97427195b673bb1bb8d296a80611ae2f1f9,proc_sha256:1da5f71fb48093390f06259baeb7e924d6dc6b4e5c455dea1d5a2e445e8835d2,False,False,False,False,False,False
2025-11-14,2025-11-13,3.95,4.0,-5.0,5.0,1,proc_sha256:51cd9e1dc5eb9377ae6c663ada9fe07d259a1206be891323e0c2a56752775353,proc_sha256:8c80307a3fb19c614b932b02aadea97427195b673bb1bb8d296a80611ae2f1f9,False,False,False,False,False,False
2025-11-17,2025-11-14,4.0,3.95,5.0,5.0,3,proc_sha256:9078cf4f134cb0b074af3c7ec8fbdad5d0f9f906875c956b97c902dd86fd79c8,proc_sha256:51cd9e1dc5eb9377ae6c663ada9fe07d259a1206be891323e0c2a56752775353,False,False,False,False,False,False
2025-11-18,2025-11-17,3.94,4.0,-6.0,6.0,1,proc_sha256:b2031567e1a049f9d7e7f7dbe81ccd6961b57da0ca82e0df6bac30d55491a8b4,proc_sha256:9078cf4f134cb0b074af3c7ec8fbdad5d0f9f906875c956b97c902dd86fd79c8,False,False,False,False,False,False
2025-11-19,2025-11-18,3.91,3.94,-3.0,3.0,1,proc_sha256:60351b0c39109e6b22478ac28922aafc59cf80e970a3c4c53c1d932d19201abd,proc_sha256:b2031567e1a049f9d7e7f7dbe81ccd6961b57da0ca82e0df6bac30d55491a8b4,False,False,False,False,False,False
2025-11-20,2025-11-19,3.91,3.91,0.0,0.0,1,proc_sha256:a810fe02812ef4d9edfcdaceaf643769cd8254c30fa8423554215b94f0a07295,proc_sha256:60351b0c39109e6b22478ac28922aafc59cf80e970a3c4c53c1d932d19201abd,False,False,False,False,False,False
2025-11-21,2025-11-20,3.93,3.91,2.0,2.0,1,proc_sha256:a972bae372b49217ed9953969ee2f7ff04210632a0a7de4cb311427269347a86,proc_sha256:a810fe02812ef4d9edfcdaceaf643769cd8254c30fa8423554215b94f0a07295,False,False,False,False,False,False
2025-11-24,2025-11-21,3.96,3.93,3.0,3.0,3,proc_sha256:a24d6d0064383d572698d86e2ea468b2dc8349fb81dec568735ebfd7c5130cb4,proc_sha256:a972bae372b49217ed9953969ee2f7ff04210632a0a7de4cb311427269347a86,False,False,False,False,False,False
2025-11-25,2025-11-24,4.01,3.96,5.0,5.0,1,proc_sha256:3b5aa62fc074b36a67a29edb46bde7d1f0fa9337d6cfc328dbeb2f19799f0337,proc_sha256:a24d6d0064383d572698d86e2ea468b2dc8349fb81dec568735ebfd7c5130cb4,False,False,False,False,False,False
2025-11-26,2025-11-25,4.05,4.01,4.0,4.0,1,proc_sha256:953947a8cbf67b3e442095ec2b9a0063dc35b08f4633b43e2cd7c2c8e337586c,proc_sha256:3b5aa62fc074b36a67a29edb46bde7d1f0fa9337d6cfc328dbeb2f19799f0337,False,False,False,True,False,False
2025-11-28,2025-11-26,4.12,4.05,7.0,7.0,2,proc_sha256:a13ddf83e3c4039af9c6b43756f2ecea16cab91081b2cd6d0ab723e928c7ba6e,proc_sha256:953947a8cbf67b3e442095ec2b9a0063dc35b08f4633b43e2cd7c2c8e337586c,True,False,False,True,False,False
2025-12-01,2025-11-28,4.12,4.12,0.0,0.0,3,proc_sha256:9f7fdacaa494c5737f74fda89648a455879eea3c7e3c666527455a5b7f7280ff,proc_sha256:a13ddf83e3c4039af9c6b43756f2ecea16cab91081b2cd6d0ab723e928c7ba6e,False,False,False,True,False,False
2025-12-02,2025-12-01,4.01,4.12,-11.0,11.0,1,proc_sha256:f64fa78cde4b1870b2311a40e4e1b060e2702705e18d1b925bffa4f9b122ca43,proc_sha256:9f7fdacaa494c5737f74fda89648a455879eea3c7e3c666527455a5b7f7280ff,False,False,False,False,False,False
2025-12-03,2025-12-02,3.95,4.01,-6.0,6.0,1,proc_sha256:78c60eb31e815b2dda19ad08f6ea117c15a46560b107e5ebcbf5edaa4ba8b76a,proc_sha256:f64fa78cde4b1870b2311a40e4e1b060e2702705e18d1b925bffa4f9b122ca43,False,False,False,False,False,False
2025-12-04,2025-12-03,3.92,3.95,-3.0,3.0,1,proc_sha256:7d68e42cd043475ef2514548689a953ac1d357944de94d6fa410cb6b27ce987b,proc_sha256:78c60eb31e815b2dda19ad08f6ea117c15a46560b107e5ebcbf5edaa4ba8b76a,False,False,False,False,False,False
2025-12-05,2025-12-04,3.93,3.92,1.0,1.0,1,proc_sha256:7706b985e8cf1c7ee2e0c8bc1d1a9822af4ecc0f9841ac3f85e284cf8f224313,proc_sha256:7d68e42cd043475ef2514548689a953ac1d357944de94d6fa410cb6b27ce987b,False,False,False,False,False,False
2025-12-08,2025-12-05,3.95,3.93,2.0,2.0,3,proc_sha256:9eb88c082f126c107175691c3164d7f949c2aea508f31ffa35e0cd8a1542f543,proc_sha256:7706b985e8cf1c7ee2e0c8bc1d1a9822af4ecc0f9841ac3f85e284cf8f224313,False,False,False,False,False,False
2025-12-09,2025-12-08,3.93,3.95,-2.0,2.0,1,proc_sha256:c6588139afb01793ac8f57f2806d44266d6fbd25145bd8caa084f022c156b005,proc_sha256:9eb88c082f126c107175691c3164d7f949c2aea508f31ffa35e0cd8a1542f543,False,False,False,False,False,False
2025-12-10,2025-12-09,3.9,3.93,-3.0,3.0,1,proc_sha256:0e0673839bd24802888c18319c5cf1a06b4da9b4f9b979926ba8bb7653f7c73f,proc_sha256:c6588139afb01793ac8f57f2806d44266d6fbd25145bd8caa084f022c156b005,False,False,False,False,False,False
2025-12-11,2025-12-10,3.66,3.9,-24.0,24.0,1,proc_sha256:c0bcf5861f1fcdedd9a72184ef4bdfe5cdc0e09d8f293809add9bc2bd802a85e,proc_sha256:0e0673839bd24802888c18319c5cf1a06b4da9b4f9b979926ba8bb7653f7c73f,False,False,False,False,False,False
2025-12-12,2025-12-11,3.67,3.66,1.0,1.0,1,proc_sha256:83672e7fadd92d73fe929f7ec5858ab91a187d7b685155df6c1651478912fdb8,proc_sha256:c0bcf5861f1fcdedd9a72184ef4bdfe5cdc0e09d8f293809add9bc2bd802a85e,False,False,False,False,False,False
2025-12-15,2025-12-12,3.75,3.67,8.0,8.0,3,proc_sha256:5074e351dd430c96c94fad5e2bec4dcc9aab9df2f8234cdaab85239dbe1d41b6,proc_sha256:83672e7fadd92d73fe929f7ec5858ab91a187d7b685155df6c1651478912fdb8,False,False,False,False,False,False
2025-12-16,2025-12-15,3.69,3.75,-6.0,6.0,1,proc_sha256:ffbf43b25dac8ac08e2a2c8b77052255053951cc29b64dfed3d54af366c6ce86,proc_sha256:5074e351dd430c96c94fad5e2bec4dcc9aab9df2f8234cdaab85239dbe1d41b6,False,False,False,False,False,False
2025-12-17,2025-12-16,3.69,3.69,0.0,0.0,1,proc_sha256:2e3f2b7c24a2a17a1d216c48a35eda21815ef705dbfc3e153883f1d532a3c6ad,proc_sha256:ffbf43b25dac8ac08e2a2c8b77052255053951cc29b64dfed3d54af366c6ce86,False,False,False,False,False,False
2025-12-18,2025-12-17,3.66,3.69,-3.0,3.0,1,proc_sha256:a9c3961a3572e397eb82b308fc6d7d219ff6b9f69188a15ab957240f7715af57,proc_sha256:2e3f2b7c24a2a17a1d216c48a35eda21815ef705dbfc3e153883f1d532a3c6ad,False,False,False,False,False,False
2025-12-19,2025-12-18,3.66,3.66,0.0,0.0,1,proc_sha256:50364e2f4e8a5f10b887e98a59a6d0a50af9f30e1e0789a7e4ddf2581b46cbad,proc_sha256:a9c3961a3572e397eb82b308fc6d7d219ff6b9f69188a15ab957240f7715af57,False,False,False,False,False,False
2025-12-22,2025-12-19,3.68,3.66,2.0,2.0,3,proc_sha256:e5e76df8126ed7826b958f96af1f4dbfd48455534d9f7d134fda3854d30cebaf,proc_sha256:50364e2f4e8a5f10b887e98a59a6d0a50af9f30e1e0789a7e4ddf2581b46cbad,False,False,False,False,False,False
2025-12-23,2025-12-22,3.66,3.68,-2.0,2.0,1,proc_sha256:a06b7501db1f8a931dcb2dc5408881e6e160111f4e18f3e7af72d1cd697a306a,proc_sha256:e5e76df8126ed7826b958f96af1f4dbfd48455534d9f7d134fda3854d30cebaf,False,False,False,False,False,False
2025-12-24,2025-12-23,3.66,3.66,0.0,0.0,1,proc_sha256:77041969490acf1fa88f3841560f427eb74ae5aceccce5621f3d5cf770920e41,proc_sha256:a06b7501db1f8a931dcb2dc5408881e6e160111f4e18f3e7af72d1cd697a306a,False,False,False,False,False,False
2025-12-26,2025-12-24,3.76,3.66,10.0,10.0,2,proc_sha256:5d699d77036102490fcb3a4e1206e0e994ae9ed9b131a6f78c48322fc25fb94c,proc_sha256:77041969490acf1fa88f3841560f427eb74ae5aceccce5621f3d5cf770920e41,False,False,False,False,False,False
2025-12-29,2025-12-26,3.77,3.76,1.0,1.0,3,proc_sha256:a126e003f08ab37beb9ce07577e34a68f2f4d21e9a89b7efd6fdbf7cbdfd998a,proc_sha256:5d699d77036102490fcb3a4e1206e0e994ae9ed9b131a6f78c48322fc25fb94c,False,False,False,False,False,False
2025-12-30,2025-12-29,3.71,3.77,-6.0,6.0,1,proc_sha256:69d69eb59a77644c0396457bfb8a504470cbace66b49100ba3978f52e271c35a,proc_sha256:a126e003f08ab37beb9ce07577e34a68f2f4d21e9a89b7efd6fdbf7cbdfd998a,False,False,False,True,True,True
2025-12-31,2025-12-30,3.87,3.71,16.0,16.0,1,proc_sha256:b5acc9aa85225f11539e7c73786634a7f92fca0fe5d660596f5bd951a90ee45e,proc_sha256:69d69eb59a77644c0396457bfb8a504470cbace66b49100ba3978f52e271c35a,True,True,True,True,True,True
2026-01-02,2025-12-31,3.75,3.87,-12.0,12.0,2,proc_sha256:5d481cddde1d93b9cb04d974d86ae704493618429000b4787fab3d712ddad0de,proc_sha256:b5acc9aa85225f11539e7c73786634a7f92fca0fe5d660596f5bd951a90ee45e,False,False,False,True,True,True
2026-01-05,2026-01-02,3.7,3.75,-5.0,5.0,3,proc_sha256:5f521bdb55484e1254983b0b3e3478dd8e9ad6e1d184bd298cbece96cebfa543,proc_sha256:5d481cddde1d93b9cb04d974d86ae704493618429000b4787fab3d712ddad0de,False,False,False,False,False,False
2026-01-06,2026-01-05,3.66,3.7,-4.0,4.0,1,proc_sha256:c7857f74ebceed5d3eca675cd8e6de6d1ea9847c365b0a1a489e4a69ed7babca,proc_sha256:5f521bdb55484e1254983b0b3e3478dd8e9ad6e1d184bd298cbece96cebfa543,False,False,False,False,False,False
2026-01-07,2026-01-06,3.65,3.66,-1.0,1.0,1,proc_sha256:7f6e60efe9884be31a4c94aa4bba77a49c6322076eacdd7afca8fd878340858e,proc_sha256:c7857f74ebceed5d3eca675cd8e6de6d1ea9847c365b0a1a489e4a69ed7babca,False,False,False,False,False,False
2026-01-08,2026-01-07,3.64,3.65,-1.0,1.0,1,proc_sha256:2368a872136bdf13c21fb9ee1dc1bd4d9f9f5a89d41e2eefc84863cc67cc46ea,proc_sha256:7f6e60efe9884be31a4c94aa4bba77a49c6322076eacdd7afca8fd878340858e,False,False,False,False,False,False
2026-01-09,2026-01-08,3.64,3.64,0.0,0.0,1,proc_sha256:35a0eb50d1d08f30cbc13fa91ccfe47cf661a85bcab497b1c32cbe75ee4bcbe9,proc_sha256:2368a872136bdf13c21fb9ee1dc1bd4d9f9f5a89d41e2eefc84863cc67cc46ea,False,False,False,False,False,False
2026-01-12,2026-01-09,3.64,3.64,0.0,0.0,3,proc_sha256:f480d22319829a93e21c7eb7a55c1487353258a71a3f64f0ba964223c00f6da1,proc_sha256:35a0eb50d1d08f30cbc13fa91ccfe47cf661a85bcab497b1c32cbe75ee4bcbe9,False,False,False,False,False,False
2026-01-13,2026-01-12,3.65,3.64,1.0,1.0,1,proc_sha256:c3e67c7a9e5e69137d21825f84ccea3a94f5491d083170f189562e8d45be6ae5,proc_sha256:f480d22319829a93e21c7eb7a55c1487353258a71a3f64f0ba964223c00f6da1,False,False,False,False,False,False
2026-01-14,2026-01-13,3.64,3.65,-1.0,1.0,1,proc_sha256:fd7f1454b878e25feb1fb638f6fecf11bcce581c7714b58e19d92aa9a16d14ee,proc_sha256:c3e67c7a9e5e69137d21825f84ccea3a94f5491d083170f189562e8d45be6ae5,False,False,False,False,False,False
2026-01-15,2026-01-14,3.66,3.64,2.0,2.0,1,proc_sha256:125b920fdab66bcdb8aca4ca10be3edca6baff97cdccb15ea9184196393f8abe,proc_sha256:fd7f1454b878e25feb1fb638f6fecf11bcce581c7714b58e19d92aa9a16d14ee,False,False,False,False,False,False
2026-01-16,2026-01-15,3.65,3.66,-1.0,1.0,1,proc_sha256:315d5bdba21edd583b10f4c1f0bc7ba5d3c52b4bb543d7e05873ff5a6c35fb09,proc_sha256:125b920fdab66bcdb8aca4ca10be3edca6baff97cdccb15ea9184196393f8abe,False,False,False,False,False,False
2026-01-20,2026-01-16,3.64,3.65,-1.0,1.0,4,proc_sha256:61a201644ccb25f865592c19bb5276269e542a6976504299c38aabc39809232b,proc_sha256:315d5bdba21edd583b10f4c1f0bc7ba5d3c52b4bb543d7e05873ff5a6c35fb09,False,False,False,False,False,False
2026-01-21,2026-01-20,3.63,3.64,-1.0,1.0,1,proc_sha256:c620afa88021679f9759bbf64c0d2b1d934971dd772534f1789504e707809913,proc_sha256:61a201644ccb25f865592c19bb5276269e542a6976504299c38aabc39809232b,False,False,False,False,False,False
2026-01-22,2026-01-21,3.64,3.63,1.0,1.0,1,proc_sha256:aab0426f73666a1f71a54766953d337e4bbd244bec4e54567de7d95131beebba,proc_sha256:c620afa88021679f9759bbf64c0d2b1d934971dd772534f1789504e707809913,False,False,False,False,False,False
2026-01-23,2026-01-22,3.65,3.64,1.0,1.0,1,proc_sha256:7d3d13f909e9714c22c76c38a8823999970ceea6d5526214cf5af4011f150432,proc_sha256:aab0426f73666a1f71a54766953d337e4bbd244bec4e54567de7d95131beebba,False,False,False,False,False,False
2026-01-26,2026-01-23,3.66,3.65,1.0,1.0,3,proc_sha256:7d0ec2ecced2882565b3880a262031e60137c4e013ee8527fc620ffc9cdf0ea9,proc_sha256:7d3d13f909e9714c22c76c38a8823999970ceea6d5526214cf5af4011f150432,False,False,False,False,False,False
2026-01-27,2026-01-26,3.66,3.66,0.0,0.0,1,proc_sha256:188da30de5ec6a864bd93fb3935ea47c6c7beac039e185e28849b1021cb24fab,proc_sha256:7d0ec2ecced2882565b3880a262031e60137c4e013ee8527fc620ffc9cdf0ea9,False,False,False,False,False,False
2026-01-28,2026-01-27,3.64,3.66,-2.0,2.0,1,proc_sha256:511d9579b9665d87a6ccf31ddf20e88524b3826bdbea45eed357823f70d32706,proc_sha256:188da30de5ec6a864bd93fb3935ea47c6c7beac039e185e28849b1021cb24fab,False,False,False,False,False,False
2026-01-29,2026-01-28,3.65,3.64,1.0,1.0,1,proc_sha256:6e39f7a8c7a887d160a0485f80b04eb120889694b5d569a8fbb416195a70e695,proc_sha256:511d9579b9665d87a6ccf31ddf20e88524b3826bdbea45eed357823f70d32706,False,False,False,True,False,False
2026-01-30,2026-01-29,3.68,3.65,3.0,3.0,1,proc_sha256:92c09c5ee3e722e71c883569610cff0bbc27a373f9ba8c8ef1428c927979e091,proc_sha256:6e39f7a8c7a887d160a0485f80b04eb120889694b5d569a8fbb416195a70e695,True,False,False,True,False,False
2026-02-02,2026-01-30,3.69,3.68,1.0,1.0,3,proc_sha256:02f951a85962b12b51633278d8978a39c62b9c5747d8f2a260b905fdf2f81d6f,proc_sha256:92c09c5ee3e722e71c883569610cff0bbc27a373f9ba8c8ef1428c927979e091,False,False,False,True,False,False
2026-02-03,2026-02-02,3.69,3.69,0.0,0.0,1,proc_sha256:6265207da84efa0f67835f8105e1c0a5a73b263fdcb0eb08db9084c6ada5c4e4,proc_sha256:02f951a85962b12b51633278d8978a39c62b9c5747d8f2a260b905fdf2f81d6f,False,False,False,False,False,False
2026-02-04,2026-02-03,3.65,3.69,-4.0,4.0,1,proc_sha256:889447360a563d236fb8991188a3b33e610f0fd6b057fe715ca6ec854fc8f2bb,proc_sha256:6265207da84efa0f67835f8105e1c0a5a73b263fdcb0eb08db9084c6ada5c4e4,False,False,False,False,False,False
2026-02-05,2026-02-04,3.65,3.65,0.0,0.0,1,proc_sha256:c8d572f98537f278df7c84724a85926180273ba14344152067d5b7bebc547774,proc_sha256:889447360a563d236fb8991188a3b33e610f0fd6b057fe715ca6ec854fc8f2bb,False,False,False,False,False,False
2026-02-06,2026-02-05,3.64,3.65,-1.0,1.0,1,proc_sha256:8157acc0e6a2da55ec39bdfaa131a7b94f08f52f54272beb98adfe134d073b43,proc_sha256:c8d572f98537f278df7c84724a85926180273ba14344152067d5b7bebc547774,False,False,False,False,False,False
2026-02-09,2026-02-06,3.63,3.64,-1.0,1.0,3,proc_sha256:eea0baf2f7ba21347722568c41883c8b7778bd3e2ebe3498536d1568e3844bc8,proc_sha256:8157acc0e6a2da55ec39bdfaa131a7b94f08f52f54272beb98adfe134d073b43,False,False,False,False,False,False
2026-02-10,2026-02-09,3.65,3.63,2.0,2.0,1,proc_sha256:98d1b4a04725e7137d3af97f876867add492ba3d1af462119c7797c7d699ec86,proc_sha256:eea0baf2f7ba21347722568c41883c8b7778bd3e2ebe3498536d1568e3844bc8,False,False,False,False,False,False
2026-02-11,2026-02-10,3.65,3.65,0.0,0.0,1,proc_sha256:713ad297fb73c3417c333a5088bf060302059055a1f5c7cf6b98fd8d9fccc134,proc_sha256:98d1b4a04725e7137d3af97f876867add492ba3d1af462119c7797c7d699ec86,False,False,False,False,False,False
2026-02-12,2026-02-11,3.65,3.65,0.0,0.0,1,proc_sha256:aec29d0c38e6c75dbef0b8291a6ac9a60dbd5b8dd73d4c14ddf36e261f576213,proc_sha256:713ad297fb73c3417c333a5088bf060302059055a1f5c7cf6b98fd8d9fccc134,False,False,False,False,False,False
2026-02-13,2026-02-12,3.66,3.65,1.0,1.0,1,proc_sha256:60de0bfb43f33ccd1d6951128edbad180c89df4c9811d492d89f15509d4a0e16,proc_sha256:aec29d0c38e6c75dbef0b8291a6ac9a60dbd5b8dd73d4c14ddf36e261f576213,False,False,False,False,False,False
2026-02-17,2026-02-13,3.71,3.66,5.0,5.0,4,proc_sha256:0509ef27ad29e87e435ce15b457118b38e80bb5aeb1d9bbe979b4e68bee2f878,proc_sha256:60de0bfb43f33ccd1d6951128edbad180c89df4c9811d492d89f15509d4a0e16,False,False,False,False,False,False
2026-02-18,2026-02-17,3.73,3.71,2.0,2.0,1,proc_sha256:4afcbc8b60478e5d80d5ac42cb62fcb1ebed92e436409aaf19d5e2b20ff84542,proc_sha256:0509ef27ad29e87e435ce15b457118b38e80bb5aeb1d9bbe979b4e68bee2f878,False,False,False,False,False,False
2026-02-19,2026-02-18,3.67,3.73,-6.0,6.0,1,proc_sha256:90ec872d8ad2c2b13658e728e4ab2b849104a1f11a5d44d670a1511bcc98ce16,proc_sha256:4afcbc8b60478e5d80d5ac42cb62fcb1ebed92e436409aaf19d5e2b20ff84542,False,False,False,False,False,False
2026-02-20,2026-02-19,3.66,3.67,-1.0,1.0,1,proc_sha256:38b7c8d5d469da2dec73b36b98a879abcf82f0155aeca65111bf63eb346c56e5,proc_sha256:90ec872d8ad2c2b13658e728e4ab2b849104a1f11a5d44d670a1511bcc98ce16,False,False,False,False,False,False
2026-02-23,2026-02-20,3.66,3.66,0.0,0.0,3,proc_sha256:b0db87e24aa05237baef57451bafa475b251663edbb1629202bf103177316d4e,proc_sha256:38b7c8d5d469da2dec73b36b98a879abcf82f0155aeca65111bf63eb346c56e5,False,False,False,False,False,False
2026-02-24,2026-02-23,3.67,3.66,1.0,1.0,1,proc_sha256:f25551757dc37ce94a344ee4bb26c47b4dba745fba5b96eef19b6525641adeb9,proc_sha256:b0db87e24aa05237baef57451bafa475b251663edbb1629202bf103177316d4e,False,False,False,False,False,False
2026-02-25,2026-02-24,3.67,3.67,0.0,0.0,1,proc_sha256:dc860c10a705c567cf0c71d672d8651e4ff84cc53cc437460bec590ec07c3071,proc_sha256:f25551757dc37ce94a344ee4bb26c47b4dba745fba5b96eef19b6525641adeb9,False,False,False,False,False,False
2026-02-26,2026-02-25,3.67,3.67,0.0,0.0,1,proc_sha256:d4e9d59314beaca89bc420b8be3388c885187c998998b8e28ab8059b7ecadb65,proc_sha256:dc860c10a705c567cf0c71d672d8651e4ff84cc53cc437460bec590ec07c3071,False,False,False,True,False,False
2026-02-27,2026-02-26,3.68,3.67,1.0,1.0,1,proc_sha256:e7e9f6976e3490c56f54190c26364b331bf57fa8b68c2139a42ef4e61959654a,proc_sha256:d4e9d59314beaca89bc420b8be3388c885187c998998b8e28ab8059b7ecadb65,True,False,False,True,False,False
2026-03-02,2026-02-27,3.71,3.68,3.0,3.0,3,proc_sha256:f2916c4fb36d2482a29107ae4d7672960247801fee24c5f6e4e77cdd2e6fa130,proc_sha256:e7e9f6976e3490c56f54190c26364b331bf57fa8b68c2139a42ef4e61959654a,False,False,False,True,False,False
2026-03-03,2026-03-02,3.7,3.71,-1.0,1.0,1,proc_sha256:dfb73c4fbf77faf2a8a408685cb7b099bec63c02539fbc8b9df80d03bcc63c80,proc_sha256:f2916c4fb36d2482a29107ae4d7672960247801fee24c5f6e4e77cdd2e6fa130,False,False,False,False,False,False
2026-03-04,2026-03-03,3.67,3.7,-3.0,3.0,1,proc_sha256:2e63ca1e0d741d08919da750c2dfff81c870b25ac0022946f561babaa1e11abc,proc_sha256:dfb73c4fbf77faf2a8a408685cb7b099bec63c02539fbc8b9df80d03bcc63c80,False,False,False,False,False,False
2026-03-05,2026-03-04,3.66,3.67,-1.0,1.0,1,proc_sha256:af2e2c23578efc9eb4147fbb030f131b4022043befc918047363f2e405a30611,proc_sha256:2e63ca1e0d741d08919da750c2dfff81c870b25ac0022946f561babaa1e11abc,False,False,False,False,False,False
2026-03-06,2026-03-05,3.65,3.66,-1.0,1.0,1,proc_sha256:6be52bafa917dc1baa39875672dd34433172e9f23423afcbcfe57d3a78fd6daa,proc_sha256:af2e2c23578efc9eb4147fbb030f131b4022043befc918047363f2e405a30611,False,False,False,False,False,False
2026-03-09,2026-03-06,3.65,3.65,0.0,0.0,3,proc_sha256:a3da9a76540ed03e31613d8ae8481a96364e2ce92fe79461c61fc405abb080c4,proc_sha256:6be52bafa917dc1baa39875672dd34433172e9f23423afcbcfe57d3a78fd6daa,False,False,False,False,False,False
2026-03-10,2026-03-09,3.64,3.65,-1.0,1.0,1,proc_sha256:c8a185ca1725008015793867af974d6d8affaeb606fa8c60c76e7f7f630761ac,proc_sha256:a3da9a76540ed03e31613d8ae8481a96364e2ce92fe79461c61fc405abb080c4,False,False,False,False,False,False
2026-03-11,2026-03-10,3.64,3.64,0.0,0.0,1,proc_sha256:a41ba09ad9855260d09f95a4e947eabb3659a730d109d8b22fb43dceeb2827b6,proc_sha256:c8a185ca1725008015793867af974d6d8affaeb606fa8c60c76e7f7f630761ac,False,False,False,False,False,False
2026-03-12,2026-03-11,3.65,3.64,1.0,1.0,1,proc_sha256:1a02457ae88f2b4f0cf25eb97a3c7815b62f2079195fc1bfdc1c018628585cb7,proc_sha256:a41ba09ad9855260d09f95a4e947eabb3659a730d109d8b22fb43dceeb2827b6,False,False,False,False,False,False
2026-03-13,2026-03-12,3.65,3.65,0.0,0.0,1,proc_sha256:7ef3a8ecd524094f891960bcf440c92f8734f0ac338f71ce0b2fc77c8c277a05,proc_sha256:1a02457ae88f2b4f0cf25eb97a3c7815b62f2079195fc1bfdc1c018628585cb7,False,False,False,False,False,False
2026-03-16,2026-03-13,3.7,3.65,5.0,5.0,3,proc_sha256:fde780ae4d01218233c463d7f516cad66a3b8afe540c24d69b1e126fc439633f,proc_sha256:7ef3a8ecd524094f891960bcf440c92f8734f0ac338f71ce0b2fc77c8c277a05,False,False,False,False,False,False
2026-03-17,2026-03-16,3.65,3.7,-5.0,5.0,1,proc_sha256:f6d7fc8a6d941070ad49c1a428ae5886be50a60ed13e4bbaf71a1ac933211ea2,proc_sha256:fde780ae4d01218233c463d7f516cad66a3b8afe540c24d69b1e126fc439633f,False,False,False,False,False,False
2026-03-18,2026-03-17,3.62,3.65,-3.0,3.0,1,proc_sha256:1e8a49f68d8bf0b5282e27580492f7db75325ec21b5aef16e49dd60ac0829b55,proc_sha256:f6d7fc8a6d941070ad49c1a428ae5886be50a60ed13e4bbaf71a1ac933211ea2,False,False,False,False,False,False
2026-03-19,2026-03-18,3.62,3.62,0.0,0.0,1,proc_sha256:f2f47d296b508dc4a2f8d732d0bcbf797452c08390cf5b3828a0951dc57d6bad,proc_sha256:1e8a49f68d8bf0b5282e27580492f7db75325ec21b5aef16e49dd60ac0829b55,False,False,False,False,False,False
2026-03-20,2026-03-19,3.62,3.62,0.0,0.0,1,proc_sha256:4ef80cfd5976fccc2cfb950e2bbe47aa37b9af67288925ceea7fde6029354649,proc_sha256:f2f47d296b508dc4a2f8d732d0bcbf797452c08390cf5b3828a0951dc57d6bad,False,False,False,False,False,False
2026-03-23,2026-03-20,3.62,3.62,0.0,0.0,3,proc_sha256:d70d520b40808d853773d4ac1992062aff1f62ff1363b0c75368957971628507,proc_sha256:4ef80cfd5976fccc2cfb950e2bbe47aa37b9af67288925ceea7fde6029354649,False,False,False,False,False,False
2026-03-24,2026-03-23,3.63,3.62,1.0,1.0,1,proc_sha256:d54c51875ace94decea633ceea1c3f6d7fcf4b8205f7f9399f50326ad40b92bb,proc_sha256:d70d520b40808d853773d4ac1992062aff1f62ff1363b0c75368957971628507,False,False,False,False,False,False
2026-03-25,2026-03-24,3.64,3.63,1.0,1.0,1,proc_sha256:d6368a3cf0caa2b69d37dbcd4b8b26e2754090df2087ceac4c381222410f7860,proc_sha256:d54c51875ace94decea633ceea1c3f6d7fcf4b8205f7f9399f50326ad40b92bb,False,False,False,False,False,False
2026-03-26,2026-03-25,3.65,3.64,1.0,1.0,1,proc_sha256:6a525cdc7611b26297cafb7a9af3d1548ba0fea0bd8bae902b594a9a526b9f64,proc_sha256:d6368a3cf0caa2b69d37dbcd4b8b26e2754090df2087ceac4c381222410f7860,False,False,False,False,False,False
2026-03-27,2026-03-26,3.63,3.65,-2.0,2.0,1,proc_sha256:88125037dba31bdc02b70ba286fc3f9411a809529e3298adbcde3591da939daf,proc_sha256:6a525cdc7611b26297cafb7a9af3d1548ba0fea0bd8bae902b594a9a526b9f64,False,False,False,False,False,False
2026-03-30,2026-03-27,3.63,3.63,0.0,0.0,3,proc_sha256:ed81e2eaa9ccb8e61df9598cd91a7b76ede08c18251366174ed47db8faa5cb72,proc_sha256:88125037dba31bdc02b70ba286fc3f9411a809529e3298adbcde3591da939daf,False,False,False,True,True,False
2026-03-31,2026-03-30,3.68,3.63,5.0,5.0,1,proc_sha256:8ff7d5a377711a219afce9ed1c395113461e4f5558d37a15c1254392fbae228f,proc_sha256:ed81e2eaa9ccb8e61df9598cd91a7b76ede08c18251366174ed47db8faa5cb72,True,True,False,True,True,False
2026-04-01,2026-03-31,3.65,3.68,-3.0,3.0,1,proc_sha256:594be143db3064aba3103d559b9c16d97a4cd890dee38bcf354c1fba99e51ca4,proc_sha256:8ff7d5a377711a219afce9ed1c395113461e4f5558d37a15c1254392fbae228f,False,False,False,True,True,False
2026-04-02,2026-04-01,3.66,3.65,1.0,1.0,1,proc_sha256:6dc177c228c61f556efd6c246faf7e82bb217bb04623c98eb918c9c2bdef4454,proc_sha256:594be143db3064aba3103d559b9c16d97a4cd890dee38bcf354c1fba99e51ca4,False,False,False,False,False,False
2026-04-06,2026-04-02,3.65,3.66,-1.0,1.0,4,proc_sha256:a2f9c41b42918a385e67a16b02e7d3b5c43a9a037cd84796da924cdcacb2b796,proc_sha256:6dc177c228c61f556efd6c246faf7e82bb217bb04623c98eb918c9c2bdef4454,False,False,False,False,False,False
2026-04-07,2026-04-06,3.62,3.65,-3.0,3.0,1,proc_sha256:00798e228bdd26b90ae8092ab93a1b6b5f95d3ab62d86cc5ef195d64e6f4a766,proc_sha256:a2f9c41b42918a385e67a16b02e7d3b5c43a9a037cd84796da924cdcacb2b796,False,False,False,False,False,False
2026-04-08,2026-04-07,3.59,3.62,-3.0,3.0,1,proc_sha256:2a30e8d879ee31fe19db682e1ddb2c58c449cdd5562751b22ea311fce2bc3126,proc_sha256:00798e228bdd26b90ae8092ab93a1b6b5f95d3ab62d86cc5ef195d64e6f4a766,False,False,False,False,False,False
2026-04-09,2026-04-08,3.57,3.59,-2.0,2.0,1,proc_sha256:8b4621b7a73bd9880a626360348373241b4eedd962c8cb44ce1923197f610abc,proc_sha256:2a30e8d879ee31fe19db682e1ddb2c58c449cdd5562751b22ea311fce2bc3126,False,False,False,False,False,False
2026-04-10,2026-04-09,3.61,3.57,4.0,4.0,1,proc_sha256:c3389acb0cce8f54b6e513d776a18d142a092963ec831f104d84756b01124725,proc_sha256:8b4621b7a73bd9880a626360348373241b4eedd962c8cb44ce1923197f610abc,False,False,False,False,False,False
2026-04-13,2026-04-10,3.63,3.61,2.0,2.0,3,proc_sha256:e5ba6b83be11e1416eaa247ffb0cac5ec300c97743df791c86040f0719a393de,proc_sha256:c3389acb0cce8f54b6e513d776a18d142a092963ec831f104d84756b01124725,False,False,False,False,False,False
2026-04-14,2026-04-13,3.66,3.63,3.0,3.0,1,proc_sha256:03826a09605199f8c206fbde0f9df271dd4713b6d8b66c7a3f9e80eecd48d205,proc_sha256:e5ba6b83be11e1416eaa247ffb0cac5ec300c97743df791c86040f0719a393de,False,False,False,False,False,False
2026-04-15,2026-04-14,3.72,3.66,6.0,6.0,1,proc_sha256:91ec05f3a6ec717bf54e69732d0d63d31e226b0ddcb6b82671c37a153e231134,proc_sha256:03826a09605199f8c206fbde0f9df271dd4713b6d8b66c7a3f9e80eecd48d205,False,False,False,False,False,False
2026-04-16,2026-04-15,3.67,3.72,-5.0,5.0,1,proc_sha256:befc9e1886272846839b1608618d77d836818af59dc1fdfb1b01c73ca3860288,proc_sha256:91ec05f3a6ec717bf54e69732d0d63d31e226b0ddcb6b82671c37a153e231134,False,False,False,False,False,False
2026-04-17,2026-04-16,3.65,3.67,-2.0,2.0,1,proc_sha256:d15bc83982b1c0277f25bf43953dd4e43168b6c70b59233e1436e2ba7278bb93,proc_sha256:befc9e1886272846839b1608618d77d836818af59dc1fdfb1b01c73ca3860288,False,False,False,False,False,False
2026-04-20,2026-04-17,3.63,3.65,-2.0,2.0,3,proc_sha256:8f330b54cf3881a0403fdb98242df37d4387e769c76a854284a1c3840e0c0565,proc_sha256:d15bc83982b1c0277f25bf43953dd4e43168b6c70b59233e1436e2ba7278bb93,False,False,False,False,False,False
2026-04-21,2026-04-20,3.63,3.63,0.0,0.0,1,proc_sha256:a4d2f8978c033fb7716a5151c791483e482736904cc67881c9689d980336cbe9,proc_sha256:8f330b54cf3881a0403fdb98242df37d4387e769c76a854284a1c3840e0c0565,False,False,False,False,False,False
2026-04-22,2026-04-21,3.64,3.63,1.0,1.0,1,proc_sha256:ffa68afbc24f1c69763523e560be2b933c387e1e80181e838a9de8e751d4a804,proc_sha256:a4d2f8978c033fb7716a5151c791483e482736904cc67881c9689d980336cbe9,False,False,False,False,False,False
2026-04-23,2026-04-22,3.65,3.64,1.0,1.0,1,proc_sha256:928f1668928082c158ee3671899e7bf85d7646fd9403e218a47ce5c95f377046,proc_sha256:ffa68afbc24f1c69763523e560be2b933c387e1e80181e838a9de8e751d4a804,False,False,False,False,False,False
2026-04-24,2026-04-23,3.66,3.65,1.0,1.0,1,proc_sha256:56eea104089dc79f20b30df306608908df20bcc4d38c812ed20880ab1565969d,proc_sha256:928f1668928082c158ee3671899e7bf85d7646fd9403e218a47ce5c95f377046,False,False,False,False,False,False
2026-04-27,2026-04-24,3.66,3.66,0.0,0.0,3,proc_sha256:2c641a726bdd2c2fb309dbb89b5ec454fa35c97d69e128d5672c8ed18b02c6cc,proc_sha256:56eea104089dc79f20b30df306608908df20bcc4d38c812ed20880ab1565969d,False,False,False,False,False,False
2026-04-28,2026-04-27,3.64,3.66,-2.0,2.0,1,proc_sha256:98ed9d41eb99e3d19830a06b60b49ee830cd5549f90745ca65d9a578e7fdbed5,proc_sha256:2c641a726bdd2c2fb309dbb89b5ec454fa35c97d69e128d5672c8ed18b02c6cc,False,False,False,False,False,False
2026-04-29,2026-04-28,3.63,3.64,-1.0,1.0,1,proc_sha256:27eef5eaa1d189016ba3dfbd118f6ed1258b333405c6203c74372b307d6b420a,proc_sha256:98ed9d41eb99e3d19830a06b60b49ee830cd5549f90745ca65d9a578e7fdbed5,False,False,False,True,False,False
2026-04-30,2026-04-29,3.66,3.63,3.0,3.0,1,proc_sha256:49a6a10d2ba876a4eb9c6ebae3226be3d6a77ff42f72ca9c297c2a07b75fdda2,proc_sha256:27eef5eaa1d189016ba3dfbd118f6ed1258b333405c6203c74372b307d6b420a,True,False,False,True,False,False
2026-05-01,2026-04-30,3.64,3.66,-2.0,2.0,1,proc_sha256:2bed723c7d76f6c841ba430a0c615594737403021be7b9456fbc4bf94bb3fb58,proc_sha256:49a6a10d2ba876a4eb9c6ebae3226be3d6a77ff42f72ca9c297c2a07b75fdda2,False,False,False,True,False,False
2026-05-04,2026-05-01,3.63,3.64,-1.0,1.0,3,proc_sha256:2f63f34ab7021a5f67297eaba1f0bd74dc50105b3664f2596c55a3b6e4128efd,proc_sha256:2bed723c7d76f6c841ba430a0c615594737403021be7b9456fbc4bf94bb3fb58,False,False,False,False,False,False
2026-05-05,2026-05-04,3.62,3.63,-1.0,1.0,1,proc_sha256:39027b2b7fda1fdf049cf1d32a537372454ed5195a3975ee9d6789bc1a5d80f3,proc_sha256:2f63f34ab7021a5f67297eaba1f0bd74dc50105b3664f2596c55a3b6e4128efd,False,False,False,False,False,False
2026-05-06,2026-05-05,3.61,3.62,-1.0,1.0,1,proc_sha256:263a81f2bace77a3dc0a3042ba1ac8c4e99d0beac78da79a66a9c154392c7039,proc_sha256:39027b2b7fda1fdf049cf1d32a537372454ed5195a3975ee9d6789bc1a5d80f3,False,False,False,False,False,False
2026-05-07,2026-05-06,3.6,3.61,-1.0,1.0,1,proc_sha256:ac08694606e62d8f9b5d511f53b4cb5654c9261528105dc3a62f74430510dd6c,proc_sha256:263a81f2bace77a3dc0a3042ba1ac8c4e99d0beac78da79a66a9c154392c7039,False,False,False,False,False,False
2026-05-08,2026-05-07,3.6,3.6,0.0,0.0,1,proc_sha256:408d6bf629d533cfd83af4d8b2e9891c33cb0576cc3838dfcbb09c327ba31432,proc_sha256:ac08694606e62d8f9b5d511f53b4cb5654c9261528105dc3a62f74430510dd6c,False,False,False,False,False,False
2026-05-11,2026-05-08,3.6,3.6,0.0,0.0,3,proc_sha256:5c3a5ba7d90054dc4c70dee261182aa58b3005071ca6ac05cb15c2fd766df5ec,proc_sha256:408d6bf629d533cfd83af4d8b2e9891c33cb0576cc3838dfcbb09c327ba31432,False,False,False,False,False,False
2026-05-12,2026-05-11,3.6,3.6,0.0,0.0,1,proc_sha256:e43750afdb588d4f65a12a1ccbe6a5b924f0a922ab16b10a58376de4e9a21de0,proc_sha256:5c3a5ba7d90054dc4c70dee261182aa58b3005071ca6ac05cb15c2fd766df5ec,False,False,False,False,False,False
2026-05-13,2026-05-12,3.59,3.6,-1.0,1.0,1,proc_sha256:9a35f54151c671a805b3ccde5651227174c70fb7c6ac1f6c3e0bb65b9717d7f1,proc_sha256:e43750afdb588d4f65a12a1ccbe6a5b924f0a922ab16b10a58376de4e9a21de0,False,False,False,False,False,False
2026-05-14,2026-05-13,3.56,3.59,-3.0,3.0,1,proc_sha256:e1bf4e59335580b48b65b92dc928ce2b91cfe2b9a15cd808eca5b3b1dbd0c249,proc_sha256:9a35f54151c671a805b3ccde5651227174c70fb7c6ac1f6c3e0bb65b9717d7f1,False,False,False,False,False,False
2026-05-15,2026-05-14,3.55,3.56,-1.0,1.0,1,proc_sha256:af94ab0bbab67ea5abccda617d98a07a8bd4e78835a43940dfcee030c134c45f,proc_sha256:e1bf4e59335580b48b65b92dc928ce2b91cfe2b9a15cd808eca5b3b1dbd0c249,False,False,False,False,False,False
2026-05-18,2026-05-15,3.53,3.55,-2.0,2.0,3,proc_sha256:c87b2a6d894702fe803272c6669c16635218cf974951073016f992822bad5e1b,proc_sha256:af94ab0bbab67ea5abccda617d98a07a8bd4e78835a43940dfcee030c134c45f,False,False,False,False,False,False
2026-05-19,2026-05-18,3.51,3.53,-2.0,2.0,1,proc_sha256:8d69f41414f6f969e0c2cae510ccf700b9305a9cbf615afc9d939afee0fea90e,proc_sha256:c87b2a6d894702fe803272c6669c16635218cf974951073016f992822bad5e1b,False,False,False,False,False,False
2026-05-20,2026-05-19,3.5,3.51,-1.0,1.0,1,proc_sha256:16f5469b1d33ef65ea87538321284ea03745da97ba85e7dd20348f45948af825,proc_sha256:8d69f41414f6f969e0c2cae510ccf700b9305a9cbf615afc9d939afee0fea90e,False,False,False,False,False,False
2026-05-21,2026-05-20,3.51,3.5,1.0,1.0,1,proc_sha256:7512e4b4fa907dfdb625cdd682a7aefc89378d95ca1ed8e1ca5e1655ae28224d,proc_sha256:16f5469b1d33ef65ea87538321284ea03745da97ba85e7dd20348f45948af825,False,False,False,False,False,False
2026-05-22,2026-05-21,3.55,3.51,4.0,4.0,1,proc_sha256:0d183047609c6ae31ed50128008a6230a3ad1385c9b009b55384f0edaae50635,proc_sha256:7512e4b4fa907dfdb625cdd682a7aefc89378d95ca1ed8e1ca5e1655ae28224d,False,False,False,False,False,False
2026-05-26,2026-05-22,3.63,3.55,8.0,8.0,4,proc_sha256:a8d7ba8f1f408094beaebd19a4df3197cd89752d18b27341dbc307268ed14463,proc_sha256:0d183047609c6ae31ed50128008a6230a3ad1385c9b009b55384f0edaae50635,False,False,False,False,False,False
2026-05-27,2026-05-26,3.63,3.63,0.0,0.0,1,proc_sha256:f38a431d07f8c270f4438b8efad36d4235177acca6414c83d21c9b1d40a9e4eb,proc_sha256:a8d7ba8f1f408094beaebd19a4df3197cd89752d18b27341dbc307268ed14463,False,False,False,False,False,False
2026-05-28,2026-05-27,3.62,3.63,-1.0,1.0,1,proc_sha256:4aa439378b7183a6c24f28690dc05bc6cd5eb36b571a2e26690acff404434cbb,proc_sha256:f38a431d07f8c270f4438b8efad36d4235177acca6414c83d21c9b1d40a9e4eb,False,False,False,True,False,False
2026-05-29,2026-05-28,3.63,3.62,1.0,1.0,1,proc_sha256:9643461c9e1085ed0519818a2e7f351f3848d244709cf16727a40640a4222a0c,proc_sha256:4aa439378b7183a6c24f28690dc05bc6cd5eb36b571a2e26690acff404434cbb,True,False,False,True,False,False
2026-06-01,2026-05-29,3.65,3.63,2.0,2.0,3,proc_sha256:0df9e77a17e927e147ca5617c1fbee947c82e3ed7119fa52432e0900adc31a85,proc_sha256:9643461c9e1085ed0519818a2e7f351f3848d244709cf16727a40640a4222a0c,False,False,False,True,False,False
2026-06-02,2026-06-01,3.63,3.65,-2.0,2.0,1,proc_sha256:f6586fdfe2b93a26268f069dddf2529a5ecef44eefc067d09744b718f7813548,proc_sha256:0df9e77a17e927e147ca5617c1fbee947c82e3ed7119fa52432e0900adc31a85,False,False,False,False,False,False
2026-06-03,2026-06-02,3.61,3.63,-2.0,2.0,1,proc_sha256:10bf5d77aaea75d2b1b4a590cb517e0c6a40140984db72f2befe757ea153fbdf,proc_sha256:f6586fdfe2b93a26268f069dddf2529a5ecef44eefc067d09744b718f7813548,False,False,False,False,False,False
2026-06-04,2026-06-03,3.62,3.61,1.0,1.0,1,proc_sha256:d115b7221ecce1b705d50d4f7b8f6173ca79b391330f272762a34d255dd556eb,proc_sha256:10bf5d77aaea75d2b1b4a590cb517e0c6a40140984db72f2befe757ea153fbdf,False,False,False,False,False,False
2026-06-05,2026-06-04,3.63,3.62,1.0,1.0,1,proc_sha256:e7f88eff82b87fd62f7586309ddb1a082f4634d7e78d51d52bb42f8f7b587117,proc_sha256:d115b7221ecce1b705d50d4f7b8f6173ca79b391330f272762a34d255dd556eb,False,False,False,False,False,False
2026-06-08,2026-06-05,3.63,3.63,0.0,0.0,3,proc_sha256:ed72127b7c273210f8625babb92206a32adca211df50c0586b8d598d73085130,proc_sha256:e7f88eff82b87fd62f7586309ddb1a082f4634d7e78d51d52bb42f8f7b587117,False,False,False,False,False,False
2026-06-09,2026-06-08,3.6,3.63,-3.0,3.0,1,proc_sha256:77488d8478cce7a043a31cefb4ca207ef2ff9469e9481c2ca77051421bde47bd,proc_sha256:ed72127b7c273210f8625babb92206a32adca211df50c0586b8d598d73085130,False,False,False,False,False,False
2026-06-10,2026-06-09,3.59,3.6,-1.0,1.0,1,proc_sha256:b6fcf50434b288167379c568e9244fc993a125ef1e1c297ae5f9cd10108ddcf7,proc_sha256:77488d8478cce7a043a31cefb4ca207ef2ff9469e9481c2ca77051421bde47bd,False,False,False,False,False,False
2026-06-11,2026-06-10,3.6,3.59,1.0,1.0,1,proc_sha256:1bb5cfe3e3a47abcc60390ada20b7fff9ec554d43162306ce26224a74f270d44,proc_sha256:b6fcf50434b288167379c568e9244fc993a125ef1e1c297ae5f9cd10108ddcf7,False,False,False,False,False,False
2026-06-12,2026-06-11,3.65,3.6,5.0,5.0,1,proc_sha256:0517399b5ff48261863da1a1cdb33bb0975a3749d389cd41ce27a8b19b6095ec,proc_sha256:1bb5cfe3e3a47abcc60390ada20b7fff9ec554d43162306ce26224a74f270d44,False,False,False,False,False,False
2026-06-15,2026-06-12,3.69,3.65,4.0,4.0,3,proc_sha256:42936d7c994d30c1613d063735bc09a1e814a5fe9f60340c1e64efba41fd678a,proc_sha256:0517399b5ff48261863da1a1cdb33bb0975a3749d389cd41ce27a8b19b6095ec,False,False,False,False,False,False
2026-06-16,2026-06-15,3.63,3.69,-6.0,6.0,1,proc_sha256:f7ccd905114909515da3c4a8dea838939dca4cc1eb80377f680d32ab71cfc42d,proc_sha256:42936d7c994d30c1613d063735bc09a1e814a5fe9f60340c1e64efba41fd678a,False,False,False,False,False,False
2026-06-17,2026-06-16,3.63,3.63,0.0,0.0,1,proc_sha256:ffc7f862db1af8b61199c2baf25b150f74da8a064d7a45a2205067590964ce87,proc_sha256:f7ccd905114909515da3c4a8dea838939dca4cc1eb80377f680d32ab71cfc42d,False,False,False,False,False,False
2026-06-18,2026-06-17,3.62,3.63,-1.0,1.0,1,proc_sha256:ad8765d91acda4aedd30daac4acefd6848109591f8fe377ed442d4c5c2a32318,proc_sha256:ffc7f862db1af8b61199c2baf25b150f74da8a064d7a45a2205067590964ce87,False,False,False,False,False,False
2026-06-22,2026-06-18,3.61,3.62,-1.0,1.0,4,proc_sha256:ffabb4b19a3e447b1f07b055e12ddd421d610532adad6db2f133b0f8c7cffd47,proc_sha256:ad8765d91acda4aedd30daac4acefd6848109591f8fe377ed442d4c5c2a32318,False,False,False,False,False,False
2026-06-23,2026-06-22,3.62,3.61,1.0,1.0,1,proc_sha256:f9969cdaccb447d146f628bd7cfdd882e264413b753e532e7b2ad66aede52c8f,proc_sha256:ffabb4b19a3e447b1f07b055e12ddd421d610532adad6db2f133b0f8c7cffd47,False,False,False,False,False,False
2026-06-24,2026-06-23,3.62,3.62,0.0,0.0,1,proc_sha256:e328c00ab75f5ff65e9cc5a87c2e4da8cd8c104b920d94c60e348bac0c6d2cf3,proc_sha256:f9969cdaccb447d146f628bd7cfdd882e264413b753e532e7b2ad66aede52c8f,False,False,False,False,False,False
2026-06-25,2026-06-24,3.64,3.62,2.0,2.0,1,proc_sha256:1e564d9dbb577cf43a361ed2876d11a11d3f29ef7f58362162d804485b64c420,proc_sha256:e328c00ab75f5ff65e9cc5a87c2e4da8cd8c104b920d94c60e348bac0c6d2cf3,False,False,False,False,False,False
2026-06-26,2026-06-25,3.62,3.64,-2.0,2.0,1,proc_sha256:47c1026f933b16f472a7336587ac8247a1927f2b281c9342d2bd7618ac51c444,proc_sha256:1e564d9dbb577cf43a361ed2876d11a11d3f29ef7f58362162d804485b64c420,False,False,False,False,False,False
2026-06-29,2026-06-26,3.62,3.62,0.0,0.0,3,proc_sha256:155f48962c9e70c188e8d6635504f15a1481d4d1433225b94deadc9dc8e5c900,proc_sha256:47c1026f933b16f472a7336587ac8247a1927f2b281c9342d2bd7618ac51c444,False,False,False,True,True,False
2026-06-30,2026-06-29,3.68,3.62,6.0,6.0,1,proc_sha256:18320854871804efc079d0f52ed32df338ca04e5264413b38bcfa78ebf6d5759,proc_sha256:155f48962c9e70c188e8d6635504f15a1481d4d1433225b94deadc9dc8e5c900,True,True,False,True,True,False
2026-07-01,2026-06-30,3.66,3.68,-2.0,2.0,1,proc_sha256:d600af84b7796a1a58d3d45957ab4b89d6533a92790fb724e4ec9224f0af55df,proc_sha256:18320854871804efc079d0f52ed32df338ca04e5264413b38bcfa78ebf6d5759,False,False,False,True,True,False
2026-07-02,2026-07-01,3.64,3.66,-2.0,2.0,1,proc_sha256:aa8cde6617a22dd5a37f895d84f81bbf566dd705a2a40027cca9c65094f03a8d,proc_sha256:d600af84b7796a1a58d3d45957ab4b89d6533a92790fb724e4ec9224f0af55df,False,False,False,False,False,False
2026-07-06,2026-07-02,3.63,3.64,-1.0,1.0,4,proc_sha256:a085aa425f0e8bc81a8c951b0893242fab52f0fb673ddb8b0b75e3f391fbb324,proc_sha256:aa8cde6617a22dd5a37f895d84f81bbf566dd705a2a40027cca9c65094f03a8d,False,False,False,False,False,False
2026-07-07,2026-07-06,3.62,3.63,-1.0,1.0,1,proc_sha256:c92e052510c02de592aaa55e1db91abf2394eb65927b9fa4b081b0cad03afb81,proc_sha256:a085aa425f0e8bc81a8c951b0893242fab52f0fb673ddb8b0b75e3f391fbb324,False,False,False,False,False,False
2026-07-08,2026-07-07,3.58,3.62,-4.0,4.0,1,proc_sha256:fce229adaa5c2f8fa7f6c7a44ff1276a745303023a2dfc84f354c07aa13f3b61,proc_sha256:c92e052510c02de592aaa55e1db91abf2394eb65927b9fa4b081b0cad03afb81,False,False,False,False,False,False
2026-07-09,2026-07-08,3.53,3.58,-5.0,5.0,1,proc_sha256:870409b6688266864e9316bcbf153bd226dd908aa76df79fd12ea2311f72cdec,proc_sha256:fce229adaa5c2f8fa7f6c7a44ff1276a745303023a2dfc84f354c07aa13f3b61,False,False,False,False,False,False
2026-07-10,2026-07-09,3.55,3.53,2.0,2.0,1,proc_sha256:c62553db92e2b7a069272219294eaa95e1ca9074053e9ede25ac93af8b02c4fe,proc_sha256:870409b6688266864e9316bcbf153bd226dd908aa76df79fd12ea2311f72cdec,False,False,False,False,False,False
2026-07-13,2026-07-10,3.6,3.55,5.0,5.0,3,proc_sha256:37dac13165368454cf94f9cef52bdcf199ad5bcf71d08533e53cf046e02a2567,proc_sha256:c62553db92e2b7a069272219294eaa95e1ca9074053e9ede25ac93af8b02c4fe,False,False,False,False,False,False
2026-07-14,2026-07-13,3.63,3.6,3.0,3.0,1,proc_sha256:e640f81aafebfd5d41c4aa72df6eb1f07b99c00621282dddebc92fe8fc941880,proc_sha256:37dac13165368454cf94f9cef52bdcf199ad5bcf71d08533e53cf046e02a2567,False,False,False,False,False,False
2026-07-15,2026-07-14,3.64,3.63,1.0,1.0,1,proc_sha256:2c6c3fcf70764f22aa1fcd67406bbeee11df993cbaf9ef0b4ad749ff51e315af,proc_sha256:e640f81aafebfd5d41c4aa72df6eb1f07b99c00621282dddebc92fe8fc941880,False,False,False,False,False,False
2026-07-16,2026-07-15,3.62,3.64,-2.0,2.0,1,proc_sha256:9742f74d4fda578637e385864c3c2383beae0ba24a662ca1e3032703bbc32426,proc_sha256:2c6c3fcf70764f22aa1fcd67406bbeee11df993cbaf9ef0b4ad749ff51e315af,False,False,False,False,False,False
2026-07-17,2026-07-16,3.59,3.62,-3.0,3.0,1,proc_sha256:09d97f95404c98a26e9f4ef38f78fe0ab954e0f9f41a6f2bf6efab480574a7e7,proc_sha256:9742f74d4fda578637e385864c3c2383beae0ba24a662ca1e3032703bbc32426,False,False,False,False,False,False
2026-07-20,2026-07-17,3.57,3.59,-2.0,2.0,3,proc_sha256:46820843ce9b55b84572105973f5e3bc0a5b046968504c05e03790e2c953713c,proc_sha256:09d97f95404c98a26e9f4ef38f78fe0ab954e0f9f41a6f2bf6efab480574a7e7,False,False,False,False,False,False
2026-07-21,2026-07-20,3.61,3.57,4.0,4.0,1,proc_sha256:7a09b98ab3f0f97147c5f3cca3a25afade8b3db51f605b9135dfad4288d24a78,proc_sha256:46820843ce9b55b84572105973f5e3bc0a5b046968504c05e03790e2c953713c,False,False,False,False,False,False
2026-07-22,2026-07-21,3.62,3.61,1.0,1.0,1,proc_sha256:d03c4778a7f5760c8afec3caee41c151f9cb3c331251671e940ed36ba3ff8b82,proc_sha256:7a09b98ab3f0f97147c5f3cca3a25afade8b3db51f605b9135dfad4288d24a78,False,False,False,False,False,False
2026-07-23,2026-07-22,3.64,3.62,2.0,2.0,1,proc_sha256:eabbeaf00f68e0851255f12b43525809606210a8a7a647a8b96df9d8b258f264,proc_sha256:d03c4778a7f5760c8afec3caee41c151f9cb3c331251671e940ed36ba3ff8b82,False,False,False,False,False,False
2026-07-24,2026-07-23,3.64,3.64,0.0,0.0,1,proc_sha256:8f35e6370d82ffa212e5d2debbd02a8f7e6511b578328f6c7abfa0099c156931,proc_sha256:eabbeaf00f68e0851255f12b43525809606210a8a7a647a8b96df9d8b258f264,False,False,False,False,False,False
2026-07-27,2026-07-24,3.64,3.64,0.0,0.0,3,proc_sha256:0752917b3e3ac3c54484cfcb2654693437552683e1022948c5535149d933b704,proc_sha256:8f35e6370d82ffa212e5d2debbd02a8f7e6511b578328f6c7abfa0099c156931,False,False,False,False,False,False
2026-07-28,2026-07-27,3.65,3.64,1.0,1.0,1,proc_sha256:a65b03e709efd915cd4cd8c707dd2fee9d234abf970b70c7965254d06e1cb6b7,proc_sha256:0752917b3e3ac3c54484cfcb2654693437552683e1022948c5535149d933b704,False,False,False,False,False,False
2026-07-29,2026-07-28,3.65,3.65,0.0,0.0,1,proc_sha256:1dae374180bbec9a4545e6d70408e1b29418c8191ff863e0b6e13acb33e5a39f,proc_sha256:a65b03e709efd915cd4cd8c707dd2fee9d234abf970b70c7965254d06e1cb6b7,False,False,False,False,False,False
2026-07-30,2026-07-29,3.65,3.65,0.0,0.0,1,proc_sha256:ea278b6c5c066f65a4c4f0e8baa455acc03339c36f175860196af3c48e612d64,proc_sha256:1dae374180bbec9a4545e6d70408e1b29418c8191ff863e0b6e13acb33e5a39f,False,False,False,True,False,False
2026-07-31,2026-07-30,3.66,3.65,1.0,1.0,1,proc_sha256:da3ecc896cd5cb2befe2d32d1fdb7ea47ce5ab4ccd3757dac21426bd523e31d1,proc_sha256:ea278b6c5c066f65a4c4f0e8baa455acc03339c36f175860196af3c48e612d64,True,False,False,True,False,False
2026-08-03,2026-07-31,3.65,3.66,-1.0,1.0,3,proc_sha256:7e1af754bef34cac6040c94e731486544f8ce16bf348df9b39990a41a7e396eb,proc_sha256:da3ecc896cd5cb2befe2d32d1fdb7ea47ce5ab4ccd3757dac21426bd523e31d1,False,False,False,True,False,False
2026-08-04,2026-08-03,3.66,3.65,1.0,1.0,1,proc_sha256:a0bc24ac35d3869446828bae2bf923408892bf62aad1bbf8c501d78a38393faf,proc_sha256:7e1af754bef34cac6040c94e731486544f8ce16bf348df9b39990a41a7e396eb,False,False,False,False,False,False
2026-08-05,2026-08-04,3.64,3.66,-2.0,2.0,1,proc_sha256:ab5944030fe69466bfd3fade9dd285b889f538f28643ad57aaa0be71fc143db4,proc_sha256:a0bc24ac35d3869446828bae2bf923408892bf62aad1bbf8c501d78a38393faf,False,False,False,False,False,False
2026-08-06,2026-08-05,3.65,3.64,1.0,1.0,1,proc_sha256:681002df81366146a954ed9705a18442d8205af9bf57f4cf1a54833f1b4acca4,proc_sha256:ab5944030fe69466bfd3fade9dd285b889f538f28643ad57aaa0be71fc143db4,False,False,False,False,False,False
2026-08-07,2026-08-06,3.62,3.65,-3.0,3.0,1,proc_sha256:075cd792cf324052473748b4dbca20a596465bfc024c44602a4003c9e20561be,proc_sha256:681002df81366146a954ed9705a18442d8205af9bf57f4cf1a54833f1b4acca4,False,False,False,False,False,False
2026-08-10,2026-08-07,3.63,3.62,1.0,1.0,3,proc_sha256:5118bcba7a21c450ffb9702551d49cd6fa9d3e5496815251e96aad2e56f25ebc,proc_sha256:075cd792cf324052473748b4dbca20a596465bfc024c44602a4003c9e20561be,False,False,False,False,False,False
2026-08-11,2026-08-10,3.64,3.63,1.0,1.0,1,proc_sha256:dfb0db42746f65f522186164b2925a125b9faf92d331cc2536f7c57e42bcf7fc,proc_sha256:5118bcba7a21c450ffb9702551d49cd6fa9d3e5496815251e96aad2e56f25ebc,False,False,False,False,False,False
2026-08-12,2026-08-11,3.62,3.64,-2.0,2.0,1,proc_sha256:2db3f070b1688bba93e7e79b4ab8cd2bc019b289082660bb95ffd1c32fcefd16,proc_sha256:dfb0db42746f65f522186164b2925a125b9faf92d331cc2536f7c57e42bcf7fc,False,False,False,False,False,False
2026-08-13,2026-08-12,3.62,3.62,0.0,0.0,1,proc_sha256:caf5029ab7b8c2776816bd68bde90975a151aac72e7e7f9e0bdac404ead447bf,proc_sha256:2db3f070b1688bba93e7e79b4ab8cd2bc019b289082660bb95ffd1c32fcefd16,False,False,False,False,False,False
2026-08-14,2026-08-13,3.62,3.62,0.0,0.0,1,proc_sha256:702670ba39387bdb6cf907586a90c1deaa873cf879feefb489a82d65cccb7270,proc_sha256:caf5029ab7b8c2776816bd68bde90975a151aac72e7e7f9e0bdac404ead447bf,False,False,False,False,False,False
2026-08-17,2026-08-14,3.66,3.62,4.0,4.0,3,proc_sha256:2435e55828648f3ba73f01dcc6242eb1a1428dba2e16d5df47616ffaaa65ca4d,proc_sha256:702670ba39387bdb6cf907586a90c1deaa873cf879feefb489a82d65cccb7270,False,False,False,False,False,False
2026-08-18,2026-08-17,3.65,3.66,-1.0,1.0,1,proc_sha256:96bc9b4d948d0962d3d758ed168af1d4ba909be81c2ba9e3771bcc2c10ea5902,proc_sha256:2435e55828648f3ba73f01dcc6242eb1a1428dba2e16d5df47616ffaaa65ca4d,False,False,False,False,False,False
2026-08-19,2026-08-18,3.62,3.65,-3.0,3.0,1,proc_sha256:bd755e80ee0bd8a1099ebbc0a8f868cc0c4e5e17ce903707376a173a3456dd9e,proc_sha256:96bc9b4d948d0962d3d758ed168af1d4ba909be81c2ba9e3771bcc2c10ea5902,False,False,False,False,False,False
2026-08-20,2026-08-19,3.63,3.62,1.0,1.0,1,proc_sha256:dd0bf0b6d7628a110ac8c3c25a75ef236560500c7d2216f1eef62304b8f15f7e,proc_sha256:bd755e80ee0bd8a1099ebbc0a8f868cc0c4e5e17ce903707376a173a3456dd9e,False,False,False,False,False,False
2026-08-21,2026-08-20,3.65,3.63,2.0,2.0,1,proc_sha256:82bbd0b7573f60afb4df0f178dd7f604315c77c4faf015b4fc19dfad3ee0170e,proc_sha256:dd0bf0b6d7628a110ac8c3c25a75ef236560500c7d2216f1eef62304b8f15f7e,False,False,False,False,False,False
2026-08-24,2026-08-21,3.65,3.65,0.0,0.0,3,proc_sha256:230c070f27f903f55881df5aba6c4f0ba9848578f627d9a44e376727025bc763,proc_sha256:82bbd0b7573f60afb4df0f178dd7f604315c77c4faf015b4fc19dfad3ee0170e,False,False,False,False,False,False
2026-08-25,2026-08-24,3.66,3.65,1.0,1.0,1,proc_sha256:4ba472e8f0f511596b10ba201a89aeda30d67ed7259bd742dd07cab5208b9d47,proc_sha256:230c070f27f903f55881df5aba6c4f0ba9848578f627d9a44e376727025bc763,False,False,False,False,False,False
2026-08-26,2026-08-25,3.64,3.66,-2.0,2.0,1,proc_sha256:125171185e45e04858847e96851c5ef8c583bfb3c88f844982f4a603cc8e6b05,proc_sha256:4ba472e8f0f511596b10ba201a89aeda30d67ed7259bd742dd07cab5208b9d47,False,False,False,False,False,False
2026-08-27,2026-08-26,3.64,3.64,0.0,0.0,1,proc_sha256:b9d1930513dc0f467171cde923d9226b9cddf0918610c816ddf46c2163a01544,proc_sha256:125171185e45e04858847e96851c5ef8c583bfb3c88f844982f4a603cc8e6b05,False,False,False,False,False,False
2026-08-28,2026-08-27,3.65,3.64,1.0,1.0,1,proc_sha256:4c707effade4d0cfe493d0cf20d7f4b8d76a69ac3bb1817b82d09f54e3f8b18c,proc_sha256:b9d1930513dc0f467171cde923d9226b9cddf0918610c816ddf46c2163a01544,False,False,False,True,False,False
2026-08-31,2026-08-28,3.68,3.65,3.0,3.0,3,proc_sha256:0f422beb5f61d65748329bfc146f8306ab52e11e70450e563836b4637a142069,proc_sha256:4c707effade4d0cfe493d0cf20d7f4b8d76a69ac3bb1817b82d09f54e3f8b18c,True,False,False,True,False,False
2026-09-01,2026-08-31,3.66,3.68,-2.0,2.0,1,proc_sha256:9bd9122b7a889d284f91f0c4af3efbc2a545a0902d7ed0c1ff61e12f48d3bd2c,proc_sha256:0f422beb5f61d65748329bfc146f8306ab52e11e70450e563836b4637a142069,False,False,False,True,False,False
2026-09-02,2026-09-01,3.65,3.66,-1.0,1.0,1,proc_sha256:d5f67091ed5f52edb054513018a91aea233f9e4c53f690bb7df428548f7262da,proc_sha256:9bd9122b7a889d284f91f0c4af3efbc2a545a0902d7ed0c1ff61e12f48d3bd2c,False,False,False,False,False,False
2026-09-03,2026-09-02,3.66,3.65,1.0,1.0,1,proc_sha256:6e9796048880254dced77b600ec001d120cf7e26a3e35bcfadb4c86d765b1555,proc_sha256:d5f67091ed5f52edb054513018a91aea233f9e4c53f690bb7df428548f7262da,False,False,False,False,False,False
2026-09-04,2026-09-03,3.65,3.66,-1.0,1.0,1,proc_sha256:846b504fc704eb2bc8f967a3ed31ce19f1eb6a10d04f320c900fba0259a7e67f,proc_sha256:6e9796048880254dced77b600ec001d120cf7e26a3e35bcfadb4c86d765b1555,False,False,False,False,False,False
2026-09-08,2026-09-04,3.64,3.65,-1.0,1.0,4,proc_sha256:a9a5c1307f4439e5a6002daf31e8095eab3219974623f8073b96b4d6cd24fe9b,proc_sha256:846b504fc704eb2bc8f967a3ed31ce19f1eb6a10d04f320c900fba0259a7e67f,False,False,False,False,False,False
2026-09-09,2026-09-08,3.64,3.64,0.0,0.0,1,proc_sha256:ca7b42fe6d13f2f788f9f9d375e2c9847f312a588f0a087a3c5102c67f7bad80,proc_sha256:a9a5c1307f4439e5a6002daf31e8095eab3219974623f8073b96b4d6cd24fe9b,False,False,False,False,False,False
2026-09-10,2026-09-09,3.62,3.64,-2.0,2.0,1,proc_sha256:906f313a559afb2a106eddfd186c68160c111aa3c890d82f200390f294f16818,proc_sha256:ca7b42fe6d13f2f788f9f9d375e2c9847f312a588f0a087a3c5102c67f7bad80,False,False,False,False,False,False
2026-09-11,2026-09-10,3.62,3.62,0.0,0.0,1,proc_sha256:15894866cc23a9c80e955aa9639e0a6a1be6251c1f372d03fa61526bc36c708c,proc_sha256:906f313a559afb2a106eddfd186c68160c111aa3c890d82f200390f294f16818,False,False,False,False,False,False
2026-09-14,2026-09-11,3.62,3.62,0.0,0.0,3,proc_sha256:414387052e94094542ac9e7574f17d063eec207f4a8cbf9a235369b6d46fc3fc,proc_sha256:15894866cc23a9c80e955aa9639e0a6a1be6251c1f372d03fa61526bc36c708c,False,False,False,False,False,False
2026-09-15,2026-09-14,3.64,3.62,2.0,2.0,1,proc_sha256:c609779252d65243e2c7f8ebc0857da989b57494eeeccc20af6dc222b9ef0fb0,proc_sha256:414387052e94094542ac9e7574f17d063eec207f4a8cbf9a235369b6d46fc3fc,False,False,False,False,False,False
2026-09-16,2026-09-15,3.62,3.64,-2.0,2.0,1,proc_sha256:935941e172077445e9b8f6fb661a3fec3e6f8c8f964f9b55f4518ff0924cfad9,proc_sha256:c609779252d65243e2c7f8ebc0857da989b57494eeeccc20af6dc222b9ef0fb0,False,False,False,False,False,False
